[0.009s] Invoking command in '/home/eierobot/ROS/teleop_ws/src/teleop_robot_bridge/build/teleop_robot_bridge': CMAKE_PREFIX_PATH=${CMAKE_PREFIX_PATH}:/opt/ros/jazzy DEBUGINFOD_URLS=https://debuginfod.ubuntu.com /usr/bin/cmake --build /home/eierobot/ROS/teleop_ws/src/teleop_robot_bridge/build/teleop_robot_bridge -- -j14 -l14
[0.072s] -- Found ament_cmake: 2.5.6 (/opt/ros/jazzy/share/ament_cmake/cmake)
[0.179s] -- Found rosidl_default_generators: 1.6.0 (/opt/ros/jazzy/share/rosidl_default_generators/cmake)
[0.181s] -- Using all available rosidl_typesupport_c: rosidl_typesupport_fastrtps_c;rosidl_typesupport_introspection_c
[0.218s] -- Using all available rosidl_typesupport_cpp: rosidl_typesupport_fastrtps_cpp;rosidl_typesupport_introspection_cpp
[0.245s] -- Found rosidl_adapter: 4.6.7 (/opt/ros/jazzy/share/rosidl_adapter/cmake)
[0.246s] -- Found rclcpp: 28.1.18 (/opt/ros/jazzy/share/rclcpp/cmake)
[0.287s] -- Found rmw_implementation_cmake: 7.3.3 (/opt/ros/jazzy/share/rmw_implementation_cmake/cmake)
[0.288s] -- Found rmw_fastrtps_cpp: 8.4.3 (/opt/ros/jazzy/share/rmw_fastrtps_cpp/cmake)
[0.345s] -- Using RMW implementation 'rmw_fastrtps_cpp' as default
[0.387s] -- Found rclpy: 7.1.11 (/opt/ros/jazzy/share/rclpy/cmake)
[0.387s] -- Found std_msgs: 5.3.7 (/opt/ros/jazzy/share/std_msgs/cmake)
[0.396s] -- Found sensor_msgs: 5.3.7 (/opt/ros/jazzy/share/sensor_msgs/cmake)
[1.507s] -- The CUDA compiler identification is NVIDIA 13.2.78
[1.524s] -- Detecting CUDA compiler ABI info
[5.304s] -- Detecting CUDA compiler ABI info - done
[5.391s] -- Check for working CUDA compiler: /usr/local/cuda-13.2/bin/nvcc - skipped
[5.663s] -- Detecting CUDA compile features
[5.664s] -- Detecting CUDA compile features - done
[5.667s] -- Found CUDA Toolkit for video CUDA converter
[5.668s] -- Found GStreamer audio development packages
[5.753s] -- Found RE2 via pkg-config.
[5.756s] -- Found Jetson Multimedia API at /usr/src/jetson_multimedia_api
[5.757s] -- Using Jetson JPEG headers: /usr/src/jetson_multimedia_api/include/libjpeg-9f
[6.308s] -- Found ament_cmake_ros: 0.12.0 (/opt/ros/jazzy/share/ament_cmake_ros/cmake)
[6.593s] -- Using all available rosidl_typesupport_c: rosidl_typesupport_fastrtps_c;rosidl_typesupport_introspection_c
[6.880s] -- Using all available rosidl_typesupport_cpp: rosidl_typesupport_fastrtps_cpp;rosidl_typesupport_introspection_cpp
[6.882s] -- Found python_cmake_module: 0.11.1 (/opt/ros/jazzy/share/python_cmake_module/cmake)
[7.181s] -- Found Python3: /usr/bin/python3 (found version "3.12.3") found components: Interpreter Development NumPy Development.Module Development.Embed 
[7.373s] -- Found Python3: /usr/bin/python3 (found version "3.12.3") found components: Interpreter 
[7.381s] -- Found ament_lint_auto: 0.17.5 (/opt/ros/jazzy/share/ament_lint_auto/cmake)
[7.393s] -- Added test 'copyright' to check source files copyright and LICENSE
[7.507s] -- Added test 'cppcheck' to perform static code analysis on C / C++ code
[7.508s] -- Configured cppcheck include dirs: /home/eierobot/ROS/teleop_ws/src/teleop_robot_bridge/build/teleop_robot_bridge/generated;$<BUILD_INTERFACE:/home/eierobot/ROS/teleop_ws/src/teleop_robot_bridge/include>;$<BUILD_INTERFACE:/home/eierobot/ROS/teleop_ws/src/teleop_robot_bridge/build/teleop_robot_bridge/rosidl_generator_c>;$<BUILD_INTERFACE:/home/eierobot/ROS/teleop_ws/src/teleop_robot_bridge/build/teleop_robot_bridge/rosidl_typesupport_fastrtps_c>;$<BUILD_INTERFACE:/home/eierobot/ROS/teleop_ws/src/teleop_robot_bridge/build/teleop_robot_bridge/rosidl_typesupport_introspection_c>;$<BUILD_INTERFACE:/home/eierobot/ROS/teleop_ws/src/teleop_robot_bridge/build/teleop_robot_bridge/rosidl_generator_cpp>;$<BUILD_INTERFACE:/home/eierobot/ROS/teleop_ws/src/teleop_robot_bridge/build/teleop_robot_bridge/rosidl_typesupport_fastrtps_cpp>;$<BUILD_INTERFACE:/home/eierobot/ROS/teleop_ws/src/teleop_robot_bridge/build/teleop_robot_bridge/rosidl_typesupport_introspection_cpp>;/home/eierobot/ROS/teleop_ws/src/teleop_robot_bridge/build/teleop_robot_bridge/rosidl_generator_c;/home/eierobot/ROS/teleop_ws/src/teleop_robot_bridge/build/teleop_robot_bridge/rosidl_generator_py
[7.508s] -- Configured cppcheck exclude dirs and/or files: 
[7.601s] -- Added test 'cpplint' to check C / C++ code against the Google style
[7.601s] -- Configured cpplint exclude dirs and/or files: 
[7.612s] -- Added test 'flake8' to check Python code syntax and style conventions
[7.613s] -- Configured 'flake8' exclude dirs and/or files: 
[7.635s] -- Added test 'lint_cmake' to check CMake code style
[7.647s] -- Added test 'pep257' to check Python code against some of the docstring style conventions in PEP 257
[7.738s] -- Added test 'uncrustify' to check C / C++ code style
[7.738s] -- Configured uncrustify additional arguments: 
[7.749s] -- Added test 'xmllint' to check XML markup files
[7.751s] -- Configuring done (7.7s)
[7.912s] -- Generating done (0.1s)
[7.941s] -- Build files have been written to: /home/eierobot/ROS/teleop_ws/src/teleop_robot_bridge/build/teleop_robot_bridge
[8.009s] [  0%] Built target teleop_robot_bridge__rs
[8.011s] [  0%] Built target teleop_robot_bridge__rosidl_generator_type_description
[8.013s] [  0%] Building CXX object CMakeFiles/video_v4l2_capturer.dir/src/video/video_v4l2_capturer.cpp.o
[8.021s] [  1%] Building CXX object CMakeFiles/teleop_robot_bridge_grpc_proto.dir/generated/signaling.grpc.pb.cc.o
[8.021s] [  1%] Building CXX object CMakeFiles/teleop_robot_bridge_grpc_proto.dir/generated/signaling.pb.cc.o
[8.024s] [  1%] Built target ament_cmake_python_copy_teleop_robot_bridge
[8.038s] [  1%] Built target teleop_robot_bridge__cpp
[8.040s] [  1%] Building CUDA object CMakeFiles/video_converter.dir/src/video/cuda_yuv422_converter.cu.o
[8.041s] [  1%] Building CXX object CMakeFiles/video_encoder.dir/usr/src/jetson_multimedia_api/samples/common/classes/NvVideoEncoder.cpp.o
[8.042s] [  1%] Building CXX object CMakeFiles/video_encoder.dir/src/video/video_encoder.cpp.o
[8.042s] [  1%] Building CXX object CMakeFiles/video_converter.dir/usr/src/jetson_multimedia_api/samples/common/classes/NvBuffer.cpp.o
[8.043s] [  1%] Building CXX object CMakeFiles/video_converter.dir/src/video/video_converter.cpp.o
[8.044s] [  2%] Building CXX object CMakeFiles/video_converter.dir/usr/src/jetson_multimedia_api/samples/common/classes/NvBufSurface.cpp.o
[8.044s] [  2%] Building CXX object CMakeFiles/video_converter.dir/usr/src/jetson_multimedia_api/samples/common/classes/NvElement.cpp.o
[8.049s] [  2%] Building CXX object CMakeFiles/video_converter.dir/usr/src/jetson_multimedia_api/samples/common/classes/NvJpegDecoder.cpp.o
[8.051s] [  2%] Building CXX object CMakeFiles/video_encoder.dir/usr/src/jetson_multimedia_api/samples/common/classes/NvBufSurface.cpp.o
[8.136s] [ 27%] Built target teleop_robot_bridge__rosidl_generator_c
[8.147s] [ 27%] Building CXX object CMakeFiles/video_encoder.dir/usr/src/jetson_multimedia_api/samples/common/classes/NvBuffer.cpp.o
[8.218s] running egg_info
[8.230s] writing teleop_robot_bridge.egg-info/PKG-INFO
[8.234s] writing dependency_links to teleop_robot_bridge.egg-info/dependency_links.txt
[8.234s] writing top-level names to teleop_robot_bridge.egg-info/top_level.txt
[8.265s] reading manifest file 'teleop_robot_bridge.egg-info/SOURCES.txt'
[8.266s] writing manifest file 'teleop_robot_bridge.egg-info/SOURCES.txt'
[8.314s] [ 27%] Built target ament_cmake_python_build_teleop_robot_bridge_egg
[8.360s] [ 27%] Building CXX object CMakeFiles/video_converter.dir/usr/src/jetson_multimedia_api/samples/common/classes/NvLogging.cpp.o
[8.410s] [ 28%] Building CXX object CMakeFiles/video_converter.dir/usr/src/jetson_multimedia_api/samples/common/classes/NvElementProfiler.cpp.o
[8.415s] [ 37%] Built target teleop_robot_bridge__rosidl_typesupport_fastrtps_c
[8.522s] [ 46%] Built target teleop_robot_bridge__rosidl_typesupport_introspection_c
[8.569s] [ 47%] Building CXX object CMakeFiles/video_encoder.dir/usr/src/jetson_multimedia_api/samples/common/classes/NvElement.cpp.o
[8.609s] [ 55%] Built target teleop_robot_bridge__rosidl_typesupport_c
[8.639s] [ 55%] Building CXX object CMakeFiles/video_converter.dir/usr/src/jetson_multimedia_api/samples/common/classes/NvUtils.cpp.o
[8.775s] [ 63%] Built target teleop_robot_bridge__rosidl_typesupport_fastrtps_cpp
[8.887s] [ 63%] Building CXX object CMakeFiles/video_converter.dir/usr/src/jetson_multimedia_api/samples/common/classes/NvV4l2Element.cpp.o
[8.899s] [ 72%] Built target teleop_robot_bridge__rosidl_typesupport_introspection_cpp
[8.906s] [ 73%] Linking CXX shared library libvideo_v4l2_capturer.so
[8.974s] [ 73%] Building CXX object CMakeFiles/video_encoder.dir/usr/src/jetson_multimedia_api/samples/common/classes/NvLogging.cpp.o
[9.036s] [ 82%] Built target teleop_robot_bridge__rosidl_typesupport_cpp
[9.048s] [ 82%] Built target video_v4l2_capturer
[9.055s] [ 82%] Building CXX object CMakeFiles/video_encoder.dir/usr/src/jetson_multimedia_api/samples/common/classes/NvElementProfiler.cpp.o
[9.085s] [ 82%] Built target teleop_robot_bridge
[9.086s] [ 82%] Building CXX object CMakeFiles/video_converter.dir/usr/src/jetson_multimedia_api/samples/common/classes/NvV4l2ElementPlane.cpp.o
[9.093s] [ 82%] Building CXX object CMakeFiles/video_encoder.dir/usr/src/jetson_multimedia_api/samples/common/classes/NvUtils.cpp.o
[9.095s] [ 83%] Building CXX object CMakeFiles/video_encoder.dir/usr/src/jetson_multimedia_api/samples/common/classes/NvV4l2Element.cpp.o
[9.217s] [ 83%] Built target teleop_robot_bridge__py
[9.230s] [ 83%] Building CXX object CMakeFiles/video_encoder.dir/usr/src/jetson_multimedia_api/samples/common/classes/NvV4l2ElementPlane.cpp.o
[9.428s] [ 92%] Built target teleop_robot_bridge__rosidl_generator_py
[9.466s] [ 93%] Built target teleop_robot_bridge_s__rosidl_typesupport_introspection_c
[9.490s] [ 93%] Built target teleop_robot_bridge_s__rosidl_typesupport_fastrtps_c
[9.514s] [ 94%] Built target teleop_robot_bridge_s__rosidl_typesupport_c
[11.216s] /home/eierobot/ROS/teleop_ws/src/teleop_robot_bridge/src/video/video_encoder.cpp:398:28: warning: ‘std::string trb::video::{anonymous}::base64Encode(const uint8_t*, size_t)’ defined but not used [-Wunused-function]
[11.216s]   398 |         static std::string base64Encode(const uint8_t *data, size_t size)
[11.216s]       |                            ^~~~~~~~~~~~
[11.216s] /home/eierobot/ROS/teleop_ws/src/teleop_robot_bridge/src/video/video_encoder.cpp:384:28: warning: ‘std::string trb::video::{anonymous}::bytesToHex(const uint8_t*, size_t)’ defined but not used [-Wunused-function]
[11.216s]   384 |         static std::string bytesToHex(const uint8_t *data, size_t size)
[11.216s]       |                            ^~~~~~~~~~
[11.216s] /home/eierobot/ROS/teleop_ws/src/teleop_robot_bridge/src/video/video_encoder.cpp:337:21: warning: ‘bool trb::video::{anonymous}::containsH264ISlice(const uint8_t*, size_t)’ defined but not used [-Wunused-function]
[11.216s]   337 |         static bool containsH264ISlice(const uint8_t *data, size_t size)
[11.216s]       |                     ^~~~~~~~~~~~~~~~~~
[12.278s] [ 95%] Linking CXX shared library libvideo_converter.so
[12.437s] [ 95%] Built target video_converter
[12.541s] [ 95%] Linking CXX shared library libvideo_encoder.so
[12.667s] [ 95%] Built target video_encoder
[13.589s] [ 95%] Linking CXX shared library libteleop_robot_bridge_grpc_proto.so
[13.753s] [ 95%] Built target teleop_robot_bridge_grpc_proto
[13.880s] [ 95%] Building CXX object CMakeFiles/teleop_robot_bridge_node.dir/src/main_node.cpp.o
[13.880s] [ 96%] Building CXX object CMakeFiles/teleop_robot_bridge_node.dir/src/audio/audio_module.cpp.o
[13.880s] [ 96%] Building CXX object CMakeFiles/teleop_robot_bridge_node.dir/src/audio/audio_manager.cpp.o
[13.881s] [ 96%] Building CXX object CMakeFiles/teleop_robot_bridge_node.dir/src/audio/audio_receiver.cpp.o
[13.881s] [ 96%] Building CXX object CMakeFiles/teleop_robot_bridge_node.dir/src/grpc/grpc_manager.cpp.o
[13.883s] [ 97%] Building CXX object CMakeFiles/teleop_robot_bridge_node.dir/src/utils/teleop_logger.cpp.o
[13.884s] [ 97%] Building CXX object CMakeFiles/teleop_robot_bridge_node.dir/src/video/video_recorder.cpp.o
[13.884s] [ 97%] Building CXX object CMakeFiles/teleop_robot_bridge_node.dir/src/grpc/grpc_module.cpp.o
[13.890s] [ 97%] Building CXX object CMakeFiles/teleop_robot_bridge_node.dir/src/video/video_decoder.cpp.o
[13.890s] [ 97%] Building CXX object CMakeFiles/teleop_robot_bridge_node.dir/src/video/video_stream_manager.cpp.o
[13.890s] [ 97%] Building CXX object CMakeFiles/teleop_robot_bridge_node.dir/src/video/video_module.cpp.o
[13.890s] [ 97%] Building CXX object CMakeFiles/teleop_robot_bridge_node.dir/src/udp/udp_socket.cpp.o
[13.890s] [ 98%] Building CXX object CMakeFiles/teleop_robot_bridge_node.dir/src/video/eye_image_publisher.cpp.o
[13.890s] [ 98%] Building CXX object CMakeFiles/teleop_robot_bridge_node.dir/src/video/video_undistorter.cpp.o
[14.331s] [ 98%] Building CXX object CMakeFiles/teleop_robot_bridge_node.dir/src/udp/gf256.cpp.o
[14.448s] [ 99%] Building CXX object CMakeFiles/teleop_robot_bridge_node.dir/src/udp/packet_codec.cpp.o
[15.423s] [ 99%] Building CXX object CMakeFiles/teleop_robot_bridge_node.dir/src/udp/control_plane.cpp.o
[18.075s] [ 99%] Building CXX object CMakeFiles/teleop_robot_bridge_node.dir/src/udp/send_queue.cpp.o
[18.215s] [ 99%] Building CXX object CMakeFiles/teleop_robot_bridge_node.dir/src/udp/pacer.cpp.o
[18.241s] [100%] Building CXX object CMakeFiles/teleop_robot_bridge_node.dir/src/udp/fec_v2.cpp.o
[18.325s] [100%] Building CXX object CMakeFiles/teleop_robot_bridge_node.dir/src/udp/udp_manager.cpp.o
[18.487s] [100%] Building CXX object CMakeFiles/teleop_robot_bridge_node.dir/src/udp/udp_module.cpp.o
[18.602s] [100%] Building CXX object CMakeFiles/teleop_robot_bridge_node.dir/src/udp/pose_udp_receiver.cpp.o
[49.401s] [100%] Linking CXX executable teleop_robot_bridge
[50.664s] [100%] Built target teleop_robot_bridge_node
[50.684s] Invoked command in '/home/eierobot/ROS/teleop_ws/src/teleop_robot_bridge/build/teleop_robot_bridge' returned '0': CMAKE_PREFIX_PATH=${CMAKE_PREFIX_PATH}:/opt/ros/jazzy DEBUGINFOD_URLS=https://debuginfod.ubuntu.com /usr/bin/cmake --build /home/eierobot/ROS/teleop_ws/src/teleop_robot_bridge/build/teleop_robot_bridge -- -j14 -l14
[50.698s] Invoking command in '/home/eierobot/ROS/teleop_ws/src/teleop_robot_bridge/build/teleop_robot_bridge': CMAKE_PREFIX_PATH=${CMAKE_PREFIX_PATH}:/opt/ros/jazzy DEBUGINFOD_URLS=https://debuginfod.ubuntu.com /usr/bin/cmake --install /home/eierobot/ROS/teleop_ws/src/teleop_robot_bridge/build/teleop_robot_bridge
[50.710s] -- Install configuration: "RelWithDebInfo"
[50.718s] -- Up-to-date: /home/eierobot/ROS/teleop_ws/src/teleop_robot_bridge/install/teleop_robot_bridge/share/ament_index/resource_index/rosidl_interfaces/teleop_robot_bridge
[50.719s] -- Up-to-date: /home/eierobot/ROS/teleop_ws/src/teleop_robot_bridge/install/teleop_robot_bridge/share/teleop_robot_bridge/msg/AgvBatteryState.json
[50.719s] -- Up-to-date: /home/eierobot/ROS/teleop_ws/src/teleop_robot_bridge/install/teleop_robot_bridge/share/teleop_robot_bridge/msg/AgvCmdVel.json
[50.719s] -- Up-to-date: /home/eierobot/ROS/teleop_ws/src/teleop_robot_bridge/install/teleop_robot_bridge/share/teleop_robot_bridge/msg/AgvDeviceState.json
[50.719s] -- Up-to-date: /home/eierobot/ROS/teleop_ws/src/teleop_robot_bridge/install/teleop_robot_bridge/share/teleop_robot_bridge/msg/AgvImu.json
[50.719s] -- Up-to-date: /home/eierobot/ROS/teleop_ws/src/teleop_robot_bridge/install/teleop_robot_bridge/share/teleop_robot_bridge/msg/AgvJointFeedback.json
[50.719s] -- Up-to-date: /home/eierobot/ROS/teleop_ws/src/teleop_robot_bridge/install/teleop_robot_bridge/share/teleop_robot_bridge/msg/AgvJointStatus.json
[50.719s] -- Up-to-date: /home/eierobot/ROS/teleop_ws/src/teleop_robot_bridge/install/teleop_robot_bridge/share/teleop_robot_bridge/msg/AgvMotionCtrl.json
[50.720s] -- Up-to-date: /home/eierobot/ROS/teleop_ws/src/teleop_robot_bridge/install/teleop_robot_bridge/share/teleop_robot_bridge/msg/AgvUltrasonic.json
[50.720s] -- Up-to-date: /home/eierobot/ROS/teleop_ws/src/teleop_robot_bridge/install/teleop_robot_bridge/share/teleop_robot_bridge/msg/AgvVda5050State.json
[50.720s] -- Up-to-date: /home/eierobot/ROS/teleop_ws/src/teleop_robot_bridge/install/teleop_robot_bridge/share/teleop_robot_bridge/msg/AgvVel.json
[50.720s] -- Up-to-date: /home/eierobot/ROS/teleop_ws/src/teleop_robot_bridge/install/teleop_robot_bridge/share/teleop_robot_bridge/msg/ArmJointCommand.json
[50.720s] -- Up-to-date: /home/eierobot/ROS/teleop_ws/src/teleop_robot_bridge/install/teleop_robot_bridge/share/teleop_robot_bridge/msg/ArmJointFeedback.json
[50.720s] -- Up-to-date: /home/eierobot/ROS/teleop_ws/src/teleop_robot_bridge/install/teleop_robot_bridge/share/teleop_robot_bridge/msg/ArmJointStatus.json
[50.720s] -- Up-to-date: /home/eierobot/ROS/teleop_ws/src/teleop_robot_bridge/install/teleop_robot_bridge/share/teleop_robot_bridge/msg/ArmMotionCtrl.json
[50.720s] -- Up-to-date: /home/eierobot/ROS/teleop_ws/src/teleop_robot_bridge/install/teleop_robot_bridge/share/teleop_robot_bridge/msg/EeTcpCommand.json
[50.721s] -- Up-to-date: /home/eierobot/ROS/teleop_ws/src/teleop_robot_bridge/install/teleop_robot_bridge/share/teleop_robot_bridge/msg/GripperDeviceState.json
[50.721s] -- Up-to-date: /home/eierobot/ROS/teleop_ws/src/teleop_robot_bridge/install/teleop_robot_bridge/share/teleop_robot_bridge/msg/GripperMove.json
[50.721s] -- Up-to-date: /home/eierobot/ROS/teleop_ws/src/teleop_robot_bridge/install/teleop_robot_bridge/share/teleop_robot_bridge/msg/GripperStatus.json
[50.721s] -- Up-to-date: /home/eierobot/ROS/teleop_ws/src/teleop_robot_bridge/install/teleop_robot_bridge/share/teleop_robot_bridge/msg/GripperTactile.json
[50.721s] -- Up-to-date: /home/eierobot/ROS/teleop_ws/src/teleop_robot_bridge/install/teleop_robot_bridge/share/teleop_robot_bridge/msg/HandTactile.json
[50.721s] -- Up-to-date: /home/eierobot/ROS/teleop_ws/src/teleop_robot_bridge/install/teleop_robot_bridge/share/teleop_robot_bridge/msg/HeadJointCommand.json
[50.721s] -- Up-to-date: /home/eierobot/ROS/teleop_ws/src/teleop_robot_bridge/install/teleop_robot_bridge/share/teleop_robot_bridge/msg/HeadJointFeedback.json
[50.721s] -- Up-to-date: /home/eierobot/ROS/teleop_ws/src/teleop_robot_bridge/install/teleop_robot_bridge/share/teleop_robot_bridge/msg/HeadJointStatus.json
[50.722s] -- Up-to-date: /home/eierobot/ROS/teleop_ws/src/teleop_robot_bridge/install/teleop_robot_bridge/share/teleop_robot_bridge/msg/HeadMotionCtrl.json
[50.722s] -- Up-to-date: /home/eierobot/ROS/teleop_ws/src/teleop_robot_bridge/install/teleop_robot_bridge/share/teleop_robot_bridge/msg/JointStatus.json
[50.722s] -- Up-to-date: /home/eierobot/ROS/teleop_ws/src/teleop_robot_bridge/install/teleop_robot_bridge/share/teleop_robot_bridge/msg/JoyState.json
[50.722s] -- Up-to-date: /home/eierobot/ROS/teleop_ws/src/teleop_robot_bridge/install/teleop_robot_bridge/share/teleop_robot_bridge/msg/SingleDeviceState.json
[50.723s] -- Up-to-date: /home/eierobot/ROS/teleop_ws/src/teleop_robot_bridge/install/teleop_robot_bridge/share/teleop_robot_bridge/msg/SingleGripperMove.json
[50.723s] -- Up-to-date: /home/eierobot/ROS/teleop_ws/src/teleop_robot_bridge/install/teleop_robot_bridge/share/teleop_robot_bridge/msg/SingleGripperStatus.json
[50.723s] -- Up-to-date: /home/eierobot/ROS/teleop_ws/src/teleop_robot_bridge/install/teleop_robot_bridge/share/teleop_robot_bridge/msg/Temperature.json
[50.724s] -- Up-to-date: /home/eierobot/ROS/teleop_ws/src/teleop_robot_bridge/install/teleop_robot_bridge/share/teleop_robot_bridge/msg/UpperBodyDeviceState.json
[50.724s] -- Up-to-date: /home/eierobot/ROS/teleop_ws/src/teleop_robot_bridge/install/teleop_robot_bridge/share/teleop_robot_bridge/msg/WaistJointCommand.json
[50.724s] -- Up-to-date: /home/eierobot/ROS/teleop_ws/src/teleop_robot_bridge/install/teleop_robot_bridge/share/teleop_robot_bridge/msg/WaistJointFeedback.json
[50.725s] -- Up-to-date: /home/eierobot/ROS/teleop_ws/src/teleop_robot_bridge/install/teleop_robot_bridge/share/teleop_robot_bridge/msg/WaistJointStatus.json
[50.725s] -- Up-to-date: /home/eierobot/ROS/teleop_ws/src/teleop_robot_bridge/install/teleop_robot_bridge/share/teleop_robot_bridge/msg/WaistMotionCtrl.json
[50.725s] -- Up-to-date: /home/eierobot/ROS/teleop_ws/src/teleop_robot_bridge/install/teleop_robot_bridge/share/teleop_robot_bridge/msg/WaistTcpCommand.json
[50.725s] -- Up-to-date: /home/eierobot/ROS/teleop_ws/src/teleop_robot_bridge/install/teleop_robot_bridge/include/teleop_robot_bridge/teleop_robot_bridge
[50.726s] -- Up-to-date: /home/eierobot/ROS/teleop_ws/src/teleop_robot_bridge/install/teleop_robot_bridge/include/teleop_robot_bridge/teleop_robot_bridge/msg
[50.726s] -- Up-to-date: /home/eierobot/ROS/teleop_ws/src/teleop_robot_bridge/install/teleop_robot_bridge/include/teleop_robot_bridge/teleop_robot_bridge/msg/agv_cmd_vel.h
[50.727s] -- Up-to-date: /home/eierobot/ROS/teleop_ws/src/teleop_robot_bridge/install/teleop_robot_bridge/include/teleop_robot_bridge/teleop_robot_bridge/msg/joy_state.h
[50.727s] -- Up-to-date: /home/eierobot/ROS/teleop_ws/src/teleop_robot_bridge/install/teleop_robot_bridge/include/teleop_robot_bridge/teleop_robot_bridge/msg/arm_joint_status.h
[50.727s] -- Up-to-date: /home/eierobot/ROS/teleop_ws/src/teleop_robot_bridge/install/teleop_robot_bridge/include/teleop_robot_bridge/teleop_robot_bridge/msg/head_joint_status.h
[50.727s] -- Up-to-date: /home/eierobot/ROS/teleop_ws/src/teleop_robot_bridge/install/teleop_robot_bridge/include/teleop_robot_bridge/teleop_robot_bridge/msg/gripper_status.h
[50.728s] -- Up-to-date: /home/eierobot/ROS/teleop_ws/src/teleop_robot_bridge/install/teleop_robot_bridge/include/teleop_robot_bridge/teleop_robot_bridge/msg/head_joint_feedback.h
[50.728s] -- Up-to-date: /home/eierobot/ROS/teleop_ws/src/teleop_robot_bridge/install/teleop_robot_bridge/include/teleop_robot_bridge/teleop_robot_bridge/msg/single_gripper_status.h
[50.728s] -- Up-to-date: /home/eierobot/ROS/teleop_ws/src/teleop_robot_bridge/install/teleop_robot_bridge/include/teleop_robot_bridge/teleop_robot_bridge/msg/temperature.h
[50.728s] -- Up-to-date: /home/eierobot/ROS/teleop_ws/src/teleop_robot_bridge/install/teleop_robot_bridge/include/teleop_robot_bridge/teleop_robot_bridge/msg/waist_joint_feedback.h
[50.729s] -- Up-to-date: /home/eierobot/ROS/teleop_ws/src/teleop_robot_bridge/install/teleop_robot_bridge/include/teleop_robot_bridge/teleop_robot_bridge/msg/single_gripper_move.h
[50.729s] -- Up-to-date: /home/eierobot/ROS/teleop_ws/src/teleop_robot_bridge/install/teleop_robot_bridge/include/teleop_robot_bridge/teleop_robot_bridge/msg/arm_motion_ctrl.h
[50.729s] -- Up-to-date: /home/eierobot/ROS/teleop_ws/src/teleop_robot_bridge/install/teleop_robot_bridge/include/teleop_robot_bridge/teleop_robot_bridge/msg/agv_device_state.h
[50.729s] -- Up-to-date: /home/eierobot/ROS/teleop_ws/src/teleop_robot_bridge/install/teleop_robot_bridge/include/teleop_robot_bridge/teleop_robot_bridge/msg/gripper_move.h
[50.730s] -- Up-to-date: /home/eierobot/ROS/teleop_ws/src/teleop_robot_bridge/install/teleop_robot_bridge/include/teleop_robot_bridge/teleop_robot_bridge/msg/arm_joint_command.h
[50.730s] -- Up-to-date: /home/eierobot/ROS/teleop_ws/src/teleop_robot_bridge/install/teleop_robot_bridge/include/teleop_robot_bridge/teleop_robot_bridge/msg/agv_imu.h
[50.730s] -- Up-to-date: /home/eierobot/ROS/teleop_ws/src/teleop_robot_bridge/install/teleop_robot_bridge/include/teleop_robot_bridge/teleop_robot_bridge/msg/ee_tcp_command.h
[50.731s] -- Up-to-date: /home/eierobot/ROS/teleop_ws/src/teleop_robot_bridge/install/teleop_robot_bridge/include/teleop_robot_bridge/teleop_robot_bridge/msg/agv_motion_ctrl.h
[50.731s] -- Up-to-date: /home/eierobot/ROS/teleop_ws/src/teleop_robot_bridge/install/teleop_robot_bridge/include/teleop_robot_bridge/teleop_robot_bridge/msg/joint_status.h
[50.731s] -- Up-to-date: /home/eierobot/ROS/teleop_ws/src/teleop_robot_bridge/install/teleop_robot_bridge/include/teleop_robot_bridge/teleop_robot_bridge/msg/agv_vda5050_state.h
[50.731s] -- Up-to-date: /home/eierobot/ROS/teleop_ws/src/teleop_robot_bridge/install/teleop_robot_bridge/include/teleop_robot_bridge/teleop_robot_bridge/msg/gripper_device_state.h
[50.732s] -- Up-to-date: /home/eierobot/ROS/teleop_ws/src/teleop_robot_bridge/install/teleop_robot_bridge/include/teleop_robot_bridge/teleop_robot_bridge/msg/arm_joint_feedback.h
[50.732s] -- Up-to-date: /home/eierobot/ROS/teleop_ws/src/teleop_robot_bridge/install/teleop_robot_bridge/include/teleop_robot_bridge/teleop_robot_bridge/msg/agv_battery_state.h
[50.732s] -- Up-to-date: /home/eierobot/ROS/teleop_ws/src/teleop_robot_bridge/install/teleop_robot_bridge/include/teleop_robot_bridge/teleop_robot_bridge/msg/waist_joint_status.h
[50.732s] -- Up-to-date: /home/eierobot/ROS/teleop_ws/src/teleop_robot_bridge/install/teleop_robot_bridge/include/teleop_robot_bridge/teleop_robot_bridge/msg/agv_vel.h
[50.733s] -- Up-to-date: /home/eierobot/ROS/teleop_ws/src/teleop_robot_bridge/install/teleop_robot_bridge/include/teleop_robot_bridge/teleop_robot_bridge/msg/rosidl_generator_c__visibility_control.h
[50.733s] -- Up-to-date: /home/eierobot/ROS/teleop_ws/src/teleop_robot_bridge/install/teleop_robot_bridge/include/teleop_robot_bridge/teleop_robot_bridge/msg/single_device_state.h
[50.733s] -- Up-to-date: /home/eierobot/ROS/teleop_ws/src/teleop_robot_bridge/install/teleop_robot_bridge/include/teleop_robot_bridge/teleop_robot_bridge/msg/head_motion_ctrl.h
[50.733s] -- Up-to-date: /home/eierobot/ROS/teleop_ws/src/teleop_robot_bridge/install/teleop_robot_bridge/include/teleop_robot_bridge/teleop_robot_bridge/msg/gripper_tactile.h
[50.733s] -- Up-to-date: /home/eierobot/ROS/teleop_ws/src/teleop_robot_bridge/install/teleop_robot_bridge/include/teleop_robot_bridge/teleop_robot_bridge/msg/waist_joint_command.h
[50.734s] -- Up-to-date: /home/eierobot/ROS/teleop_ws/src/teleop_robot_bridge/install/teleop_robot_bridge/include/teleop_robot_bridge/teleop_robot_bridge/msg/hand_tactile.h
[50.734s] -- Up-to-date: /home/eierobot/ROS/teleop_ws/src/teleop_robot_bridge/install/teleop_robot_bridge/include/teleop_robot_bridge/teleop_robot_bridge/msg/agv_ultrasonic.h
[50.735s] -- Up-to-date: /home/eierobot/ROS/teleop_ws/src/teleop_robot_bridge/install/teleop_robot_bridge/include/teleop_robot_bridge/teleop_robot_bridge/msg/waist_motion_ctrl.h
[50.735s] -- Up-to-date: /home/eierobot/ROS/teleop_ws/src/teleop_robot_bridge/install/teleop_robot_bridge/include/teleop_robot_bridge/teleop_robot_bridge/msg/upper_body_device_state.h
[50.736s] -- Up-to-date: /home/eierobot/ROS/teleop_ws/src/teleop_robot_bridge/install/teleop_robot_bridge/include/teleop_robot_bridge/teleop_robot_bridge/msg/detail
[50.737s] -- Up-to-date: /home/eierobot/ROS/teleop_ws/src/teleop_robot_bridge/install/teleop_robot_bridge/include/teleop_robot_bridge/teleop_robot_bridge/msg/detail/agv_joint_feedback__type_support.h
[50.737s] -- Up-to-date: /home/eierobot/ROS/teleop_ws/src/teleop_robot_bridge/install/teleop_robot_bridge/include/teleop_robot_bridge/teleop_robot_bridge/msg/detail/agv_cmd_vel__struct.h
[50.738s] -- Up-to-date: /home/eierobot/ROS/teleop_ws/src/teleop_robot_bridge/install/teleop_robot_bridge/include/teleop_robot_bridge/teleop_robot_bridge/msg/detail/arm_joint_command__description.c
[50.738s] -- Up-to-date: /home/eierobot/ROS/teleop_ws/src/teleop_robot_bridge/install/teleop_robot_bridge/include/teleop_robot_bridge/teleop_robot_bridge/msg/detail/head_joint_command__functions.h
[50.739s] -- Up-to-date: /home/eierobot/ROS/teleop_ws/src/teleop_robot_bridge/install/teleop_robot_bridge/include/teleop_robot_bridge/teleop_robot_bridge/msg/detail/head_joint_status__functions.h
[50.739s] -- Up-to-date: /home/eierobot/ROS/teleop_ws/src/teleop_robot_bridge/install/teleop_robot_bridge/include/teleop_robot_bridge/teleop_robot_bridge/msg/detail/arm_joint_feedback__functions.c
[50.740s] -- Installing: /home/eierobot/ROS/teleop_ws/src/teleop_robot_bridge/install/teleop_robot_bridge/include/teleop_robot_bridge/teleop_robot_bridge/msg/detail/agv_battery_state__type_support.c
[50.740s] -- Up-to-date: /home/eierobot/ROS/teleop_ws/src/teleop_robot_bridge/install/teleop_robot_bridge/include/teleop_robot_bridge/teleop_robot_bridge/msg/detail/ee_tcp_command__type_support.h
[50.741s] -- Up-to-date: /home/eierobot/ROS/teleop_ws/src/teleop_robot_bridge/install/teleop_robot_bridge/include/teleop_robot_bridge/teleop_robot_bridge/msg/detail/waist_tcp_command__struct.h
[50.742s] -- Installing: /home/eierobot/ROS/teleop_ws/src/teleop_robot_bridge/install/teleop_robot_bridge/include/teleop_robot_bridge/teleop_robot_bridge/msg/detail/hand_tactile__type_support.c
[50.742s] -- Up-to-date: /home/eierobot/ROS/teleop_ws/src/teleop_robot_bridge/install/teleop_robot_bridge/include/teleop_robot_bridge/teleop_robot_bridge/msg/detail/single_device_state__functions.c
[50.742s] -- Up-to-date: /home/eierobot/ROS/teleop_ws/src/teleop_robot_bridge/install/teleop_robot_bridge/include/teleop_robot_bridge/teleop_robot_bridge/msg/detail/agv_battery_state__description.c
[50.743s] -- Up-to-date: /home/eierobot/ROS/teleop_ws/src/teleop_robot_bridge/install/teleop_robot_bridge/include/teleop_robot_bridge/teleop_robot_bridge/msg/detail/agv_imu__description.c
[50.743s] -- Installing: /home/eierobot/ROS/teleop_ws/src/teleop_robot_bridge/install/teleop_robot_bridge/include/teleop_robot_bridge/teleop_robot_bridge/msg/detail/waist_tcp_command__type_support.c
[50.743s] -- Up-to-date: /home/eierobot/ROS/teleop_ws/src/teleop_robot_bridge/install/teleop_robot_bridge/include/teleop_robot_bridge/teleop_robot_bridge/msg/detail/single_device_state__type_support.h
[50.743s] -- Installing: /home/eierobot/ROS/teleop_ws/src/teleop_robot_bridge/install/teleop_robot_bridge/include/teleop_robot_bridge/teleop_robot_bridge/msg/detail/waist_joint_command__type_support.c
[50.743s] -- Up-to-date: /home/eierobot/ROS/teleop_ws/src/teleop_robot_bridge/install/teleop_robot_bridge/include/teleop_robot_bridge/teleop_robot_bridge/msg/detail/head_motion_ctrl__functions.h
[50.743s] -- Installing: /home/eierobot/ROS/teleop_ws/src/teleop_robot_bridge/install/teleop_robot_bridge/include/teleop_robot_bridge/teleop_robot_bridge/msg/detail/agv_joint_status__type_support.c
[50.743s] -- Up-to-date: /home/eierobot/ROS/teleop_ws/src/teleop_robot_bridge/install/teleop_robot_bridge/include/teleop_robot_bridge/teleop_robot_bridge/msg/detail/gripper_device_state__functions.h
[50.743s] -- Up-to-date: /home/eierobot/ROS/teleop_ws/src/teleop_robot_bridge/install/teleop_robot_bridge/include/teleop_robot_bridge/teleop_robot_bridge/msg/detail/joy_state__functions.h
[50.743s] -- Up-to-date: /home/eierobot/ROS/teleop_ws/src/teleop_robot_bridge/install/teleop_robot_bridge/include/teleop_robot_bridge/teleop_robot_bridge/msg/detail/ee_tcp_command__functions.c
[50.744s] -- Up-to-date: /home/eierobot/ROS/teleop_ws/src/teleop_robot_bridge/install/teleop_robot_bridge/include/teleop_robot_bridge/teleop_robot_bridge/msg/detail/head_joint_feedback__type_support.h
[50.744s] -- Up-to-date: /home/eierobot/ROS/teleop_ws/src/teleop_robot_bridge/install/teleop_robot_bridge/include/teleop_robot_bridge/teleop_robot_bridge/msg/detail/agv_joint_status__struct.h
[50.744s] -- Up-to-date: /home/eierobot/ROS/teleop_ws/src/teleop_robot_bridge/install/teleop_robot_bridge/include/teleop_robot_bridge/teleop_robot_bridge/msg/detail/gripper_move__struct.h
[50.744s] -- Up-to-date: /home/eierobot/ROS/teleop_ws/src/teleop_robot_bridge/install/teleop_robot_bridge/include/teleop_robot_bridge/teleop_robot_bridge/msg/detail/waist_joint_command__description.c
[50.744s] -- Up-to-date: /home/eierobot/ROS/teleop_ws/src/teleop_robot_bridge/install/teleop_robot_bridge/include/teleop_robot_bridge/teleop_robot_bridge/msg/detail/gripper_tactile__struct.h
[50.744s] -- Installing: /home/eierobot/ROS/teleop_ws/src/teleop_robot_bridge/install/teleop_robot_bridge/include/teleop_robot_bridge/teleop_robot_bridge/msg/detail/arm_motion_ctrl__type_support.c
[50.744s] -- Up-to-date: /home/eierobot/ROS/teleop_ws/src/teleop_robot_bridge/install/teleop_robot_bridge/include/teleop_robot_bridge/teleop_robot_bridge/msg/detail/temperature__type_support.h
[50.744s] -- Up-to-date: /home/eierobot/ROS/teleop_ws/src/teleop_robot_bridge/install/teleop_robot_bridge/include/teleop_robot_bridge/teleop_robot_bridge/msg/detail/agv_motion_ctrl__functions.c
[50.745s] -- Installing: /home/eierobot/ROS/teleop_ws/src/teleop_robot_bridge/install/teleop_robot_bridge/include/teleop_robot_bridge/teleop_robot_bridge/msg/detail/agv_cmd_vel__type_support.c
[50.745s] -- Up-to-date: /home/eierobot/ROS/teleop_ws/src/teleop_robot_bridge/install/teleop_robot_bridge/include/teleop_robot_bridge/teleop_robot_bridge/msg/detail/waist_joint_status__functions.h
[50.745s] -- Up-to-date: /home/eierobot/ROS/teleop_ws/src/teleop_robot_bridge/install/teleop_robot_bridge/include/teleop_robot_bridge/teleop_robot_bridge/msg/detail/arm_joint_feedback__type_support.h
[50.745s] -- Installing: /home/eierobot/ROS/teleop_ws/src/teleop_robot_bridge/install/teleop_robot_bridge/include/teleop_robot_bridge/teleop_robot_bridge/msg/detail/agv_vda5050_state__type_support.c
[50.745s] -- Up-to-date: /home/eierobot/ROS/teleop_ws/src/teleop_robot_bridge/install/teleop_robot_bridge/include/teleop_robot_bridge/teleop_robot_bridge/msg/detail/arm_joint_command__struct.h
[50.745s] -- Up-to-date: /home/eierobot/ROS/teleop_ws/src/teleop_robot_bridge/install/teleop_robot_bridge/include/teleop_robot_bridge/teleop_robot_bridge/msg/detail/joy_state__description.c
[50.745s] -- Up-to-date: /home/eierobot/ROS/teleop_ws/src/teleop_robot_bridge/install/teleop_robot_bridge/include/teleop_robot_bridge/teleop_robot_bridge/msg/detail/agv_vel__struct.h
[50.745s] -- Up-to-date: /home/eierobot/ROS/teleop_ws/src/teleop_robot_bridge/install/teleop_robot_bridge/include/teleop_robot_bridge/teleop_robot_bridge/msg/detail/upper_body_device_state__functions.c
[50.746s] -- Up-to-date: /home/eierobot/ROS/teleop_ws/src/teleop_robot_bridge/install/teleop_robot_bridge/include/teleop_robot_bridge/teleop_robot_bridge/msg/detail/gripper_tactile__functions.h
[50.746s] -- Up-to-date: /home/eierobot/ROS/teleop_ws/src/teleop_robot_bridge/install/teleop_robot_bridge/include/teleop_robot_bridge/teleop_robot_bridge/msg/detail/agv_joint_feedback__struct.h
[50.746s] -- Up-to-date: /home/eierobot/ROS/teleop_ws/src/teleop_robot_bridge/install/teleop_robot_bridge/include/teleop_robot_bridge/teleop_robot_bridge/msg/detail/head_joint_feedback__struct.h
[50.746s] -- Up-to-date: /home/eierobot/ROS/teleop_ws/src/teleop_robot_bridge/install/teleop_robot_bridge/include/teleop_robot_bridge/teleop_robot_bridge/msg/detail/ee_tcp_command__functions.h
[50.746s] -- Up-to-date: /home/eierobot/ROS/teleop_ws/src/teleop_robot_bridge/install/teleop_robot_bridge/include/teleop_robot_bridge/teleop_robot_bridge/msg/detail/joint_status__functions.c
[50.746s] -- Up-to-date: /home/eierobot/ROS/teleop_ws/src/teleop_robot_bridge/install/teleop_robot_bridge/include/teleop_robot_bridge/teleop_robot_bridge/msg/detail/waist_joint_command__type_support.h
[50.746s] -- Up-to-date: /home/eierobot/ROS/teleop_ws/src/teleop_robot_bridge/install/teleop_robot_bridge/include/teleop_robot_bridge/teleop_robot_bridge/msg/detail/head_joint_status__description.c
[50.746s] -- Up-to-date: /home/eierobot/ROS/teleop_ws/src/teleop_robot_bridge/install/teleop_robot_bridge/include/teleop_robot_bridge/teleop_robot_bridge/msg/detail/agv_cmd_vel__description.c
[50.747s] -- Up-to-date: /home/eierobot/ROS/teleop_ws/src/teleop_robot_bridge/install/teleop_robot_bridge/include/teleop_robot_bridge/teleop_robot_bridge/msg/detail/agv_ultrasonic__type_support.h
[50.747s] -- Up-to-date: /home/eierobot/ROS/teleop_ws/src/teleop_robot_bridge/install/teleop_robot_bridge/include/teleop_robot_bridge/teleop_robot_bridge/msg/detail/agv_vel__description.c
[50.747s] -- Up-to-date: /home/eierobot/ROS/teleop_ws/src/teleop_robot_bridge/install/teleop_robot_bridge/include/teleop_robot_bridge/teleop_robot_bridge/msg/detail/waist_joint_command__functions.c
[50.747s] -- Up-to-date: /home/eierobot/ROS/teleop_ws/src/teleop_robot_bridge/install/teleop_robot_bridge/include/teleop_robot_bridge/teleop_robot_bridge/msg/detail/agv_imu__functions.c
[50.747s] -- Installing: /home/eierobot/ROS/teleop_ws/src/teleop_robot_bridge/install/teleop_robot_bridge/include/teleop_robot_bridge/teleop_robot_bridge/msg/detail/head_joint_status__type_support.c
[50.747s] -- Up-to-date: /home/eierobot/ROS/teleop_ws/src/teleop_robot_bridge/install/teleop_robot_bridge/include/teleop_robot_bridge/teleop_robot_bridge/msg/detail/agv_device_state__struct.h
[50.747s] -- Installing: /home/eierobot/ROS/teleop_ws/src/teleop_robot_bridge/install/teleop_robot_bridge/include/teleop_robot_bridge/teleop_robot_bridge/msg/detail/head_motion_ctrl__type_support.c
[50.747s] -- Up-to-date: /home/eierobot/ROS/teleop_ws/src/teleop_robot_bridge/install/teleop_robot_bridge/include/teleop_robot_bridge/teleop_robot_bridge/msg/detail/agv_device_state__functions.h
[50.747s] -- Up-to-date: /home/eierobot/ROS/teleop_ws/src/teleop_robot_bridge/install/teleop_robot_bridge/include/teleop_robot_bridge/teleop_robot_bridge/msg/detail/arm_joint_status__type_support.h
[50.748s] -- Up-to-date: /home/eierobot/ROS/teleop_ws/src/teleop_robot_bridge/install/teleop_robot_bridge/include/teleop_robot_bridge/teleop_robot_bridge/msg/detail/gripper_move__functions.c
[50.748s] -- Up-to-date: /home/eierobot/ROS/teleop_ws/src/teleop_robot_bridge/install/teleop_robot_bridge/include/teleop_robot_bridge/teleop_robot_bridge/msg/detail/head_joint_status__struct.h
[50.748s] -- Up-to-date: /home/eierobot/ROS/teleop_ws/src/teleop_robot_bridge/install/teleop_robot_bridge/include/teleop_robot_bridge/teleop_robot_bridge/msg/detail/agv_vda5050_state__description.c
[50.748s] -- Up-to-date: /home/eierobot/ROS/teleop_ws/src/teleop_robot_bridge/install/teleop_robot_bridge/include/teleop_robot_bridge/teleop_robot_bridge/msg/detail/temperature__functions.h
[50.748s] -- Up-to-date: /home/eierobot/ROS/teleop_ws/src/teleop_robot_bridge/install/teleop_robot_bridge/include/teleop_robot_bridge/teleop_robot_bridge/msg/detail/ee_tcp_command__description.c
[50.748s] -- Up-to-date: /home/eierobot/ROS/teleop_ws/src/teleop_robot_bridge/install/teleop_robot_bridge/include/teleop_robot_bridge/teleop_robot_bridge/msg/detail/waist_motion_ctrl__description.c
[50.748s] -- Up-to-date: /home/eierobot/ROS/teleop_ws/src/teleop_robot_bridge/install/teleop_robot_bridge/include/teleop_robot_bridge/teleop_robot_bridge/msg/detail/upper_body_device_state__functions.h
[50.748s] -- Up-to-date: /home/eierobot/ROS/teleop_ws/src/teleop_robot_bridge/install/teleop_robot_bridge/include/teleop_robot_bridge/teleop_robot_bridge/msg/detail/temperature__struct.h
[50.749s] -- Up-to-date: /home/eierobot/ROS/teleop_ws/src/teleop_robot_bridge/install/teleop_robot_bridge/include/teleop_robot_bridge/teleop_robot_bridge/msg/detail/joint_status__type_support.h
[50.749s] -- Up-to-date: /home/eierobot/ROS/teleop_ws/src/teleop_robot_bridge/install/teleop_robot_bridge/include/teleop_robot_bridge/teleop_robot_bridge/msg/detail/temperature__functions.c
[50.749s] -- Up-to-date: /home/eierobot/ROS/teleop_ws/src/teleop_robot_bridge/install/teleop_robot_bridge/include/teleop_robot_bridge/teleop_robot_bridge/msg/detail/gripper_move__description.c
[50.749s] -- Up-to-date: /home/eierobot/ROS/teleop_ws/src/teleop_robot_bridge/install/teleop_robot_bridge/include/teleop_robot_bridge/teleop_robot_bridge/msg/detail/waist_joint_feedback__functions.c
[50.749s] -- Up-to-date: /home/eierobot/ROS/teleop_ws/src/teleop_robot_bridge/install/teleop_robot_bridge/include/teleop_robot_bridge/teleop_robot_bridge/msg/detail/joy_state__type_support.h
[50.749s] -- Up-to-date: /home/eierobot/ROS/teleop_ws/src/teleop_robot_bridge/install/teleop_robot_bridge/include/teleop_robot_bridge/teleop_robot_bridge/msg/detail/agv_ultrasonic__functions.h
[50.749s] -- Up-to-date: /home/eierobot/ROS/teleop_ws/src/teleop_robot_bridge/install/teleop_robot_bridge/include/teleop_robot_bridge/teleop_robot_bridge/msg/detail/single_gripper_move__functions.h
[50.749s] -- Installing: /home/eierobot/ROS/teleop_ws/src/teleop_robot_bridge/install/teleop_robot_bridge/include/teleop_robot_bridge/teleop_robot_bridge/msg/detail/agv_motion_ctrl__type_support.c
[50.750s] -- Up-to-date: /home/eierobot/ROS/teleop_ws/src/teleop_robot_bridge/install/teleop_robot_bridge/include/teleop_robot_bridge/teleop_robot_bridge/msg/detail/agv_vda5050_state__struct.h
[50.750s] -- Up-to-date: /home/eierobot/ROS/teleop_ws/src/teleop_robot_bridge/install/teleop_robot_bridge/include/teleop_robot_bridge/teleop_robot_bridge/msg/detail/agv_joint_feedback__functions.h
[50.750s] -- Up-to-date: /home/eierobot/ROS/teleop_ws/src/teleop_robot_bridge/install/teleop_robot_bridge/include/teleop_robot_bridge/teleop_robot_bridge/msg/detail/gripper_move__functions.h
[50.750s] -- Up-to-date: /home/eierobot/ROS/teleop_ws/src/teleop_robot_bridge/install/teleop_robot_bridge/include/teleop_robot_bridge/teleop_robot_bridge/msg/detail/agv_vda5050_state__type_support.h
[50.750s] -- Installing: /home/eierobot/ROS/teleop_ws/src/teleop_robot_bridge/install/teleop_robot_bridge/include/teleop_robot_bridge/teleop_robot_bridge/msg/detail/gripper_status__type_support.c
[50.750s] -- Up-to-date: /home/eierobot/ROS/teleop_ws/src/teleop_robot_bridge/install/teleop_robot_bridge/include/teleop_robot_bridge/teleop_robot_bridge/msg/detail/agv_joint_status__functions.c
[50.750s] -- Up-to-date: /home/eierobot/ROS/teleop_ws/src/teleop_robot_bridge/install/teleop_robot_bridge/include/teleop_robot_bridge/teleop_robot_bridge/msg/detail/gripper_status__functions.h
[50.750s] -- Up-to-date: /home/eierobot/ROS/teleop_ws/src/teleop_robot_bridge/install/teleop_robot_bridge/include/teleop_robot_bridge/teleop_robot_bridge/msg/detail/gripper_device_state__struct.h
[50.751s] -- Up-to-date: /home/eierobot/ROS/teleop_ws/src/teleop_robot_bridge/install/teleop_robot_bridge/include/teleop_robot_bridge/teleop_robot_bridge/msg/detail/waist_tcp_command__functions.c
[50.751s] -- Up-to-date: /home/eierobot/ROS/teleop_ws/src/teleop_robot_bridge/install/teleop_robot_bridge/include/teleop_robot_bridge/teleop_robot_bridge/msg/detail/gripper_device_state__functions.c
[50.751s] -- Up-to-date: /home/eierobot/ROS/teleop_ws/src/teleop_robot_bridge/install/teleop_robot_bridge/include/teleop_robot_bridge/teleop_robot_bridge/msg/detail/agv_joint_status__description.c
[50.751s] -- Up-to-date: /home/eierobot/ROS/teleop_ws/src/teleop_robot_bridge/install/teleop_robot_bridge/include/teleop_robot_bridge/teleop_robot_bridge/msg/detail/waist_tcp_command__type_support.h
[50.751s] -- Up-to-date: /home/eierobot/ROS/teleop_ws/src/teleop_robot_bridge/install/teleop_robot_bridge/include/teleop_robot_bridge/teleop_robot_bridge/msg/detail/single_gripper_status__type_support.h
[50.751s] -- Up-to-date: /home/eierobot/ROS/teleop_ws/src/teleop_robot_bridge/install/teleop_robot_bridge/include/teleop_robot_bridge/teleop_robot_bridge/msg/detail/agv_vel__functions.c
[50.751s] -- Up-to-date: /home/eierobot/ROS/teleop_ws/src/teleop_robot_bridge/install/teleop_robot_bridge/include/teleop_robot_bridge/teleop_robot_bridge/msg/detail/agv_ultrasonic__description.c
[50.751s] -- Up-to-date: /home/eierobot/ROS/teleop_ws/src/teleop_robot_bridge/install/teleop_robot_bridge/include/teleop_robot_bridge/teleop_robot_bridge/msg/detail/hand_tactile__functions.c
[50.751s] -- Up-to-date: /home/eierobot/ROS/teleop_ws/src/teleop_robot_bridge/install/teleop_robot_bridge/include/teleop_robot_bridge/teleop_robot_bridge/msg/detail/upper_body_device_state__struct.h
[50.752s] -- Up-to-date: /home/eierobot/ROS/teleop_ws/src/teleop_robot_bridge/install/teleop_robot_bridge/include/teleop_robot_bridge/teleop_robot_bridge/msg/detail/waist_joint_status__struct.h
[50.752s] -- Up-to-date: /home/eierobot/ROS/teleop_ws/src/teleop_robot_bridge/install/teleop_robot_bridge/include/teleop_robot_bridge/teleop_robot_bridge/msg/detail/waist_motion_ctrl__functions.h
[50.752s] -- Up-to-date: /home/eierobot/ROS/teleop_ws/src/teleop_robot_bridge/install/teleop_robot_bridge/include/teleop_robot_bridge/teleop_robot_bridge/msg/detail/single_gripper_move__struct.h
[50.752s] -- Up-to-date: /home/eierobot/ROS/teleop_ws/src/teleop_robot_bridge/install/teleop_robot_bridge/include/teleop_robot_bridge/teleop_robot_bridge/msg/detail/arm_joint_command__type_support.h
[50.752s] -- Installing: /home/eierobot/ROS/teleop_ws/src/teleop_robot_bridge/install/teleop_robot_bridge/include/teleop_robot_bridge/teleop_robot_bridge/msg/detail/temperature__type_support.c
[50.752s] -- Up-to-date: /home/eierobot/ROS/teleop_ws/src/teleop_robot_bridge/install/teleop_robot_bridge/include/teleop_robot_bridge/teleop_robot_bridge/msg/detail/gripper_tactile__description.c
[50.752s] -- Installing: /home/eierobot/ROS/teleop_ws/src/teleop_robot_bridge/install/teleop_robot_bridge/include/teleop_robot_bridge/teleop_robot_bridge/msg/detail/single_gripper_status__type_support.c
[50.752s] -- Installing: /home/eierobot/ROS/teleop_ws/src/teleop_robot_bridge/install/teleop_robot_bridge/include/teleop_robot_bridge/teleop_robot_bridge/msg/detail/joy_state__type_support.c
[50.753s] -- Up-to-date: /home/eierobot/ROS/teleop_ws/src/teleop_robot_bridge/install/teleop_robot_bridge/include/teleop_robot_bridge/teleop_robot_bridge/msg/detail/arm_motion_ctrl__description.c
[50.753s] -- Installing: /home/eierobot/ROS/teleop_ws/src/teleop_robot_bridge/install/teleop_robot_bridge/include/teleop_robot_bridge/teleop_robot_bridge/msg/detail/arm_joint_status__type_support.c
[50.753s] -- Installing: /home/eierobot/ROS/teleop_ws/src/teleop_robot_bridge/install/teleop_robot_bridge/include/teleop_robot_bridge/teleop_robot_bridge/msg/detail/gripper_move__type_support.c
[50.753s] -- Up-to-date: /home/eierobot/ROS/teleop_ws/src/teleop_robot_bridge/install/teleop_robot_bridge/include/teleop_robot_bridge/teleop_robot_bridge/msg/detail/waist_joint_feedback__functions.h
[50.753s] -- Up-to-date: /home/eierobot/ROS/teleop_ws/src/teleop_robot_bridge/install/teleop_robot_bridge/include/teleop_robot_bridge/teleop_robot_bridge/msg/detail/gripper_status__functions.c
[50.753s] -- Up-to-date: /home/eierobot/ROS/teleop_ws/src/teleop_robot_bridge/install/teleop_robot_bridge/include/teleop_robot_bridge/teleop_robot_bridge/msg/detail/agv_imu__type_support.h
[50.753s] -- Up-to-date: /home/eierobot/ROS/teleop_ws/src/teleop_robot_bridge/install/teleop_robot_bridge/include/teleop_robot_bridge/teleop_robot_bridge/msg/detail/agv_joint_status__functions.h
[50.753s] -- Up-to-date: /home/eierobot/ROS/teleop_ws/src/teleop_robot_bridge/install/teleop_robot_bridge/include/teleop_robot_bridge/teleop_robot_bridge/msg/detail/head_motion_ctrl__functions.c
[50.754s] -- Up-to-date: /home/eierobot/ROS/teleop_ws/src/teleop_robot_bridge/install/teleop_robot_bridge/include/teleop_robot_bridge/teleop_robot_bridge/msg/detail/waist_tcp_command__description.c
[50.754s] -- Up-to-date: /home/eierobot/ROS/teleop_ws/src/teleop_robot_bridge/install/teleop_robot_bridge/include/teleop_robot_bridge/teleop_robot_bridge/msg/detail/gripper_move__type_support.h
[50.754s] -- Up-to-date: /home/eierobot/ROS/teleop_ws/src/teleop_robot_bridge/install/teleop_robot_bridge/include/teleop_robot_bridge/teleop_robot_bridge/msg/detail/waist_joint_feedback__description.c
[50.754s] -- Up-to-date: /home/eierobot/ROS/teleop_ws/src/teleop_robot_bridge/install/teleop_robot_bridge/include/teleop_robot_bridge/teleop_robot_bridge/msg/detail/joint_status__struct.h
[50.754s] -- Up-to-date: /home/eierobot/ROS/teleop_ws/src/teleop_robot_bridge/install/teleop_robot_bridge/include/teleop_robot_bridge/teleop_robot_bridge/msg/detail/head_joint_command__description.c
[50.754s] -- Up-to-date: /home/eierobot/ROS/teleop_ws/src/teleop_robot_bridge/install/teleop_robot_bridge/include/teleop_robot_bridge/teleop_robot_bridge/msg/detail/agv_motion_ctrl__type_support.h
[50.754s] -- Up-to-date: /home/eierobot/ROS/teleop_ws/src/teleop_robot_bridge/install/teleop_robot_bridge/include/teleop_robot_bridge/teleop_robot_bridge/msg/detail/agv_motion_ctrl__functions.h
[50.754s] -- Installing: /home/eierobot/ROS/teleop_ws/src/teleop_robot_bridge/install/teleop_robot_bridge/include/teleop_robot_bridge/teleop_robot_bridge/msg/detail/ee_tcp_command__type_support.c
[50.754s] -- Up-to-date: /home/eierobot/ROS/teleop_ws/src/teleop_robot_bridge/install/teleop_robot_bridge/include/teleop_robot_bridge/teleop_robot_bridge/msg/detail/arm_joint_command__functions.c
[50.755s] -- Up-to-date: /home/eierobot/ROS/teleop_ws/src/teleop_robot_bridge/install/teleop_robot_bridge/include/teleop_robot_bridge/teleop_robot_bridge/msg/detail/agv_cmd_vel__functions.h
[50.755s] -- Installing: /home/eierobot/ROS/teleop_ws/src/teleop_robot_bridge/install/teleop_robot_bridge/include/teleop_robot_bridge/teleop_robot_bridge/msg/detail/agv_device_state__type_support.c
[50.755s] -- Up-to-date: /home/eierobot/ROS/teleop_ws/src/teleop_robot_bridge/install/teleop_robot_bridge/include/teleop_robot_bridge/teleop_robot_bridge/msg/detail/agv_ultrasonic__functions.c
[50.755s] -- Installing: /home/eierobot/ROS/teleop_ws/src/teleop_robot_bridge/install/teleop_robot_bridge/include/teleop_robot_bridge/teleop_robot_bridge/msg/detail/arm_joint_feedback__type_support.c
[50.755s] -- Up-to-date: /home/eierobot/ROS/teleop_ws/src/teleop_robot_bridge/install/teleop_robot_bridge/include/teleop_robot_bridge/teleop_robot_bridge/msg/detail/agv_motion_ctrl__description.c
[50.755s] -- Up-to-date: /home/eierobot/ROS/teleop_ws/src/teleop_robot_bridge/install/teleop_robot_bridge/include/teleop_robot_bridge/teleop_robot_bridge/msg/detail/arm_joint_status__functions.h
[50.755s] -- Up-to-date: /home/eierobot/ROS/teleop_ws/src/teleop_robot_bridge/install/teleop_robot_bridge/include/teleop_robot_bridge/teleop_robot_bridge/msg/detail/single_gripper_move__description.c
[50.755s] -- Up-to-date: /home/eierobot/ROS/teleop_ws/src/teleop_robot_bridge/install/teleop_robot_bridge/include/teleop_robot_bridge/teleop_robot_bridge/msg/detail/hand_tactile__functions.h
[50.756s] -- Up-to-date: /home/eierobot/ROS/teleop_ws/src/teleop_robot_bridge/install/teleop_robot_bridge/include/teleop_robot_bridge/teleop_robot_bridge/msg/detail/agv_imu__struct.h
[50.756s] -- Up-to-date: /home/eierobot/ROS/teleop_ws/src/teleop_robot_bridge/install/teleop_robot_bridge/include/teleop_robot_bridge/teleop_robot_bridge/msg/detail/agv_device_state__type_support.h
[50.756s] -- Up-to-date: /home/eierobot/ROS/teleop_ws/src/teleop_robot_bridge/install/teleop_robot_bridge/include/teleop_robot_bridge/teleop_robot_bridge/msg/detail/head_motion_ctrl__type_support.h
[50.756s] -- Up-to-date: /home/eierobot/ROS/teleop_ws/src/teleop_robot_bridge/install/teleop_robot_bridge/include/teleop_robot_bridge/teleop_robot_bridge/msg/detail/agv_device_state__description.c
[50.756s] -- Up-to-date: /home/eierobot/ROS/teleop_ws/src/teleop_robot_bridge/install/teleop_robot_bridge/include/teleop_robot_bridge/teleop_robot_bridge/msg/detail/waist_joint_status__functions.c
[50.756s] -- Up-to-date: /home/eierobot/ROS/teleop_ws/src/teleop_robot_bridge/install/teleop_robot_bridge/include/teleop_robot_bridge/teleop_robot_bridge/msg/detail/arm_joint_feedback__description.c
[50.756s] -- Up-to-date: /home/eierobot/ROS/teleop_ws/src/teleop_robot_bridge/install/teleop_robot_bridge/include/teleop_robot_bridge/teleop_robot_bridge/msg/detail/agv_joint_status__type_support.h
[50.756s] -- Up-to-date: /home/eierobot/ROS/teleop_ws/src/teleop_robot_bridge/install/teleop_robot_bridge/include/teleop_robot_bridge/teleop_robot_bridge/msg/detail/agv_joint_feedback__description.c
[50.757s] -- Up-to-date: /home/eierobot/ROS/teleop_ws/src/teleop_robot_bridge/install/teleop_robot_bridge/include/teleop_robot_bridge/teleop_robot_bridge/msg/detail/agv_motion_ctrl__struct.h
[50.757s] -- Up-to-date: /home/eierobot/ROS/teleop_ws/src/teleop_robot_bridge/install/teleop_robot_bridge/include/teleop_robot_bridge/teleop_robot_bridge/msg/detail/agv_device_state__functions.c
[50.757s] -- Up-to-date: /home/eierobot/ROS/teleop_ws/src/teleop_robot_bridge/install/teleop_robot_bridge/include/teleop_robot_bridge/teleop_robot_bridge/msg/detail/ee_tcp_command__struct.h
[50.757s] -- Installing: /home/eierobot/ROS/teleop_ws/src/teleop_robot_bridge/install/teleop_robot_bridge/include/teleop_robot_bridge/teleop_robot_bridge/msg/detail/agv_imu__type_support.c
[50.757s] -- Up-to-date: /home/eierobot/ROS/teleop_ws/src/teleop_robot_bridge/install/teleop_robot_bridge/include/teleop_robot_bridge/teleop_robot_bridge/msg/detail/head_joint_command__struct.h
[50.757s] -- Up-to-date: /home/eierobot/ROS/teleop_ws/src/teleop_robot_bridge/install/teleop_robot_bridge/include/teleop_robot_bridge/teleop_robot_bridge/msg/detail/gripper_status__type_support.h
[50.757s] -- Up-to-date: /home/eierobot/ROS/teleop_ws/src/teleop_robot_bridge/install/teleop_robot_bridge/include/teleop_robot_bridge/teleop_robot_bridge/msg/detail/arm_joint_feedback__struct.h
[50.757s] -- Up-to-date: /home/eierobot/ROS/teleop_ws/src/teleop_robot_bridge/install/teleop_robot_bridge/include/teleop_robot_bridge/teleop_robot_bridge/msg/detail/single_gripper_move__functions.c
[50.757s] -- Up-to-date: /home/eierobot/ROS/teleop_ws/src/teleop_robot_bridge/install/teleop_robot_bridge/include/teleop_robot_bridge/teleop_robot_bridge/msg/detail/hand_tactile__struct.h
[50.758s] -- Up-to-date: /home/eierobot/ROS/teleop_ws/src/teleop_robot_bridge/install/teleop_robot_bridge/include/teleop_robot_bridge/teleop_robot_bridge/msg/detail/joy_state__functions.c
[50.758s] -- Installing: /home/eierobot/ROS/teleop_ws/src/teleop_robot_bridge/install/teleop_robot_bridge/include/teleop_robot_bridge/teleop_robot_bridge/msg/detail/single_gripper_move__type_support.c
[50.758s] -- Up-to-date: /home/eierobot/ROS/teleop_ws/src/teleop_robot_bridge/install/teleop_robot_bridge/include/teleop_robot_bridge/teleop_robot_bridge/msg/detail/agv_vel__type_support.h
[50.758s] -- Up-to-date: /home/eierobot/ROS/teleop_ws/src/teleop_robot_bridge/install/teleop_robot_bridge/include/teleop_robot_bridge/teleop_robot_bridge/msg/detail/waist_joint_command__struct.h
[50.758s] -- Up-to-date: /home/eierobot/ROS/teleop_ws/src/teleop_robot_bridge/install/teleop_robot_bridge/include/teleop_robot_bridge/teleop_robot_bridge/msg/detail/waist_motion_ctrl__functions.c
[50.758s] -- Installing: /home/eierobot/ROS/teleop_ws/src/teleop_robot_bridge/install/teleop_robot_bridge/include/teleop_robot_bridge/teleop_robot_bridge/msg/detail/upper_body_device_state__type_support.c
[50.758s] -- Up-to-date: /home/eierobot/ROS/teleop_ws/src/teleop_robot_bridge/install/teleop_robot_bridge/include/teleop_robot_bridge/teleop_robot_bridge/msg/detail/head_motion_ctrl__description.c
[50.758s] -- Up-to-date: /home/eierobot/ROS/teleop_ws/src/teleop_robot_bridge/install/teleop_robot_bridge/include/teleop_robot_bridge/teleop_robot_bridge/msg/detail/temperature__description.c
[50.759s] -- Up-to-date: /home/eierobot/ROS/teleop_ws/src/teleop_robot_bridge/install/teleop_robot_bridge/include/teleop_robot_bridge/teleop_robot_bridge/msg/detail/single_device_state__struct.h
[50.759s] -- Up-to-date: /home/eierobot/ROS/teleop_ws/src/teleop_robot_bridge/install/teleop_robot_bridge/include/teleop_robot_bridge/teleop_robot_bridge/msg/detail/upper_body_device_state__type_support.h
[50.759s] -- Up-to-date: /home/eierobot/ROS/teleop_ws/src/teleop_robot_bridge/install/teleop_robot_bridge/include/teleop_robot_bridge/teleop_robot_bridge/msg/detail/single_device_state__functions.h
[50.759s] -- Up-to-date: /home/eierobot/ROS/teleop_ws/src/teleop_robot_bridge/install/teleop_robot_bridge/include/teleop_robot_bridge/teleop_robot_bridge/msg/detail/arm_joint_feedback__functions.h
[50.759s] -- Up-to-date: /home/eierobot/ROS/teleop_ws/src/teleop_robot_bridge/install/teleop_robot_bridge/include/teleop_robot_bridge/teleop_robot_bridge/msg/detail/arm_motion_ctrl__functions.c
[50.759s] -- Up-to-date: /home/eierobot/ROS/teleop_ws/src/teleop_robot_bridge/install/teleop_robot_bridge/include/teleop_robot_bridge/teleop_robot_bridge/msg/detail/head_joint_feedback__functions.c
[50.759s] -- Installing: /home/eierobot/ROS/teleop_ws/src/teleop_robot_bridge/install/teleop_robot_bridge/include/teleop_robot_bridge/teleop_robot_bridge/msg/detail/joint_status__type_support.c
[50.759s] -- Up-to-date: /home/eierobot/ROS/teleop_ws/src/teleop_robot_bridge/install/teleop_robot_bridge/include/teleop_robot_bridge/teleop_robot_bridge/msg/detail/waist_joint_feedback__struct.h
[50.760s] -- Installing: /home/eierobot/ROS/teleop_ws/src/teleop_robot_bridge/install/teleop_robot_bridge/include/teleop_robot_bridge/teleop_robot_bridge/msg/detail/gripper_tactile__type_support.c
[50.760s] -- Up-to-date: /home/eierobot/ROS/teleop_ws/src/teleop_robot_bridge/install/teleop_robot_bridge/include/teleop_robot_bridge/teleop_robot_bridge/msg/detail/arm_motion_ctrl__struct.h
[50.760s] -- Up-to-date: /home/eierobot/ROS/teleop_ws/src/teleop_robot_bridge/install/teleop_robot_bridge/include/teleop_robot_bridge/teleop_robot_bridge/msg/detail/gripper_status__struct.h
[50.760s] -- Up-to-date: /home/eierobot/ROS/teleop_ws/src/teleop_robot_bridge/install/teleop_robot_bridge/include/teleop_robot_bridge/teleop_robot_bridge/msg/detail/agv_cmd_vel__functions.c
[50.760s] -- Up-to-date: /home/eierobot/ROS/teleop_ws/src/teleop_robot_bridge/install/teleop_robot_bridge/include/teleop_robot_bridge/teleop_robot_bridge/msg/detail/agv_battery_state__functions.h
[50.760s] -- Up-to-date: /home/eierobot/ROS/teleop_ws/src/teleop_robot_bridge/install/teleop_robot_bridge/include/teleop_robot_bridge/teleop_robot_bridge/msg/detail/agv_battery_state__type_support.h
[50.760s] -- Up-to-date: /home/eierobot/ROS/teleop_ws/src/teleop_robot_bridge/install/teleop_robot_bridge/include/teleop_robot_bridge/teleop_robot_bridge/msg/detail/head_joint_status__functions.c
[50.760s] -- Up-to-date: /home/eierobot/ROS/teleop_ws/src/teleop_robot_bridge/install/teleop_robot_bridge/include/teleop_robot_bridge/teleop_robot_bridge/msg/detail/agv_cmd_vel__type_support.h
[50.760s] -- Installing: /home/eierobot/ROS/teleop_ws/src/teleop_robot_bridge/install/teleop_robot_bridge/include/teleop_robot_bridge/teleop_robot_bridge/msg/detail/single_device_state__type_support.c
[50.761s] -- Up-to-date: /home/eierobot/ROS/teleop_ws/src/teleop_robot_bridge/install/teleop_robot_bridge/include/teleop_robot_bridge/teleop_robot_bridge/msg/detail/single_device_state__description.c
[50.761s] -- Up-to-date: /home/eierobot/ROS/teleop_ws/src/teleop_robot_bridge/install/teleop_robot_bridge/include/teleop_robot_bridge/teleop_robot_bridge/msg/detail/gripper_device_state__description.c
[50.761s] -- Up-to-date: /home/eierobot/ROS/teleop_ws/src/teleop_robot_bridge/install/teleop_robot_bridge/include/teleop_robot_bridge/teleop_robot_bridge/msg/detail/gripper_status__description.c
[50.761s] -- Up-to-date: /home/eierobot/ROS/teleop_ws/src/teleop_robot_bridge/install/teleop_robot_bridge/include/teleop_robot_bridge/teleop_robot_bridge/msg/detail/upper_body_device_state__description.c
[50.761s] -- Installing: /home/eierobot/ROS/teleop_ws/src/teleop_robot_bridge/install/teleop_robot_bridge/include/teleop_robot_bridge/teleop_robot_bridge/msg/detail/gripper_device_state__type_support.c
[50.761s] -- Installing: /home/eierobot/ROS/teleop_ws/src/teleop_robot_bridge/install/teleop_robot_bridge/include/teleop_robot_bridge/teleop_robot_bridge/msg/detail/agv_vel__type_support.c
[50.761s] -- Up-to-date: /home/eierobot/ROS/teleop_ws/src/teleop_robot_bridge/install/teleop_robot_bridge/include/teleop_robot_bridge/teleop_robot_bridge/msg/detail/agv_vel__functions.h
[50.761s] -- Installing: /home/eierobot/ROS/teleop_ws/src/teleop_robot_bridge/install/teleop_robot_bridge/include/teleop_robot_bridge/teleop_robot_bridge/msg/detail/arm_joint_command__type_support.c
[50.762s] -- Up-to-date: /home/eierobot/ROS/teleop_ws/src/teleop_robot_bridge/install/teleop_robot_bridge/include/teleop_robot_bridge/teleop_robot_bridge/msg/detail/agv_battery_state__functions.c
[50.762s] -- Up-to-date: /home/eierobot/ROS/teleop_ws/src/teleop_robot_bridge/install/teleop_robot_bridge/include/teleop_robot_bridge/teleop_robot_bridge/msg/detail/head_joint_command__type_support.h
[50.762s] -- Up-to-date: /home/eierobot/ROS/teleop_ws/src/teleop_robot_bridge/install/teleop_robot_bridge/include/teleop_robot_bridge/teleop_robot_bridge/msg/detail/single_gripper_status__description.c
[50.762s] -- Up-to-date: /home/eierobot/ROS/teleop_ws/src/teleop_robot_bridge/install/teleop_robot_bridge/include/teleop_robot_bridge/teleop_robot_bridge/msg/detail/agv_ultrasonic__struct.h
[50.762s] -- Up-to-date: /home/eierobot/ROS/teleop_ws/src/teleop_robot_bridge/install/teleop_robot_bridge/include/teleop_robot_bridge/teleop_robot_bridge/msg/detail/gripper_device_state__type_support.h
[50.762s] -- Up-to-date: /home/eierobot/ROS/teleop_ws/src/teleop_robot_bridge/install/teleop_robot_bridge/include/teleop_robot_bridge/teleop_robot_bridge/msg/detail/agv_vda5050_state__functions.c
[50.762s] -- Installing: /home/eierobot/ROS/teleop_ws/src/teleop_robot_bridge/install/teleop_robot_bridge/include/teleop_robot_bridge/teleop_robot_bridge/msg/detail/agv_ultrasonic__type_support.c
[50.762s] -- Installing: /home/eierobot/ROS/teleop_ws/src/teleop_robot_bridge/install/teleop_robot_bridge/include/teleop_robot_bridge/teleop_robot_bridge/msg/detail/head_joint_feedback__type_support.c
[50.763s] -- Up-to-date: /home/eierobot/ROS/teleop_ws/src/teleop_robot_bridge/install/teleop_robot_bridge/include/teleop_robot_bridge/teleop_robot_bridge/msg/detail/head_joint_command__functions.c
[50.763s] -- Up-to-date: /home/eierobot/ROS/teleop_ws/src/teleop_robot_bridge/install/teleop_robot_bridge/include/teleop_robot_bridge/teleop_robot_bridge/msg/detail/agv_joint_feedback__functions.c
[50.763s] -- Installing: /home/eierobot/ROS/teleop_ws/src/teleop_robot_bridge/install/teleop_robot_bridge/include/teleop_robot_bridge/teleop_robot_bridge/msg/detail/waist_joint_status__type_support.c
[50.763s] -- Up-to-date: /home/eierobot/ROS/teleop_ws/src/teleop_robot_bridge/install/teleop_robot_bridge/include/teleop_robot_bridge/teleop_robot_bridge/msg/detail/waist_joint_status__description.c
[50.763s] -- Installing: /home/eierobot/ROS/teleop_ws/src/teleop_robot_bridge/install/teleop_robot_bridge/include/teleop_robot_bridge/teleop_robot_bridge/msg/detail/waist_joint_feedback__type_support.c
[50.763s] -- Up-to-date: /home/eierobot/ROS/teleop_ws/src/teleop_robot_bridge/install/teleop_robot_bridge/include/teleop_robot_bridge/teleop_robot_bridge/msg/detail/joint_status__functions.h
[50.763s] -- Up-to-date: /home/eierobot/ROS/teleop_ws/src/teleop_robot_bridge/install/teleop_robot_bridge/include/teleop_robot_bridge/teleop_robot_bridge/msg/detail/single_gripper_move__type_support.h
[50.763s] -- Up-to-date: /home/eierobot/ROS/teleop_ws/src/teleop_robot_bridge/install/teleop_robot_bridge/include/teleop_robot_bridge/teleop_robot_bridge/msg/detail/single_gripper_status__functions.h
[50.763s] -- Up-to-date: /home/eierobot/ROS/teleop_ws/src/teleop_robot_bridge/install/teleop_robot_bridge/include/teleop_robot_bridge/teleop_robot_bridge/msg/detail/head_joint_status__type_support.h
[50.764s] -- Up-to-date: /home/eierobot/ROS/teleop_ws/src/teleop_robot_bridge/install/teleop_robot_bridge/include/teleop_robot_bridge/teleop_robot_bridge/msg/detail/joy_state__struct.h
[50.764s] -- Up-to-date: /home/eierobot/ROS/teleop_ws/src/teleop_robot_bridge/install/teleop_robot_bridge/include/teleop_robot_bridge/teleop_robot_bridge/msg/detail/waist_tcp_command__functions.h
[50.764s] -- Up-to-date: /home/eierobot/ROS/teleop_ws/src/teleop_robot_bridge/install/teleop_robot_bridge/include/teleop_robot_bridge/teleop_robot_bridge/msg/detail/agv_vda5050_state__functions.h
[50.764s] -- Up-to-date: /home/eierobot/ROS/teleop_ws/src/teleop_robot_bridge/install/teleop_robot_bridge/include/teleop_robot_bridge/teleop_robot_bridge/msg/detail/arm_motion_ctrl__type_support.h
[50.764s] -- Up-to-date: /home/eierobot/ROS/teleop_ws/src/teleop_robot_bridge/install/teleop_robot_bridge/include/teleop_robot_bridge/teleop_robot_bridge/msg/detail/waist_joint_status__type_support.h
[50.764s] -- Installing: /home/eierobot/ROS/teleop_ws/src/teleop_robot_bridge/install/teleop_robot_bridge/include/teleop_robot_bridge/teleop_robot_bridge/msg/detail/head_joint_command__type_support.c
[50.764s] -- Up-to-date: /home/eierobot/ROS/teleop_ws/src/teleop_robot_bridge/install/teleop_robot_bridge/include/teleop_robot_bridge/teleop_robot_bridge/msg/detail/arm_joint_command__functions.h
[50.764s] -- Up-to-date: /home/eierobot/ROS/teleop_ws/src/teleop_robot_bridge/install/teleop_robot_bridge/include/teleop_robot_bridge/teleop_robot_bridge/msg/detail/hand_tactile__description.c
[50.765s] -- Up-to-date: /home/eierobot/ROS/teleop_ws/src/teleop_robot_bridge/install/teleop_robot_bridge/include/teleop_robot_bridge/teleop_robot_bridge/msg/detail/waist_joint_command__functions.h
[50.765s] -- Installing: /home/eierobot/ROS/teleop_ws/src/teleop_robot_bridge/install/teleop_robot_bridge/include/teleop_robot_bridge/teleop_robot_bridge/msg/detail/agv_joint_feedback__type_support.c
[50.765s] -- Up-to-date: /home/eierobot/ROS/teleop_ws/src/teleop_robot_bridge/install/teleop_robot_bridge/include/teleop_robot_bridge/teleop_robot_bridge/msg/detail/waist_joint_feedback__type_support.h
[50.765s] -- Up-to-date: /home/eierobot/ROS/teleop_ws/src/teleop_robot_bridge/install/teleop_robot_bridge/include/teleop_robot_bridge/teleop_robot_bridge/msg/detail/arm_joint_status__struct.h
[50.765s] -- Up-to-date: /home/eierobot/ROS/teleop_ws/src/teleop_robot_bridge/install/teleop_robot_bridge/include/teleop_robot_bridge/teleop_robot_bridge/msg/detail/agv_battery_state__struct.h
[50.765s] -- Up-to-date: /home/eierobot/ROS/teleop_ws/src/teleop_robot_bridge/install/teleop_robot_bridge/include/teleop_robot_bridge/teleop_robot_bridge/msg/detail/single_gripper_status__functions.c
[50.765s] -- Up-to-date: /home/eierobot/ROS/teleop_ws/src/teleop_robot_bridge/install/teleop_robot_bridge/include/teleop_robot_bridge/teleop_robot_bridge/msg/detail/waist_motion_ctrl__struct.h
[50.765s] -- Up-to-date: /home/eierobot/ROS/teleop_ws/src/teleop_robot_bridge/install/teleop_robot_bridge/include/teleop_robot_bridge/teleop_robot_bridge/msg/detail/head_joint_feedback__description.c
[50.766s] -- Up-to-date: /home/eierobot/ROS/teleop_ws/src/teleop_robot_bridge/install/teleop_robot_bridge/include/teleop_robot_bridge/teleop_robot_bridge/msg/detail/agv_imu__functions.h
[50.766s] -- Up-to-date: /home/eierobot/ROS/teleop_ws/src/teleop_robot_bridge/install/teleop_robot_bridge/include/teleop_robot_bridge/teleop_robot_bridge/msg/detail/head_joint_feedback__functions.h
[50.766s] -- Installing: /home/eierobot/ROS/teleop_ws/src/teleop_robot_bridge/install/teleop_robot_bridge/include/teleop_robot_bridge/teleop_robot_bridge/msg/detail/waist_motion_ctrl__type_support.c
[50.766s] -- Up-to-date: /home/eierobot/ROS/teleop_ws/src/teleop_robot_bridge/install/teleop_robot_bridge/include/teleop_robot_bridge/teleop_robot_bridge/msg/detail/waist_motion_ctrl__type_support.h
[50.766s] -- Up-to-date: /home/eierobot/ROS/teleop_ws/src/teleop_robot_bridge/install/teleop_robot_bridge/include/teleop_robot_bridge/teleop_robot_bridge/msg/detail/arm_joint_status__functions.c
[50.766s] -- Up-to-date: /home/eierobot/ROS/teleop_ws/src/teleop_robot_bridge/install/teleop_robot_bridge/include/teleop_robot_bridge/teleop_robot_bridge/msg/detail/hand_tactile__type_support.h
[50.766s] -- Up-to-date: /home/eierobot/ROS/teleop_ws/src/teleop_robot_bridge/install/teleop_robot_bridge/include/teleop_robot_bridge/teleop_robot_bridge/msg/detail/arm_motion_ctrl__functions.h
[50.766s] -- Up-to-date: /home/eierobot/ROS/teleop_ws/src/teleop_robot_bridge/install/teleop_robot_bridge/include/teleop_robot_bridge/teleop_robot_bridge/msg/detail/arm_joint_status__description.c
[50.766s] -- Up-to-date: /home/eierobot/ROS/teleop_ws/src/teleop_robot_bridge/install/teleop_robot_bridge/include/teleop_robot_bridge/teleop_robot_bridge/msg/detail/gripper_tactile__type_support.h
[50.767s] -- Up-to-date: /home/eierobot/ROS/teleop_ws/src/teleop_robot_bridge/install/teleop_robot_bridge/include/teleop_robot_bridge/teleop_robot_bridge/msg/detail/gripper_tactile__functions.c
[50.767s] -- Up-to-date: /home/eierobot/ROS/teleop_ws/src/teleop_robot_bridge/install/teleop_robot_bridge/include/teleop_robot_bridge/teleop_robot_bridge/msg/detail/single_gripper_status__struct.h
[50.767s] -- Up-to-date: /home/eierobot/ROS/teleop_ws/src/teleop_robot_bridge/install/teleop_robot_bridge/include/teleop_robot_bridge/teleop_robot_bridge/msg/detail/joint_status__description.c
[50.767s] -- Up-to-date: /home/eierobot/ROS/teleop_ws/src/teleop_robot_bridge/install/teleop_robot_bridge/include/teleop_robot_bridge/teleop_robot_bridge/msg/detail/head_motion_ctrl__struct.h
[50.767s] -- Up-to-date: /home/eierobot/ROS/teleop_ws/src/teleop_robot_bridge/install/teleop_robot_bridge/include/teleop_robot_bridge/teleop_robot_bridge/msg/waist_tcp_command.h
[50.767s] -- Up-to-date: /home/eierobot/ROS/teleop_ws/src/teleop_robot_bridge/install/teleop_robot_bridge/include/teleop_robot_bridge/teleop_robot_bridge/msg/head_joint_command.h
[50.767s] -- Up-to-date: /home/eierobot/ROS/teleop_ws/src/teleop_robot_bridge/install/teleop_robot_bridge/include/teleop_robot_bridge/teleop_robot_bridge/msg/agv_joint_status.h
[50.767s] -- Up-to-date: /home/eierobot/ROS/teleop_ws/src/teleop_robot_bridge/install/teleop_robot_bridge/include/teleop_robot_bridge/teleop_robot_bridge/msg/agv_joint_feedback.h
[50.768s] -- Up-to-date: /home/eierobot/ROS/teleop_ws/src/teleop_robot_bridge/install/teleop_robot_bridge/share/teleop_robot_bridge/environment/library_path.sh
[50.768s] -- Up-to-date: /home/eierobot/ROS/teleop_ws/src/teleop_robot_bridge/install/teleop_robot_bridge/share/teleop_robot_bridge/environment/library_path.dsv
[50.768s] -- Up-to-date: /home/eierobot/ROS/teleop_ws/src/teleop_robot_bridge/install/teleop_robot_bridge/lib/libteleop_robot_bridge__rosidl_generator_c.so
[50.768s] -- Up-to-date: /home/eierobot/ROS/teleop_ws/src/teleop_robot_bridge/install/teleop_robot_bridge/include/teleop_robot_bridge/teleop_robot_bridge
[50.768s] -- Up-to-date: /home/eierobot/ROS/teleop_ws/src/teleop_robot_bridge/install/teleop_robot_bridge/include/teleop_robot_bridge/teleop_robot_bridge/msg
[50.768s] -- Up-to-date: /home/eierobot/ROS/teleop_ws/src/teleop_robot_bridge/install/teleop_robot_bridge/include/teleop_robot_bridge/teleop_robot_bridge/msg/rosidl_typesupport_fastrtps_c__visibility_control.h
[50.768s] -- Up-to-date: /home/eierobot/ROS/teleop_ws/src/teleop_robot_bridge/install/teleop_robot_bridge/include/teleop_robot_bridge/teleop_robot_bridge/msg/detail
[50.768s] -- Up-to-date: /home/eierobot/ROS/teleop_ws/src/teleop_robot_bridge/install/teleop_robot_bridge/include/teleop_robot_bridge/teleop_robot_bridge/msg/detail/single_gripper_move__rosidl_typesupport_fastrtps_c.h
[50.769s] -- Up-to-date: /home/eierobot/ROS/teleop_ws/src/teleop_robot_bridge/install/teleop_robot_bridge/include/teleop_robot_bridge/teleop_robot_bridge/msg/detail/arm_joint_status__rosidl_typesupport_fastrtps_c.h
[50.769s] -- Up-to-date: /home/eierobot/ROS/teleop_ws/src/teleop_robot_bridge/install/teleop_robot_bridge/include/teleop_robot_bridge/teleop_robot_bridge/msg/detail/agv_joint_status__rosidl_typesupport_fastrtps_c.h
[50.769s] -- Up-to-date: /home/eierobot/ROS/teleop_ws/src/teleop_robot_bridge/install/teleop_robot_bridge/include/teleop_robot_bridge/teleop_robot_bridge/msg/detail/gripper_move__rosidl_typesupport_fastrtps_c.h
[50.769s] -- Up-to-date: /home/eierobot/ROS/teleop_ws/src/teleop_robot_bridge/install/teleop_robot_bridge/include/teleop_robot_bridge/teleop_robot_bridge/msg/detail/joint_status__rosidl_typesupport_fastrtps_c.h
[50.769s] -- Up-to-date: /home/eierobot/ROS/teleop_ws/src/teleop_robot_bridge/install/teleop_robot_bridge/include/teleop_robot_bridge/teleop_robot_bridge/msg/detail/arm_joint_command__rosidl_typesupport_fastrtps_c.h
[50.769s] -- Up-to-date: /home/eierobot/ROS/teleop_ws/src/teleop_robot_bridge/install/teleop_robot_bridge/include/teleop_robot_bridge/teleop_robot_bridge/msg/detail/arm_joint_feedback__rosidl_typesupport_fastrtps_c.h
[50.769s] -- Up-to-date: /home/eierobot/ROS/teleop_ws/src/teleop_robot_bridge/install/teleop_robot_bridge/include/teleop_robot_bridge/teleop_robot_bridge/msg/detail/gripper_status__rosidl_typesupport_fastrtps_c.h
[50.769s] -- Up-to-date: /home/eierobot/ROS/teleop_ws/src/teleop_robot_bridge/install/teleop_robot_bridge/include/teleop_robot_bridge/teleop_robot_bridge/msg/detail/agv_motion_ctrl__rosidl_typesupport_fastrtps_c.h
[50.769s] -- Up-to-date: /home/eierobot/ROS/teleop_ws/src/teleop_robot_bridge/install/teleop_robot_bridge/include/teleop_robot_bridge/teleop_robot_bridge/msg/detail/joy_state__rosidl_typesupport_fastrtps_c.h
[50.770s] -- Up-to-date: /home/eierobot/ROS/teleop_ws/src/teleop_robot_bridge/install/teleop_robot_bridge/include/teleop_robot_bridge/teleop_robot_bridge/msg/detail/arm_motion_ctrl__rosidl_typesupport_fastrtps_c.h
[50.770s] -- Up-to-date: /home/eierobot/ROS/teleop_ws/src/teleop_robot_bridge/install/teleop_robot_bridge/include/teleop_robot_bridge/teleop_robot_bridge/msg/detail/waist_tcp_command__rosidl_typesupport_fastrtps_c.h
[50.770s] -- Up-to-date: /home/eierobot/ROS/teleop_ws/src/teleop_robot_bridge/install/teleop_robot_bridge/include/teleop_robot_bridge/teleop_robot_bridge/msg/detail/waist_joint_status__rosidl_typesupport_fastrtps_c.h
[50.770s] -- Up-to-date: /home/eierobot/ROS/teleop_ws/src/teleop_robot_bridge/install/teleop_robot_bridge/include/teleop_robot_bridge/teleop_robot_bridge/msg/detail/waist_motion_ctrl__rosidl_typesupport_fastrtps_c.h
[50.770s] -- Up-to-date: /home/eierobot/ROS/teleop_ws/src/teleop_robot_bridge/install/teleop_robot_bridge/include/teleop_robot_bridge/teleop_robot_bridge/msg/detail/head_joint_command__rosidl_typesupport_fastrtps_c.h
[50.770s] -- Up-to-date: /home/eierobot/ROS/teleop_ws/src/teleop_robot_bridge/install/teleop_robot_bridge/include/teleop_robot_bridge/teleop_robot_bridge/msg/detail/ee_tcp_command__rosidl_typesupport_fastrtps_c.h
[50.770s] -- Up-to-date: /home/eierobot/ROS/teleop_ws/src/teleop_robot_bridge/install/teleop_robot_bridge/include/teleop_robot_bridge/teleop_robot_bridge/msg/detail/agv_battery_state__rosidl_typesupport_fastrtps_c.h
[50.770s] -- Up-to-date: /home/eierobot/ROS/teleop_ws/src/teleop_robot_bridge/install/teleop_robot_bridge/include/teleop_robot_bridge/teleop_robot_bridge/msg/detail/agv_vda5050_state__rosidl_typesupport_fastrtps_c.h
[50.771s] -- Up-to-date: /home/eierobot/ROS/teleop_ws/src/teleop_robot_bridge/install/teleop_robot_bridge/include/teleop_robot_bridge/teleop_robot_bridge/msg/detail/agv_device_state__rosidl_typesupport_fastrtps_c.h
[50.771s] -- Up-to-date: /home/eierobot/ROS/teleop_ws/src/teleop_robot_bridge/install/teleop_robot_bridge/include/teleop_robot_bridge/teleop_robot_bridge/msg/detail/agv_ultrasonic__rosidl_typesupport_fastrtps_c.h
[50.771s] -- Up-to-date: /home/eierobot/ROS/teleop_ws/src/teleop_robot_bridge/install/teleop_robot_bridge/include/teleop_robot_bridge/teleop_robot_bridge/msg/detail/gripper_device_state__rosidl_typesupport_fastrtps_c.h
[50.771s] -- Up-to-date: /home/eierobot/ROS/teleop_ws/src/teleop_robot_bridge/install/teleop_robot_bridge/include/teleop_robot_bridge/teleop_robot_bridge/msg/detail/agv_imu__rosidl_typesupport_fastrtps_c.h
[50.771s] -- Up-to-date: /home/eierobot/ROS/teleop_ws/src/teleop_robot_bridge/install/teleop_robot_bridge/include/teleop_robot_bridge/teleop_robot_bridge/msg/detail/head_joint_feedback__rosidl_typesupport_fastrtps_c.h
[50.771s] -- Up-to-date: /home/eierobot/ROS/teleop_ws/src/teleop_robot_bridge/install/teleop_robot_bridge/include/teleop_robot_bridge/teleop_robot_bridge/msg/detail/agv_vel__rosidl_typesupport_fastrtps_c.h
[50.771s] -- Up-to-date: /home/eierobot/ROS/teleop_ws/src/teleop_robot_bridge/install/teleop_robot_bridge/include/teleop_robot_bridge/teleop_robot_bridge/msg/detail/agv_joint_feedback__rosidl_typesupport_fastrtps_c.h
[50.771s] -- Up-to-date: /home/eierobot/ROS/teleop_ws/src/teleop_robot_bridge/install/teleop_robot_bridge/include/teleop_robot_bridge/teleop_robot_bridge/msg/detail/single_device_state__rosidl_typesupport_fastrtps_c.h
[50.771s] -- Up-to-date: /home/eierobot/ROS/teleop_ws/src/teleop_robot_bridge/install/teleop_robot_bridge/include/teleop_robot_bridge/teleop_robot_bridge/msg/detail/hand_tactile__rosidl_typesupport_fastrtps_c.h
[50.772s] -- Up-to-date: /home/eierobot/ROS/teleop_ws/src/teleop_robot_bridge/install/teleop_robot_bridge/include/teleop_robot_bridge/teleop_robot_bridge/msg/detail/waist_joint_feedback__rosidl_typesupport_fastrtps_c.h
[50.772s] -- Up-to-date: /home/eierobot/ROS/teleop_ws/src/teleop_robot_bridge/install/teleop_robot_bridge/include/teleop_robot_bridge/teleop_robot_bridge/msg/detail/single_gripper_status__rosidl_typesupport_fastrtps_c.h
[50.772s] -- Up-to-date: /home/eierobot/ROS/teleop_ws/src/teleop_robot_bridge/install/teleop_robot_bridge/include/teleop_robot_bridge/teleop_robot_bridge/msg/detail/agv_cmd_vel__rosidl_typesupport_fastrtps_c.h
[50.772s] -- Up-to-date: /home/eierobot/ROS/teleop_ws/src/teleop_robot_bridge/install/teleop_robot_bridge/include/teleop_robot_bridge/teleop_robot_bridge/msg/detail/gripper_tactile__rosidl_typesupport_fastrtps_c.h
[50.772s] -- Up-to-date: /home/eierobot/ROS/teleop_ws/src/teleop_robot_bridge/install/teleop_robot_bridge/include/teleop_robot_bridge/teleop_robot_bridge/msg/detail/head_joint_status__rosidl_typesupport_fastrtps_c.h
[50.772s] -- Up-to-date: /home/eierobot/ROS/teleop_ws/src/teleop_robot_bridge/install/teleop_robot_bridge/include/teleop_robot_bridge/teleop_robot_bridge/msg/detail/upper_body_device_state__rosidl_typesupport_fastrtps_c.h
[50.772s] -- Up-to-date: /home/eierobot/ROS/teleop_ws/src/teleop_robot_bridge/install/teleop_robot_bridge/include/teleop_robot_bridge/teleop_robot_bridge/msg/detail/temperature__rosidl_typesupport_fastrtps_c.h
[50.772s] -- Up-to-date: /home/eierobot/ROS/teleop_ws/src/teleop_robot_bridge/install/teleop_robot_bridge/include/teleop_robot_bridge/teleop_robot_bridge/msg/detail/head_motion_ctrl__rosidl_typesupport_fastrtps_c.h
[50.772s] -- Up-to-date: /home/eierobot/ROS/teleop_ws/src/teleop_robot_bridge/install/teleop_robot_bridge/include/teleop_robot_bridge/teleop_robot_bridge/msg/detail/waist_joint_command__rosidl_typesupport_fastrtps_c.h
[50.773s] -- Up-to-date: /home/eierobot/ROS/teleop_ws/src/teleop_robot_bridge/install/teleop_robot_bridge/lib/libteleop_robot_bridge__rosidl_typesupport_fastrtps_c.so
[50.773s] -- Up-to-date: /home/eierobot/ROS/teleop_ws/src/teleop_robot_bridge/install/teleop_robot_bridge/include/teleop_robot_bridge/teleop_robot_bridge
[50.773s] -- Up-to-date: /home/eierobot/ROS/teleop_ws/src/teleop_robot_bridge/install/teleop_robot_bridge/include/teleop_robot_bridge/teleop_robot_bridge/msg
[50.773s] -- Up-to-date: /home/eierobot/ROS/teleop_ws/src/teleop_robot_bridge/install/teleop_robot_bridge/include/teleop_robot_bridge/teleop_robot_bridge/msg/rosidl_typesupport_introspection_c__visibility_control.h
[50.773s] -- Up-to-date: /home/eierobot/ROS/teleop_ws/src/teleop_robot_bridge/install/teleop_robot_bridge/include/teleop_robot_bridge/teleop_robot_bridge/msg/detail
[50.773s] -- Up-to-date: /home/eierobot/ROS/teleop_ws/src/teleop_robot_bridge/install/teleop_robot_bridge/include/teleop_robot_bridge/teleop_robot_bridge/msg/detail/upper_body_device_state__rosidl_typesupport_introspection_c.h
[50.773s] -- Up-to-date: /home/eierobot/ROS/teleop_ws/src/teleop_robot_bridge/install/teleop_robot_bridge/include/teleop_robot_bridge/teleop_robot_bridge/msg/detail/waist_motion_ctrl__rosidl_typesupport_introspection_c.h
[50.773s] -- Up-to-date: /home/eierobot/ROS/teleop_ws/src/teleop_robot_bridge/install/teleop_robot_bridge/include/teleop_robot_bridge/teleop_robot_bridge/msg/detail/single_gripper_move__rosidl_typesupport_introspection_c.h
[50.773s] -- Up-to-date: /home/eierobot/ROS/teleop_ws/src/teleop_robot_bridge/install/teleop_robot_bridge/include/teleop_robot_bridge/teleop_robot_bridge/msg/detail/head_joint_feedback__rosidl_typesupport_introspection_c.h
[50.774s] -- Up-to-date: /home/eierobot/ROS/teleop_ws/src/teleop_robot_bridge/install/teleop_robot_bridge/include/teleop_robot_bridge/teleop_robot_bridge/msg/detail/head_joint_command__rosidl_typesupport_introspection_c.h
[50.774s] -- Installing: /home/eierobot/ROS/teleop_ws/src/teleop_robot_bridge/install/teleop_robot_bridge/include/teleop_robot_bridge/teleop_robot_bridge/msg/detail/agv_battery_state__type_support.c
[50.774s] -- Installing: /home/eierobot/ROS/teleop_ws/src/teleop_robot_bridge/install/teleop_robot_bridge/include/teleop_robot_bridge/teleop_robot_bridge/msg/detail/hand_tactile__type_support.c
[50.774s] -- Installing: /home/eierobot/ROS/teleop_ws/src/teleop_robot_bridge/install/teleop_robot_bridge/include/teleop_robot_bridge/teleop_robot_bridge/msg/detail/waist_tcp_command__type_support.c
[50.774s] -- Installing: /home/eierobot/ROS/teleop_ws/src/teleop_robot_bridge/install/teleop_robot_bridge/include/teleop_robot_bridge/teleop_robot_bridge/msg/detail/waist_joint_command__type_support.c
[50.774s] -- Up-to-date: /home/eierobot/ROS/teleop_ws/src/teleop_robot_bridge/install/teleop_robot_bridge/include/teleop_robot_bridge/teleop_robot_bridge/msg/detail/arm_joint_command__rosidl_typesupport_introspection_c.h
[50.774s] -- Installing: /home/eierobot/ROS/teleop_ws/src/teleop_robot_bridge/install/teleop_robot_bridge/include/teleop_robot_bridge/teleop_robot_bridge/msg/detail/agv_joint_status__type_support.c
[50.774s] -- Up-to-date: /home/eierobot/ROS/teleop_ws/src/teleop_robot_bridge/install/teleop_robot_bridge/include/teleop_robot_bridge/teleop_robot_bridge/msg/detail/single_device_state__rosidl_typesupport_introspection_c.h
[50.774s] -- Up-to-date: /home/eierobot/ROS/teleop_ws/src/teleop_robot_bridge/install/teleop_robot_bridge/include/teleop_robot_bridge/teleop_robot_bridge/msg/detail/joy_state__rosidl_typesupport_introspection_c.h
[50.775s] -- Installing: /home/eierobot/ROS/teleop_ws/src/teleop_robot_bridge/install/teleop_robot_bridge/include/teleop_robot_bridge/teleop_robot_bridge/msg/detail/arm_motion_ctrl__type_support.c
[50.775s] -- Up-to-date: /home/eierobot/ROS/teleop_ws/src/teleop_robot_bridge/install/teleop_robot_bridge/include/teleop_robot_bridge/teleop_robot_bridge/msg/detail/agv_vel__rosidl_typesupport_introspection_c.h
[50.775s] -- Up-to-date: /home/eierobot/ROS/teleop_ws/src/teleop_robot_bridge/install/teleop_robot_bridge/include/teleop_robot_bridge/teleop_robot_bridge/msg/detail/arm_joint_status__rosidl_typesupport_introspection_c.h
[50.775s] -- Installing: /home/eierobot/ROS/teleop_ws/src/teleop_robot_bridge/install/teleop_robot_bridge/include/teleop_robot_bridge/teleop_robot_bridge/msg/detail/agv_cmd_vel__type_support.c
[50.775s] -- Installing: /home/eierobot/ROS/teleop_ws/src/teleop_robot_bridge/install/teleop_robot_bridge/include/teleop_robot_bridge/teleop_robot_bridge/msg/detail/agv_vda5050_state__type_support.c
[50.775s] -- Up-to-date: /home/eierobot/ROS/teleop_ws/src/teleop_robot_bridge/install/teleop_robot_bridge/include/teleop_robot_bridge/teleop_robot_bridge/msg/detail/head_joint_status__rosidl_typesupport_introspection_c.h
[50.775s] -- Up-to-date: /home/eierobot/ROS/teleop_ws/src/teleop_robot_bridge/install/teleop_robot_bridge/include/teleop_robot_bridge/teleop_robot_bridge/msg/detail/gripper_tactile__rosidl_typesupport_introspection_c.h
[50.775s] -- Up-to-date: /home/eierobot/ROS/teleop_ws/src/teleop_robot_bridge/install/teleop_robot_bridge/include/teleop_robot_bridge/teleop_robot_bridge/msg/detail/agv_joint_feedback__rosidl_typesupport_introspection_c.h
[50.775s] -- Up-to-date: /home/eierobot/ROS/teleop_ws/src/teleop_robot_bridge/install/teleop_robot_bridge/include/teleop_robot_bridge/teleop_robot_bridge/msg/detail/gripper_status__rosidl_typesupport_introspection_c.h
[50.775s] -- Up-to-date: /home/eierobot/ROS/teleop_ws/src/teleop_robot_bridge/install/teleop_robot_bridge/include/teleop_robot_bridge/teleop_robot_bridge/msg/detail/single_gripper_status__rosidl_typesupport_introspection_c.h
[50.776s] -- Installing: /home/eierobot/ROS/teleop_ws/src/teleop_robot_bridge/install/teleop_robot_bridge/include/teleop_robot_bridge/teleop_robot_bridge/msg/detail/head_joint_status__type_support.c
[50.776s] -- Installing: /home/eierobot/ROS/teleop_ws/src/teleop_robot_bridge/install/teleop_robot_bridge/include/teleop_robot_bridge/teleop_robot_bridge/msg/detail/head_motion_ctrl__type_support.c
[50.776s] -- Up-to-date: /home/eierobot/ROS/teleop_ws/src/teleop_robot_bridge/install/teleop_robot_bridge/include/teleop_robot_bridge/teleop_robot_bridge/msg/detail/arm_joint_feedback__rosidl_typesupport_introspection_c.h
[50.776s] -- Up-to-date: /home/eierobot/ROS/teleop_ws/src/teleop_robot_bridge/install/teleop_robot_bridge/include/teleop_robot_bridge/teleop_robot_bridge/msg/detail/waist_joint_feedback__rosidl_typesupport_introspection_c.h
[50.776s] -- Installing: /home/eierobot/ROS/teleop_ws/src/teleop_robot_bridge/install/teleop_robot_bridge/include/teleop_robot_bridge/teleop_robot_bridge/msg/detail/agv_motion_ctrl__type_support.c
[50.776s] -- Installing: /home/eierobot/ROS/teleop_ws/src/teleop_robot_bridge/install/teleop_robot_bridge/include/teleop_robot_bridge/teleop_robot_bridge/msg/detail/gripper_status__type_support.c
[50.776s] -- Up-to-date: /home/eierobot/ROS/teleop_ws/src/teleop_robot_bridge/install/teleop_robot_bridge/include/teleop_robot_bridge/teleop_robot_bridge/msg/detail/ee_tcp_command__rosidl_typesupport_introspection_c.h
[50.776s] -- Up-to-date: /home/eierobot/ROS/teleop_ws/src/teleop_robot_bridge/install/teleop_robot_bridge/include/teleop_robot_bridge/teleop_robot_bridge/msg/detail/agv_cmd_vel__rosidl_typesupport_introspection_c.h
[50.776s] -- Up-to-date: /home/eierobot/ROS/teleop_ws/src/teleop_robot_bridge/install/teleop_robot_bridge/include/teleop_robot_bridge/teleop_robot_bridge/msg/detail/waist_joint_command__rosidl_typesupport_introspection_c.h
[50.777s] -- Installing: /home/eierobot/ROS/teleop_ws/src/teleop_robot_bridge/install/teleop_robot_bridge/include/teleop_robot_bridge/teleop_robot_bridge/msg/detail/temperature__type_support.c
[50.777s] -- Installing: /home/eierobot/ROS/teleop_ws/src/teleop_robot_bridge/install/teleop_robot_bridge/include/teleop_robot_bridge/teleop_robot_bridge/msg/detail/single_gripper_status__type_support.c
[50.777s] -- Installing: /home/eierobot/ROS/teleop_ws/src/teleop_robot_bridge/install/teleop_robot_bridge/include/teleop_robot_bridge/teleop_robot_bridge/msg/detail/joy_state__type_support.c
[50.777s] -- Installing: /home/eierobot/ROS/teleop_ws/src/teleop_robot_bridge/install/teleop_robot_bridge/include/teleop_robot_bridge/teleop_robot_bridge/msg/detail/arm_joint_status__type_support.c
[50.777s] -- Installing: /home/eierobot/ROS/teleop_ws/src/teleop_robot_bridge/install/teleop_robot_bridge/include/teleop_robot_bridge/teleop_robot_bridge/msg/detail/gripper_move__type_support.c
[50.777s] -- Up-to-date: /home/eierobot/ROS/teleop_ws/src/teleop_robot_bridge/install/teleop_robot_bridge/include/teleop_robot_bridge/teleop_robot_bridge/msg/detail/waist_joint_status__rosidl_typesupport_introspection_c.h
[50.777s] -- Up-to-date: /home/eierobot/ROS/teleop_ws/src/teleop_robot_bridge/install/teleop_robot_bridge/include/teleop_robot_bridge/teleop_robot_bridge/msg/detail/agv_vda5050_state__rosidl_typesupport_introspection_c.h
[50.777s] -- Installing: /home/eierobot/ROS/teleop_ws/src/teleop_robot_bridge/install/teleop_robot_bridge/include/teleop_robot_bridge/teleop_robot_bridge/msg/detail/ee_tcp_command__type_support.c
[50.777s] -- Installing: /home/eierobot/ROS/teleop_ws/src/teleop_robot_bridge/install/teleop_robot_bridge/include/teleop_robot_bridge/teleop_robot_bridge/msg/detail/agv_device_state__type_support.c
[50.777s] -- Up-to-date: /home/eierobot/ROS/teleop_ws/src/teleop_robot_bridge/install/teleop_robot_bridge/include/teleop_robot_bridge/teleop_robot_bridge/msg/detail/waist_tcp_command__rosidl_typesupport_introspection_c.h
[50.778s] -- Installing: /home/eierobot/ROS/teleop_ws/src/teleop_robot_bridge/install/teleop_robot_bridge/include/teleop_robot_bridge/teleop_robot_bridge/msg/detail/arm_joint_feedback__type_support.c
[50.778s] -- Up-to-date: /home/eierobot/ROS/teleop_ws/src/teleop_robot_bridge/install/teleop_robot_bridge/include/teleop_robot_bridge/teleop_robot_bridge/msg/detail/hand_tactile__rosidl_typesupport_introspection_c.h
[50.778s] -- Up-to-date: /home/eierobot/ROS/teleop_ws/src/teleop_robot_bridge/install/teleop_robot_bridge/include/teleop_robot_bridge/teleop_robot_bridge/msg/detail/arm_motion_ctrl__rosidl_typesupport_introspection_c.h
[50.778s] -- Up-to-date: /home/eierobot/ROS/teleop_ws/src/teleop_robot_bridge/install/teleop_robot_bridge/include/teleop_robot_bridge/teleop_robot_bridge/msg/detail/agv_joint_status__rosidl_typesupport_introspection_c.h
[50.778s] -- Installing: /home/eierobot/ROS/teleop_ws/src/teleop_robot_bridge/install/teleop_robot_bridge/include/teleop_robot_bridge/teleop_robot_bridge/msg/detail/agv_imu__type_support.c
[50.778s] -- Installing: /home/eierobot/ROS/teleop_ws/src/teleop_robot_bridge/install/teleop_robot_bridge/include/teleop_robot_bridge/teleop_robot_bridge/msg/detail/single_gripper_move__type_support.c
[50.778s] -- Installing: /home/eierobot/ROS/teleop_ws/src/teleop_robot_bridge/install/teleop_robot_bridge/include/teleop_robot_bridge/teleop_robot_bridge/msg/detail/upper_body_device_state__type_support.c
[50.778s] -- Installing: /home/eierobot/ROS/teleop_ws/src/teleop_robot_bridge/install/teleop_robot_bridge/include/teleop_robot_bridge/teleop_robot_bridge/msg/detail/joint_status__type_support.c
[50.778s] -- Installing: /home/eierobot/ROS/teleop_ws/src/teleop_robot_bridge/install/teleop_robot_bridge/include/teleop_robot_bridge/teleop_robot_bridge/msg/detail/gripper_tactile__type_support.c
[50.778s] -- Installing: /home/eierobot/ROS/teleop_ws/src/teleop_robot_bridge/install/teleop_robot_bridge/include/teleop_robot_bridge/teleop_robot_bridge/msg/detail/single_device_state__type_support.c
[50.779s] -- Up-to-date: /home/eierobot/ROS/teleop_ws/src/teleop_robot_bridge/install/teleop_robot_bridge/include/teleop_robot_bridge/teleop_robot_bridge/msg/detail/head_motion_ctrl__rosidl_typesupport_introspection_c.h
[50.779s] -- Up-to-date: /home/eierobot/ROS/teleop_ws/src/teleop_robot_bridge/install/teleop_robot_bridge/include/teleop_robot_bridge/teleop_robot_bridge/msg/detail/agv_battery_state__rosidl_typesupport_introspection_c.h
[50.779s] -- Installing: /home/eierobot/ROS/teleop_ws/src/teleop_robot_bridge/install/teleop_robot_bridge/include/teleop_robot_bridge/teleop_robot_bridge/msg/detail/gripper_device_state__type_support.c
[50.779s] -- Installing: /home/eierobot/ROS/teleop_ws/src/teleop_robot_bridge/install/teleop_robot_bridge/include/teleop_robot_bridge/teleop_robot_bridge/msg/detail/agv_vel__type_support.c
[50.779s] -- Installing: /home/eierobot/ROS/teleop_ws/src/teleop_robot_bridge/install/teleop_robot_bridge/include/teleop_robot_bridge/teleop_robot_bridge/msg/detail/arm_joint_command__type_support.c
[50.779s] -- Up-to-date: /home/eierobot/ROS/teleop_ws/src/teleop_robot_bridge/install/teleop_robot_bridge/include/teleop_robot_bridge/teleop_robot_bridge/msg/detail/gripper_device_state__rosidl_typesupport_introspection_c.h
[50.779s] -- Up-to-date: /home/eierobot/ROS/teleop_ws/src/teleop_robot_bridge/install/teleop_robot_bridge/include/teleop_robot_bridge/teleop_robot_bridge/msg/detail/joint_status__rosidl_typesupport_introspection_c.h
[50.779s] -- Up-to-date: /home/eierobot/ROS/teleop_ws/src/teleop_robot_bridge/install/teleop_robot_bridge/include/teleop_robot_bridge/teleop_robot_bridge/msg/detail/agv_device_state__rosidl_typesupport_introspection_c.h
[50.779s] -- Up-to-date: /home/eierobot/ROS/teleop_ws/src/teleop_robot_bridge/install/teleop_robot_bridge/include/teleop_robot_bridge/teleop_robot_bridge/msg/detail/temperature__rosidl_typesupport_introspection_c.h
[50.779s] -- Up-to-date: /home/eierobot/ROS/teleop_ws/src/teleop_robot_bridge/install/teleop_robot_bridge/include/teleop_robot_bridge/teleop_robot_bridge/msg/detail/agv_imu__rosidl_typesupport_introspection_c.h
[50.779s] -- Installing: /home/eierobot/ROS/teleop_ws/src/teleop_robot_bridge/install/teleop_robot_bridge/include/teleop_robot_bridge/teleop_robot_bridge/msg/detail/agv_ultrasonic__type_support.c
[50.780s] -- Installing: /home/eierobot/ROS/teleop_ws/src/teleop_robot_bridge/install/teleop_robot_bridge/include/teleop_robot_bridge/teleop_robot_bridge/msg/detail/head_joint_feedback__type_support.c
[50.780s] -- Installing: /home/eierobot/ROS/teleop_ws/src/teleop_robot_bridge/install/teleop_robot_bridge/include/teleop_robot_bridge/teleop_robot_bridge/msg/detail/waist_joint_status__type_support.c
[50.780s] -- Installing: /home/eierobot/ROS/teleop_ws/src/teleop_robot_bridge/install/teleop_robot_bridge/include/teleop_robot_bridge/teleop_robot_bridge/msg/detail/waist_joint_feedback__type_support.c
[50.780s] -- Up-to-date: /home/eierobot/ROS/teleop_ws/src/teleop_robot_bridge/install/teleop_robot_bridge/include/teleop_robot_bridge/teleop_robot_bridge/msg/detail/agv_ultrasonic__rosidl_typesupport_introspection_c.h
[50.780s] -- Installing: /home/eierobot/ROS/teleop_ws/src/teleop_robot_bridge/install/teleop_robot_bridge/include/teleop_robot_bridge/teleop_robot_bridge/msg/detail/head_joint_command__type_support.c
[50.780s] -- Installing: /home/eierobot/ROS/teleop_ws/src/teleop_robot_bridge/install/teleop_robot_bridge/include/teleop_robot_bridge/teleop_robot_bridge/msg/detail/agv_joint_feedback__type_support.c
[50.780s] -- Up-to-date: /home/eierobot/ROS/teleop_ws/src/teleop_robot_bridge/install/teleop_robot_bridge/include/teleop_robot_bridge/teleop_robot_bridge/msg/detail/gripper_move__rosidl_typesupport_introspection_c.h
[50.780s] -- Installing: /home/eierobot/ROS/teleop_ws/src/teleop_robot_bridge/install/teleop_robot_bridge/include/teleop_robot_bridge/teleop_robot_bridge/msg/detail/waist_motion_ctrl__type_support.c
[50.780s] -- Up-to-date: /home/eierobot/ROS/teleop_ws/src/teleop_robot_bridge/install/teleop_robot_bridge/include/teleop_robot_bridge/teleop_robot_bridge/msg/detail/agv_motion_ctrl__rosidl_typesupport_introspection_c.h
[50.780s] -- Up-to-date: /home/eierobot/ROS/teleop_ws/src/teleop_robot_bridge/install/teleop_robot_bridge/lib/libteleop_robot_bridge__rosidl_typesupport_introspection_c.so
[50.781s] -- Up-to-date: /home/eierobot/ROS/teleop_ws/src/teleop_robot_bridge/install/teleop_robot_bridge/lib/libteleop_robot_bridge__rosidl_typesupport_c.so
[50.781s] -- Up-to-date: /home/eierobot/ROS/teleop_ws/src/teleop_robot_bridge/install/teleop_robot_bridge/include/teleop_robot_bridge/teleop_robot_bridge
[50.781s] -- Up-to-date: /home/eierobot/ROS/teleop_ws/src/teleop_robot_bridge/install/teleop_robot_bridge/include/teleop_robot_bridge/teleop_robot_bridge/msg
[50.781s] -- Up-to-date: /home/eierobot/ROS/teleop_ws/src/teleop_robot_bridge/install/teleop_robot_bridge/include/teleop_robot_bridge/teleop_robot_bridge/msg/gripper_move.hpp
[50.781s] -- Up-to-date: /home/eierobot/ROS/teleop_ws/src/teleop_robot_bridge/install/teleop_robot_bridge/include/teleop_robot_bridge/teleop_robot_bridge/msg/arm_joint_command.hpp
[50.781s] -- Up-to-date: /home/eierobot/ROS/teleop_ws/src/teleop_robot_bridge/install/teleop_robot_bridge/include/teleop_robot_bridge/teleop_robot_bridge/msg/ee_tcp_command.hpp
[50.781s] -- Up-to-date: /home/eierobot/ROS/teleop_ws/src/teleop_robot_bridge/install/teleop_robot_bridge/include/teleop_robot_bridge/teleop_robot_bridge/msg/head_joint_feedback.hpp
[50.781s] -- Up-to-date: /home/eierobot/ROS/teleop_ws/src/teleop_robot_bridge/install/teleop_robot_bridge/include/teleop_robot_bridge/teleop_robot_bridge/msg/arm_joint_status.hpp
[50.781s] -- Up-to-date: /home/eierobot/ROS/teleop_ws/src/teleop_robot_bridge/install/teleop_robot_bridge/include/teleop_robot_bridge/teleop_robot_bridge/msg/agv_vda5050_state.hpp
[50.781s] -- Up-to-date: /home/eierobot/ROS/teleop_ws/src/teleop_robot_bridge/install/teleop_robot_bridge/include/teleop_robot_bridge/teleop_robot_bridge/msg/agv_ultrasonic.hpp
[50.782s] -- Up-to-date: /home/eierobot/ROS/teleop_ws/src/teleop_robot_bridge/install/teleop_robot_bridge/include/teleop_robot_bridge/teleop_robot_bridge/msg/waist_tcp_command.hpp
[50.782s] -- Up-to-date: /home/eierobot/ROS/teleop_ws/src/teleop_robot_bridge/install/teleop_robot_bridge/include/teleop_robot_bridge/teleop_robot_bridge/msg/waist_joint_status.hpp
[50.782s] -- Up-to-date: /home/eierobot/ROS/teleop_ws/src/teleop_robot_bridge/install/teleop_robot_bridge/include/teleop_robot_bridge/teleop_robot_bridge/msg/single_device_state.hpp
[50.782s] -- Up-to-date: /home/eierobot/ROS/teleop_ws/src/teleop_robot_bridge/install/teleop_robot_bridge/include/teleop_robot_bridge/teleop_robot_bridge/msg/upper_body_device_state.hpp
[50.782s] -- Up-to-date: /home/eierobot/ROS/teleop_ws/src/teleop_robot_bridge/install/teleop_robot_bridge/include/teleop_robot_bridge/teleop_robot_bridge/msg/head_joint_status.hpp
[50.782s] -- Up-to-date: /home/eierobot/ROS/teleop_ws/src/teleop_robot_bridge/install/teleop_robot_bridge/include/teleop_robot_bridge/teleop_robot_bridge/msg/agv_vel.hpp
[50.782s] -- Up-to-date: /home/eierobot/ROS/teleop_ws/src/teleop_robot_bridge/install/teleop_robot_bridge/include/teleop_robot_bridge/teleop_robot_bridge/msg/waist_motion_ctrl.hpp
[50.782s] -- Up-to-date: /home/eierobot/ROS/teleop_ws/src/teleop_robot_bridge/install/teleop_robot_bridge/include/teleop_robot_bridge/teleop_robot_bridge/msg/head_motion_ctrl.hpp
[50.782s] -- Up-to-date: /home/eierobot/ROS/teleop_ws/src/teleop_robot_bridge/install/teleop_robot_bridge/include/teleop_robot_bridge/teleop_robot_bridge/msg/gripper_device_state.hpp
[50.783s] -- Up-to-date: /home/eierobot/ROS/teleop_ws/src/teleop_robot_bridge/install/teleop_robot_bridge/include/teleop_robot_bridge/teleop_robot_bridge/msg/single_gripper_move.hpp
[50.783s] -- Up-to-date: /home/eierobot/ROS/teleop_ws/src/teleop_robot_bridge/install/teleop_robot_bridge/include/teleop_robot_bridge/teleop_robot_bridge/msg/agv_cmd_vel.hpp
[50.783s] -- Up-to-date: /home/eierobot/ROS/teleop_ws/src/teleop_robot_bridge/install/teleop_robot_bridge/include/teleop_robot_bridge/teleop_robot_bridge/msg/arm_joint_feedback.hpp
[50.783s] -- Up-to-date: /home/eierobot/ROS/teleop_ws/src/teleop_robot_bridge/install/teleop_robot_bridge/include/teleop_robot_bridge/teleop_robot_bridge/msg/agv_imu.hpp
[50.783s] -- Up-to-date: /home/eierobot/ROS/teleop_ws/src/teleop_robot_bridge/install/teleop_robot_bridge/include/teleop_robot_bridge/teleop_robot_bridge/msg/head_joint_command.hpp
[50.783s] -- Up-to-date: /home/eierobot/ROS/teleop_ws/src/teleop_robot_bridge/install/teleop_robot_bridge/include/teleop_robot_bridge/teleop_robot_bridge/msg/arm_motion_ctrl.hpp
[50.783s] -- Up-to-date: /home/eierobot/ROS/teleop_ws/src/teleop_robot_bridge/install/teleop_robot_bridge/include/teleop_robot_bridge/teleop_robot_bridge/msg/hand_tactile.hpp
[50.783s] -- Up-to-date: /home/eierobot/ROS/teleop_ws/src/teleop_robot_bridge/install/teleop_robot_bridge/include/teleop_robot_bridge/teleop_robot_bridge/msg/joint_status.hpp
[50.783s] -- Up-to-date: /home/eierobot/ROS/teleop_ws/src/teleop_robot_bridge/install/teleop_robot_bridge/include/teleop_robot_bridge/teleop_robot_bridge/msg/gripper_status.hpp
[50.783s] -- Up-to-date: /home/eierobot/ROS/teleop_ws/src/teleop_robot_bridge/install/teleop_robot_bridge/include/teleop_robot_bridge/teleop_robot_bridge/msg/joy_state.hpp
[50.783s] -- Up-to-date: /home/eierobot/ROS/teleop_ws/src/teleop_robot_bridge/install/teleop_robot_bridge/include/teleop_robot_bridge/teleop_robot_bridge/msg/detail
[50.784s] -- Up-to-date: /home/eierobot/ROS/teleop_ws/src/teleop_robot_bridge/install/teleop_robot_bridge/include/teleop_robot_bridge/teleop_robot_bridge/msg/detail/head_joint_command__builder.hpp
[50.784s] -- Up-to-date: /home/eierobot/ROS/teleop_ws/src/teleop_robot_bridge/install/teleop_robot_bridge/include/teleop_robot_bridge/teleop_robot_bridge/msg/detail/agv_joint_status__builder.hpp
[50.784s] -- Up-to-date: /home/eierobot/ROS/teleop_ws/src/teleop_robot_bridge/install/teleop_robot_bridge/include/teleop_robot_bridge/teleop_robot_bridge/msg/detail/hand_tactile__struct.hpp
[50.784s] -- Up-to-date: /home/eierobot/ROS/teleop_ws/src/teleop_robot_bridge/install/teleop_robot_bridge/include/teleop_robot_bridge/teleop_robot_bridge/msg/detail/joint_status__type_support.hpp
[50.784s] -- Up-to-date: /home/eierobot/ROS/teleop_ws/src/teleop_robot_bridge/install/teleop_robot_bridge/include/teleop_robot_bridge/teleop_robot_bridge/msg/detail/arm_joint_feedback__traits.hpp
[50.784s] -- Up-to-date: /home/eierobot/ROS/teleop_ws/src/teleop_robot_bridge/install/teleop_robot_bridge/include/teleop_robot_bridge/teleop_robot_bridge/msg/detail/agv_imu__traits.hpp
[50.784s] -- Up-to-date: /home/eierobot/ROS/teleop_ws/src/teleop_robot_bridge/install/teleop_robot_bridge/include/teleop_robot_bridge/teleop_robot_bridge/msg/detail/agv_battery_state__builder.hpp
[50.784s] -- Up-to-date: /home/eierobot/ROS/teleop_ws/src/teleop_robot_bridge/install/teleop_robot_bridge/include/teleop_robot_bridge/teleop_robot_bridge/msg/detail/agv_joint_status__traits.hpp
[50.784s] -- Up-to-date: /home/eierobot/ROS/teleop_ws/src/teleop_robot_bridge/install/teleop_robot_bridge/include/teleop_robot_bridge/teleop_robot_bridge/msg/detail/joy_state__type_support.hpp
[50.784s] -- Up-to-date: /home/eierobot/ROS/teleop_ws/src/teleop_robot_bridge/install/teleop_robot_bridge/include/teleop_robot_bridge/teleop_robot_bridge/msg/detail/agv_motion_ctrl__builder.hpp
[50.784s] -- Up-to-date: /home/eierobot/ROS/teleop_ws/src/teleop_robot_bridge/install/teleop_robot_bridge/include/teleop_robot_bridge/teleop_robot_bridge/msg/detail/head_joint_feedback__type_support.hpp
[50.785s] -- Up-to-date: /home/eierobot/ROS/teleop_ws/src/teleop_robot_bridge/install/teleop_robot_bridge/include/teleop_robot_bridge/teleop_robot_bridge/msg/detail/gripper_status__builder.hpp
[50.785s] -- Up-to-date: /home/eierobot/ROS/teleop_ws/src/teleop_robot_bridge/install/teleop_robot_bridge/include/teleop_robot_bridge/teleop_robot_bridge/msg/detail/gripper_tactile__struct.hpp
[50.785s] -- Up-to-date: /home/eierobot/ROS/teleop_ws/src/teleop_robot_bridge/install/teleop_robot_bridge/include/teleop_robot_bridge/teleop_robot_bridge/msg/detail/head_motion_ctrl__builder.hpp
[50.785s] -- Up-to-date: /home/eierobot/ROS/teleop_ws/src/teleop_robot_bridge/install/teleop_robot_bridge/include/teleop_robot_bridge/teleop_robot_bridge/msg/detail/head_joint_command__struct.hpp
[50.785s] -- Up-to-date: /home/eierobot/ROS/teleop_ws/src/teleop_robot_bridge/install/teleop_robot_bridge/include/teleop_robot_bridge/teleop_robot_bridge/msg/detail/arm_motion_ctrl__struct.hpp
[50.785s] -- Up-to-date: /home/eierobot/ROS/teleop_ws/src/teleop_robot_bridge/install/teleop_robot_bridge/include/teleop_robot_bridge/teleop_robot_bridge/msg/detail/waist_joint_status__struct.hpp
[50.785s] -- Up-to-date: /home/eierobot/ROS/teleop_ws/src/teleop_robot_bridge/install/teleop_robot_bridge/include/teleop_robot_bridge/teleop_robot_bridge/msg/detail/head_joint_status__type_support.hpp
[50.785s] -- Up-to-date: /home/eierobot/ROS/teleop_ws/src/teleop_robot_bridge/install/teleop_robot_bridge/include/teleop_robot_bridge/teleop_robot_bridge/msg/detail/agv_imu__builder.hpp
[50.785s] -- Up-to-date: /home/eierobot/ROS/teleop_ws/src/teleop_robot_bridge/install/teleop_robot_bridge/include/teleop_robot_bridge/teleop_robot_bridge/msg/detail/single_gripper_status__traits.hpp
[50.785s] -- Up-to-date: /home/eierobot/ROS/teleop_ws/src/teleop_robot_bridge/install/teleop_robot_bridge/include/teleop_robot_bridge/teleop_robot_bridge/msg/detail/arm_joint_command__type_support.hpp
[50.786s] -- Up-to-date: /home/eierobot/ROS/teleop_ws/src/teleop_robot_bridge/install/teleop_robot_bridge/include/teleop_robot_bridge/teleop_robot_bridge/msg/detail/temperature__type_support.hpp
[50.786s] -- Up-to-date: /home/eierobot/ROS/teleop_ws/src/teleop_robot_bridge/install/teleop_robot_bridge/include/teleop_robot_bridge/teleop_robot_bridge/msg/detail/hand_tactile__type_support.hpp
[50.786s] -- Up-to-date: /home/eierobot/ROS/teleop_ws/src/teleop_robot_bridge/install/teleop_robot_bridge/include/teleop_robot_bridge/teleop_robot_bridge/msg/detail/agv_battery_state__traits.hpp
[50.786s] -- Up-to-date: /home/eierobot/ROS/teleop_ws/src/teleop_robot_bridge/install/teleop_robot_bridge/include/teleop_robot_bridge/teleop_robot_bridge/msg/detail/head_joint_command__traits.hpp
[50.786s] -- Up-to-date: /home/eierobot/ROS/teleop_ws/src/teleop_robot_bridge/install/teleop_robot_bridge/include/teleop_robot_bridge/teleop_robot_bridge/msg/detail/waist_joint_feedback__builder.hpp
[50.786s] -- Up-to-date: /home/eierobot/ROS/teleop_ws/src/teleop_robot_bridge/install/teleop_robot_bridge/include/teleop_robot_bridge/teleop_robot_bridge/msg/detail/agv_vda5050_state__traits.hpp
[50.786s] -- Up-to-date: /home/eierobot/ROS/teleop_ws/src/teleop_robot_bridge/install/teleop_robot_bridge/include/teleop_robot_bridge/teleop_robot_bridge/msg/detail/gripper_move__builder.hpp
[50.786s] -- Up-to-date: /home/eierobot/ROS/teleop_ws/src/teleop_robot_bridge/install/teleop_robot_bridge/include/teleop_robot_bridge/teleop_robot_bridge/msg/detail/single_device_state__struct.hpp
[50.786s] -- Up-to-date: /home/eierobot/ROS/teleop_ws/src/teleop_robot_bridge/install/teleop_robot_bridge/include/teleop_robot_bridge/teleop_robot_bridge/msg/detail/agv_vda5050_state__type_support.hpp
[50.786s] -- Up-to-date: /home/eierobot/ROS/teleop_ws/src/teleop_robot_bridge/install/teleop_robot_bridge/include/teleop_robot_bridge/teleop_robot_bridge/msg/detail/agv_ultrasonic__struct.hpp
[50.787s] -- Up-to-date: /home/eierobot/ROS/teleop_ws/src/teleop_robot_bridge/install/teleop_robot_bridge/include/teleop_robot_bridge/teleop_robot_bridge/msg/detail/agv_vda5050_state__struct.hpp
[50.787s] -- Up-to-date: /home/eierobot/ROS/teleop_ws/src/teleop_robot_bridge/install/teleop_robot_bridge/include/teleop_robot_bridge/teleop_robot_bridge/msg/detail/waist_motion_ctrl__traits.hpp
[50.787s] -- Up-to-date: /home/eierobot/ROS/teleop_ws/src/teleop_robot_bridge/install/teleop_robot_bridge/include/teleop_robot_bridge/teleop_robot_bridge/msg/detail/agv_cmd_vel__struct.hpp
[50.787s] -- Up-to-date: /home/eierobot/ROS/teleop_ws/src/teleop_robot_bridge/install/teleop_robot_bridge/include/teleop_robot_bridge/teleop_robot_bridge/msg/detail/waist_joint_command__struct.hpp
[50.787s] -- Up-to-date: /home/eierobot/ROS/teleop_ws/src/teleop_robot_bridge/install/teleop_robot_bridge/include/teleop_robot_bridge/teleop_robot_bridge/msg/detail/head_joint_feedback__struct.hpp
[50.787s] -- Up-to-date: /home/eierobot/ROS/teleop_ws/src/teleop_robot_bridge/install/teleop_robot_bridge/include/teleop_robot_bridge/teleop_robot_bridge/msg/detail/agv_joint_feedback__struct.hpp
[50.787s] -- Up-to-date: /home/eierobot/ROS/teleop_ws/src/teleop_robot_bridge/install/teleop_robot_bridge/include/teleop_robot_bridge/teleop_robot_bridge/msg/detail/joy_state__builder.hpp
[50.787s] -- Up-to-date: /home/eierobot/ROS/teleop_ws/src/teleop_robot_bridge/install/teleop_robot_bridge/include/teleop_robot_bridge/teleop_robot_bridge/msg/detail/agv_device_state__traits.hpp
[50.787s] -- Up-to-date: /home/eierobot/ROS/teleop_ws/src/teleop_robot_bridge/install/teleop_robot_bridge/include/teleop_robot_bridge/teleop_robot_bridge/msg/detail/hand_tactile__builder.hpp
[50.787s] -- Up-to-date: /home/eierobot/ROS/teleop_ws/src/teleop_robot_bridge/install/teleop_robot_bridge/include/teleop_robot_bridge/teleop_robot_bridge/msg/detail/ee_tcp_command__builder.hpp
[50.788s] -- Up-to-date: /home/eierobot/ROS/teleop_ws/src/teleop_robot_bridge/install/teleop_robot_bridge/include/teleop_robot_bridge/teleop_robot_bridge/msg/detail/agv_ultrasonic__traits.hpp
[50.788s] -- Up-to-date: /home/eierobot/ROS/teleop_ws/src/teleop_robot_bridge/install/teleop_robot_bridge/include/teleop_robot_bridge/teleop_robot_bridge/msg/detail/upper_body_device_state__traits.hpp
[50.788s] -- Up-to-date: /home/eierobot/ROS/teleop_ws/src/teleop_robot_bridge/install/teleop_robot_bridge/include/teleop_robot_bridge/teleop_robot_bridge/msg/detail/head_joint_status__struct.hpp
[50.788s] -- Up-to-date: /home/eierobot/ROS/teleop_ws/src/teleop_robot_bridge/install/teleop_robot_bridge/include/teleop_robot_bridge/teleop_robot_bridge/msg/detail/gripper_device_state__builder.hpp
[50.788s] -- Up-to-date: /home/eierobot/ROS/teleop_ws/src/teleop_robot_bridge/install/teleop_robot_bridge/include/teleop_robot_bridge/teleop_robot_bridge/msg/detail/arm_joint_feedback__builder.hpp
[50.788s] -- Up-to-date: /home/eierobot/ROS/teleop_ws/src/teleop_robot_bridge/install/teleop_robot_bridge/include/teleop_robot_bridge/teleop_robot_bridge/msg/detail/gripper_device_state__traits.hpp
[50.788s] -- Up-to-date: /home/eierobot/ROS/teleop_ws/src/teleop_robot_bridge/install/teleop_robot_bridge/include/teleop_robot_bridge/teleop_robot_bridge/msg/detail/gripper_tactile__builder.hpp
[50.788s] -- Up-to-date: /home/eierobot/ROS/teleop_ws/src/teleop_robot_bridge/install/teleop_robot_bridge/include/teleop_robot_bridge/teleop_robot_bridge/msg/detail/gripper_status__struct.hpp
[50.788s] -- Up-to-date: /home/eierobot/ROS/teleop_ws/src/teleop_robot_bridge/install/teleop_robot_bridge/include/teleop_robot_bridge/teleop_robot_bridge/msg/detail/waist_joint_status__builder.hpp
[50.788s] -- Up-to-date: /home/eierobot/ROS/teleop_ws/src/teleop_robot_bridge/install/teleop_robot_bridge/include/teleop_robot_bridge/teleop_robot_bridge/msg/detail/head_motion_ctrl__struct.hpp
[50.789s] -- Up-to-date: /home/eierobot/ROS/teleop_ws/src/teleop_robot_bridge/install/teleop_robot_bridge/include/teleop_robot_bridge/teleop_robot_bridge/msg/detail/gripper_tactile__traits.hpp
[50.789s] -- Up-to-date: /home/eierobot/ROS/teleop_ws/src/teleop_robot_bridge/install/teleop_robot_bridge/include/teleop_robot_bridge/teleop_robot_bridge/msg/detail/arm_joint_status__builder.hpp
[50.789s] -- Up-to-date: /home/eierobot/ROS/teleop_ws/src/teleop_robot_bridge/install/teleop_robot_bridge/include/teleop_robot_bridge/teleop_robot_bridge/msg/detail/agv_joint_feedback__builder.hpp
[50.789s] -- Up-to-date: /home/eierobot/ROS/teleop_ws/src/teleop_robot_bridge/install/teleop_robot_bridge/include/teleop_robot_bridge/teleop_robot_bridge/msg/detail/arm_joint_status__type_support.hpp
[50.789s] -- Up-to-date: /home/eierobot/ROS/teleop_ws/src/teleop_robot_bridge/install/teleop_robot_bridge/include/teleop_robot_bridge/teleop_robot_bridge/msg/detail/agv_vel__struct.hpp
[50.789s] -- Up-to-date: /home/eierobot/ROS/teleop_ws/src/teleop_robot_bridge/install/teleop_robot_bridge/include/teleop_robot_bridge/teleop_robot_bridge/msg/detail/joint_status__traits.hpp
[50.789s] -- Up-to-date: /home/eierobot/ROS/teleop_ws/src/teleop_robot_bridge/install/teleop_robot_bridge/include/teleop_robot_bridge/teleop_robot_bridge/msg/detail/agv_vda5050_state__builder.hpp
[50.789s] -- Up-to-date: /home/eierobot/ROS/teleop_ws/src/teleop_robot_bridge/install/teleop_robot_bridge/include/teleop_robot_bridge/teleop_robot_bridge/msg/detail/waist_joint_feedback__type_support.hpp
[50.789s] -- Up-to-date: /home/eierobot/ROS/teleop_ws/src/teleop_robot_bridge/install/teleop_robot_bridge/include/teleop_robot_bridge/teleop_robot_bridge/msg/detail/agv_device_state__builder.hpp
[50.789s] -- Up-to-date: /home/eierobot/ROS/teleop_ws/src/teleop_robot_bridge/install/teleop_robot_bridge/include/teleop_robot_bridge/teleop_robot_bridge/msg/detail/arm_joint_command__builder.hpp
[50.789s] -- Up-to-date: /home/eierobot/ROS/teleop_ws/src/teleop_robot_bridge/install/teleop_robot_bridge/include/teleop_robot_bridge/teleop_robot_bridge/msg/detail/head_motion_ctrl__traits.hpp
[50.790s] -- Up-to-date: /home/eierobot/ROS/teleop_ws/src/teleop_robot_bridge/install/teleop_robot_bridge/include/teleop_robot_bridge/teleop_robot_bridge/msg/detail/agv_battery_state__struct.hpp
[50.790s] -- Up-to-date: /home/eierobot/ROS/teleop_ws/src/teleop_robot_bridge/install/teleop_robot_bridge/include/teleop_robot_bridge/teleop_robot_bridge/msg/detail/temperature__struct.hpp
[50.790s] -- Up-to-date: /home/eierobot/ROS/teleop_ws/src/teleop_robot_bridge/install/teleop_robot_bridge/include/teleop_robot_bridge/teleop_robot_bridge/msg/detail/ee_tcp_command__struct.hpp
[50.790s] -- Up-to-date: /home/eierobot/ROS/teleop_ws/src/teleop_robot_bridge/install/teleop_robot_bridge/include/teleop_robot_bridge/teleop_robot_bridge/msg/detail/gripper_device_state__struct.hpp
[50.790s] -- Up-to-date: /home/eierobot/ROS/teleop_ws/src/teleop_robot_bridge/install/teleop_robot_bridge/include/teleop_robot_bridge/teleop_robot_bridge/msg/detail/head_joint_command__type_support.hpp
[50.790s] -- Up-to-date: /home/eierobot/ROS/teleop_ws/src/teleop_robot_bridge/install/teleop_robot_bridge/include/teleop_robot_bridge/teleop_robot_bridge/msg/detail/upper_body_device_state__type_support.hpp
[50.790s] -- Up-to-date: /home/eierobot/ROS/teleop_ws/src/teleop_robot_bridge/install/teleop_robot_bridge/include/teleop_robot_bridge/teleop_robot_bridge/msg/detail/upper_body_device_state__struct.hpp
[50.790s] -- Up-to-date: /home/eierobot/ROS/teleop_ws/src/teleop_robot_bridge/install/teleop_robot_bridge/include/teleop_robot_bridge/teleop_robot_bridge/msg/detail/waist_motion_ctrl__type_support.hpp
[50.790s] -- Up-to-date: /home/eierobot/ROS/teleop_ws/src/teleop_robot_bridge/install/teleop_robot_bridge/include/teleop_robot_bridge/teleop_robot_bridge/msg/detail/single_gripper_move__struct.hpp
[50.790s] -- Up-to-date: /home/eierobot/ROS/teleop_ws/src/teleop_robot_bridge/install/teleop_robot_bridge/include/teleop_robot_bridge/teleop_robot_bridge/msg/detail/agv_vel__builder.hpp
[50.791s] -- Up-to-date: /home/eierobot/ROS/teleop_ws/src/teleop_robot_bridge/install/teleop_robot_bridge/include/teleop_robot_bridge/teleop_robot_bridge/msg/detail/ee_tcp_command__type_support.hpp
[50.791s] -- Up-to-date: /home/eierobot/ROS/teleop_ws/src/teleop_robot_bridge/install/teleop_robot_bridge/include/teleop_robot_bridge/teleop_robot_bridge/msg/detail/waist_joint_feedback__struct.hpp
[50.791s] -- Up-to-date: /home/eierobot/ROS/teleop_ws/src/teleop_robot_bridge/install/teleop_robot_bridge/include/teleop_robot_bridge/teleop_robot_bridge/msg/detail/agv_cmd_vel__builder.hpp
[50.791s] -- Up-to-date: /home/eierobot/ROS/teleop_ws/src/teleop_robot_bridge/install/teleop_robot_bridge/include/teleop_robot_bridge/teleop_robot_bridge/msg/detail/agv_device_state__type_support.hpp
[50.791s] -- Up-to-date: /home/eierobot/ROS/teleop_ws/src/teleop_robot_bridge/install/teleop_robot_bridge/include/teleop_robot_bridge/teleop_robot_bridge/msg/detail/head_joint_feedback__traits.hpp
[50.791s] -- Up-to-date: /home/eierobot/ROS/teleop_ws/src/teleop_robot_bridge/install/teleop_robot_bridge/include/teleop_robot_bridge/teleop_robot_bridge/msg/detail/arm_joint_feedback__type_support.hpp
[50.791s] -- Up-to-date: /home/eierobot/ROS/teleop_ws/src/teleop_robot_bridge/install/teleop_robot_bridge/include/teleop_robot_bridge/teleop_robot_bridge/msg/detail/temperature__traits.hpp
[50.791s] -- Up-to-date: /home/eierobot/ROS/teleop_ws/src/teleop_robot_bridge/install/teleop_robot_bridge/include/teleop_robot_bridge/teleop_robot_bridge/msg/detail/single_gripper_move__builder.hpp
[50.792s] -- Up-to-date: /home/eierobot/ROS/teleop_ws/src/teleop_robot_bridge/install/teleop_robot_bridge/include/teleop_robot_bridge/teleop_robot_bridge/msg/detail/arm_joint_command__traits.hpp
[50.792s] -- Up-to-date: /home/eierobot/ROS/teleop_ws/src/teleop_robot_bridge/install/teleop_robot_bridge/include/teleop_robot_bridge/teleop_robot_bridge/msg/detail/agv_joint_feedback__traits.hpp
[50.792s] -- Up-to-date: /home/eierobot/ROS/teleop_ws/src/teleop_robot_bridge/install/teleop_robot_bridge/include/teleop_robot_bridge/teleop_robot_bridge/msg/detail/agv_battery_state__type_support.hpp
[50.792s] -- Up-to-date: /home/eierobot/ROS/teleop_ws/src/teleop_robot_bridge/install/teleop_robot_bridge/include/teleop_robot_bridge/teleop_robot_bridge/msg/detail/waist_joint_command__type_support.hpp
[50.792s] -- Up-to-date: /home/eierobot/ROS/teleop_ws/src/teleop_robot_bridge/install/teleop_robot_bridge/include/teleop_robot_bridge/teleop_robot_bridge/msg/detail/head_joint_feedback__builder.hpp
[50.792s] -- Up-to-date: /home/eierobot/ROS/teleop_ws/src/teleop_robot_bridge/install/teleop_robot_bridge/include/teleop_robot_bridge/teleop_robot_bridge/msg/detail/single_device_state__builder.hpp
[50.792s] -- Up-to-date: /home/eierobot/ROS/teleop_ws/src/teleop_robot_bridge/install/teleop_robot_bridge/include/teleop_robot_bridge/teleop_robot_bridge/msg/detail/agv_joint_feedback__type_support.hpp
[50.792s] -- Up-to-date: /home/eierobot/ROS/teleop_ws/src/teleop_robot_bridge/install/teleop_robot_bridge/include/teleop_robot_bridge/teleop_robot_bridge/msg/detail/agv_joint_status__struct.hpp
[50.793s] -- Up-to-date: /home/eierobot/ROS/teleop_ws/src/teleop_robot_bridge/install/teleop_robot_bridge/include/teleop_robot_bridge/teleop_robot_bridge/msg/detail/agv_vel__traits.hpp
[50.793s] -- Up-to-date: /home/eierobot/ROS/teleop_ws/src/teleop_robot_bridge/install/teleop_robot_bridge/include/teleop_robot_bridge/teleop_robot_bridge/msg/detail/waist_joint_status__traits.hpp
[50.793s] -- Up-to-date: /home/eierobot/ROS/teleop_ws/src/teleop_robot_bridge/install/teleop_robot_bridge/include/teleop_robot_bridge/teleop_robot_bridge/msg/detail/agv_vel__type_support.hpp
[50.793s] -- Up-to-date: /home/eierobot/ROS/teleop_ws/src/teleop_robot_bridge/install/teleop_robot_bridge/include/teleop_robot_bridge/teleop_robot_bridge/msg/detail/agv_imu__struct.hpp
[50.794s] -- Up-to-date: /home/eierobot/ROS/teleop_ws/src/teleop_robot_bridge/install/teleop_robot_bridge/include/teleop_robot_bridge/teleop_robot_bridge/msg/detail/upper_body_device_state__builder.hpp
[50.794s] -- Up-to-date: /home/eierobot/ROS/teleop_ws/src/teleop_robot_bridge/install/teleop_robot_bridge/include/teleop_robot_bridge/teleop_robot_bridge/msg/detail/gripper_move__struct.hpp
[50.794s] -- Up-to-date: /home/eierobot/ROS/teleop_ws/src/teleop_robot_bridge/install/teleop_robot_bridge/include/teleop_robot_bridge/teleop_robot_bridge/msg/detail/joint_status__builder.hpp
[50.794s] -- Up-to-date: /home/eierobot/ROS/teleop_ws/src/teleop_robot_bridge/install/teleop_robot_bridge/include/teleop_robot_bridge/teleop_robot_bridge/msg/detail/waist_tcp_command__traits.hpp
[50.795s] -- Up-to-date: /home/eierobot/ROS/teleop_ws/src/teleop_robot_bridge/install/teleop_robot_bridge/include/teleop_robot_bridge/teleop_robot_bridge/msg/detail/head_joint_status__builder.hpp
[50.795s] -- Up-to-date: /home/eierobot/ROS/teleop_ws/src/teleop_robot_bridge/install/teleop_robot_bridge/include/teleop_robot_bridge/teleop_robot_bridge/msg/detail/gripper_status__type_support.hpp
[50.795s] -- Up-to-date: /home/eierobot/ROS/teleop_ws/src/teleop_robot_bridge/install/teleop_robot_bridge/include/teleop_robot_bridge/teleop_robot_bridge/msg/detail/agv_imu__type_support.hpp
[50.795s] -- Up-to-date: /home/eierobot/ROS/teleop_ws/src/teleop_robot_bridge/install/teleop_robot_bridge/include/teleop_robot_bridge/teleop_robot_bridge/msg/detail/temperature__builder.hpp
[50.796s] -- Up-to-date: /home/eierobot/ROS/teleop_ws/src/teleop_robot_bridge/install/teleop_robot_bridge/include/teleop_robot_bridge/teleop_robot_bridge/msg/detail/single_gripper_status__builder.hpp
[50.796s] -- Up-to-date: /home/eierobot/ROS/teleop_ws/src/teleop_robot_bridge/install/teleop_robot_bridge/include/teleop_robot_bridge/teleop_robot_bridge/msg/detail/arm_motion_ctrl__builder.hpp
[50.796s] -- Up-to-date: /home/eierobot/ROS/teleop_ws/src/teleop_robot_bridge/install/teleop_robot_bridge/include/teleop_robot_bridge/teleop_robot_bridge/msg/detail/agv_joint_status__type_support.hpp
[50.796s] -- Up-to-date: /home/eierobot/ROS/teleop_ws/src/teleop_robot_bridge/install/teleop_robot_bridge/include/teleop_robot_bridge/teleop_robot_bridge/msg/detail/waist_tcp_command__type_support.hpp
[50.796s] -- Up-to-date: /home/eierobot/ROS/teleop_ws/src/teleop_robot_bridge/install/teleop_robot_bridge/include/teleop_robot_bridge/teleop_robot_bridge/msg/detail/head_joint_status__traits.hpp
[50.797s] -- Up-to-date: /home/eierobot/ROS/teleop_ws/src/teleop_robot_bridge/install/teleop_robot_bridge/include/teleop_robot_bridge/teleop_robot_bridge/msg/detail/agv_cmd_vel__traits.hpp
[50.797s] -- Up-to-date: /home/eierobot/ROS/teleop_ws/src/teleop_robot_bridge/install/teleop_robot_bridge/include/teleop_robot_bridge/teleop_robot_bridge/msg/detail/waist_joint_feedback__traits.hpp
[50.797s] -- Up-to-date: /home/eierobot/ROS/teleop_ws/src/teleop_robot_bridge/install/teleop_robot_bridge/include/teleop_robot_bridge/teleop_robot_bridge/msg/detail/waist_joint_command__builder.hpp
[50.797s] -- Up-to-date: /home/eierobot/ROS/teleop_ws/src/teleop_robot_bridge/install/teleop_robot_bridge/include/teleop_robot_bridge/teleop_robot_bridge/msg/detail/single_gripper_move__type_support.hpp
[50.798s] -- Up-to-date: /home/eierobot/ROS/teleop_ws/src/teleop_robot_bridge/install/teleop_robot_bridge/include/teleop_robot_bridge/teleop_robot_bridge/msg/detail/agv_ultrasonic__type_support.hpp
[50.798s] -- Up-to-date: /home/eierobot/ROS/teleop_ws/src/teleop_robot_bridge/install/teleop_robot_bridge/include/teleop_robot_bridge/teleop_robot_bridge/msg/detail/arm_joint_feedback__struct.hpp
[50.798s] -- Up-to-date: /home/eierobot/ROS/teleop_ws/src/teleop_robot_bridge/install/teleop_robot_bridge/include/teleop_robot_bridge/teleop_robot_bridge/msg/detail/waist_tcp_command__builder.hpp
[50.798s] -- Up-to-date: /home/eierobot/ROS/teleop_ws/src/teleop_robot_bridge/install/teleop_robot_bridge/include/teleop_robot_bridge/teleop_robot_bridge/msg/detail/single_gripper_move__traits.hpp
[50.799s] -- Up-to-date: /home/eierobot/ROS/teleop_ws/src/teleop_robot_bridge/install/teleop_robot_bridge/include/teleop_robot_bridge/teleop_robot_bridge/msg/detail/single_device_state__type_support.hpp
[50.799s] -- Up-to-date: /home/eierobot/ROS/teleop_ws/src/teleop_robot_bridge/install/teleop_robot_bridge/include/teleop_robot_bridge/teleop_robot_bridge/msg/detail/arm_joint_command__struct.hpp
[50.799s] -- Up-to-date: /home/eierobot/ROS/teleop_ws/src/teleop_robot_bridge/install/teleop_robot_bridge/include/teleop_robot_bridge/teleop_robot_bridge/msg/detail/agv_motion_ctrl__type_support.hpp
[50.799s] -- Up-to-date: /home/eierobot/ROS/teleop_ws/src/teleop_robot_bridge/install/teleop_robot_bridge/include/teleop_robot_bridge/teleop_robot_bridge/msg/detail/single_device_state__traits.hpp
[50.799s] -- Up-to-date: /home/eierobot/ROS/teleop_ws/src/teleop_robot_bridge/install/teleop_robot_bridge/include/teleop_robot_bridge/teleop_robot_bridge/msg/detail/agv_motion_ctrl__traits.hpp
[50.800s] -- Up-to-date: /home/eierobot/ROS/teleop_ws/src/teleop_robot_bridge/install/teleop_robot_bridge/include/teleop_robot_bridge/teleop_robot_bridge/msg/detail/head_motion_ctrl__type_support.hpp
[50.800s] -- Up-to-date: /home/eierobot/ROS/teleop_ws/src/teleop_robot_bridge/install/teleop_robot_bridge/include/teleop_robot_bridge/teleop_robot_bridge/msg/detail/agv_ultrasonic__builder.hpp
[50.800s] -- Up-to-date: /home/eierobot/ROS/teleop_ws/src/teleop_robot_bridge/install/teleop_robot_bridge/include/teleop_robot_bridge/teleop_robot_bridge/msg/detail/waist_joint_command__traits.hpp
[50.800s] -- Up-to-date: /home/eierobot/ROS/teleop_ws/src/teleop_robot_bridge/install/teleop_robot_bridge/include/teleop_robot_bridge/teleop_robot_bridge/msg/detail/single_gripper_status__type_support.hpp
[50.800s] -- Up-to-date: /home/eierobot/ROS/teleop_ws/src/teleop_robot_bridge/install/teleop_robot_bridge/include/teleop_robot_bridge/teleop_robot_bridge/msg/detail/ee_tcp_command__traits.hpp
[50.800s] -- Up-to-date: /home/eierobot/ROS/teleop_ws/src/teleop_robot_bridge/install/teleop_robot_bridge/include/teleop_robot_bridge/teleop_robot_bridge/msg/detail/waist_joint_status__type_support.hpp
[50.800s] -- Up-to-date: /home/eierobot/ROS/teleop_ws/src/teleop_robot_bridge/install/teleop_robot_bridge/include/teleop_robot_bridge/teleop_robot_bridge/msg/detail/arm_joint_status__struct.hpp
[50.801s] -- Up-to-date: /home/eierobot/ROS/teleop_ws/src/teleop_robot_bridge/install/teleop_robot_bridge/include/teleop_robot_bridge/teleop_robot_bridge/msg/detail/joy_state__traits.hpp
[50.801s] -- Up-to-date: /home/eierobot/ROS/teleop_ws/src/teleop_robot_bridge/install/teleop_robot_bridge/include/teleop_robot_bridge/teleop_robot_bridge/msg/detail/waist_tcp_command__struct.hpp
[50.801s] -- Up-to-date: /home/eierobot/ROS/teleop_ws/src/teleop_robot_bridge/install/teleop_robot_bridge/include/teleop_robot_bridge/teleop_robot_bridge/msg/detail/arm_motion_ctrl__type_support.hpp
[50.801s] -- Up-to-date: /home/eierobot/ROS/teleop_ws/src/teleop_robot_bridge/install/teleop_robot_bridge/include/teleop_robot_bridge/teleop_robot_bridge/msg/detail/arm_motion_ctrl__traits.hpp
[50.801s] -- Up-to-date: /home/eierobot/ROS/teleop_ws/src/teleop_robot_bridge/install/teleop_robot_bridge/include/teleop_robot_bridge/teleop_robot_bridge/msg/detail/waist_motion_ctrl__struct.hpp
[50.801s] -- Up-to-date: /home/eierobot/ROS/teleop_ws/src/teleop_robot_bridge/install/teleop_robot_bridge/include/teleop_robot_bridge/teleop_robot_bridge/msg/detail/agv_cmd_vel__type_support.hpp
[50.801s] -- Up-to-date: /home/eierobot/ROS/teleop_ws/src/teleop_robot_bridge/install/teleop_robot_bridge/include/teleop_robot_bridge/teleop_robot_bridge/msg/detail/single_gripper_status__struct.hpp
[50.801s] -- Up-to-date: /home/eierobot/ROS/teleop_ws/src/teleop_robot_bridge/install/teleop_robot_bridge/include/teleop_robot_bridge/teleop_robot_bridge/msg/detail/joy_state__struct.hpp
[50.801s] -- Up-to-date: /home/eierobot/ROS/teleop_ws/src/teleop_robot_bridge/install/teleop_robot_bridge/include/teleop_robot_bridge/teleop_robot_bridge/msg/detail/joint_status__struct.hpp
[50.802s] -- Up-to-date: /home/eierobot/ROS/teleop_ws/src/teleop_robot_bridge/install/teleop_robot_bridge/include/teleop_robot_bridge/teleop_robot_bridge/msg/detail/gripper_move__traits.hpp
[50.802s] -- Up-to-date: /home/eierobot/ROS/teleop_ws/src/teleop_robot_bridge/install/teleop_robot_bridge/include/teleop_robot_bridge/teleop_robot_bridge/msg/detail/waist_motion_ctrl__builder.hpp
[50.802s] -- Up-to-date: /home/eierobot/ROS/teleop_ws/src/teleop_robot_bridge/install/teleop_robot_bridge/include/teleop_robot_bridge/teleop_robot_bridge/msg/detail/gripper_move__type_support.hpp
[50.802s] -- Up-to-date: /home/eierobot/ROS/teleop_ws/src/teleop_robot_bridge/install/teleop_robot_bridge/include/teleop_robot_bridge/teleop_robot_bridge/msg/detail/gripper_tactile__type_support.hpp
[50.802s] -- Up-to-date: /home/eierobot/ROS/teleop_ws/src/teleop_robot_bridge/install/teleop_robot_bridge/include/teleop_robot_bridge/teleop_robot_bridge/msg/detail/gripper_status__traits.hpp
[50.802s] -- Up-to-date: /home/eierobot/ROS/teleop_ws/src/teleop_robot_bridge/install/teleop_robot_bridge/include/teleop_robot_bridge/teleop_robot_bridge/msg/detail/agv_motion_ctrl__struct.hpp
[50.802s] -- Up-to-date: /home/eierobot/ROS/teleop_ws/src/teleop_robot_bridge/install/teleop_robot_bridge/include/teleop_robot_bridge/teleop_robot_bridge/msg/detail/agv_device_state__struct.hpp
[50.802s] -- Up-to-date: /home/eierobot/ROS/teleop_ws/src/teleop_robot_bridge/install/teleop_robot_bridge/include/teleop_robot_bridge/teleop_robot_bridge/msg/detail/gripper_device_state__type_support.hpp
[50.803s] -- Up-to-date: /home/eierobot/ROS/teleop_ws/src/teleop_robot_bridge/install/teleop_robot_bridge/include/teleop_robot_bridge/teleop_robot_bridge/msg/detail/arm_joint_status__traits.hpp
[50.803s] -- Up-to-date: /home/eierobot/ROS/teleop_ws/src/teleop_robot_bridge/install/teleop_robot_bridge/include/teleop_robot_bridge/teleop_robot_bridge/msg/detail/hand_tactile__traits.hpp
[50.803s] -- Up-to-date: /home/eierobot/ROS/teleop_ws/src/teleop_robot_bridge/install/teleop_robot_bridge/include/teleop_robot_bridge/teleop_robot_bridge/msg/agv_battery_state.hpp
[50.803s] -- Up-to-date: /home/eierobot/ROS/teleop_ws/src/teleop_robot_bridge/install/teleop_robot_bridge/include/teleop_robot_bridge/teleop_robot_bridge/msg/gripper_tactile.hpp
[50.803s] -- Up-to-date: /home/eierobot/ROS/teleop_ws/src/teleop_robot_bridge/install/teleop_robot_bridge/include/teleop_robot_bridge/teleop_robot_bridge/msg/temperature.hpp
[50.803s] -- Up-to-date: /home/eierobot/ROS/teleop_ws/src/teleop_robot_bridge/install/teleop_robot_bridge/include/teleop_robot_bridge/teleop_robot_bridge/msg/single_gripper_status.hpp
[50.803s] -- Up-to-date: /home/eierobot/ROS/teleop_ws/src/teleop_robot_bridge/install/teleop_robot_bridge/include/teleop_robot_bridge/teleop_robot_bridge/msg/rosidl_generator_cpp__visibility_control.hpp
[50.803s] -- Up-to-date: /home/eierobot/ROS/teleop_ws/src/teleop_robot_bridge/install/teleop_robot_bridge/include/teleop_robot_bridge/teleop_robot_bridge/msg/waist_joint_feedback.hpp
[50.804s] -- Up-to-date: /home/eierobot/ROS/teleop_ws/src/teleop_robot_bridge/install/teleop_robot_bridge/include/teleop_robot_bridge/teleop_robot_bridge/msg/waist_joint_command.hpp
[50.804s] -- Up-to-date: /home/eierobot/ROS/teleop_ws/src/teleop_robot_bridge/install/teleop_robot_bridge/include/teleop_robot_bridge/teleop_robot_bridge/msg/agv_joint_status.hpp
[50.804s] -- Up-to-date: /home/eierobot/ROS/teleop_ws/src/teleop_robot_bridge/install/teleop_robot_bridge/include/teleop_robot_bridge/teleop_robot_bridge/msg/agv_device_state.hpp
[50.804s] -- Up-to-date: /home/eierobot/ROS/teleop_ws/src/teleop_robot_bridge/install/teleop_robot_bridge/include/teleop_robot_bridge/teleop_robot_bridge/msg/agv_joint_feedback.hpp
[50.804s] -- Up-to-date: /home/eierobot/ROS/teleop_ws/src/teleop_robot_bridge/install/teleop_robot_bridge/include/teleop_robot_bridge/teleop_robot_bridge/msg/agv_motion_ctrl.hpp
[50.804s] -- Up-to-date: /home/eierobot/ROS/teleop_ws/src/teleop_robot_bridge/install/teleop_robot_bridge/include/teleop_robot_bridge/teleop_robot_bridge
[50.804s] -- Up-to-date: /home/eierobot/ROS/teleop_ws/src/teleop_robot_bridge/install/teleop_robot_bridge/include/teleop_robot_bridge/teleop_robot_bridge/msg
[50.804s] -- Up-to-date: /home/eierobot/ROS/teleop_ws/src/teleop_robot_bridge/install/teleop_robot_bridge/include/teleop_robot_bridge/teleop_robot_bridge/msg/rosidl_typesupport_fastrtps_cpp__visibility_control.h
[50.804s] -- Up-to-date: /home/eierobot/ROS/teleop_ws/src/teleop_robot_bridge/install/teleop_robot_bridge/include/teleop_robot_bridge/teleop_robot_bridge/msg/detail
[50.805s] -- Up-to-date: /home/eierobot/ROS/teleop_ws/src/teleop_robot_bridge/install/teleop_robot_bridge/include/teleop_robot_bridge/teleop_robot_bridge/msg/detail/single_device_state__rosidl_typesupport_fastrtps_cpp.hpp
[50.805s] -- Up-to-date: /home/eierobot/ROS/teleop_ws/src/teleop_robot_bridge/install/teleop_robot_bridge/include/teleop_robot_bridge/teleop_robot_bridge/msg/detail/waist_joint_status__rosidl_typesupport_fastrtps_cpp.hpp
[50.805s] -- Up-to-date: /home/eierobot/ROS/teleop_ws/src/teleop_robot_bridge/install/teleop_robot_bridge/include/teleop_robot_bridge/teleop_robot_bridge/msg/detail/agv_joint_status__rosidl_typesupport_fastrtps_cpp.hpp
[50.805s] -- Up-to-date: /home/eierobot/ROS/teleop_ws/src/teleop_robot_bridge/install/teleop_robot_bridge/include/teleop_robot_bridge/teleop_robot_bridge/msg/detail/waist_joint_feedback__rosidl_typesupport_fastrtps_cpp.hpp
[50.805s] -- Up-to-date: /home/eierobot/ROS/teleop_ws/src/teleop_robot_bridge/install/teleop_robot_bridge/include/teleop_robot_bridge/teleop_robot_bridge/msg/detail/gripper_device_state__rosidl_typesupport_fastrtps_cpp.hpp
[50.805s] -- Up-to-date: /home/eierobot/ROS/teleop_ws/src/teleop_robot_bridge/install/teleop_robot_bridge/include/teleop_robot_bridge/teleop_robot_bridge/msg/detail/agv_imu__rosidl_typesupport_fastrtps_cpp.hpp
[50.805s] -- Up-to-date: /home/eierobot/ROS/teleop_ws/src/teleop_robot_bridge/install/teleop_robot_bridge/include/teleop_robot_bridge/teleop_robot_bridge/msg/detail/arm_joint_command__rosidl_typesupport_fastrtps_cpp.hpp
[50.805s] -- Up-to-date: /home/eierobot/ROS/teleop_ws/src/teleop_robot_bridge/install/teleop_robot_bridge/include/teleop_robot_bridge/teleop_robot_bridge/msg/detail/gripper_tactile__rosidl_typesupport_fastrtps_cpp.hpp
[50.806s] -- Up-to-date: /home/eierobot/ROS/teleop_ws/src/teleop_robot_bridge/install/teleop_robot_bridge/include/teleop_robot_bridge/teleop_robot_bridge/msg/detail/single_gripper_status__rosidl_typesupport_fastrtps_cpp.hpp
[50.806s] -- Up-to-date: /home/eierobot/ROS/teleop_ws/src/teleop_robot_bridge/install/teleop_robot_bridge/include/teleop_robot_bridge/teleop_robot_bridge/msg/detail/gripper_status__rosidl_typesupport_fastrtps_cpp.hpp
[50.806s] -- Up-to-date: /home/eierobot/ROS/teleop_ws/src/teleop_robot_bridge/install/teleop_robot_bridge/include/teleop_robot_bridge/teleop_robot_bridge/msg/detail/arm_joint_feedback__rosidl_typesupport_fastrtps_cpp.hpp
[50.806s] -- Up-to-date: /home/eierobot/ROS/teleop_ws/src/teleop_robot_bridge/install/teleop_robot_bridge/include/teleop_robot_bridge/teleop_robot_bridge/msg/detail/waist_motion_ctrl__rosidl_typesupport_fastrtps_cpp.hpp
[50.806s] -- Up-to-date: /home/eierobot/ROS/teleop_ws/src/teleop_robot_bridge/install/teleop_robot_bridge/include/teleop_robot_bridge/teleop_robot_bridge/msg/detail/head_joint_command__rosidl_typesupport_fastrtps_cpp.hpp
[50.806s] -- Up-to-date: /home/eierobot/ROS/teleop_ws/src/teleop_robot_bridge/install/teleop_robot_bridge/include/teleop_robot_bridge/teleop_robot_bridge/msg/detail/agv_battery_state__rosidl_typesupport_fastrtps_cpp.hpp
[50.806s] -- Up-to-date: /home/eierobot/ROS/teleop_ws/src/teleop_robot_bridge/install/teleop_robot_bridge/include/teleop_robot_bridge/teleop_robot_bridge/msg/detail/agv_joint_feedback__rosidl_typesupport_fastrtps_cpp.hpp
[50.806s] -- Up-to-date: /home/eierobot/ROS/teleop_ws/src/teleop_robot_bridge/install/teleop_robot_bridge/include/teleop_robot_bridge/teleop_robot_bridge/msg/detail/ee_tcp_command__rosidl_typesupport_fastrtps_cpp.hpp
[50.806s] -- Up-to-date: /home/eierobot/ROS/teleop_ws/src/teleop_robot_bridge/install/teleop_robot_bridge/include/teleop_robot_bridge/teleop_robot_bridge/msg/detail/agv_cmd_vel__rosidl_typesupport_fastrtps_cpp.hpp
[50.807s] -- Up-to-date: /home/eierobot/ROS/teleop_ws/src/teleop_robot_bridge/install/teleop_robot_bridge/include/teleop_robot_bridge/teleop_robot_bridge/msg/detail/upper_body_device_state__rosidl_typesupport_fastrtps_cpp.hpp
[50.807s] -- Up-to-date: /home/eierobot/ROS/teleop_ws/src/teleop_robot_bridge/install/teleop_robot_bridge/include/teleop_robot_bridge/teleop_robot_bridge/msg/detail/waist_joint_command__rosidl_typesupport_fastrtps_cpp.hpp
[50.807s] -- Up-to-date: /home/eierobot/ROS/teleop_ws/src/teleop_robot_bridge/install/teleop_robot_bridge/include/teleop_robot_bridge/teleop_robot_bridge/msg/detail/agv_vda5050_state__rosidl_typesupport_fastrtps_cpp.hpp
[50.807s] -- Up-to-date: /home/eierobot/ROS/teleop_ws/src/teleop_robot_bridge/install/teleop_robot_bridge/include/teleop_robot_bridge/teleop_robot_bridge/msg/detail/joint_status__rosidl_typesupport_fastrtps_cpp.hpp
[50.807s] -- Up-to-date: /home/eierobot/ROS/teleop_ws/src/teleop_robot_bridge/install/teleop_robot_bridge/include/teleop_robot_bridge/teleop_robot_bridge/msg/detail/joy_state__rosidl_typesupport_fastrtps_cpp.hpp
[50.807s] -- Up-to-date: /home/eierobot/ROS/teleop_ws/src/teleop_robot_bridge/install/teleop_robot_bridge/include/teleop_robot_bridge/teleop_robot_bridge/msg/detail/head_joint_status__rosidl_typesupport_fastrtps_cpp.hpp
[50.807s] -- Up-to-date: /home/eierobot/ROS/teleop_ws/src/teleop_robot_bridge/install/teleop_robot_bridge/include/teleop_robot_bridge/teleop_robot_bridge/msg/detail/head_motion_ctrl__rosidl_typesupport_fastrtps_cpp.hpp
[50.807s] -- Up-to-date: /home/eierobot/ROS/teleop_ws/src/teleop_robot_bridge/install/teleop_robot_bridge/include/teleop_robot_bridge/teleop_robot_bridge/msg/detail/arm_joint_status__rosidl_typesupport_fastrtps_cpp.hpp
[50.807s] -- Up-to-date: /home/eierobot/ROS/teleop_ws/src/teleop_robot_bridge/install/teleop_robot_bridge/include/teleop_robot_bridge/teleop_robot_bridge/msg/detail/dds_fastrtps
[50.807s] -- Up-to-date: /home/eierobot/ROS/teleop_ws/src/teleop_robot_bridge/install/teleop_robot_bridge/include/teleop_robot_bridge/teleop_robot_bridge/msg/detail/gripper_move__rosidl_typesupport_fastrtps_cpp.hpp
[50.808s] -- Up-to-date: /home/eierobot/ROS/teleop_ws/src/teleop_robot_bridge/install/teleop_robot_bridge/include/teleop_robot_bridge/teleop_robot_bridge/msg/detail/hand_tactile__rosidl_typesupport_fastrtps_cpp.hpp
[50.808s] -- Up-to-date: /home/eierobot/ROS/teleop_ws/src/teleop_robot_bridge/install/teleop_robot_bridge/include/teleop_robot_bridge/teleop_robot_bridge/msg/detail/agv_motion_ctrl__rosidl_typesupport_fastrtps_cpp.hpp
[50.808s] -- Up-to-date: /home/eierobot/ROS/teleop_ws/src/teleop_robot_bridge/install/teleop_robot_bridge/include/teleop_robot_bridge/teleop_robot_bridge/msg/detail/waist_tcp_command__rosidl_typesupport_fastrtps_cpp.hpp
[50.808s] -- Up-to-date: /home/eierobot/ROS/teleop_ws/src/teleop_robot_bridge/install/teleop_robot_bridge/include/teleop_robot_bridge/teleop_robot_bridge/msg/detail/temperature__rosidl_typesupport_fastrtps_cpp.hpp
[50.808s] -- Up-to-date: /home/eierobot/ROS/teleop_ws/src/teleop_robot_bridge/install/teleop_robot_bridge/include/teleop_robot_bridge/teleop_robot_bridge/msg/detail/agv_device_state__rosidl_typesupport_fastrtps_cpp.hpp
[50.808s] -- Up-to-date: /home/eierobot/ROS/teleop_ws/src/teleop_robot_bridge/install/teleop_robot_bridge/include/teleop_robot_bridge/teleop_robot_bridge/msg/detail/arm_motion_ctrl__rosidl_typesupport_fastrtps_cpp.hpp
[50.808s] -- Up-to-date: /home/eierobot/ROS/teleop_ws/src/teleop_robot_bridge/install/teleop_robot_bridge/include/teleop_robot_bridge/teleop_robot_bridge/msg/detail/agv_vel__rosidl_typesupport_fastrtps_cpp.hpp
[50.808s] -- Up-to-date: /home/eierobot/ROS/teleop_ws/src/teleop_robot_bridge/install/teleop_robot_bridge/include/teleop_robot_bridge/teleop_robot_bridge/msg/detail/single_gripper_move__rosidl_typesupport_fastrtps_cpp.hpp
[50.808s] -- Up-to-date: /home/eierobot/ROS/teleop_ws/src/teleop_robot_bridge/install/teleop_robot_bridge/include/teleop_robot_bridge/teleop_robot_bridge/msg/detail/head_joint_feedback__rosidl_typesupport_fastrtps_cpp.hpp
[50.808s] -- Up-to-date: /home/eierobot/ROS/teleop_ws/src/teleop_robot_bridge/install/teleop_robot_bridge/include/teleop_robot_bridge/teleop_robot_bridge/msg/detail/agv_ultrasonic__rosidl_typesupport_fastrtps_cpp.hpp
[50.809s] -- Up-to-date: /home/eierobot/ROS/teleop_ws/src/teleop_robot_bridge/install/teleop_robot_bridge/lib/libteleop_robot_bridge__rosidl_typesupport_fastrtps_cpp.so
[50.809s] -- Up-to-date: /home/eierobot/ROS/teleop_ws/src/teleop_robot_bridge/install/teleop_robot_bridge/include/teleop_robot_bridge/teleop_robot_bridge
[50.809s] -- Up-to-date: /home/eierobot/ROS/teleop_ws/src/teleop_robot_bridge/install/teleop_robot_bridge/include/teleop_robot_bridge/teleop_robot_bridge/msg
[50.809s] -- Up-to-date: /home/eierobot/ROS/teleop_ws/src/teleop_robot_bridge/install/teleop_robot_bridge/include/teleop_robot_bridge/teleop_robot_bridge/msg/detail
[50.809s] -- Up-to-date: /home/eierobot/ROS/teleop_ws/src/teleop_robot_bridge/install/teleop_robot_bridge/include/teleop_robot_bridge/teleop_robot_bridge/msg/detail/waist_motion_ctrl__type_support.cpp
[50.809s] -- Up-to-date: /home/eierobot/ROS/teleop_ws/src/teleop_robot_bridge/install/teleop_robot_bridge/include/teleop_robot_bridge/teleop_robot_bridge/msg/detail/waist_motion_ctrl__rosidl_typesupport_introspection_cpp.hpp
[50.809s] -- Up-to-date: /home/eierobot/ROS/teleop_ws/src/teleop_robot_bridge/install/teleop_robot_bridge/include/teleop_robot_bridge/teleop_robot_bridge/msg/detail/arm_motion_ctrl__type_support.cpp
[50.809s] -- Up-to-date: /home/eierobot/ROS/teleop_ws/src/teleop_robot_bridge/install/teleop_robot_bridge/include/teleop_robot_bridge/teleop_robot_bridge/msg/detail/arm_joint_feedback__rosidl_typesupport_introspection_cpp.hpp
[50.809s] -- Up-to-date: /home/eierobot/ROS/teleop_ws/src/teleop_robot_bridge/install/teleop_robot_bridge/include/teleop_robot_bridge/teleop_robot_bridge/msg/detail/agv_imu__rosidl_typesupport_introspection_cpp.hpp
[50.809s] -- Up-to-date: /home/eierobot/ROS/teleop_ws/src/teleop_robot_bridge/install/teleop_robot_bridge/include/teleop_robot_bridge/teleop_robot_bridge/msg/detail/single_gripper_status__rosidl_typesupport_introspection_cpp.hpp
[50.810s] -- Up-to-date: /home/eierobot/ROS/teleop_ws/src/teleop_robot_bridge/install/teleop_robot_bridge/include/teleop_robot_bridge/teleop_robot_bridge/msg/detail/gripper_device_state__type_support.cpp
[50.810s] -- Up-to-date: /home/eierobot/ROS/teleop_ws/src/teleop_robot_bridge/install/teleop_robot_bridge/include/teleop_robot_bridge/teleop_robot_bridge/msg/detail/joy_state__rosidl_typesupport_introspection_cpp.hpp
[50.810s] -- Up-to-date: /home/eierobot/ROS/teleop_ws/src/teleop_robot_bridge/install/teleop_robot_bridge/include/teleop_robot_bridge/teleop_robot_bridge/msg/detail/head_motion_ctrl__rosidl_typesupport_introspection_cpp.hpp
[50.810s] -- Up-to-date: /home/eierobot/ROS/teleop_ws/src/teleop_robot_bridge/install/teleop_robot_bridge/include/teleop_robot_bridge/teleop_robot_bridge/msg/detail/agv_ultrasonic__rosidl_typesupport_introspection_cpp.hpp
[50.810s] -- Up-to-date: /home/eierobot/ROS/teleop_ws/src/teleop_robot_bridge/install/teleop_robot_bridge/include/teleop_robot_bridge/teleop_robot_bridge/msg/detail/single_device_state__rosidl_typesupport_introspection_cpp.hpp
[50.810s] -- Up-to-date: /home/eierobot/ROS/teleop_ws/src/teleop_robot_bridge/install/teleop_robot_bridge/include/teleop_robot_bridge/teleop_robot_bridge/msg/detail/agv_ultrasonic__type_support.cpp
[50.810s] -- Up-to-date: /home/eierobot/ROS/teleop_ws/src/teleop_robot_bridge/install/teleop_robot_bridge/include/teleop_robot_bridge/teleop_robot_bridge/msg/detail/head_joint_command__type_support.cpp
[50.810s] -- Up-to-date: /home/eierobot/ROS/teleop_ws/src/teleop_robot_bridge/install/teleop_robot_bridge/include/teleop_robot_bridge/teleop_robot_bridge/msg/detail/agv_joint_feedback__rosidl_typesupport_introspection_cpp.hpp
[50.810s] -- Up-to-date: /home/eierobot/ROS/teleop_ws/src/teleop_robot_bridge/install/teleop_robot_bridge/include/teleop_robot_bridge/teleop_robot_bridge/msg/detail/waist_tcp_command__type_support.cpp
[50.810s] -- Up-to-date: /home/eierobot/ROS/teleop_ws/src/teleop_robot_bridge/install/teleop_robot_bridge/include/teleop_robot_bridge/teleop_robot_bridge/msg/detail/gripper_tactile__rosidl_typesupport_introspection_cpp.hpp
[50.811s] -- Up-to-date: /home/eierobot/ROS/teleop_ws/src/teleop_robot_bridge/install/teleop_robot_bridge/include/teleop_robot_bridge/teleop_robot_bridge/msg/detail/agv_vda5050_state__type_support.cpp
[50.811s] -- Up-to-date: /home/eierobot/ROS/teleop_ws/src/teleop_robot_bridge/install/teleop_robot_bridge/include/teleop_robot_bridge/teleop_robot_bridge/msg/detail/upper_body_device_state__type_support.cpp
[50.811s] -- Up-to-date: /home/eierobot/ROS/teleop_ws/src/teleop_robot_bridge/install/teleop_robot_bridge/include/teleop_robot_bridge/teleop_robot_bridge/msg/detail/head_joint_feedback__type_support.cpp
[50.811s] -- Up-to-date: /home/eierobot/ROS/teleop_ws/src/teleop_robot_bridge/install/teleop_robot_bridge/include/teleop_robot_bridge/teleop_robot_bridge/msg/detail/gripper_tactile__type_support.cpp
[50.811s] -- Up-to-date: /home/eierobot/ROS/teleop_ws/src/teleop_robot_bridge/install/teleop_robot_bridge/include/teleop_robot_bridge/teleop_robot_bridge/msg/detail/waist_joint_status__rosidl_typesupport_introspection_cpp.hpp
[50.811s] -- Up-to-date: /home/eierobot/ROS/teleop_ws/src/teleop_robot_bridge/install/teleop_robot_bridge/include/teleop_robot_bridge/teleop_robot_bridge/msg/detail/single_gripper_move__type_support.cpp
[50.811s] -- Up-to-date: /home/eierobot/ROS/teleop_ws/src/teleop_robot_bridge/install/teleop_robot_bridge/include/teleop_robot_bridge/teleop_robot_bridge/msg/detail/arm_joint_command__rosidl_typesupport_introspection_cpp.hpp
[50.811s] -- Up-to-date: /home/eierobot/ROS/teleop_ws/src/teleop_robot_bridge/install/teleop_robot_bridge/include/teleop_robot_bridge/teleop_robot_bridge/msg/detail/arm_motion_ctrl__rosidl_typesupport_introspection_cpp.hpp
[50.811s] -- Up-to-date: /home/eierobot/ROS/teleop_ws/src/teleop_robot_bridge/install/teleop_robot_bridge/include/teleop_robot_bridge/teleop_robot_bridge/msg/detail/joint_status__type_support.cpp
[50.811s] -- Up-to-date: /home/eierobot/ROS/teleop_ws/src/teleop_robot_bridge/install/teleop_robot_bridge/include/teleop_robot_bridge/teleop_robot_bridge/msg/detail/hand_tactile__type_support.cpp
[50.812s] -- Up-to-date: /home/eierobot/ROS/teleop_ws/src/teleop_robot_bridge/install/teleop_robot_bridge/include/teleop_robot_bridge/teleop_robot_bridge/msg/detail/arm_joint_feedback__type_support.cpp
[50.812s] -- Up-to-date: /home/eierobot/ROS/teleop_ws/src/teleop_robot_bridge/install/teleop_robot_bridge/include/teleop_robot_bridge/teleop_robot_bridge/msg/detail/temperature__rosidl_typesupport_introspection_cpp.hpp
[50.812s] -- Up-to-date: /home/eierobot/ROS/teleop_ws/src/teleop_robot_bridge/install/teleop_robot_bridge/include/teleop_robot_bridge/teleop_robot_bridge/msg/detail/agv_motion_ctrl__type_support.cpp
[50.812s] -- Up-to-date: /home/eierobot/ROS/teleop_ws/src/teleop_robot_bridge/install/teleop_robot_bridge/include/teleop_robot_bridge/teleop_robot_bridge/msg/detail/arm_joint_command__type_support.cpp
[50.812s] -- Up-to-date: /home/eierobot/ROS/teleop_ws/src/teleop_robot_bridge/install/teleop_robot_bridge/include/teleop_robot_bridge/teleop_robot_bridge/msg/detail/head_joint_status__rosidl_typesupport_introspection_cpp.hpp
[50.812s] -- Up-to-date: /home/eierobot/ROS/teleop_ws/src/teleop_robot_bridge/install/teleop_robot_bridge/include/teleop_robot_bridge/teleop_robot_bridge/msg/detail/ee_tcp_command__rosidl_typesupport_introspection_cpp.hpp
[50.812s] -- Up-to-date: /home/eierobot/ROS/teleop_ws/src/teleop_robot_bridge/install/teleop_robot_bridge/include/teleop_robot_bridge/teleop_robot_bridge/msg/detail/arm_joint_status__type_support.cpp
[50.812s] -- Up-to-date: /home/eierobot/ROS/teleop_ws/src/teleop_robot_bridge/install/teleop_robot_bridge/include/teleop_robot_bridge/teleop_robot_bridge/msg/detail/agv_motion_ctrl__rosidl_typesupport_introspection_cpp.hpp
[50.812s] -- Up-to-date: /home/eierobot/ROS/teleop_ws/src/teleop_robot_bridge/install/teleop_robot_bridge/include/teleop_robot_bridge/teleop_robot_bridge/msg/detail/single_gripper_move__rosidl_typesupport_introspection_cpp.hpp
[50.812s] -- Up-to-date: /home/eierobot/ROS/teleop_ws/src/teleop_robot_bridge/install/teleop_robot_bridge/include/teleop_robot_bridge/teleop_robot_bridge/msg/detail/waist_tcp_command__rosidl_typesupport_introspection_cpp.hpp
[50.812s] -- Up-to-date: /home/eierobot/ROS/teleop_ws/src/teleop_robot_bridge/install/teleop_robot_bridge/include/teleop_robot_bridge/teleop_robot_bridge/msg/detail/agv_vel__type_support.cpp
[50.813s] -- Up-to-date: /home/eierobot/ROS/teleop_ws/src/teleop_robot_bridge/install/teleop_robot_bridge/include/teleop_robot_bridge/teleop_robot_bridge/msg/detail/waist_joint_command__type_support.cpp
[50.813s] -- Up-to-date: /home/eierobot/ROS/teleop_ws/src/teleop_robot_bridge/install/teleop_robot_bridge/include/teleop_robot_bridge/teleop_robot_bridge/msg/detail/gripper_status__type_support.cpp
[50.813s] -- Up-to-date: /home/eierobot/ROS/teleop_ws/src/teleop_robot_bridge/install/teleop_robot_bridge/include/teleop_robot_bridge/teleop_robot_bridge/msg/detail/agv_battery_state__type_support.cpp
[50.813s] -- Up-to-date: /home/eierobot/ROS/teleop_ws/src/teleop_robot_bridge/install/teleop_robot_bridge/include/teleop_robot_bridge/teleop_robot_bridge/msg/detail/gripper_move__type_support.cpp
[50.813s] -- Up-to-date: /home/eierobot/ROS/teleop_ws/src/teleop_robot_bridge/install/teleop_robot_bridge/include/teleop_robot_bridge/teleop_robot_bridge/msg/detail/agv_battery_state__rosidl_typesupport_introspection_cpp.hpp
[50.813s] -- Up-to-date: /home/eierobot/ROS/teleop_ws/src/teleop_robot_bridge/install/teleop_robot_bridge/include/teleop_robot_bridge/teleop_robot_bridge/msg/detail/agv_cmd_vel__rosidl_typesupport_introspection_cpp.hpp
[50.813s] -- Up-to-date: /home/eierobot/ROS/teleop_ws/src/teleop_robot_bridge/install/teleop_robot_bridge/include/teleop_robot_bridge/teleop_robot_bridge/msg/detail/joint_status__rosidl_typesupport_introspection_cpp.hpp
[50.813s] -- Up-to-date: /home/eierobot/ROS/teleop_ws/src/teleop_robot_bridge/install/teleop_robot_bridge/include/teleop_robot_bridge/teleop_robot_bridge/msg/detail/gripper_status__rosidl_typesupport_introspection_cpp.hpp
[50.813s] -- Up-to-date: /home/eierobot/ROS/teleop_ws/src/teleop_robot_bridge/install/teleop_robot_bridge/include/teleop_robot_bridge/teleop_robot_bridge/msg/detail/head_joint_command__rosidl_typesupport_introspection_cpp.hpp
[50.813s] -- Up-to-date: /home/eierobot/ROS/teleop_ws/src/teleop_robot_bridge/install/teleop_robot_bridge/include/teleop_robot_bridge/teleop_robot_bridge/msg/detail/agv_imu__type_support.cpp
[50.814s] -- Up-to-date: /home/eierobot/ROS/teleop_ws/src/teleop_robot_bridge/install/teleop_robot_bridge/include/teleop_robot_bridge/teleop_robot_bridge/msg/detail/single_device_state__type_support.cpp
[50.814s] -- Up-to-date: /home/eierobot/ROS/teleop_ws/src/teleop_robot_bridge/install/teleop_robot_bridge/include/teleop_robot_bridge/teleop_robot_bridge/msg/detail/single_gripper_status__type_support.cpp
[50.814s] -- Up-to-date: /home/eierobot/ROS/teleop_ws/src/teleop_robot_bridge/install/teleop_robot_bridge/include/teleop_robot_bridge/teleop_robot_bridge/msg/detail/head_joint_status__type_support.cpp
[50.814s] -- Up-to-date: /home/eierobot/ROS/teleop_ws/src/teleop_robot_bridge/install/teleop_robot_bridge/include/teleop_robot_bridge/teleop_robot_bridge/msg/detail/agv_joint_status__type_support.cpp
[50.814s] -- Up-to-date: /home/eierobot/ROS/teleop_ws/src/teleop_robot_bridge/install/teleop_robot_bridge/include/teleop_robot_bridge/teleop_robot_bridge/msg/detail/temperature__type_support.cpp
[50.814s] -- Up-to-date: /home/eierobot/ROS/teleop_ws/src/teleop_robot_bridge/install/teleop_robot_bridge/include/teleop_robot_bridge/teleop_robot_bridge/msg/detail/waist_joint_feedback__type_support.cpp
[50.814s] -- Up-to-date: /home/eierobot/ROS/teleop_ws/src/teleop_robot_bridge/install/teleop_robot_bridge/include/teleop_robot_bridge/teleop_robot_bridge/msg/detail/agv_vel__rosidl_typesupport_introspection_cpp.hpp
[50.814s] -- Up-to-date: /home/eierobot/ROS/teleop_ws/src/teleop_robot_bridge/install/teleop_robot_bridge/include/teleop_robot_bridge/teleop_robot_bridge/msg/detail/head_motion_ctrl__type_support.cpp
[50.814s] -- Up-to-date: /home/eierobot/ROS/teleop_ws/src/teleop_robot_bridge/install/teleop_robot_bridge/include/teleop_robot_bridge/teleop_robot_bridge/msg/detail/agv_vda5050_state__rosidl_typesupport_introspection_cpp.hpp
[50.814s] -- Up-to-date: /home/eierobot/ROS/teleop_ws/src/teleop_robot_bridge/install/teleop_robot_bridge/include/teleop_robot_bridge/teleop_robot_bridge/msg/detail/waist_joint_command__rosidl_typesupport_introspection_cpp.hpp
[50.814s] -- Up-to-date: /home/eierobot/ROS/teleop_ws/src/teleop_robot_bridge/install/teleop_robot_bridge/include/teleop_robot_bridge/teleop_robot_bridge/msg/detail/gripper_device_state__rosidl_typesupport_introspection_cpp.hpp
[50.815s] -- Up-to-date: /home/eierobot/ROS/teleop_ws/src/teleop_robot_bridge/install/teleop_robot_bridge/include/teleop_robot_bridge/teleop_robot_bridge/msg/detail/waist_joint_feedback__rosidl_typesupport_introspection_cpp.hpp
[50.815s] -- Up-to-date: /home/eierobot/ROS/teleop_ws/src/teleop_robot_bridge/install/teleop_robot_bridge/include/teleop_robot_bridge/teleop_robot_bridge/msg/detail/gripper_move__rosidl_typesupport_introspection_cpp.hpp
[50.815s] -- Up-to-date: /home/eierobot/ROS/teleop_ws/src/teleop_robot_bridge/install/teleop_robot_bridge/include/teleop_robot_bridge/teleop_robot_bridge/msg/detail/agv_cmd_vel__type_support.cpp
[50.815s] -- Up-to-date: /home/eierobot/ROS/teleop_ws/src/teleop_robot_bridge/install/teleop_robot_bridge/include/teleop_robot_bridge/teleop_robot_bridge/msg/detail/ee_tcp_command__type_support.cpp
[50.815s] -- Up-to-date: /home/eierobot/ROS/teleop_ws/src/teleop_robot_bridge/install/teleop_robot_bridge/include/teleop_robot_bridge/teleop_robot_bridge/msg/detail/hand_tactile__rosidl_typesupport_introspection_cpp.hpp
[50.815s] -- Up-to-date: /home/eierobot/ROS/teleop_ws/src/teleop_robot_bridge/install/teleop_robot_bridge/include/teleop_robot_bridge/teleop_robot_bridge/msg/detail/upper_body_device_state__rosidl_typesupport_introspection_cpp.hpp
[50.815s] -- Up-to-date: /home/eierobot/ROS/teleop_ws/src/teleop_robot_bridge/install/teleop_robot_bridge/include/teleop_robot_bridge/teleop_robot_bridge/msg/detail/head_joint_feedback__rosidl_typesupport_introspection_cpp.hpp
[50.815s] -- Up-to-date: /home/eierobot/ROS/teleop_ws/src/teleop_robot_bridge/install/teleop_robot_bridge/include/teleop_robot_bridge/teleop_robot_bridge/msg/detail/agv_joint_feedback__type_support.cpp
[50.815s] -- Up-to-date: /home/eierobot/ROS/teleop_ws/src/teleop_robot_bridge/install/teleop_robot_bridge/include/teleop_robot_bridge/teleop_robot_bridge/msg/detail/waist_joint_status__type_support.cpp
[50.815s] -- Up-to-date: /home/eierobot/ROS/teleop_ws/src/teleop_robot_bridge/install/teleop_robot_bridge/include/teleop_robot_bridge/teleop_robot_bridge/msg/detail/agv_joint_status__rosidl_typesupport_introspection_cpp.hpp
[50.815s] -- Up-to-date: /home/eierobot/ROS/teleop_ws/src/teleop_robot_bridge/install/teleop_robot_bridge/include/teleop_robot_bridge/teleop_robot_bridge/msg/detail/arm_joint_status__rosidl_typesupport_introspection_cpp.hpp
[50.816s] -- Up-to-date: /home/eierobot/ROS/teleop_ws/src/teleop_robot_bridge/install/teleop_robot_bridge/include/teleop_robot_bridge/teleop_robot_bridge/msg/detail/agv_device_state__rosidl_typesupport_introspection_cpp.hpp
[50.816s] -- Up-to-date: /home/eierobot/ROS/teleop_ws/src/teleop_robot_bridge/install/teleop_robot_bridge/include/teleop_robot_bridge/teleop_robot_bridge/msg/detail/agv_device_state__type_support.cpp
[50.816s] -- Up-to-date: /home/eierobot/ROS/teleop_ws/src/teleop_robot_bridge/install/teleop_robot_bridge/include/teleop_robot_bridge/teleop_robot_bridge/msg/detail/joy_state__type_support.cpp
[50.816s] -- Up-to-date: /home/eierobot/ROS/teleop_ws/src/teleop_robot_bridge/install/teleop_robot_bridge/lib/libteleop_robot_bridge__rosidl_typesupport_introspection_cpp.so
[50.816s] -- Up-to-date: /home/eierobot/ROS/teleop_ws/src/teleop_robot_bridge/install/teleop_robot_bridge/lib/libteleop_robot_bridge__rosidl_typesupport_cpp.so
[50.816s] -- Up-to-date: /home/eierobot/ROS/teleop_ws/src/teleop_robot_bridge/install/teleop_robot_bridge/share/teleop_robot_bridge/environment/pythonpath.sh
[50.816s] -- Up-to-date: /home/eierobot/ROS/teleop_ws/src/teleop_robot_bridge/install/teleop_robot_bridge/share/teleop_robot_bridge/environment/pythonpath.dsv
[50.816s] -- Up-to-date: /home/eierobot/ROS/teleop_ws/src/teleop_robot_bridge/install/teleop_robot_bridge/lib/python3.12/site-packages/teleop_robot_bridge-0.0.0-py3.12.egg-info
[50.816s] -- Installing: /home/eierobot/ROS/teleop_ws/src/teleop_robot_bridge/install/teleop_robot_bridge/lib/python3.12/site-packages/teleop_robot_bridge-0.0.0-py3.12.egg-info/SOURCES.txt
[50.816s] -- Installing: /home/eierobot/ROS/teleop_ws/src/teleop_robot_bridge/install/teleop_robot_bridge/lib/python3.12/site-packages/teleop_robot_bridge-0.0.0-py3.12.egg-info/top_level.txt
[50.816s] -- Installing: /home/eierobot/ROS/teleop_ws/src/teleop_robot_bridge/install/teleop_robot_bridge/lib/python3.12/site-packages/teleop_robot_bridge-0.0.0-py3.12.egg-info/dependency_links.txt
[50.817s] -- Installing: /home/eierobot/ROS/teleop_ws/src/teleop_robot_bridge/install/teleop_robot_bridge/lib/python3.12/site-packages/teleop_robot_bridge-0.0.0-py3.12.egg-info/PKG-INFO
[50.817s] -- Up-to-date: /home/eierobot/ROS/teleop_ws/src/teleop_robot_bridge/install/teleop_robot_bridge/lib/python3.12/site-packages/teleop_robot_bridge
[50.817s] -- Up-to-date: /home/eierobot/ROS/teleop_ws/src/teleop_robot_bridge/install/teleop_robot_bridge/lib/python3.12/site-packages/teleop_robot_bridge/msg
[50.817s] -- Up-to-date: /home/eierobot/ROS/teleop_ws/src/teleop_robot_bridge/install/teleop_robot_bridge/lib/python3.12/site-packages/teleop_robot_bridge/msg/_agv_joint_feedback_s.c
[50.817s] -- Up-to-date: /home/eierobot/ROS/teleop_ws/src/teleop_robot_bridge/install/teleop_robot_bridge/lib/python3.12/site-packages/teleop_robot_bridge/msg/_head_joint_command.py
[50.817s] -- Up-to-date: /home/eierobot/ROS/teleop_ws/src/teleop_robot_bridge/install/teleop_robot_bridge/lib/python3.12/site-packages/teleop_robot_bridge/msg/_gripper_move_s.c
[50.817s] -- Up-to-date: /home/eierobot/ROS/teleop_ws/src/teleop_robot_bridge/install/teleop_robot_bridge/lib/python3.12/site-packages/teleop_robot_bridge/msg/_head_joint_status_s.c
[50.817s] -- Up-to-date: /home/eierobot/ROS/teleop_ws/src/teleop_robot_bridge/install/teleop_robot_bridge/lib/python3.12/site-packages/teleop_robot_bridge/msg/__init__.py
[50.817s] -- Up-to-date: /home/eierobot/ROS/teleop_ws/src/teleop_robot_bridge/install/teleop_robot_bridge/lib/python3.12/site-packages/teleop_robot_bridge/msg/_gripper_move.py
[50.817s] -- Up-to-date: /home/eierobot/ROS/teleop_ws/src/teleop_robot_bridge/install/teleop_robot_bridge/lib/python3.12/site-packages/teleop_robot_bridge/msg/_waist_joint_status.py
[50.817s] -- Up-to-date: /home/eierobot/ROS/teleop_ws/src/teleop_robot_bridge/install/teleop_robot_bridge/lib/python3.12/site-packages/teleop_robot_bridge/msg/_agv_joint_status.py
[50.817s] -- Up-to-date: /home/eierobot/ROS/teleop_ws/src/teleop_robot_bridge/install/teleop_robot_bridge/lib/python3.12/site-packages/teleop_robot_bridge/msg/_waist_joint_command.py
[50.818s] -- Up-to-date: /home/eierobot/ROS/teleop_ws/src/teleop_robot_bridge/install/teleop_robot_bridge/lib/python3.12/site-packages/teleop_robot_bridge/msg/_agv_battery_state.py
[50.818s] -- Up-to-date: /home/eierobot/ROS/teleop_ws/src/teleop_robot_bridge/install/teleop_robot_bridge/lib/python3.12/site-packages/teleop_robot_bridge/msg/_head_joint_feedback_s.c
[50.818s] -- Up-to-date: /home/eierobot/ROS/teleop_ws/src/teleop_robot_bridge/install/teleop_robot_bridge/lib/python3.12/site-packages/teleop_robot_bridge/msg/_waist_joint_feedback_s.c
[50.818s] -- Up-to-date: /home/eierobot/ROS/teleop_ws/src/teleop_robot_bridge/install/teleop_robot_bridge/lib/python3.12/site-packages/teleop_robot_bridge/msg/_agv_joint_status_s.c
[50.818s] -- Up-to-date: /home/eierobot/ROS/teleop_ws/src/teleop_robot_bridge/install/teleop_robot_bridge/lib/python3.12/site-packages/teleop_robot_bridge/msg/_gripper_device_state.py
[50.818s] -- Up-to-date: /home/eierobot/ROS/teleop_ws/src/teleop_robot_bridge/install/teleop_robot_bridge/lib/python3.12/site-packages/teleop_robot_bridge/msg/_temperature_s.c
[50.818s] -- Up-to-date: /home/eierobot/ROS/teleop_ws/src/teleop_robot_bridge/install/teleop_robot_bridge/lib/python3.12/site-packages/teleop_robot_bridge/msg/_waist_joint_feedback.py
[50.818s] -- Up-to-date: /home/eierobot/ROS/teleop_ws/src/teleop_robot_bridge/install/teleop_robot_bridge/lib/python3.12/site-packages/teleop_robot_bridge/msg/_head_joint_feedback.py
[50.818s] -- Up-to-date: /home/eierobot/ROS/teleop_ws/src/teleop_robot_bridge/install/teleop_robot_bridge/lib/python3.12/site-packages/teleop_robot_bridge/msg/_agv_cmd_vel_s.c
[50.818s] -- Up-to-date: /home/eierobot/ROS/teleop_ws/src/teleop_robot_bridge/install/teleop_robot_bridge/lib/python3.12/site-packages/teleop_robot_bridge/msg/_single_gripper_move.py
[50.818s] -- Up-to-date: /home/eierobot/ROS/teleop_ws/src/teleop_robot_bridge/install/teleop_robot_bridge/lib/python3.12/site-packages/teleop_robot_bridge/msg/_single_device_state.py
[50.819s] -- Up-to-date: /home/eierobot/ROS/teleop_ws/src/teleop_robot_bridge/install/teleop_robot_bridge/lib/python3.12/site-packages/teleop_robot_bridge/msg/_arm_motion_ctrl_s.c
[50.819s] -- Up-to-date: /home/eierobot/ROS/teleop_ws/src/teleop_robot_bridge/install/teleop_robot_bridge/lib/python3.12/site-packages/teleop_robot_bridge/msg/_single_gripper_status.py
[50.819s] -- Up-to-date: /home/eierobot/ROS/teleop_ws/src/teleop_robot_bridge/install/teleop_robot_bridge/lib/python3.12/site-packages/teleop_robot_bridge/msg/_agv_battery_state_s.c
[50.819s] -- Up-to-date: /home/eierobot/ROS/teleop_ws/src/teleop_robot_bridge/install/teleop_robot_bridge/lib/python3.12/site-packages/teleop_robot_bridge/msg/_single_gripper_status_s.c
[50.819s] -- Up-to-date: /home/eierobot/ROS/teleop_ws/src/teleop_robot_bridge/install/teleop_robot_bridge/lib/python3.12/site-packages/teleop_robot_bridge/msg/_head_motion_ctrl_s.c
[50.819s] -- Up-to-date: /home/eierobot/ROS/teleop_ws/src/teleop_robot_bridge/install/teleop_robot_bridge/lib/python3.12/site-packages/teleop_robot_bridge/msg/_head_joint_command_s.c
[50.819s] -- Up-to-date: /home/eierobot/ROS/teleop_ws/src/teleop_robot_bridge/install/teleop_robot_bridge/lib/python3.12/site-packages/teleop_robot_bridge/msg/_head_motion_ctrl.py
[50.819s] -- Up-to-date: /home/eierobot/ROS/teleop_ws/src/teleop_robot_bridge/install/teleop_robot_bridge/lib/python3.12/site-packages/teleop_robot_bridge/msg/_arm_joint_feedback.py
[50.819s] -- Up-to-date: /home/eierobot/ROS/teleop_ws/src/teleop_robot_bridge/install/teleop_robot_bridge/lib/python3.12/site-packages/teleop_robot_bridge/msg/_joint_status_s.c
[50.819s] -- Up-to-date: /home/eierobot/ROS/teleop_ws/src/teleop_robot_bridge/install/teleop_robot_bridge/lib/python3.12/site-packages/teleop_robot_bridge/msg/_upper_body_device_state.py
[50.819s] -- Up-to-date: /home/eierobot/ROS/teleop_ws/src/teleop_robot_bridge/install/teleop_robot_bridge/lib/python3.12/site-packages/teleop_robot_bridge/msg/_ee_tcp_command_s.c
[50.819s] -- Up-to-date: /home/eierobot/ROS/teleop_ws/src/teleop_robot_bridge/install/teleop_robot_bridge/lib/python3.12/site-packages/teleop_robot_bridge/msg/_agv_ultrasonic.py
[50.820s] -- Up-to-date: /home/eierobot/ROS/teleop_ws/src/teleop_robot_bridge/install/teleop_robot_bridge/lib/python3.12/site-packages/teleop_robot_bridge/msg/_gripper_device_state_s.c
[50.820s] -- Up-to-date: /home/eierobot/ROS/teleop_ws/src/teleop_robot_bridge/install/teleop_robot_bridge/lib/python3.12/site-packages/teleop_robot_bridge/msg/_joy_state.py
[50.820s] -- Up-to-date: /home/eierobot/ROS/teleop_ws/src/teleop_robot_bridge/install/teleop_robot_bridge/lib/python3.12/site-packages/teleop_robot_bridge/msg/_waist_joint_command_s.c
[50.820s] -- Up-to-date: /home/eierobot/ROS/teleop_ws/src/teleop_robot_bridge/install/teleop_robot_bridge/lib/python3.12/site-packages/teleop_robot_bridge/msg/_agv_vda5050_state.py
[50.820s] -- Up-to-date: /home/eierobot/ROS/teleop_ws/src/teleop_robot_bridge/install/teleop_robot_bridge/lib/python3.12/site-packages/teleop_robot_bridge/msg/_waist_tcp_command_s.c
[50.820s] -- Up-to-date: /home/eierobot/ROS/teleop_ws/src/teleop_robot_bridge/install/teleop_robot_bridge/lib/python3.12/site-packages/teleop_robot_bridge/msg/_joy_state_s.c
[50.820s] -- Up-to-date: /home/eierobot/ROS/teleop_ws/src/teleop_robot_bridge/install/teleop_robot_bridge/lib/python3.12/site-packages/teleop_robot_bridge/msg/_head_joint_status.py
[50.820s] -- Up-to-date: /home/eierobot/ROS/teleop_ws/src/teleop_robot_bridge/install/teleop_robot_bridge/lib/python3.12/site-packages/teleop_robot_bridge/msg/_agv_ultrasonic_s.c
[50.820s] -- Up-to-date: /home/eierobot/ROS/teleop_ws/src/teleop_robot_bridge/install/teleop_robot_bridge/lib/python3.12/site-packages/teleop_robot_bridge/msg/_gripper_status.py
[50.820s] -- Up-to-date: /home/eierobot/ROS/teleop_ws/src/teleop_robot_bridge/install/teleop_robot_bridge/lib/python3.12/site-packages/teleop_robot_bridge/msg/_agv_motion_ctrl_s.c
[50.820s] -- Up-to-date: /home/eierobot/ROS/teleop_ws/src/teleop_robot_bridge/install/teleop_robot_bridge/lib/python3.12/site-packages/teleop_robot_bridge/msg/_temperature.py
[50.820s] -- Up-to-date: /home/eierobot/ROS/teleop_ws/src/teleop_robot_bridge/install/teleop_robot_bridge/lib/python3.12/site-packages/teleop_robot_bridge/msg/_arm_joint_status_s.c
[50.821s] -- Up-to-date: /home/eierobot/ROS/teleop_ws/src/teleop_robot_bridge/install/teleop_robot_bridge/lib/python3.12/site-packages/teleop_robot_bridge/msg/_arm_motion_ctrl.py
[50.821s] -- Up-to-date: /home/eierobot/ROS/teleop_ws/src/teleop_robot_bridge/install/teleop_robot_bridge/lib/python3.12/site-packages/teleop_robot_bridge/msg/_single_gripper_move_s.c
[50.821s] -- Up-to-date: /home/eierobot/ROS/teleop_ws/src/teleop_robot_bridge/install/teleop_robot_bridge/lib/python3.12/site-packages/teleop_robot_bridge/msg/_gripper_tactile_s.c
[50.821s] -- Up-to-date: /home/eierobot/ROS/teleop_ws/src/teleop_robot_bridge/install/teleop_robot_bridge/lib/python3.12/site-packages/teleop_robot_bridge/msg/_agv_vel.py
[50.821s] -- Up-to-date: /home/eierobot/ROS/teleop_ws/src/teleop_robot_bridge/install/teleop_robot_bridge/lib/python3.12/site-packages/teleop_robot_bridge/msg/_agv_device_state_s.c
[50.821s] -- Up-to-date: /home/eierobot/ROS/teleop_ws/src/teleop_robot_bridge/install/teleop_robot_bridge/lib/python3.12/site-packages/teleop_robot_bridge/msg/_gripper_tactile.py
[50.821s] -- Up-to-date: /home/eierobot/ROS/teleop_ws/src/teleop_robot_bridge/install/teleop_robot_bridge/lib/python3.12/site-packages/teleop_robot_bridge/msg/_arm_joint_status.py
[50.821s] -- Up-to-date: /home/eierobot/ROS/teleop_ws/src/teleop_robot_bridge/install/teleop_robot_bridge/lib/python3.12/site-packages/teleop_robot_bridge/msg/_waist_tcp_command.py
[50.821s] -- Up-to-date: /home/eierobot/ROS/teleop_ws/src/teleop_robot_bridge/install/teleop_robot_bridge/lib/python3.12/site-packages/teleop_robot_bridge/msg/_waist_motion_ctrl_s.c
[50.821s] -- Up-to-date: /home/eierobot/ROS/teleop_ws/src/teleop_robot_bridge/install/teleop_robot_bridge/lib/python3.12/site-packages/teleop_robot_bridge/msg/_arm_joint_command_s.c
[50.821s] -- Up-to-date: /home/eierobot/ROS/teleop_ws/src/teleop_robot_bridge/install/teleop_robot_bridge/lib/python3.12/site-packages/teleop_robot_bridge/msg/_hand_tactile_s.c
[50.821s] -- Up-to-date: /home/eierobot/ROS/teleop_ws/src/teleop_robot_bridge/install/teleop_robot_bridge/lib/python3.12/site-packages/teleop_robot_bridge/msg/_arm_joint_command.py
[50.822s] -- Up-to-date: /home/eierobot/ROS/teleop_ws/src/teleop_robot_bridge/install/teleop_robot_bridge/lib/python3.12/site-packages/teleop_robot_bridge/msg/_agv_device_state.py
[50.822s] -- Up-to-date: /home/eierobot/ROS/teleop_ws/src/teleop_robot_bridge/install/teleop_robot_bridge/lib/python3.12/site-packages/teleop_robot_bridge/msg/_single_device_state_s.c
[50.822s] -- Up-to-date: /home/eierobot/ROS/teleop_ws/src/teleop_robot_bridge/install/teleop_robot_bridge/lib/python3.12/site-packages/teleop_robot_bridge/msg/_joint_status.py
[50.822s] -- Up-to-date: /home/eierobot/ROS/teleop_ws/src/teleop_robot_bridge/install/teleop_robot_bridge/lib/python3.12/site-packages/teleop_robot_bridge/msg/_agv_vda5050_state_s.c
[50.822s] -- Up-to-date: /home/eierobot/ROS/teleop_ws/src/teleop_robot_bridge/install/teleop_robot_bridge/lib/python3.12/site-packages/teleop_robot_bridge/msg/_agv_vel_s.c
[50.822s] -- Up-to-date: /home/eierobot/ROS/teleop_ws/src/teleop_robot_bridge/install/teleop_robot_bridge/lib/python3.12/site-packages/teleop_robot_bridge/msg/_agv_imu_s.c
[50.822s] -- Up-to-date: /home/eierobot/ROS/teleop_ws/src/teleop_robot_bridge/install/teleop_robot_bridge/lib/python3.12/site-packages/teleop_robot_bridge/msg/_arm_joint_feedback_s.c
[50.822s] -- Up-to-date: /home/eierobot/ROS/teleop_ws/src/teleop_robot_bridge/install/teleop_robot_bridge/lib/python3.12/site-packages/teleop_robot_bridge/msg/_agv_joint_feedback.py
[50.822s] -- Up-to-date: /home/eierobot/ROS/teleop_ws/src/teleop_robot_bridge/install/teleop_robot_bridge/lib/python3.12/site-packages/teleop_robot_bridge/msg/_agv_motion_ctrl.py
[50.822s] -- Up-to-date: /home/eierobot/ROS/teleop_ws/src/teleop_robot_bridge/install/teleop_robot_bridge/lib/python3.12/site-packages/teleop_robot_bridge/msg/_upper_body_device_state_s.c
[50.822s] -- Up-to-date: /home/eierobot/ROS/teleop_ws/src/teleop_robot_bridge/install/teleop_robot_bridge/lib/python3.12/site-packages/teleop_robot_bridge/msg/_hand_tactile.py
[50.822s] -- Up-to-date: /home/eierobot/ROS/teleop_ws/src/teleop_robot_bridge/install/teleop_robot_bridge/lib/python3.12/site-packages/teleop_robot_bridge/msg/_gripper_status_s.c
[50.822s] -- Up-to-date: /home/eierobot/ROS/teleop_ws/src/teleop_robot_bridge/install/teleop_robot_bridge/lib/python3.12/site-packages/teleop_robot_bridge/msg/_agv_cmd_vel.py
[50.823s] -- Up-to-date: /home/eierobot/ROS/teleop_ws/src/teleop_robot_bridge/install/teleop_robot_bridge/lib/python3.12/site-packages/teleop_robot_bridge/msg/_waist_motion_ctrl.py
[50.823s] -- Up-to-date: /home/eierobot/ROS/teleop_ws/src/teleop_robot_bridge/install/teleop_robot_bridge/lib/python3.12/site-packages/teleop_robot_bridge/msg/_waist_joint_status_s.c
[50.823s] -- Up-to-date: /home/eierobot/ROS/teleop_ws/src/teleop_robot_bridge/install/teleop_robot_bridge/lib/python3.12/site-packages/teleop_robot_bridge/msg/_agv_imu.py
[50.823s] -- Up-to-date: /home/eierobot/ROS/teleop_ws/src/teleop_robot_bridge/install/teleop_robot_bridge/lib/python3.12/site-packages/teleop_robot_bridge/msg/_ee_tcp_command.py
[50.823s] -- Installing: /home/eierobot/ROS/teleop_ws/src/teleop_robot_bridge/install/teleop_robot_bridge/lib/python3.12/site-packages/teleop_robot_bridge/__init__.py
[50.823s] -- Up-to-date: /home/eierobot/ROS/teleop_ws/src/teleop_robot_bridge/install/teleop_robot_bridge/lib/python3.12/site-packages/teleop_robot_bridge/_teleop_robot_bridge_s.ep.rosidl_typesupport_c.c
[50.823s] -- Up-to-date: /home/eierobot/ROS/teleop_ws/src/teleop_robot_bridge/install/teleop_robot_bridge/lib/python3.12/site-packages/teleop_robot_bridge/teleop_robot_bridge_s__rosidl_typesupport_fastrtps_c.so
[50.823s] -- Up-to-date: /home/eierobot/ROS/teleop_ws/src/teleop_robot_bridge/install/teleop_robot_bridge/lib/python3.12/site-packages/teleop_robot_bridge/teleop_robot_bridge_s__rosidl_typesupport_introspection_c.so
[50.823s] -- Up-to-date: /home/eierobot/ROS/teleop_ws/src/teleop_robot_bridge/install/teleop_robot_bridge/lib/python3.12/site-packages/teleop_robot_bridge/teleop_robot_bridge_s__rosidl_typesupport_c.so
[50.823s] -- Up-to-date: /home/eierobot/ROS/teleop_ws/src/teleop_robot_bridge/install/teleop_robot_bridge/lib/python3.12/site-packages/teleop_robot_bridge/_teleop_robot_bridge_s.ep.rosidl_typesupport_fastrtps_c.c
[50.823s] -- Up-to-date: /home/eierobot/ROS/teleop_ws/src/teleop_robot_bridge/install/teleop_robot_bridge/lib/python3.12/site-packages/teleop_robot_bridge/_teleop_robot_bridge_s.ep.rosidl_typesupport_introspection_c.c
[50.823s] Listing '/home/eierobot/ROS/teleop_ws/src/teleop_robot_bridge/install/teleop_robot_bridge/lib/python3.12/site-packages/teleop_robot_bridge'...
[50.824s] Compiling '/home/eierobot/ROS/teleop_ws/src/teleop_robot_bridge/install/teleop_robot_bridge/lib/python3.12/site-packages/teleop_robot_bridge/__init__.py'...
[50.824s] Listing '/home/eierobot/ROS/teleop_ws/src/teleop_robot_bridge/install/teleop_robot_bridge/lib/python3.12/site-packages/teleop_robot_bridge/msg'...
[50.824s] -- Up-to-date: /home/eierobot/ROS/teleop_ws/src/teleop_robot_bridge/install/teleop_robot_bridge/lib/python3.12/site-packages/teleop_robot_bridge/teleop_robot_bridge_s__rosidl_typesupport_fastrtps_c.so
[50.824s] -- Up-to-date: /home/eierobot/ROS/teleop_ws/src/teleop_robot_bridge/install/teleop_robot_bridge/lib/python3.12/site-packages/teleop_robot_bridge/teleop_robot_bridge_s__rosidl_typesupport_introspection_c.so
[50.824s] -- Up-to-date: /home/eierobot/ROS/teleop_ws/src/teleop_robot_bridge/install/teleop_robot_bridge/lib/python3.12/site-packages/teleop_robot_bridge/teleop_robot_bridge_s__rosidl_typesupport_c.so
[50.824s] -- Up-to-date: /home/eierobot/ROS/teleop_ws/src/teleop_robot_bridge/install/teleop_robot_bridge/lib/libteleop_robot_bridge__rosidl_generator_py.so
[50.824s] -- Up-to-date: /home/eierobot/ROS/teleop_ws/src/teleop_robot_bridge/install/teleop_robot_bridge/share/ament_index/resource_index/rust_packages/teleop_robot_bridge
[50.824s] -- Up-to-date: /home/eierobot/ROS/teleop_ws/src/teleop_robot_bridge/install/teleop_robot_bridge/share/teleop_robot_bridge/rust
[50.824s] -- Up-to-date: /home/eierobot/ROS/teleop_ws/src/teleop_robot_bridge/install/teleop_robot_bridge/share/teleop_robot_bridge/rust/build.rs
[50.824s] -- Up-to-date: /home/eierobot/ROS/teleop_ws/src/teleop_robot_bridge/install/teleop_robot_bridge/share/teleop_robot_bridge/rust/Cargo.toml
[50.824s] -- Up-to-date: /home/eierobot/ROS/teleop_ws/src/teleop_robot_bridge/install/teleop_robot_bridge/share/teleop_robot_bridge/rust/src
[50.824s] -- Up-to-date: /home/eierobot/ROS/teleop_ws/src/teleop_robot_bridge/install/teleop_robot_bridge/share/teleop_robot_bridge/rust/src/msg
[50.824s] -- Up-to-date: /home/eierobot/ROS/teleop_ws/src/teleop_robot_bridge/install/teleop_robot_bridge/share/teleop_robot_bridge/rust/src/msg/rmw.rs
[50.825s] -- Up-to-date: /home/eierobot/ROS/teleop_ws/src/teleop_robot_bridge/install/teleop_robot_bridge/share/teleop_robot_bridge/rust/src/lib.rs
[50.825s] -- Up-to-date: /home/eierobot/ROS/teleop_ws/src/teleop_robot_bridge/install/teleop_robot_bridge/share/teleop_robot_bridge/rust/src/msg.rs
[50.825s] -- Up-to-date: /home/eierobot/ROS/teleop_ws/src/teleop_robot_bridge/install/teleop_robot_bridge/share/teleop_robot_bridge/msg/AgvBatteryState.idl
[50.825s] -- Up-to-date: /home/eierobot/ROS/teleop_ws/src/teleop_robot_bridge/install/teleop_robot_bridge/share/teleop_robot_bridge/msg/AgvCmdVel.idl
[50.825s] -- Up-to-date: /home/eierobot/ROS/teleop_ws/src/teleop_robot_bridge/install/teleop_robot_bridge/share/teleop_robot_bridge/msg/AgvDeviceState.idl
[50.825s] -- Up-to-date: /home/eierobot/ROS/teleop_ws/src/teleop_robot_bridge/install/teleop_robot_bridge/share/teleop_robot_bridge/msg/AgvImu.idl
[50.825s] -- Up-to-date: /home/eierobot/ROS/teleop_ws/src/teleop_robot_bridge/install/teleop_robot_bridge/share/teleop_robot_bridge/msg/AgvJointFeedback.idl
[50.825s] -- Up-to-date: /home/eierobot/ROS/teleop_ws/src/teleop_robot_bridge/install/teleop_robot_bridge/share/teleop_robot_bridge/msg/AgvJointStatus.idl
[50.825s] -- Up-to-date: /home/eierobot/ROS/teleop_ws/src/teleop_robot_bridge/install/teleop_robot_bridge/share/teleop_robot_bridge/msg/AgvMotionCtrl.idl
[50.825s] -- Up-to-date: /home/eierobot/ROS/teleop_ws/src/teleop_robot_bridge/install/teleop_robot_bridge/share/teleop_robot_bridge/msg/AgvUltrasonic.idl
[50.825s] -- Up-to-date: /home/eierobot/ROS/teleop_ws/src/teleop_robot_bridge/install/teleop_robot_bridge/share/teleop_robot_bridge/msg/AgvVda5050State.idl
[50.825s] -- Up-to-date: /home/eierobot/ROS/teleop_ws/src/teleop_robot_bridge/install/teleop_robot_bridge/share/teleop_robot_bridge/msg/AgvVel.idl
[50.826s] -- Up-to-date: /home/eierobot/ROS/teleop_ws/src/teleop_robot_bridge/install/teleop_robot_bridge/share/teleop_robot_bridge/msg/ArmJointCommand.idl
[50.826s] -- Up-to-date: /home/eierobot/ROS/teleop_ws/src/teleop_robot_bridge/install/teleop_robot_bridge/share/teleop_robot_bridge/msg/ArmJointFeedback.idl
[50.826s] -- Up-to-date: /home/eierobot/ROS/teleop_ws/src/teleop_robot_bridge/install/teleop_robot_bridge/share/teleop_robot_bridge/msg/ArmJointStatus.idl
[50.826s] -- Up-to-date: /home/eierobot/ROS/teleop_ws/src/teleop_robot_bridge/install/teleop_robot_bridge/share/teleop_robot_bridge/msg/ArmMotionCtrl.idl
[50.826s] -- Up-to-date: /home/eierobot/ROS/teleop_ws/src/teleop_robot_bridge/install/teleop_robot_bridge/share/teleop_robot_bridge/msg/EeTcpCommand.idl
[50.826s] -- Up-to-date: /home/eierobot/ROS/teleop_ws/src/teleop_robot_bridge/install/teleop_robot_bridge/share/teleop_robot_bridge/msg/GripperDeviceState.idl
[50.826s] -- Up-to-date: /home/eierobot/ROS/teleop_ws/src/teleop_robot_bridge/install/teleop_robot_bridge/share/teleop_robot_bridge/msg/GripperMove.idl
[50.826s] -- Up-to-date: /home/eierobot/ROS/teleop_ws/src/teleop_robot_bridge/install/teleop_robot_bridge/share/teleop_robot_bridge/msg/GripperStatus.idl
[50.826s] -- Up-to-date: /home/eierobot/ROS/teleop_ws/src/teleop_robot_bridge/install/teleop_robot_bridge/share/teleop_robot_bridge/msg/GripperTactile.idl
[50.826s] -- Up-to-date: /home/eierobot/ROS/teleop_ws/src/teleop_robot_bridge/install/teleop_robot_bridge/share/teleop_robot_bridge/msg/HandTactile.idl
[50.826s] -- Up-to-date: /home/eierobot/ROS/teleop_ws/src/teleop_robot_bridge/install/teleop_robot_bridge/share/teleop_robot_bridge/msg/HeadJointCommand.idl
[50.826s] -- Up-to-date: /home/eierobot/ROS/teleop_ws/src/teleop_robot_bridge/install/teleop_robot_bridge/share/teleop_robot_bridge/msg/HeadJointFeedback.idl
[50.826s] -- Up-to-date: /home/eierobot/ROS/teleop_ws/src/teleop_robot_bridge/install/teleop_robot_bridge/share/teleop_robot_bridge/msg/HeadJointStatus.idl
[50.827s] -- Up-to-date: /home/eierobot/ROS/teleop_ws/src/teleop_robot_bridge/install/teleop_robot_bridge/share/teleop_robot_bridge/msg/HeadMotionCtrl.idl
[50.827s] -- Up-to-date: /home/eierobot/ROS/teleop_ws/src/teleop_robot_bridge/install/teleop_robot_bridge/share/teleop_robot_bridge/msg/JointStatus.idl
[50.827s] -- Up-to-date: /home/eierobot/ROS/teleop_ws/src/teleop_robot_bridge/install/teleop_robot_bridge/share/teleop_robot_bridge/msg/JoyState.idl
[50.827s] -- Up-to-date: /home/eierobot/ROS/teleop_ws/src/teleop_robot_bridge/install/teleop_robot_bridge/share/teleop_robot_bridge/msg/SingleDeviceState.idl
[50.827s] -- Up-to-date: /home/eierobot/ROS/teleop_ws/src/teleop_robot_bridge/install/teleop_robot_bridge/share/teleop_robot_bridge/msg/SingleGripperMove.idl
[50.827s] -- Up-to-date: /home/eierobot/ROS/teleop_ws/src/teleop_robot_bridge/install/teleop_robot_bridge/share/teleop_robot_bridge/msg/SingleGripperStatus.idl
[50.827s] -- Up-to-date: /home/eierobot/ROS/teleop_ws/src/teleop_robot_bridge/install/teleop_robot_bridge/share/teleop_robot_bridge/msg/Temperature.idl
[50.827s] -- Up-to-date: /home/eierobot/ROS/teleop_ws/src/teleop_robot_bridge/install/teleop_robot_bridge/share/teleop_robot_bridge/msg/UpperBodyDeviceState.idl
[50.827s] -- Up-to-date: /home/eierobot/ROS/teleop_ws/src/teleop_robot_bridge/install/teleop_robot_bridge/share/teleop_robot_bridge/msg/WaistJointCommand.idl
[50.827s] -- Up-to-date: /home/eierobot/ROS/teleop_ws/src/teleop_robot_bridge/install/teleop_robot_bridge/share/teleop_robot_bridge/msg/WaistJointFeedback.idl
[50.827s] -- Up-to-date: /home/eierobot/ROS/teleop_ws/src/teleop_robot_bridge/install/teleop_robot_bridge/share/teleop_robot_bridge/msg/WaistJointStatus.idl
[50.827s] -- Up-to-date: /home/eierobot/ROS/teleop_ws/src/teleop_robot_bridge/install/teleop_robot_bridge/share/teleop_robot_bridge/msg/WaistMotionCtrl.idl
[50.827s] -- Up-to-date: /home/eierobot/ROS/teleop_ws/src/teleop_robot_bridge/install/teleop_robot_bridge/share/teleop_robot_bridge/msg/WaistTcpCommand.idl
[50.828s] -- Up-to-date: /home/eierobot/ROS/teleop_ws/src/teleop_robot_bridge/install/teleop_robot_bridge/share/teleop_robot_bridge/msg/AgvBatteryState.msg
[50.828s] -- Up-to-date: /home/eierobot/ROS/teleop_ws/src/teleop_robot_bridge/install/teleop_robot_bridge/share/teleop_robot_bridge/msg/AgvCmdVel.msg
[50.828s] -- Up-to-date: /home/eierobot/ROS/teleop_ws/src/teleop_robot_bridge/install/teleop_robot_bridge/share/teleop_robot_bridge/msg/AgvDeviceState.msg
[50.828s] -- Up-to-date: /home/eierobot/ROS/teleop_ws/src/teleop_robot_bridge/install/teleop_robot_bridge/share/teleop_robot_bridge/msg/AgvImu.msg
[50.828s] -- Up-to-date: /home/eierobot/ROS/teleop_ws/src/teleop_robot_bridge/install/teleop_robot_bridge/share/teleop_robot_bridge/msg/AgvJointFeedback.msg
[50.828s] -- Up-to-date: /home/eierobot/ROS/teleop_ws/src/teleop_robot_bridge/install/teleop_robot_bridge/share/teleop_robot_bridge/msg/AgvJointStatus.msg
[50.828s] -- Up-to-date: /home/eierobot/ROS/teleop_ws/src/teleop_robot_bridge/install/teleop_robot_bridge/share/teleop_robot_bridge/msg/AgvMotionCtrl.msg
[50.828s] -- Up-to-date: /home/eierobot/ROS/teleop_ws/src/teleop_robot_bridge/install/teleop_robot_bridge/share/teleop_robot_bridge/msg/AgvUltrasonic.msg
[50.828s] -- Up-to-date: /home/eierobot/ROS/teleop_ws/src/teleop_robot_bridge/install/teleop_robot_bridge/share/teleop_robot_bridge/msg/AgvVda5050State.msg
[50.828s] -- Up-to-date: /home/eierobot/ROS/teleop_ws/src/teleop_robot_bridge/install/teleop_robot_bridge/share/teleop_robot_bridge/msg/AgvVel.msg
[50.828s] -- Up-to-date: /home/eierobot/ROS/teleop_ws/src/teleop_robot_bridge/install/teleop_robot_bridge/share/teleop_robot_bridge/msg/ArmJointCommand.msg
[50.828s] -- Up-to-date: /home/eierobot/ROS/teleop_ws/src/teleop_robot_bridge/install/teleop_robot_bridge/share/teleop_robot_bridge/msg/ArmJointFeedback.msg
[50.828s] -- Up-to-date: /home/eierobot/ROS/teleop_ws/src/teleop_robot_bridge/install/teleop_robot_bridge/share/teleop_robot_bridge/msg/ArmJointStatus.msg
[50.828s] -- Up-to-date: /home/eierobot/ROS/teleop_ws/src/teleop_robot_bridge/install/teleop_robot_bridge/share/teleop_robot_bridge/msg/ArmMotionCtrl.msg
[50.829s] -- Up-to-date: /home/eierobot/ROS/teleop_ws/src/teleop_robot_bridge/install/teleop_robot_bridge/share/teleop_robot_bridge/msg/EeTcpCommand.msg
[50.829s] -- Up-to-date: /home/eierobot/ROS/teleop_ws/src/teleop_robot_bridge/install/teleop_robot_bridge/share/teleop_robot_bridge/msg/GripperDeviceState.msg
[50.829s] -- Up-to-date: /home/eierobot/ROS/teleop_ws/src/teleop_robot_bridge/install/teleop_robot_bridge/share/teleop_robot_bridge/msg/GripperMove.msg
[50.829s] -- Up-to-date: /home/eierobot/ROS/teleop_ws/src/teleop_robot_bridge/install/teleop_robot_bridge/share/teleop_robot_bridge/msg/GripperStatus.msg
[50.829s] -- Up-to-date: /home/eierobot/ROS/teleop_ws/src/teleop_robot_bridge/install/teleop_robot_bridge/share/teleop_robot_bridge/msg/GripperTactile.msg
[50.829s] -- Up-to-date: /home/eierobot/ROS/teleop_ws/src/teleop_robot_bridge/install/teleop_robot_bridge/share/teleop_robot_bridge/msg/HandTactile.msg
[50.829s] -- Up-to-date: /home/eierobot/ROS/teleop_ws/src/teleop_robot_bridge/install/teleop_robot_bridge/share/teleop_robot_bridge/msg/HeadJointCommand.msg
[50.829s] -- Up-to-date: /home/eierobot/ROS/teleop_ws/src/teleop_robot_bridge/install/teleop_robot_bridge/share/teleop_robot_bridge/msg/HeadJointFeedback.msg
[50.829s] -- Up-to-date: /home/eierobot/ROS/teleop_ws/src/teleop_robot_bridge/install/teleop_robot_bridge/share/teleop_robot_bridge/msg/HeadJointStatus.msg
[50.829s] -- Up-to-date: /home/eierobot/ROS/teleop_ws/src/teleop_robot_bridge/install/teleop_robot_bridge/share/teleop_robot_bridge/msg/HeadMotionCtrl.msg
[50.829s] -- Up-to-date: /home/eierobot/ROS/teleop_ws/src/teleop_robot_bridge/install/teleop_robot_bridge/share/teleop_robot_bridge/msg/JointStatus.msg
[50.829s] -- Up-to-date: /home/eierobot/ROS/teleop_ws/src/teleop_robot_bridge/install/teleop_robot_bridge/share/teleop_robot_bridge/msg/JoyState.msg
[50.829s] -- Up-to-date: /home/eierobot/ROS/teleop_ws/src/teleop_robot_bridge/install/teleop_robot_bridge/share/teleop_robot_bridge/msg/SingleDeviceState.msg
[50.830s] -- Up-to-date: /home/eierobot/ROS/teleop_ws/src/teleop_robot_bridge/install/teleop_robot_bridge/share/teleop_robot_bridge/msg/SingleGripperMove.msg
[50.830s] -- Up-to-date: /home/eierobot/ROS/teleop_ws/src/teleop_robot_bridge/install/teleop_robot_bridge/share/teleop_robot_bridge/msg/SingleGripperStatus.msg
[50.830s] -- Up-to-date: /home/eierobot/ROS/teleop_ws/src/teleop_robot_bridge/install/teleop_robot_bridge/share/teleop_robot_bridge/msg/Temperature.msg
[50.830s] -- Up-to-date: /home/eierobot/ROS/teleop_ws/src/teleop_robot_bridge/install/teleop_robot_bridge/share/teleop_robot_bridge/msg/UpperBodyDeviceState.msg
[50.830s] -- Up-to-date: /home/eierobot/ROS/teleop_ws/src/teleop_robot_bridge/install/teleop_robot_bridge/share/teleop_robot_bridge/msg/WaistJointCommand.msg
[50.830s] -- Up-to-date: /home/eierobot/ROS/teleop_ws/src/teleop_robot_bridge/install/teleop_robot_bridge/share/teleop_robot_bridge/msg/WaistJointFeedback.msg
[50.830s] -- Up-to-date: /home/eierobot/ROS/teleop_ws/src/teleop_robot_bridge/install/teleop_robot_bridge/share/teleop_robot_bridge/msg/WaistJointStatus.msg
[50.830s] -- Up-to-date: /home/eierobot/ROS/teleop_ws/src/teleop_robot_bridge/install/teleop_robot_bridge/share/teleop_robot_bridge/msg/WaistMotionCtrl.msg
[50.830s] -- Up-to-date: /home/eierobot/ROS/teleop_ws/src/teleop_robot_bridge/install/teleop_robot_bridge/share/teleop_robot_bridge/msg/WaistTcpCommand.msg
[50.830s] -- Installing: /home/eierobot/ROS/teleop_ws/src/teleop_robot_bridge/install/teleop_robot_bridge/lib/teleop_robot_bridge/teleop_robot_bridge
[50.880s] -- Set non-toolchain portion of runtime path of "/home/eierobot/ROS/teleop_ws/src/teleop_robot_bridge/install/teleop_robot_bridge/lib/teleop_robot_bridge/teleop_robot_bridge" to ""
[50.881s] -- Up-to-date: /home/eierobot/ROS/teleop_ws/src/teleop_robot_bridge/install/teleop_robot_bridge/include/teleop_robot_bridge/main_node.hpp
[50.881s] -- Up-to-date: /home/eierobot/ROS/teleop_ws/src/teleop_robot_bridge/install/teleop_robot_bridge/include/teleop_robot_bridge/video
[50.881s] -- Up-to-date: /home/eierobot/ROS/teleop_ws/src/teleop_robot_bridge/install/teleop_robot_bridge/include/teleop_robot_bridge/video/video_module.hpp
[50.881s] -- Up-to-date: /home/eierobot/ROS/teleop_ws/src/teleop_robot_bridge/install/teleop_robot_bridge/include/teleop_robot_bridge/video/video_recorder.hpp
[50.881s] -- Up-to-date: /home/eierobot/ROS/teleop_ws/src/teleop_robot_bridge/install/teleop_robot_bridge/include/teleop_robot_bridge/video/nvbuf_mutex.hpp
[50.881s] -- Up-to-date: /home/eierobot/ROS/teleop_ws/src/teleop_robot_bridge/install/teleop_robot_bridge/include/teleop_robot_bridge/video/video_stream_manager.hpp
[50.881s] -- Up-to-date: /home/eierobot/ROS/teleop_ws/src/teleop_robot_bridge/install/teleop_robot_bridge/include/teleop_robot_bridge/video/video_encoder.hpp
[50.881s] -- Up-to-date: /home/eierobot/ROS/teleop_ws/src/teleop_robot_bridge/install/teleop_robot_bridge/include/teleop_robot_bridge/video/video_undistorter.hpp
[50.881s] -- Up-to-date: /home/eierobot/ROS/teleop_ws/src/teleop_robot_bridge/install/teleop_robot_bridge/include/teleop_robot_bridge/video/video_v4l2_capturer.hpp
[50.881s] -- Installing: /home/eierobot/ROS/teleop_ws/src/teleop_robot_bridge/install/teleop_robot_bridge/include/teleop_robot_bridge/video/cuda_yuv422_converter.hpp
[50.881s] -- Up-to-date: /home/eierobot/ROS/teleop_ws/src/teleop_robot_bridge/install/teleop_robot_bridge/include/teleop_robot_bridge/video/eye_image_publisher.hpp
[50.882s] -- Installing: /home/eierobot/ROS/teleop_ws/src/teleop_robot_bridge/install/teleop_robot_bridge/include/teleop_robot_bridge/video/video_converter.hpp
[50.882s] -- Up-to-date: /home/eierobot/ROS/teleop_ws/src/teleop_robot_bridge/install/teleop_robot_bridge/include/teleop_robot_bridge/video/video_decoder.hpp
[50.882s] -- Up-to-date: /home/eierobot/ROS/teleop_ws/src/teleop_robot_bridge/install/teleop_robot_bridge/include/teleop_robot_bridge/grpc
[50.883s] -- Up-to-date: /home/eierobot/ROS/teleop_ws/src/teleop_robot_bridge/install/teleop_robot_bridge/include/teleop_robot_bridge/grpc/grpc_manager.hpp
[50.883s] -- Up-to-date: /home/eierobot/ROS/teleop_ws/src/teleop_robot_bridge/install/teleop_robot_bridge/include/teleop_robot_bridge/grpc/grpc_module.hpp
[50.883s] -- Up-to-date: /home/eierobot/ROS/teleop_ws/src/teleop_robot_bridge/install/teleop_robot_bridge/include/teleop_robot_bridge/audio
[50.883s] -- Up-to-date: /home/eierobot/ROS/teleop_ws/src/teleop_robot_bridge/install/teleop_robot_bridge/include/teleop_robot_bridge/audio/audio_manager.hpp
[50.884s] -- Up-to-date: /home/eierobot/ROS/teleop_ws/src/teleop_robot_bridge/install/teleop_robot_bridge/include/teleop_robot_bridge/audio/audio_receiver.hpp
[50.884s] -- Up-to-date: /home/eierobot/ROS/teleop_ws/src/teleop_robot_bridge/install/teleop_robot_bridge/include/teleop_robot_bridge/audio/audio_module.hpp
[50.884s] -- Up-to-date: /home/eierobot/ROS/teleop_ws/src/teleop_robot_bridge/install/teleop_robot_bridge/include/teleop_robot_bridge/udp
[50.884s] -- Up-to-date: /home/eierobot/ROS/teleop_ws/src/teleop_robot_bridge/install/teleop_robot_bridge/include/teleop_robot_bridge/udp/fec_interface.hpp
[50.884s] -- Up-to-date: /home/eierobot/ROS/teleop_ws/src/teleop_robot_bridge/install/teleop_robot_bridge/include/teleop_robot_bridge/udp/gf256.hpp
[50.885s] -- Up-to-date: /home/eierobot/ROS/teleop_ws/src/teleop_robot_bridge/install/teleop_robot_bridge/include/teleop_robot_bridge/udp/control_plane.hpp
[50.885s] -- Up-to-date: /home/eierobot/ROS/teleop_ws/src/teleop_robot_bridge/install/teleop_robot_bridge/include/teleop_robot_bridge/udp/send_queue.hpp
[50.885s] -- Up-to-date: /home/eierobot/ROS/teleop_ws/src/teleop_robot_bridge/install/teleop_robot_bridge/include/teleop_robot_bridge/udp/pacer.hpp
[50.885s] -- Up-to-date: /home/eierobot/ROS/teleop_ws/src/teleop_robot_bridge/install/teleop_robot_bridge/include/teleop_robot_bridge/udp/fec_v2.hpp
[50.885s] -- Up-to-date: /home/eierobot/ROS/teleop_ws/src/teleop_robot_bridge/install/teleop_robot_bridge/include/teleop_robot_bridge/udp/udp_socket.hpp
[50.886s] -- Up-to-date: /home/eierobot/ROS/teleop_ws/src/teleop_robot_bridge/install/teleop_robot_bridge/include/teleop_robot_bridge/udp/packet_codec.hpp
[50.886s] -- Up-to-date: /home/eierobot/ROS/teleop_ws/src/teleop_robot_bridge/install/teleop_robot_bridge/include/teleop_robot_bridge/udp/udp_module.hpp
[50.886s] -- Up-to-date: /home/eierobot/ROS/teleop_ws/src/teleop_robot_bridge/install/teleop_robot_bridge/include/teleop_robot_bridge/udp/udp_manager.hpp
[50.886s] -- Up-to-date: /home/eierobot/ROS/teleop_ws/src/teleop_robot_bridge/install/teleop_robot_bridge/include/teleop_robot_bridge/udp/pose_udp_receiver.hpp
[50.886s] -- Up-to-date: /home/eierobot/ROS/teleop_ws/src/teleop_robot_bridge/install/teleop_robot_bridge/include/teleop_robot_bridge/telemetry
[50.887s] -- Up-to-date: /home/eierobot/ROS/teleop_ws/src/teleop_robot_bridge/install/teleop_robot_bridge/include/teleop_robot_bridge/telemetry/robot_telemetry_types.hpp
[50.887s] -- Up-to-date: /home/eierobot/ROS/teleop_ws/src/teleop_robot_bridge/install/teleop_robot_bridge/share/teleop_robot_bridge/config
[50.887s] -- Up-to-date: /home/eierobot/ROS/teleop_ws/src/teleop_robot_bridge/install/teleop_robot_bridge/share/teleop_robot_bridge/config/calibration_stereo.yaml
[50.887s] -- Installing: /home/eierobot/ROS/teleop_ws/src/teleop_robot_bridge/install/teleop_robot_bridge/share/teleop_robot_bridge/config/params.yaml
[50.887s] -- Up-to-date: /home/eierobot/ROS/teleop_ws/src/teleop_robot_bridge/install/teleop_robot_bridge/share/teleop_robot_bridge/config/UDP_VIDEO_FEC_TABLE_V1(1).json
[50.888s] -- Up-to-date: /home/eierobot/ROS/teleop_ws/src/teleop_robot_bridge/install/teleop_robot_bridge/share/teleop_robot_bridge/config/fov.yaml
[50.888s] -- Up-to-date: /home/eierobot/ROS/teleop_ws/src/teleop_robot_bridge/install/teleop_robot_bridge/share/teleop_robot_bridge/launch
[50.888s] -- Up-to-date: /home/eierobot/ROS/teleop_ws/src/teleop_robot_bridge/install/teleop_robot_bridge/share/teleop_robot_bridge/launch/bringup.launch.py
[50.888s] -- Up-to-date: /home/eierobot/ROS/teleop_ws/src/teleop_robot_bridge/install/teleop_robot_bridge/share/ament_index/resource_index/package_run_dependencies/teleop_robot_bridge
[50.888s] -- Up-to-date: /home/eierobot/ROS/teleop_ws/src/teleop_robot_bridge/install/teleop_robot_bridge/share/ament_index/resource_index/parent_prefix_path/teleop_robot_bridge
[50.888s] -- Up-to-date: /home/eierobot/ROS/teleop_ws/src/teleop_robot_bridge/install/teleop_robot_bridge/share/teleop_robot_bridge/environment/ament_prefix_path.sh
[50.888s] -- Up-to-date: /home/eierobot/ROS/teleop_ws/src/teleop_robot_bridge/install/teleop_robot_bridge/share/teleop_robot_bridge/environment/ament_prefix_path.dsv
[50.889s] -- Up-to-date: /home/eierobot/ROS/teleop_ws/src/teleop_robot_bridge/install/teleop_robot_bridge/share/teleop_robot_bridge/environment/path.sh
[50.889s] -- Up-to-date: /home/eierobot/ROS/teleop_ws/src/teleop_robot_bridge/install/teleop_robot_bridge/share/teleop_robot_bridge/environment/path.dsv
[50.889s] -- Up-to-date: /home/eierobot/ROS/teleop_ws/src/teleop_robot_bridge/install/teleop_robot_bridge/share/teleop_robot_bridge/local_setup.bash
[50.889s] -- Up-to-date: /home/eierobot/ROS/teleop_ws/src/teleop_robot_bridge/install/teleop_robot_bridge/share/teleop_robot_bridge/local_setup.sh
[50.889s] -- Up-to-date: /home/eierobot/ROS/teleop_ws/src/teleop_robot_bridge/install/teleop_robot_bridge/share/teleop_robot_bridge/local_setup.zsh
[50.889s] -- Up-to-date: /home/eierobot/ROS/teleop_ws/src/teleop_robot_bridge/install/teleop_robot_bridge/share/teleop_robot_bridge/local_setup.dsv
[50.889s] -- Installing: /home/eierobot/ROS/teleop_ws/src/teleop_robot_bridge/install/teleop_robot_bridge/share/teleop_robot_bridge/package.dsv
[50.889s] -- Up-to-date: /home/eierobot/ROS/teleop_ws/src/teleop_robot_bridge/install/teleop_robot_bridge/share/ament_index/resource_index/packages/teleop_robot_bridge
[50.890s] -- Up-to-date: /home/eierobot/ROS/teleop_ws/src/teleop_robot_bridge/install/teleop_robot_bridge/share/teleop_robot_bridge/cmake/export_teleop_robot_bridge__rosidl_generator_cExport.cmake
[50.890s] -- Up-to-date: /home/eierobot/ROS/teleop_ws/src/teleop_robot_bridge/install/teleop_robot_bridge/share/teleop_robot_bridge/cmake/export_teleop_robot_bridge__rosidl_generator_cExport-relwithdebinfo.cmake
[50.890s] -- Up-to-date: /home/eierobot/ROS/teleop_ws/src/teleop_robot_bridge/install/teleop_robot_bridge/share/teleop_robot_bridge/cmake/export_teleop_robot_bridge__rosidl_typesupport_fastrtps_cExport.cmake
[50.890s] -- Up-to-date: /home/eierobot/ROS/teleop_ws/src/teleop_robot_bridge/install/teleop_robot_bridge/share/teleop_robot_bridge/cmake/export_teleop_robot_bridge__rosidl_typesupport_fastrtps_cExport-relwithdebinfo.cmake
[50.890s] -- Up-to-date: /home/eierobot/ROS/teleop_ws/src/teleop_robot_bridge/install/teleop_robot_bridge/share/teleop_robot_bridge/cmake/teleop_robot_bridge__rosidl_typesupport_introspection_cExport.cmake
[50.890s] -- Up-to-date: /home/eierobot/ROS/teleop_ws/src/teleop_robot_bridge/install/teleop_robot_bridge/share/teleop_robot_bridge/cmake/teleop_robot_bridge__rosidl_typesupport_introspection_cExport-relwithdebinfo.cmake
[50.890s] -- Up-to-date: /home/eierobot/ROS/teleop_ws/src/teleop_robot_bridge/install/teleop_robot_bridge/share/teleop_robot_bridge/cmake/teleop_robot_bridge__rosidl_typesupport_cExport.cmake
[50.890s] -- Up-to-date: /home/eierobot/ROS/teleop_ws/src/teleop_robot_bridge/install/teleop_robot_bridge/share/teleop_robot_bridge/cmake/teleop_robot_bridge__rosidl_typesupport_cExport-relwithdebinfo.cmake
[50.890s] -- Up-to-date: /home/eierobot/ROS/teleop_ws/src/teleop_robot_bridge/install/teleop_robot_bridge/share/teleop_robot_bridge/cmake/export_teleop_robot_bridge__rosidl_generator_cppExport.cmake
[50.891s] -- Up-to-date: /home/eierobot/ROS/teleop_ws/src/teleop_robot_bridge/install/teleop_robot_bridge/share/teleop_robot_bridge/cmake/export_teleop_robot_bridge__rosidl_typesupport_fastrtps_cppExport.cmake
[50.891s] -- Up-to-date: /home/eierobot/ROS/teleop_ws/src/teleop_robot_bridge/install/teleop_robot_bridge/share/teleop_robot_bridge/cmake/export_teleop_robot_bridge__rosidl_typesupport_fastrtps_cppExport-relwithdebinfo.cmake
[50.891s] -- Up-to-date: /home/eierobot/ROS/teleop_ws/src/teleop_robot_bridge/install/teleop_robot_bridge/share/teleop_robot_bridge/cmake/teleop_robot_bridge__rosidl_typesupport_introspection_cppExport.cmake
[50.892s] -- Up-to-date: /home/eierobot/ROS/teleop_ws/src/teleop_robot_bridge/install/teleop_robot_bridge/share/teleop_robot_bridge/cmake/teleop_robot_bridge__rosidl_typesupport_introspection_cppExport-relwithdebinfo.cmake
[50.892s] -- Up-to-date: /home/eierobot/ROS/teleop_ws/src/teleop_robot_bridge/install/teleop_robot_bridge/share/teleop_robot_bridge/cmake/teleop_robot_bridge__rosidl_typesupport_cppExport.cmake
[50.893s] -- Up-to-date: /home/eierobot/ROS/teleop_ws/src/teleop_robot_bridge/install/teleop_robot_bridge/share/teleop_robot_bridge/cmake/teleop_robot_bridge__rosidl_typesupport_cppExport-relwithdebinfo.cmake
[50.894s] -- Up-to-date: /home/eierobot/ROS/teleop_ws/src/teleop_robot_bridge/install/teleop_robot_bridge/share/teleop_robot_bridge/cmake/export_teleop_robot_bridge__rosidl_generator_pyExport.cmake
[50.894s] -- Up-to-date: /home/eierobot/ROS/teleop_ws/src/teleop_robot_bridge/install/teleop_robot_bridge/share/teleop_robot_bridge/cmake/export_teleop_robot_bridge__rosidl_generator_pyExport-relwithdebinfo.cmake
[50.894s] -- Up-to-date: /home/eierobot/ROS/teleop_ws/src/teleop_robot_bridge/install/teleop_robot_bridge/share/teleop_robot_bridge/cmake/rosidl_cmake-extras.cmake
[50.894s] -- Up-to-date: /home/eierobot/ROS/teleop_ws/src/teleop_robot_bridge/install/teleop_robot_bridge/share/teleop_robot_bridge/cmake/ament_cmake_export_dependencies-extras.cmake
[50.895s] -- Up-to-date: /home/eierobot/ROS/teleop_ws/src/teleop_robot_bridge/install/teleop_robot_bridge/share/teleop_robot_bridge/cmake/ament_cmake_export_include_directories-extras.cmake
[50.895s] -- Up-to-date: /home/eierobot/ROS/teleop_ws/src/teleop_robot_bridge/install/teleop_robot_bridge/share/teleop_robot_bridge/cmake/ament_cmake_export_libraries-extras.cmake
[50.895s] -- Up-to-date: /home/eierobot/ROS/teleop_ws/src/teleop_robot_bridge/install/teleop_robot_bridge/share/teleop_robot_bridge/cmake/ament_cmake_export_targets-extras.cmake
[50.896s] -- Up-to-date: /home/eierobot/ROS/teleop_ws/src/teleop_robot_bridge/install/teleop_robot_bridge/share/teleop_robot_bridge/cmake/rosidl_cmake_export_typesupport_targets-extras.cmake
[50.896s] -- Up-to-date: /home/eierobot/ROS/teleop_ws/src/teleop_robot_bridge/install/teleop_robot_bridge/share/teleop_robot_bridge/cmake/rosidl_cmake_export_typesupport_libraries-extras.cmake
[50.896s] -- Up-to-date: /home/eierobot/ROS/teleop_ws/src/teleop_robot_bridge/install/teleop_robot_bridge/share/teleop_robot_bridge/cmake/teleop_robot_bridgeConfig.cmake
[50.897s] -- Up-to-date: /home/eierobot/ROS/teleop_ws/src/teleop_robot_bridge/install/teleop_robot_bridge/share/teleop_robot_bridge/cmake/teleop_robot_bridgeConfig-version.cmake
[50.897s] -- Up-to-date: /home/eierobot/ROS/teleop_ws/src/teleop_robot_bridge/install/teleop_robot_bridge/share/teleop_robot_bridge/package.xml
[50.898s] Invoked command in '/home/eierobot/ROS/teleop_ws/src/teleop_robot_bridge/build/teleop_robot_bridge' returned '0': CMAKE_PREFIX_PATH=${CMAKE_PREFIX_PATH}:/opt/ros/jazzy DEBUGINFOD_URLS=https://debuginfod.ubuntu.com /usr/bin/cmake --install /home/eierobot/ROS/teleop_ws/src/teleop_robot_bridge/build/teleop_robot_bridge
