0:00:00.010334352 [32m178147[00m 0xaaaaf794b510 [37mDEBUG  [00m [00;34m          GST_TRACER gsttracer.c:159:gst_tracer_register:<registry0>[00m update existing feature 0xaaaaf77ff810 (latency)
0:00:00.010404759 [32m178147[00m 0xaaaaf794b510 [37mDEBUG  [00m [00;34m          GST_TRACER gsttracer.c:159:gst_tracer_register:<registry0>[00m update existing feature 0xaaaaf77ff6a0 (log)
0:00:00.010417064 [32m178147[00m 0xaaaaf794b510 [37mDEBUG  [00m [00;34m          GST_TRACER gsttracer.c:159:gst_tracer_register:<registry0>[00m update existing feature 0xaaaaf77ff540 (rusage)
0:00:00.010428453 [32m178147[00m 0xaaaaf794b510 [37mDEBUG  [00m [00;34m          GST_TRACER gsttracer.c:159:gst_tracer_register:<registry0>[00m update existing feature 0xaaaaf77ff3f0 (stats)
0:00:00.010438471 [32m178147[00m 0xaaaaf794b510 [37mDEBUG  [00m [00;34m          GST_TRACER gsttracer.c:159:gst_tracer_register:<registry0>[00m update existing feature 0xaaaaf77ff270 (leaks)
0:00:00.010447971 [32m178147[00m 0xaaaaf794b510 [37mDEBUG  [00m [00;34m          GST_TRACER gsttracer.c:159:gst_tracer_register:<registry0>[00m update existing feature 0xaaaaf77ff150 (factories)
0:00:00.010519323 [32m178147[00m 0xaaaaf794b510 [37mTRACE  [00m [00;34m          GST_TRACER gsttracerrecord.c:109:gst_tracer_record_build_format:[00m latency.class, src-element-id=(structure)"scope\,\ type\=\(type\)gchararray\,\ related-to\=\(GstTracerValueScope\)element\;", src-element=(structure)"scope\,\ type\=\(type\)gchararray\,\ related-to\=\(GstTracerValueScope\)element\;", src=(structure)"scope\,\ type\=\(type\)gchararray\,\ related-to\=\(GstTracerValueScope\)pad\;", sink-element-id=(structure)"scope\,\ type\=\(type\)gchararray\,\ related-to\=\(GstTracerValueScope\)element\;", sink-element=(structure)"scope\,\ type\=\(type\)gchararray\,\ related-to\=\(GstTracerValueScope\)element\;", sink=(structure)"scope\,\ type\=\(type\)gchararray\,\ related-to\=\(GstTracerValueScope\)pad\;", time=(structure)"value\,\ type\=\(type\)guint64\,\ description\=\(string\)\"time\\\ it\\\ took\\\ for\\\ the\\\ buffer\\\ to\\\ go\\\ from\\\ src\\\ to\\\ sink\\\ ns\"\,\ min\=\(guint64\)0\,\ max\=\(guint64\)18446744073709551615\;", ts=(structure)"value\,\ type\=\(type\)guint64\,\ description\=\(string\)\"ts\\\ when\\\ the\\\ latency\\\ has\\\ been\\\ logged\"\,\ min\=\(guint64\)0\,\ max\=\(guint64\)18446744073709551615\;";
0:00:00.010561360 [32m178147[00m 0xaaaaf794b510 [37mDEBUG  [00m [00;34m          GST_TRACER gsttracerrecord.c:123:gst_tracer_record_build_format:[00m new format string: latency, src-element-id=(string)%s, src-element=(string)%s, src=(string)%s, sink-element-id=(string)%s, sink-element=(string)%s, sink=(string)%s, time=(guint64)%lu, ts=(guint64)%lu;
0:00:00.010588878 [32m178147[00m 0xaaaaf794b510 [37mTRACE  [00m [00;34m          GST_TRACER gsttracerrecord.c:109:gst_tracer_record_build_format:[00m element-latency.class, element-id=(structure)"scope\,\ type\=\(type\)gchararray\,\ related-to\=\(GstTracerValueScope\)element\;", element=(structure)"scope\,\ type\=\(type\)gchararray\,\ related-to\=\(GstTracerValueScope\)element\;", src=(structure)"scope\,\ type\=\(type\)gchararray\,\ related-to\=\(GstTracerValueScope\)pad\;", time=(structure)"value\,\ type\=\(type\)guint64\,\ description\=\(string\)\"time\\\ it\\\ took\\\ for\\\ the\\\ buffer\\\ to\\\ go\\\ from\\\ src\\\ to\\\ sink\\\ ns\"\,\ min\=\(guint64\)0\,\ max\=\(guint64\)18446744073709551615\;", ts=(structure)"value\,\ type\=\(type\)guint64\,\ description\=\(string\)\"ts\\\ when\\\ the\\\ latency\\\ has\\\ been\\\ logged\"\,\ min\=\(guint64\)0\,\ max\=\(guint64\)18446744073709551615\;";
0:00:00.010616294 [32m178147[00m 0xaaaaf794b510 [37mDEBUG  [00m [00;34m          GST_TRACER gsttracerrecord.c:123:gst_tracer_record_build_format:[00m new format string: element-latency, element-id=(string)%s, element=(string)%s, src=(string)%s, time=(guint64)%lu, ts=(guint64)%lu;
0:00:00.010644989 [32m178147[00m 0xaaaaf794b510 [37mTRACE  [00m [00;34m          GST_TRACER gsttracerrecord.c:109:gst_tracer_record_build_format:[00m element-reported-latency.class, element-id=(structure)"scope\,\ type\=\(type\)gchararray\,\ related-to\=\(GstTracerValueScope\)element\;", element=(structure)"scope\,\ type\=\(type\)gchararray\,\ related-to\=\(GstTracerValueScope\)element\;", live=(structure)"value\,\ type\=\(type\)gboolean\,\ description\=\(string\)\"wether\\\ the\\\ it\\\ is\\\ a\\\ live\\\ stream\\\ or\\\ not\"\;", min=(structure)"value\,\ type\=\(type\)guint64\,\ description\=\(string\)\"the\\\ minimum\\\ reported\\\ latency\"\,\ min\=\(guint64\)0\,\ max\=\(guint64\)18446744073709551615\;", max=(structure)"value\,\ type\=\(type\)guint64\,\ description\=\(string\)\"the\\\ maximum\\\ reported\\\ latency\"\,\ min\=\(guint64\)0\,\ max\=\(guint64\)18446744073709551615\;", ts=(structure)"value\,\ type\=\(type\)guint64\,\ description\=\(string\)\"ts\\\ when\\\ the\\\ latency\\\ has\\\ been\\\ reported\"\,\ min\=\(guint64\)0\,\ max\=\(guint64\)18446744073709551615\;";
0:00:00.010683396 [32m178147[00m 0xaaaaf794b510 [37mDEBUG  [00m [00;34m          GST_TRACER gsttracerrecord.c:123:gst_tracer_record_build_format:[00m new format string: element-reported-latency, element-id=(string)%s, element=(string)%s, live=(boolean)%i, min=(guint64)%lu, max=(guint64)%lu, ts=(guint64)%lu;
0:00:00.854427524 [32m178147[00m 0xfffd90000b70 [37mTRACE  [00m [00;34m          GST_TRACER :0::[00m element-latency, element-id=(string)0xaaaaf7b27740, element=(string)capsfilter0, src=(string)src, time=(guint64)33787, ts=(guint64)854389728;
0:00:00.855436073 [32m178147[00m 0xfffd90000b70 [37mTRACE  [00m [00;34m          GST_TRACER :0::[00m element-latency, element-id=(string)0xaaaaf7959350, element=(string)jpegparse0, src=(string)src, time=(guint64)1028372, ts=(guint64)855418100;
0:00:01.240036417 [32m178147[00m 0xfffd90000b70 [37mTRACE  [00m [00;34m          GST_TRACER :0::[00m element-latency, element-id=(string)0xaaaaf7a8dbc0, element=(string)nvjpegdec0, src=(string)src, time=(guint64)384596521, ts=(guint64)1240014621;
0:00:01.282044217 [32m178147[00m 0xfffd90000b70 [37mTRACE  [00m [00;34m          GST_TRACER :0::[00m element-latency, element-id=(string)0xaaaaf7a961f0, element=(string)nvvconv0, src=(string)src, time=(guint64)41996179, ts=(guint64)1282010800;
0:00:01.282093661 [32m178147[00m 0xfffd90000b70 [37mTRACE  [00m [00;34m          GST_TRACER :0::[00m element-latency, element-id=(string)0xaaaaf7b2ada0, element=(string)capsfilter1, src=(string)src, time=(guint64)74398, ts=(guint64)1282085198;
0:00:01.283206071 [32m178147[00m 0xfffd90000b70 [37mTRACE  [00m [00;34m          GST_TRACER :0::[00m element-latency, element-id=(string)0xaaaaf7b27740, element=(string)capsfilter0, src=(string)src, time=(guint64)22093, ts=(guint64)1283197145;
0:00:01.283434578 [32m178147[00m 0xfffd90000b70 [37mTRACE  [00m [00;34m          GST_TRACER :0::[00m element-latency, element-id=(string)0xaaaaf7959350, element=(string)jpegparse0, src=(string)src, time=(guint64)229304, ts=(guint64)1283426449;
0:00:01.304234614 [32m178147[00m 0xfffd90000b70 [37mTRACE  [00m [00;34m          GST_TRACER :0::[00m element-latency, element-id=(string)0xaaaaf7a8dbc0, element=(string)nvjpegdec0, src=(string)src, time=(guint64)20785998, ts=(guint64)1304212447;
0:00:01.306121463 [32m178147[00m 0xfffd90000b70 [37mTRACE  [00m [00;34m          GST_TRACER :0::[00m element-latency, element-id=(string)0xaaaaf7a961f0, element=(string)nvvconv0, src=(string)src, time=(guint64)1888775, ts=(guint64)1306101222;
0:00:01.306152630 [32m178147[00m 0xfffd90000b70 [37mTRACE  [00m [00;34m          GST_TRACER :0::[00m element-latency, element-id=(string)0xaaaaf7b2ada0, element=(string)capsfilter1, src=(string)src, time=(guint64)43973, ts=(guint64)1306145195;
0:00:01.308284625 [32m178147[00m 0xfffd90000b70 [37mTRACE  [00m [00;34m          GST_TRACER :0::[00m element-latency, element-id=(string)0xaaaaf7b27740, element=(string)capsfilter0, src=(string)src, time=(guint64)20139, ts=(guint64)1308274051;
0:00:01.308543920 [32m178147[00m 0xfffd90000b70 [37mTRACE  [00m [00;34m          GST_TRACER :0::[00m element-latency, element-id=(string)0xaaaaf7959350, element=(string)jpegparse0, src=(string)src, time=(guint64)261536, ts=(guint64)1308535587;
0:00:01.313111151 [32m178147[00m 0xfffd90000de0 [37mTRACE  [00m [00;34m          GST_TRACER :0::[00m element-latency, element-id=(string)0xaaaaf7b17c90, element=(string)nvv4l2h264enc0, src=(string)src, time=(guint64)31009860, ts=(guint64)1313095058;
0:00:01.313950293 [32m178147[00m 0xfffd90000de0 [37mTRACE  [00m [00;34m          GST_TRACER :0::[00m element-latency, element-id=(string)0xaaaaf7b1cb40, element=(string)h264parse0, src=(string)src, time=(guint64)842550, ts=(guint64)1313937608;
0:00:01.328263730 [32m178147[00m 0xfffd90000b70 [37mTRACE  [00m [00;34m          GST_TRACER :0::[00m element-latency, element-id=(string)0xaaaaf7a8dbc0, element=(string)nvjpegdec0, src=(string)src, time=(guint64)19697681, ts=(guint64)1328233268;
0:00:01.328823468 [32m178147[00m 0xfffd90000de0 [37mTRACE  [00m [00;34m          GST_TRACER :0::[00m element-latency, element-id=(string)0xaaaaf7b17c90, element=(string)nvv4l2h264enc0, src=(string)src, time=(guint64)22664967, ts=(guint64)1328810162;
0:00:01.329018198 [32m178147[00m 0xfffd90000de0 [37mTRACE  [00m [00;34m          GST_TRACER :0::[00m element-latency, element-id=(string)0xaaaaf7b1cb40, element=(string)h264parse0, src=(string)src, time=(guint64)196823, ts=(guint64)1329006985;
0:00:01.330478586 [32m178147[00m 0xfffd90000b70 [37mTRACE  [00m [00;34m          GST_TRACER :0::[00m element-latency, element-id=(string)0xaaaaf7a961f0, element=(string)nvvconv0, src=(string)src, time=(guint64)2217384, ts=(guint64)1330450652;
0:00:01.330521549 [32m178147[00m 0xfffd90000b70 [37mTRACE  [00m [00;34m          GST_TRACER :0::[00m element-latency, element-id=(string)0xaaaaf7b2ada0, element=(string)capsfilter1, src=(string)src, time=(guint64)61212, ts=(guint64)1330511864;
0:00:01.332833980 [32m178147[00m 0xfffd90000b70 [37mTRACE  [00m [00;34m          GST_TRACER :0::[00m element-latency, element-id=(string)0xaaaaf7b27740, element=(string)capsfilter0, src=(string)src, time=(guint64)28157, ts=(guint64)1332819813;
0:00:01.333144533 [32m178147[00m 0xfffd90000b70 [37mTRACE  [00m [00;34m          GST_TRACER :0::[00m element-latency, element-id=(string)0xaaaaf7959350, element=(string)jpegparse0, src=(string)src, time=(guint64)314628, ts=(guint64)1333134441;
0:00:01.336959370 [32m178147[00m 0xfffd90000de0 [37mTRACE  [00m [00;34m          GST_TRACER :0::[00m element-latency, element-id=(string)0xaaaaf7b17c90, element=(string)nvv4l2h264enc0, src=(string)src, time=(guint64)6435895, ts=(guint64)1336947759;
0:00:01.337104795 [32m178147[00m 0xfffd90000de0 [37mTRACE  [00m [00;34m          GST_TRACER :0::[00m element-latency, element-id=(string)0xaaaaf7b1cb40, element=(string)h264parse0, src=(string)src, time=(guint64)145666, ts=(guint64)1337093425;
0:00:01.340434793 [32m178147[00m 0xfffd90000b70 [37mTRACE  [00m [00;34m          GST_TRACER :0::[00m element-latency, element-id=(string)0xaaaaf7a8dbc0, element=(string)nvjpegdec0, src=(string)src, time=(guint64)7275389, ts=(guint64)1340409830;
0:00:01.342657408 [32m178147[00m 0xfffd90000b70 [37mTRACE  [00m [00;34m          GST_TRACER :0::[00m element-latency, element-id=(string)0xaaaaf7a961f0, element=(string)nvvconv0, src=(string)src, time=(guint64)2218995, ts=(guint64)1342628825;
0:00:01.342697630 [32m178147[00m 0xfffd90000b70 [37mTRACE  [00m [00;34m          GST_TRACER :0::[00m element-latency, element-id=(string)0xaaaaf7b2ada0, element=(string)capsfilter1, src=(string)src, time=(guint64)58527, ts=(guint64)1342687352;
0:00:01.349190552 [32m178147[00m 0xfffd90000de0 [37mTRACE  [00m [00;34m          GST_TRACER :0::[00m element-latency, element-id=(string)0xaaaaf7b17c90, element=(string)nvv4l2h264enc0, src=(string)src, time=(guint64)6490422, ts=(guint64)1349177774;
0:00:01.349350375 [32m178147[00m 0xfffd90000de0 [37mTRACE  [00m [00;34m          GST_TRACER :0::[00m element-latency, element-id=(string)0xaaaaf7b1cb40, element=(string)h264parse0, src=(string)src, time=(guint64)159675, ts=(guint64)1349337449;
0:00:01.374429504 [32m178147[00m 0xfffd90000b70 [37mTRACE  [00m [00;34m          GST_TRACER :0::[00m element-latency, element-id=(string)0xaaaaf7b27740, element=(string)capsfilter0, src=(string)src, time=(guint64)32009, ts=(guint64)1374408624;
0:00:01.374866353 [32m178147[00m 0xfffd90000b70 [37mTRACE  [00m [00;34m          GST_TRACER :0::[00m element-latency, element-id=(string)0xaaaaf7959350, element=(string)jpegparse0, src=(string)src, time=(guint64)444849, ts=(guint64)1374853473;
0:00:01.381113342 [32m178147[00m 0xfffd90000b70 [37mTRACE  [00m [00;34m          GST_TRACER :0::[00m element-latency, element-id=(string)0xaaaaf7a8dbc0, element=(string)nvjpegdec0, src=(string)src, time=(guint64)6227822, ts=(guint64)1381081295;
0:00:01.383703325 [32m178147[00m 0xfffd90000b70 [37mTRACE  [00m [00;34m          GST_TRACER :0::[00m element-latency, element-id=(string)0xaaaaf7a961f0, element=(string)nvvconv0, src=(string)src, time=(guint64)2588817, ts=(guint64)1383670112;
0:00:01.383755343 [32m178147[00m 0xfffd90000b70 [37mTRACE  [00m [00;34m          GST_TRACER :0::[00m element-latency, element-id=(string)0xaaaaf7b2ada0, element=(string)capsfilter1, src=(string)src, time=(guint64)72009, ts=(guint64)1383742121;
0:00:01.389928508 [32m178147[00m 0xfffd90000de0 [37mTRACE  [00m [00;34m          GST_TRACER :0::[00m element-latency, element-id=(string)0xaaaaf7b17c90, element=(string)nvv4l2h264enc0, src=(string)src, time=(guint64)6154970, ts=(guint64)1389897091;
0:00:01.390177321 [32m178147[00m 0xfffd90000de0 [37mTRACE  [00m [00;34m          GST_TRACER :0::[00m element-latency, element-id=(string)0xaaaaf7b1cb40, element=(string)h264parse0, src=(string)src, time=(guint64)262748, ts=(guint64)1390159839;
0:00:01.438552145 [32m178147[00m 0xfffd90000b70 [37mTRACE  [00m [00;34m          GST_TRACER :0::[00m element-latency, element-id=(string)0xaaaaf7b27740, element=(string)capsfilter0, src=(string)src, time=(guint64)62480, ts=(guint64)1438518802;
0:00:01.439161493 [32m178147[00m 0xfffd90000b70 [37mTRACE  [00m [00;34m          GST_TRACER :0::[00m element-latency, element-id=(string)0xaaaaf7959350, element=(string)jpegparse0, src=(string)src, time=(guint64)625737, ts=(guint64)1439144539;
0:00:01.446791037 [32m178147[00m 0xfffd90000b70 [37mTRACE  [00m [00;34m          GST_TRACER :0::[00m element-latency, element-id=(string)0xaaaaf7a8dbc0, element=(string)nvjpegdec0, src=(string)src, time=(guint64)7609091, ts=(guint64)1446753630;
0:00:01.450947595 [32m178147[00m 0xfffd90000b70 [37mTRACE  [00m [00;34m          GST_TRACER :0::[00m element-latency, element-id=(string)0xaaaaf7a961f0, element=(string)nvvconv0, src=(string)src, time=(guint64)4154622, ts=(guint64)1450908252;
0:00:01.451007983 [32m178147[00m 0xfffd90000b70 [37mTRACE  [00m [00;34m          GST_TRACER :0::[00m element-latency, element-id=(string)0xaaaaf7b2ada0, element=(string)capsfilter1, src=(string)src, time=(guint64)86528, ts=(guint64)1450994780;
0:00:01.457194212 [32m178147[00m 0xfffd90000de0 [37mTRACE  [00m [00;34m          GST_TRACER :0::[00m element-latency, element-id=(string)0xaaaaf7b17c90, element=(string)nvv4l2h264enc0, src=(string)src, time=(guint64)6170665, ts=(guint64)1457165445;
0:00:01.457432461 [32m178147[00m 0xfffd90000de0 [37mTRACE  [00m [00;34m          GST_TRACER :0::[00m element-latency, element-id=(string)0xaaaaf7b1cb40, element=(string)h264parse0, src=(string)src, time=(guint64)249276, ts=(guint64)1457414721;
0:00:01.506443392 [32m178147[00m 0xfffd90000b70 [37mTRACE  [00m [00;34m          GST_TRACER :0::[00m element-latency, element-id=(string)0xaaaaf7b27740, element=(string)capsfilter0, src=(string)src, time=(guint64)32139, ts=(guint64)1506418096;
0:00:01.507011231 [32m178147[00m 0xfffd90000b70 [37mTRACE  [00m [00;34m          GST_TRACER :0::[00m element-latency, element-id=(string)0xaaaaf7959350, element=(string)jpegparse0, src=(string)src, time=(guint64)578117, ts=(guint64)1506996213;
0:00:01.518445029 [32m178147[00m 0xfffd90000b70 [37mTRACE  [00m [00;34m          GST_TRACER :0::[00m element-latency, element-id=(string)0xaaaaf7a8dbc0, element=(string)nvjpegdec0, src=(string)src, time=(guint64)11412223, ts=(guint64)1518408436;
0:00:01.534579222 [32m178147[00m 0xfffd90000b70 [37mTRACE  [00m [00;34m          GST_TRACER :0::[00m element-latency, element-id=(string)0xaaaaf7a961f0, element=(string)nvvconv0, src=(string)src, time=(guint64)16136898, ts=(guint64)1534545334;
0:00:01.534632482 [32m178147[00m 0xfffd90000b70 [37mTRACE  [00m [00;34m          GST_TRACER :0::[00m element-latency, element-id=(string)0xaaaaf7b2ada0, element=(string)capsfilter1, src=(string)src, time=(guint64)73416, ts=(guint64)1534618750;
0:00:01.540912812 [32m178147[00m 0xfffd90000de0 [37mTRACE  [00m [00;34m          GST_TRACER :0::[00m element-latency, element-id=(string)0xaaaaf7b17c90, element=(string)nvv4l2h264enc0, src=(string)src, time=(guint64)6265386, ts=(guint64)1540884136;
0:00:01.541136885 [32m178147[00m 0xfffd90000de0 [37mTRACE  [00m [00;34m          GST_TRACER :0::[00m element-latency, element-id=(string)0xaaaaf7b1cb40, element=(string)h264parse0, src=(string)src, time=(guint64)236369, ts=(guint64)1541120505;
0:00:01.570342051 [32m178147[00m 0xfffd90000b70 [37mTRACE  [00m [00;34m          GST_TRACER :0::[00m element-latency, element-id=(string)0xaaaaf7b27740, element=(string)capsfilter0, src=(string)src, time=(guint64)37111, ts=(guint64)1570316051;
0:00:01.570927889 [32m178147[00m 0xfffd90000b70 [37mTRACE  [00m [00;34m          GST_TRACER :0::[00m element-latency, element-id=(string)0xaaaaf7959350, element=(string)jpegparse0, src=(string)src, time=(guint64)595848, ts=(guint64)1570911899;
0:00:01.577771467 [32m178147[00m 0xfffd90000b70 [37mTRACE  [00m [00;34m          GST_TRACER :0::[00m element-latency, element-id=(string)0xaaaaf7a8dbc0, element=(string)nvjpegdec0, src=(string)src, time=(guint64)6825669, ts=(guint64)1577737568;
0:00:01.601339706 [32m178147[00m 0xfffd90000b70 [37mTRACE  [00m [00;34m          GST_TRACER :0::[00m element-latency, element-id=(string)0xaaaaf7a961f0, element=(string)nvvconv0, src=(string)src, time=(guint64)23561591, ts=(guint64)1601299159;
0:00:01.601396816 [32m178147[00m 0xfffd90000b70 [37mTRACE  [00m [00;34m          GST_TRACER :0::[00m element-latency, element-id=(string)0xaaaaf7b2ada0, element=(string)capsfilter1, src=(string)src, time=(guint64)84129, ts=(guint64)1601383288;
0:00:01.607737609 [32m178147[00m 0xfffd90000de0 [37mTRACE  [00m [00;34m          GST_TRACER :0::[00m element-latency, element-id=(string)0xaaaaf7b17c90, element=(string)nvv4l2h264enc0, src=(string)src, time=(guint64)6322395, ts=(guint64)1607705683;
0:00:01.607963784 [32m178147[00m 0xfffd90000de0 [37mTRACE  [00m [00;34m          GST_TRACER :0::[00m element-latency, element-id=(string)0xaaaaf7b1cb40, element=(string)h264parse0, src=(string)src, time=(guint64)241286, ts=(guint64)1607946969;
0:00:01.634379931 [32m178147[00m 0xfffd90000b70 [37mTRACE  [00m [00;34m          GST_TRACER :0::[00m element-latency, element-id=(string)0xaaaaf7b27740, element=(string)capsfilter0, src=(string)src, time=(guint64)57851, ts=(guint64)1634348607;
0:00:01.634996622 [32m178147[00m 0xfffd90000b70 [37mTRACE  [00m [00;34m          GST_TRACER :0::[00m element-latency, element-id=(string)0xaaaaf7959350, element=(string)jpegparse0, src=(string)src, time=(guint64)629672, ts=(guint64)1634978279;
0:00:01.641957032 [32m178147[00m 0xfffd90000b70 [37mTRACE  [00m [00;34m          GST_TRACER :0::[00m element-latency, element-id=(string)0xaaaaf7a8dbc0, element=(string)nvjpegdec0, src=(string)src, time=(guint64)6944438, ts=(guint64)1641922717;
0:00:01.666990531 [32m178147[00m 0xfffd90000b70 [37mTRACE  [00m [00;34m          GST_TRACER :0::[00m element-latency, element-id=(string)0xaaaaf7a961f0, element=(string)nvvconv0, src=(string)src, time=(guint64)25031092, ts=(guint64)1666953809;
0:00:01.667049216 [32m178147[00m 0xfffd90000b70 [37mTRACE  [00m [00;34m          GST_TRACER :0::[00m element-latency, element-id=(string)0xaaaaf7b2ada0, element=(string)capsfilter1, src=(string)src, time=(guint64)79981, ts=(guint64)1667033790;
0:00:01.673472842 [32m178147[00m 0xfffd90000de0 [37mTRACE  [00m [00;34m          GST_TRACER :0::[00m element-latency, element-id=(string)0xaaaaf7b17c90, element=(string)nvv4l2h264enc0, src=(string)src, time=(guint64)6410811, ts=(guint64)1673444601;
0:00:01.673720794 [32m178147[00m 0xfffd90000de0 [37mTRACE  [00m [00;34m          GST_TRACER :0::[00m element-latency, element-id=(string)0xaaaaf7b1cb40, element=(string)h264parse0, src=(string)src, time=(guint64)258304, ts=(guint64)1673702905;
0:00:01.698304056 [32m178147[00m 0xfffd90000b70 [37mTRACE  [00m [00;34m          GST_TRACER :0::[00m element-latency, element-id=(string)0xaaaaf7b27740, element=(string)capsfilter0, src=(string)src, time=(guint64)26306, ts=(guint64)1698284630;
0:00:01.698895931 [32m178147[00m 0xfffd90000b70 [37mTRACE  [00m [00;34m          GST_TRACER :0::[00m element-latency, element-id=(string)0xaaaaf7959350, element=(string)jpegparse0, src=(string)src, time=(guint64)596792, ts=(guint64)1698881422;
0:00:01.705937136 [32m178147[00m 0xfffd90000b70 [37mTRACE  [00m [00;34m          GST_TRACER :0::[00m element-latency, element-id=(string)0xaaaaf7a8dbc0, element=(string)nvjpegdec0, src=(string)src, time=(guint64)7023289, ts=(guint64)1705904711;
0:00:01.730708832 [32m178147[00m 0xfffd90000b70 [37mTRACE  [00m [00;34m          GST_TRACER :0::[00m element-latency, element-id=(string)0xaaaaf7a961f0, element=(string)nvvconv0, src=(string)src, time=(guint64)24773307, ts=(guint64)1730678018;
0:00:01.730758721 [32m178147[00m 0xfffd90000b70 [37mTRACE  [00m [00;34m          GST_TRACER :0::[00m element-latency, element-id=(string)0xaaaaf7b2ada0, element=(string)capsfilter1, src=(string)src, time=(guint64)67194, ts=(guint64)1730745212;
0:00:01.737250467 [32m178147[00m 0xfffd90000de0 [37mTRACE  [00m [00;34m          GST_TRACER :0::[00m element-latency, element-id=(string)0xaaaaf7b17c90, element=(string)nvv4l2h264enc0, src=(string)src, time=(guint64)6477876, ts=(guint64)1737223088;
0:00:01.737524586 [32m178147[00m 0xfffd90000de0 [37mTRACE  [00m [00;34m          GST_TRACER :0::[00m element-latency, element-id=(string)0xaaaaf7b1cb40, element=(string)h264parse0, src=(string)src, time=(guint64)283535, ts=(guint64)1737506623;
0:00:01.762311494 [32m178147[00m 0xfffd90000b70 [37mTRACE  [00m [00;34m          GST_TRACER :0::[00m element-latency, element-id=(string)0xaaaaf7b27740, element=(string)capsfilter0, src=(string)src, time=(guint64)26704, ts=(guint64)1762292605;
0:00:01.762892657 [32m178147[00m 0xfffd90000b70 [37mTRACE  [00m [00;34m          GST_TRACER :0::[00m element-latency, element-id=(string)0xaaaaf7959350, element=(string)jpegparse0, src=(string)src, time=(guint64)585664, ts=(guint64)1762878269;
0:00:01.769969890 [32m178147[00m 0xfffd90000b70 [37mTRACE  [00m [00;34m          GST_TRACER :0::[00m element-latency, element-id=(string)0xaaaaf7a8dbc0, element=(string)nvjpegdec0, src=(string)src, time=(guint64)7060566, ts=(guint64)1769938835;
0:00:01.794891696 [32m178147[00m 0xfffd90000b70 [37mTRACE  [00m [00;34m          GST_TRACER :0::[00m element-latency, element-id=(string)0xaaaaf7a961f0, element=(string)nvvconv0, src=(string)src, time=(guint64)24923047, ts=(guint64)1794861882;
0:00:01.794941649 [32m178147[00m 0xfffd90000b70 [37mTRACE  [00m [00;34m          GST_TRACER :0::[00m element-latency, element-id=(string)0xaaaaf7b2ada0, element=(string)capsfilter1, src=(string)src, time=(guint64)66036, ts=(guint64)1794927918;
0:00:01.802970635 [32m178147[00m 0xfffd90000de0 [37mTRACE  [00m [00;34m          GST_TRACER :0::[00m element-latency, element-id=(string)0xaaaaf7b17c90, element=(string)nvv4l2h264enc0, src=(string)src, time=(guint64)8015736, ts=(guint64)1802943654;
0:00:01.803776186 [32m178147[00m 0xfffd90000de0 [37mTRACE  [00m [00;34m          GST_TRACER :0::[00m element-latency, element-id=(string)0xaaaaf7b1cb40, element=(string)h264parse0, src=(string)src, time=(guint64)811421, ts=(guint64)1803755075;
0:00:01.830289482 [32m178147[00m 0xfffd90000b70 [37mTRACE  [00m [00;34m          GST_TRACER :0::[00m element-latency, element-id=(string)0xaaaaf7b27740, element=(string)capsfilter0, src=(string)src, time=(guint64)25130, ts=(guint64)1830271084;
0:00:01.830890774 [32m178147[00m 0xfffd90000b70 [37mTRACE  [00m [00;34m          GST_TRACER :0::[00m element-latency, element-id=(string)0xaaaaf7959350, element=(string)jpegparse0, src=(string)src, time=(guint64)605357, ts=(guint64)1830876441;
0:00:01.847496133 [32m178147[00m 0xfffd90000b70 [37mTRACE  [00m [00;34m          GST_TRACER :0::[00m element-latency, element-id=(string)0xaaaaf7a8dbc0, element=(string)nvjpegdec0, src=(string)src, time=(guint64)16587543, ts=(guint64)1847463984;
0:00:01.871564174 [32m178147[00m 0xfffd90000b70 [37mTRACE  [00m [00;34m          GST_TRACER :0::[00m element-latency, element-id=(string)0xaaaaf7a961f0, element=(string)nvvconv0, src=(string)src, time=(guint64)24068626, ts=(guint64)1871532610;
0:00:01.871612461 [32m178147[00m 0xfffd90000b70 [37mTRACE  [00m [00;34m          GST_TRACER :0::[00m element-latency, element-id=(string)0xaaaaf7b2ada0, element=(string)capsfilter1, src=(string)src, time=(guint64)67129, ts=(guint64)1871599739;
0:00:01.878394020 [32m178147[00m 0xfffd90000de0 [37mTRACE  [00m [00;34m          GST_TRACER :0::[00m element-latency, element-id=(string)0xaaaaf7b17c90, element=(string)nvv4l2h264enc0, src=(string)src, time=(guint64)6765957, ts=(guint64)1878365696;
0:00:01.878665528 [32m178147[00m 0xfffd90000de0 [37mTRACE  [00m [00;34m          GST_TRACER :0::[00m element-latency, element-id=(string)0xaaaaf7b1cb40, element=(string)h264parse0, src=(string)src, time=(guint64)281545, ts=(guint64)1878647241;
0:00:01.894305781 [32m178147[00m 0xfffd90000b70 [37mTRACE  [00m [00;34m          GST_TRACER :0::[00m element-latency, element-id=(string)0xaaaaf7b27740, element=(string)capsfilter0, src=(string)src, time=(guint64)31324, ts=(guint64)1894285985;
0:00:01.895107943 [32m178147[00m 0xfffd90000b70 [37mTRACE  [00m [00;34m          GST_TRACER :0::[00m element-latency, element-id=(string)0xaaaaf7959350, element=(string)jpegparse0, src=(string)src, time=(guint64)805977, ts=(guint64)1895091962;
0:00:01.902540322 [32m178147[00m 0xfffd90000b70 [37mTRACE  [00m [00;34m          GST_TRACER :0::[00m element-latency, element-id=(string)0xaaaaf7a8dbc0, element=(string)nvjpegdec0, src=(string)src, time=(guint64)7414536, ts=(guint64)1902506498;
0:00:01.925700046 [32m178147[00m 0xfffd90000b70 [37mTRACE  [00m [00;34m          GST_TRACER :0::[00m element-latency, element-id=(string)0xaaaaf7a961f0, element=(string)nvvconv0, src=(string)src, time=(guint64)23155965, ts=(guint64)1925662463;
0:00:01.925755518 [32m178147[00m 0xfffd90000b70 [37mTRACE  [00m [00;34m          GST_TRACER :0::[00m element-latency, element-id=(string)0xaaaaf7b2ada0, element=(string)capsfilter1, src=(string)src, time=(guint64)79083, ts=(guint64)1925741546;
0:00:01.932810371 [32m178147[00m 0xfffd90000de0 [37mTRACE  [00m [00;34m          GST_TRACER :0::[00m element-latency, element-id=(string)0xaaaaf7b17c90, element=(string)nvv4l2h264enc0, src=(string)src, time=(guint64)7040650, ts=(guint64)1932782196;
0:00:01.933081685 [32m178147[00m 0xfffd90000de0 [37mTRACE  [00m [00;34m          GST_TRACER :0::[00m element-latency, element-id=(string)0xaaaaf7b1cb40, element=(string)h264parse0, src=(string)src, time=(guint64)281406, ts=(guint64)1933063602;
0:00:01.958309155 [32m178147[00m 0xfffd90000b70 [37mTRACE  [00m [00;34m          GST_TRACER :0::[00m element-latency, element-id=(string)0xaaaaf7b27740, element=(string)capsfilter0, src=(string)src, time=(guint64)31056, ts=(guint64)1958287267;
0:00:01.958934993 [32m178147[00m 0xfffd90000b70 [37mTRACE  [00m [00;34m          GST_TRACER :0::[00m element-latency, element-id=(string)0xaaaaf7959350, element=(string)jpegparse0, src=(string)src, time=(guint64)633237, ts=(guint64)1958920504;
0:00:01.966549510 [32m178147[00m 0xfffd90000b70 [37mTRACE  [00m [00;34m          GST_TRACER :0::[00m element-latency, element-id=(string)0xaaaaf7a8dbc0, element=(string)nvjpegdec0, src=(string)src, time=(guint64)7596257, ts=(guint64)1966516761;
0:00:01.990124843 [32m178147[00m 0xfffd90000b70 [37mTRACE  [00m [00;34m          GST_TRACER :0::[00m element-latency, element-id=(string)0xaaaaf7a961f0, element=(string)nvvconv0, src=(string)src, time=(guint64)23568074, ts=(guint64)1990084835;
0:00:01.990185417 [32m178147[00m 0xfffd90000b70 [37mTRACE  [00m [00;34m          GST_TRACER :0::[00m element-latency, element-id=(string)0xaaaaf7b2ada0, element=(string)capsfilter1, src=(string)src, time=(guint64)85962, ts=(guint64)1990170797;
0:00:01.997173679 [32m178147[00m 0xfffd90000de0 [37mTRACE  [00m [00;34m          GST_TRACER :0::[00m element-latency, element-id=(string)0xaaaaf7b17c90, element=(string)nvv4l2h264enc0, src=(string)src, time=(guint64)6974521, ts=(guint64)1997145318;
0:00:01.997443482 [32m178147[00m 0xfffd90000de0 [37mTRACE  [00m [00;34m          GST_TRACER :0::[00m element-latency, element-id=(string)0xaaaaf7b1cb40, element=(string)h264parse0, src=(string)src, time=(guint64)276127, ts=(guint64)1997421445;
0:00:02.022322890 [32m178147[00m 0xfffd90000b70 [37mTRACE  [00m [00;34m          GST_TRACER :0::[00m element-latency, element-id=(string)0xaaaaf7b27740, element=(string)capsfilter0, src=(string)src, time=(guint64)33648, ts=(guint64)2022301603;
0:00:02.022951081 [32m178147[00m 0xfffd90000b70 [37mTRACE  [00m [00;34m          GST_TRACER :0::[00m element-latency, element-id=(string)0xaaaaf7959350, element=(string)jpegparse0, src=(string)src, time=(guint64)635144, ts=(guint64)2022936747;
0:00:02.031041530 [32m178147[00m 0xfffd90000b70 [37mTRACE  [00m [00;34m          GST_TRACER :0::[00m element-latency, element-id=(string)0xaaaaf7a8dbc0, element=(string)nvjpegdec0, src=(string)src, time=(guint64)8072690, ts=(guint64)2031009437;
0:00:02.055419894 [32m178147[00m 0xfffd90000b70 [37mTRACE  [00m [00;34m          GST_TRACER :0::[00m element-latency, element-id=(string)0xaaaaf7a961f0, element=(string)nvvconv0, src=(string)src, time=(guint64)24353050, ts=(guint64)2055362487;
0:00:02.055495264 [32m178147[00m 0xfffd90000b70 [37mTRACE  [00m [00;34m          GST_TRACER :0::[00m element-latency, element-id=(string)0xaaaaf7b2ada0, element=(string)capsfilter1, src=(string)src, time=(guint64)118194, ts=(guint64)2055480681;
0:00:02.062539572 [32m178147[00m 0xfffd90000de0 [37mTRACE  [00m [00;34m          GST_TRACER :0::[00m element-latency, element-id=(string)0xaaaaf7b17c90, element=(string)nvv4l2h264enc0, src=(string)src, time=(guint64)7016743, ts=(guint64)2062497424;
0:00:02.062813246 [32m178147[00m 0xfffd90000de0 [37mTRACE  [00m [00;34m          GST_TRACER :0::[00m element-latency, element-id=(string)0xaaaaf7b1cb40, element=(string)h264parse0, src=(string)src, time=(guint64)297516, ts=(guint64)2062794940;
0:00:02.090290868 [32m178147[00m 0xfffd90000b70 [37mTRACE  [00m [00;34m          GST_TRACER :0::[00m element-latency, element-id=(string)0xaaaaf7b27740, element=(string)capsfilter0, src=(string)src, time=(guint64)28306, ts=(guint64)2090273573;
0:00:02.090939216 [32m178147[00m 0xfffd90000b70 [37mTRACE  [00m [00;34m          GST_TRACER :0::[00m element-latency, element-id=(string)0xaaaaf7959350, element=(string)jpegparse0, src=(string)src, time=(guint64)650412, ts=(guint64)2090923985;
0:00:02.104129300 [32m178147[00m 0xfffd90000b70 [37mTRACE  [00m [00;34m          GST_TRACER :0::[00m element-latency, element-id=(string)0xaaaaf7a8dbc0, element=(string)nvjpegdec0, src=(string)src, time=(guint64)13173685, ts=(guint64)2104097670;
0:00:02.129638667 [32m178147[00m 0xfffd90000b70 [37mTRACE  [00m [00;34m          GST_TRACER :0::[00m element-latency, element-id=(string)0xaaaaf7a961f0, element=(string)nvvconv0, src=(string)src, time=(guint64)25511015, ts=(guint64)2129608685;
0:00:02.129688917 [32m178147[00m 0xfffd90000b70 [37mTRACE  [00m [00;34m          GST_TRACER :0::[00m element-latency, element-id=(string)0xaaaaf7b2ada0, element=(string)capsfilter1, src=(string)src, time=(guint64)67500, ts=(guint64)2129676185;
0:00:02.137077481 [32m178147[00m 0xfffd90000de0 [37mTRACE  [00m [00;34m          GST_TRACER :0::[00m element-latency, element-id=(string)0xaaaaf7b17c90, element=(string)nvv4l2h264enc0, src=(string)src, time=(guint64)7369518, ts=(guint64)2137045703;
0:00:02.137344154 [32m178147[00m 0xfffd90000de0 [37mTRACE  [00m [00;34m          GST_TRACER :0::[00m element-latency, element-id=(string)0xaaaaf7b1cb40, element=(string)h264parse0, src=(string)src, time=(guint64)279961, ts=(guint64)2137325664;
0:00:02.154289204 [32m178147[00m 0xfffd90000b70 [37mTRACE  [00m [00;34m          GST_TRACER :0::[00m element-latency, element-id=(string)0xaaaaf7b27740, element=(string)capsfilter0, src=(string)src, time=(guint64)23889, ts=(guint64)2154272454;
0:00:02.154936228 [32m178147[00m 0xfffd90000b70 [37mTRACE  [00m [00;34m          GST_TRACER :0::[00m element-latency, element-id=(string)0xaaaaf7959350, element=(string)jpegparse0, src=(string)src, time=(guint64)649404, ts=(guint64)2154921858;
0:00:02.162852307 [32m178147[00m 0xfffd90000b70 [37mTRACE  [00m [00;34m          GST_TRACER :0::[00m element-latency, element-id=(string)0xaaaaf7a8dbc0, element=(string)nvjpegdec0, src=(string)src, time=(guint64)7899959, ts=(guint64)2162821817;
0:00:02.187863028 [32m178147[00m 0xfffd90000b70 [37mTRACE  [00m [00;34m          GST_TRACER :0::[00m element-latency, element-id=(string)0xaaaaf7a961f0, element=(string)nvvconv0, src=(string)src, time=(guint64)25011350, ts=(guint64)2187833167;
0:00:02.187908445 [32m178147[00m 0xfffd90000b70 [37mTRACE  [00m [00;34m          GST_TRACER :0::[00m element-latency, element-id=(string)0xaaaaf7b2ada0, element=(string)capsfilter1, src=(string)src, time=(guint64)62028, ts=(guint64)2187895195;
0:00:02.195413647 [32m178147[00m 0xfffd90000de0 [37mTRACE  [00m [00;34m          GST_TRACER :0::[00m element-latency, element-id=(string)0xaaaaf7b17c90, element=(string)nvv4l2h264enc0, src=(string)src, time=(guint64)7485916, ts=(guint64)2195381111;
0:00:02.195687377 [32m178147[00m 0xfffd90000de0 [37mTRACE  [00m [00;34m          GST_TRACER :0::[00m element-latency, element-id=(string)0xaaaaf7b1cb40, element=(string)h264parse0, src=(string)src, time=(guint64)283886, ts=(guint64)2195664997;
0:00:02.218286178 [32m178147[00m 0xfffd90000b70 [37mTRACE  [00m [00;34m          GST_TRACER :0::[00m element-latency, element-id=(string)0xaaaaf7b27740, element=(string)capsfilter0, src=(string)src, time=(guint64)22398, ts=(guint64)2218269872;
0:00:02.218950766 [32m178147[00m 0xfffd90000b70 [37mTRACE  [00m [00;34m          GST_TRACER :0::[00m element-latency, element-id=(string)0xaaaaf7959350, element=(string)jpegparse0, src=(string)src, time=(guint64)666811, ts=(guint64)2218936683;
0:00:02.227044881 [32m178147[00m 0xfffd90000b70 [37mTRACE  [00m [00;34m          GST_TRACER :0::[00m element-latency, element-id=(string)0xaaaaf7a8dbc0, element=(string)nvjpegdec0, src=(string)src, time=(guint64)8079179, ts=(guint64)2227015862;
0:00:02.252417128 [32m178147[00m 0xfffd90000b70 [37mTRACE  [00m [00;34m          GST_TRACER :0::[00m element-latency, element-id=(string)0xaaaaf7a961f0, element=(string)nvvconv0, src=(string)src, time=(guint64)25372979, ts=(guint64)2252388841;
0:00:02.252464108 [32m178147[00m 0xfffd90000b70 [37mTRACE  [00m [00;34m          GST_TRACER :0::[00m element-latency, element-id=(string)0xaaaaf7b2ada0, element=(string)capsfilter1, src=(string)src, time=(guint64)61637, ts=(guint64)2252450478;
0:00:02.260028320 [32m178147[00m 0xfffd90000de0 [37mTRACE  [00m [00;34m          GST_TRACER :0::[00m element-latency, element-id=(string)0xaaaaf7b17c90, element=(string)nvv4l2h264enc0, src=(string)src, time=(guint64)7546648, ts=(guint64)2259997126;
0:00:02.260244791 [32m178147[00m 0xfffd90000de0 [37mTRACE  [00m [00;34m          GST_TRACER :0::[00m element-latency, element-id=(string)0xaaaaf7b1cb40, element=(string)h264parse0, src=(string)src, time=(guint64)230424, ts=(guint64)2260227550;
0:00:02.282298985 [32m178147[00m 0xfffd90000b70 [37mTRACE  [00m [00;34m          GST_TRACER :0::[00m element-latency, element-id=(string)0xaaaaf7b27740, element=(string)capsfilter0, src=(string)src, time=(guint64)26870, ts=(guint64)2282280226;
0:00:02.282980333 [32m178147[00m 0xfffd90000b70 [37mTRACE  [00m [00;34m          GST_TRACER :0::[00m element-latency, element-id=(string)0xaaaaf7959350, element=(string)jpegparse0, src=(string)src, time=(guint64)686394, ts=(guint64)2282966620;
0:00:02.291412140 [32m178147[00m 0xfffd90000b70 [37mTRACE  [00m [00;34m          GST_TRACER :0::[00m element-latency, element-id=(string)0xaaaaf7a8dbc0, element=(string)nvjpegdec0, src=(string)src, time=(guint64)8415631, ts=(guint64)2291382251;
0:00:02.316962739 [32m178147[00m 0xfffd90000b70 [37mTRACE  [00m [00;34m          GST_TRACER :0::[00m element-latency, element-id=(string)0xaaaaf7a961f0, element=(string)nvvconv0, src=(string)src, time=(guint64)25548997, ts=(guint64)2316931248;
0:00:02.317010952 [32m178147[00m 0xfffd90000b70 [37mTRACE  [00m [00;34m          GST_TRACER :0::[00m element-latency, element-id=(string)0xaaaaf7b2ada0, element=(string)capsfilter1, src=(string)src, time=(guint64)66454, ts=(guint64)2316997702;
0:00:02.324906235 [32m178147[00m 0xfffd90000de0 [37mTRACE  [00m [00;34m          GST_TRACER :0::[00m element-latency, element-id=(string)0xaaaaf7b17c90, element=(string)nvv4l2h264enc0, src=(string)src, time=(guint64)7878450, ts=(guint64)2324876152;
0:00:02.325174640 [32m178147[00m 0xfffd90000de0 [37mTRACE  [00m [00;34m          GST_TRACER :0::[00m element-latency, element-id=(string)0xaaaaf7b1cb40, element=(string)h264parse0, src=(string)src, time=(guint64)279368, ts=(guint64)2325155520;
0:00:02.350291241 [32m178147[00m 0xfffd90000b70 [37mTRACE  [00m [00;34m          GST_TRACER :0::[00m element-latency, element-id=(string)0xaaaaf7b27740, element=(string)capsfilter0, src=(string)src, time=(guint64)25721, ts=(guint64)2350273491;
0:00:02.350806544 [32m178147[00m 0xfffd90000b70 [37mTRACE  [00m [00;34m          GST_TRACER :0::[00m element-latency, element-id=(string)0xaaaaf7959350, element=(string)jpegparse0, src=(string)src, time=(guint64)520821, ts=(guint64)2350794312;
0:00:02.364065136 [32m178147[00m 0xfffd90000b70 [37mTRACE  [00m [00;34m          GST_TRACER :0::[00m element-latency, element-id=(string)0xaaaaf7a8dbc0, element=(string)nvjpegdec0, src=(string)src, time=(guint64)13239833, ts=(guint64)2364034145;
0:00:02.387576840 [32m178147[00m 0xfffd90000b70 [37mTRACE  [00m [00;34m          GST_TRACER :0::[00m element-latency, element-id=(string)0xaaaaf7a961f0, element=(string)nvvconv0, src=(string)src, time=(guint64)23487111, ts=(guint64)2387521256;
0:00:02.387736413 [32m178147[00m 0xfffd90000b70 [37mTRACE  [00m [00;34m          GST_TRACER :0::[00m element-latency, element-id=(string)0xaaaaf7b2ada0, element=(string)capsfilter1, src=(string)src, time=(guint64)198212, ts=(guint64)2387719468;
0:00:02.395822177 [32m178147[00m 0xfffd90000de0 [37mTRACE  [00m [00;34m          GST_TRACER :0::[00m element-latency, element-id=(string)0xaaaaf7b17c90, element=(string)nvv4l2h264enc0, src=(string)src, time=(guint64)8068468, ts=(guint64)2395787936;
0:00:02.396060017 [32m178147[00m 0xfffd90000de0 [37mTRACE  [00m [00;34m          GST_TRACER :0::[00m element-latency, element-id=(string)0xaaaaf7b1cb40, element=(string)h264parse0, src=(string)src, time=(guint64)253905, ts=(guint64)2396041841;
0:00:02.414313736 [32m178147[00m 0xfffd90000b70 [37mTRACE  [00m [00;34m          GST_TRACER :0::[00m element-latency, element-id=(string)0xaaaaf7b27740, element=(string)capsfilter0, src=(string)src, time=(guint64)33268, ts=(guint64)2414294115;
0:00:02.414880750 [32m178147[00m 0xfffd90000b70 [37mTRACE  [00m [00;34m          GST_TRACER :0::[00m element-latency, element-id=(string)0xaaaaf7959350, element=(string)jpegparse0, src=(string)src, time=(guint64)575135, ts=(guint64)2414869250;
0:00:02.423145995 [32m178147[00m 0xfffd90000b70 [37mTRACE  [00m [00;34m          GST_TRACER :0::[00m element-latency, element-id=(string)0xaaaaf7a8dbc0, element=(string)nvjpegdec0, src=(string)src, time=(guint64)8242615, ts=(guint64)2423111865;
0:00:02.448561315 [32m178147[00m 0xfffd90000b70 [37mTRACE  [00m [00;34m          GST_TRACER :0::[00m element-latency, element-id=(string)0xaaaaf7a961f0, element=(string)nvvconv0, src=(string)src, time=(guint64)25398044, ts=(guint64)2448509909;
0:00:02.448632825 [32m178147[00m 0xfffd90000b70 [37mTRACE  [00m [00;34m          GST_TRACER :0::[00m element-latency, element-id=(string)0xaaaaf7b2ada0, element=(string)capsfilter1, src=(string)src, time=(guint64)106953, ts=(guint64)2448616862;
0:00:02.458379420 [32m178147[00m 0xfffd90000de0 [37mTRACE  [00m [00;34m          GST_TRACER :0::[00m element-latency, element-id=(string)0xaaaaf7b17c90, element=(string)nvv4l2h264enc0, src=(string)src, time=(guint64)9734911, ts=(guint64)2458351773;
0:00:02.458936343 [32m178147[00m 0xfffd90000de0 [37mTRACE  [00m [00;34m          GST_TRACER :0::[00m element-latency, element-id=(string)0xaaaaf7b1cb40, element=(string)h264parse0, src=(string)src, time=(guint64)559709, ts=(guint64)2458911482;
0:00:02.478397118 [32m178147[00m 0xfffd90000b70 [37mTRACE  [00m [00;34m          GST_TRACER :0::[00m element-latency, element-id=(string)0xaaaaf7b27740, element=(string)capsfilter0, src=(string)src, time=(guint64)49157, ts=(guint64)2478372229;
0:00:02.479215789 [32m178147[00m 0xfffd90000b70 [37mTRACE  [00m [00;34m          GST_TRACER :0::[00m element-latency, element-id=(string)0xaaaaf7959350, element=(string)jpegparse0, src=(string)src, time=(guint64)827588, ts=(guint64)2479199817;
0:00:02.493867344 [32m178147[00m 0xfffd90000b70 [37mTRACE  [00m [00;34m          GST_TRACER :0::[00m element-latency, element-id=(string)0xaaaaf7a8dbc0, element=(string)nvjpegdec0, src=(string)src, time=(guint64)14632268, ts=(guint64)2493832085;
0:00:02.518901002 [32m178147[00m 0xfffd90000b70 [37mTRACE  [00m [00;34m          GST_TRACER :0::[00m element-latency, element-id=(string)0xaaaaf7a961f0, element=(string)nvvconv0, src=(string)src, time=(guint64)25023426, ts=(guint64)2518855511;
0:00:02.518965779 [32m178147[00m 0xfffd90000b70 [37mTRACE  [00m [00;34m          GST_TRACER :0::[00m element-latency, element-id=(string)0xaaaaf7b2ada0, element=(string)capsfilter1, src=(string)src, time=(guint64)94861, ts=(guint64)2518950372;
0:00:02.527288050 [32m178147[00m 0xfffd90000de0 [37mTRACE  [00m [00;34m          GST_TRACER :0::[00m element-latency, element-id=(string)0xaaaaf7b17c90, element=(string)nvv4l2h264enc0, src=(string)src, time=(guint64)8316854, ts=(guint64)2527267226;
0:00:02.527438864 [32m178147[00m 0xfffd90000de0 [37mTRACE  [00m [00;34m          GST_TRACER :0::[00m element-latency, element-id=(string)0xaaaaf7b1cb40, element=(string)h264parse0, src=(string)src, time=(guint64)160416, ts=(guint64)2527427642;
0:00:02.542297150 [32m178147[00m 0xfffd90000b70 [37mTRACE  [00m [00;34m          GST_TRACER :0::[00m element-latency, element-id=(string)0xaaaaf7b27740, element=(string)capsfilter0, src=(string)src, time=(guint64)22324, ts=(guint64)2542278437;
0:00:02.543091062 [32m178147[00m 0xfffd90000b70 [37mTRACE  [00m [00;34m          GST_TRACER :0::[00m element-latency, element-id=(string)0xaaaaf7959350, element=(string)jpegparse0, src=(string)src, time=(guint64)797180, ts=(guint64)2543075617;
0:00:02.552386382 [32m178147[00m 0xfffd90000b70 [37mTRACE  [00m [00;34m          GST_TRACER :0::[00m element-latency, element-id=(string)0xaaaaf7a8dbc0, element=(string)nvjpegdec0, src=(string)src, time=(guint64)9277711, ts=(guint64)2552353328;
0:00:02.577710991 [32m178147[00m 0xfffd90000b70 [37mTRACE  [00m [00;34m          GST_TRACER :0::[00m element-latency, element-id=(string)0xaaaaf7a961f0, element=(string)nvvconv0, src=(string)src, time=(guint64)25312738, ts=(guint64)2577666066;
0:00:02.577771195 [32m178147[00m 0xfffd90000b70 [37mTRACE  [00m [00;34m          GST_TRACER :0::[00m element-latency, element-id=(string)0xaaaaf7b2ada0, element=(string)capsfilter1, src=(string)src, time=(guint64)90573, ts=(guint64)2577756639;
0:00:02.586000597 [32m178147[00m 0xfffd90000de0 [37mTRACE  [00m [00;34m          GST_TRACER :0::[00m element-latency, element-id=(string)0xaaaaf7b17c90, element=(string)nvv4l2h264enc0, src=(string)src, time=(guint64)8215467, ts=(guint64)2585972106;
0:00:02.586200790 [32m178147[00m 0xfffd90000de0 [37mTRACE  [00m [00;34m          GST_TRACER :0::[00m element-latency, element-id=(string)0xaaaaf7b1cb40, element=(string)h264parse0, src=(string)src, time=(guint64)212786, ts=(guint64)2586184892;
0:00:02.606306135 [32m178147[00m 0xfffd90000b70 [37mTRACE  [00m [00;34m          GST_TRACER :0::[00m element-latency, element-id=(string)0xaaaaf7b27740, element=(string)capsfilter0, src=(string)src, time=(guint64)23481, ts=(guint64)2606287996;
0:00:02.607176805 [32m178147[00m 0xfffd90000b70 [37mTRACE  [00m [00;34m          GST_TRACER :0::[00m element-latency, element-id=(string)0xaaaaf7959350, element=(string)jpegparse0, src=(string)src, time=(guint64)873532, ts=(guint64)2607161528;
0:00:02.617232084 [32m178147[00m 0xfffd90000b70 [37mTRACE  [00m [00;34m          GST_TRACER :0::[00m element-latency, element-id=(string)0xaaaaf7a8dbc0, element=(string)nvjpegdec0, src=(string)src, time=(guint64)10036519, ts=(guint64)2617198047;
0:00:02.642504073 [32m178147[00m 0xfffd90000b70 [37mTRACE  [00m [00;34m          GST_TRACER :0::[00m element-latency, element-id=(string)0xaaaaf7a961f0, element=(string)nvvconv0, src=(string)src, time=(guint64)25256739, ts=(guint64)2642454786;
0:00:02.642568229 [32m178147[00m 0xfffd90000b70 [37mTRACE  [00m [00;34m          GST_TRACER :0::[00m element-latency, element-id=(string)0xaaaaf7b2ada0, element=(string)capsfilter1, src=(string)src, time=(guint64)97378, ts=(guint64)2642552164;
0:00:02.650909241 [32m178147[00m 0xfffd90000de0 [37mTRACE  [00m [00;34m          GST_TRACER :0::[00m element-latency, element-id=(string)0xaaaaf7b17c90, element=(string)nvv4l2h264enc0, src=(string)src, time=(guint64)8333022, ts=(guint64)2650885186;
0:00:02.651180230 [32m178147[00m 0xfffd90000de0 [37mTRACE  [00m [00;34m          GST_TRACER :0::[00m element-latency, element-id=(string)0xaaaaf7b1cb40, element=(string)h264parse0, src=(string)src, time=(guint64)278906, ts=(guint64)2651164092;
0:00:02.674339953 [32m178147[00m 0xfffd90000b70 [37mTRACE  [00m [00;34m          GST_TRACER :0::[00m element-latency, element-id=(string)0xaaaaf7b27740, element=(string)capsfilter0, src=(string)src, time=(guint64)46130, ts=(guint64)2674314630;
0:00:02.675246568 [32m178147[00m 0xfffd90000b70 [37mTRACE  [00m [00;34m          GST_TRACER :0::[00m element-latency, element-id=(string)0xaaaaf7959350, element=(string)jpegparse0, src=(string)src, time=(guint64)915142, ts=(guint64)2675229772;
0:00:02.690719025 [32m178147[00m 0xfffd90000b70 [37mTRACE  [00m [00;34m          GST_TRACER :0::[00m element-latency, element-id=(string)0xaaaaf7a8dbc0, element=(string)nvjpegdec0, src=(string)src, time=(guint64)15454809, ts=(guint64)2690684581;
0:00:02.716471408 [32m178147[00m 0xfffd90000b70 [37mTRACE  [00m [00;34m          GST_TRACER :0::[00m element-latency, element-id=(string)0xaaaaf7a961f0, element=(string)nvvconv0, src=(string)src, time=(guint64)25745708, ts=(guint64)2716430289;
0:00:02.716532389 [32m178147[00m 0xfffd90000b70 [37mTRACE  [00m [00;34m          GST_TRACER :0::[00m element-latency, element-id=(string)0xaaaaf7b2ada0, element=(string)capsfilter1, src=(string)src, time=(guint64)87647, ts=(guint64)2716517936;
0:00:02.725271612 [32m178147[00m 0xfffd90000de0 [37mTRACE  [00m [00;34m          GST_TRACER :0::[00m element-latency, element-id=(string)0xaaaaf7b17c90, element=(string)nvv4l2h264enc0, src=(string)src, time=(guint64)8725092, ts=(guint64)2725243028;
0:00:02.725530749 [32m178147[00m 0xfffd90000de0 [37mTRACE  [00m [00;34m          GST_TRACER :0::[00m element-latency, element-id=(string)0xaaaaf7b1cb40, element=(string)h264parse0, src=(string)src, time=(guint64)269860, ts=(guint64)2725512888;
0:00:02.738287741 [32m178147[00m 0xfffd90000b70 [37mTRACE  [00m [00;34m          GST_TRACER :0::[00m element-latency, element-id=(string)0xaaaaf7b27740, element=(string)capsfilter0, src=(string)src, time=(guint64)22324, ts=(guint64)2738267659;
0:00:02.739135459 [32m178147[00m 0xfffd90000b70 [37mTRACE  [00m [00;34m          GST_TRACER :0::[00m element-latency, element-id=(string)0xaaaaf7959350, element=(string)jpegparse0, src=(string)src, time=(guint64)851994, ts=(guint64)2739119653;
0:00:02.749046284 [32m178147[00m 0xfffd90000b70 [37mTRACE  [00m [00;34m          GST_TRACER :0::[00m element-latency, element-id=(string)0xaaaaf7a8dbc0, element=(string)nvjpegdec0, src=(string)src, time=(guint64)9890178, ts=(guint64)2749009831;
0:00:02.773503380 [32m178147[00m 0xfffd90000b70 [37mTRACE  [00m [00;34m          GST_TRACER :0::[00m element-latency, element-id=(string)0xaaaaf7a961f0, element=(string)nvvconv0, src=(string)src, time=(guint64)24446837, ts=(guint64)2773456668;
0:00:02.773589436 [32m178147[00m 0xfffd90000b70 [37mTRACE  [00m [00;34m          GST_TRACER :0::[00m element-latency, element-id=(string)0xaaaaf7b2ada0, element=(string)capsfilter1, src=(string)src, time=(guint64)103916, ts=(guint64)2773560584;
0:00:02.782439667 [32m178147[00m 0xfffd90000de0 [37mTRACE  [00m [00;34m          GST_TRACER :0::[00m element-latency, element-id=(string)0xaaaaf7b17c90, element=(string)nvv4l2h264enc0, src=(string)src, time=(guint64)8853926, ts=(guint64)2782414510;
0:00:02.782639777 [32m178147[00m 0xfffd90000de0 [37mTRACE  [00m [00;34m          GST_TRACER :0::[00m element-latency, element-id=(string)0xaaaaf7b1cb40, element=(string)h264parse0, src=(string)src, time=(guint64)210304, ts=(guint64)2782624814;
0:00:02.802284496 [32m178147[00m 0xfffd90000b70 [37mTRACE  [00m [00;34m          GST_TRACER :0::[00m element-latency, element-id=(string)0xaaaaf7b27740, element=(string)capsfilter0, src=(string)src, time=(guint64)22121, ts=(guint64)2802266200;
0:00:02.803137601 [32m178147[00m 0xfffd90000b70 [37mTRACE  [00m [00;34m          GST_TRACER :0::[00m element-latency, element-id=(string)0xaaaaf7959350, element=(string)jpegparse0, src=(string)src, time=(guint64)857271, ts=(guint64)2803123471;
0:00:02.813243380 [32m178147[00m 0xfffd90000b70 [37mTRACE  [00m [00;34m          GST_TRACER :0::[00m element-latency, element-id=(string)0xaaaaf7a8dbc0, element=(string)nvjpegdec0, src=(string)src, time=(guint64)10087530, ts=(guint64)2813211001;
0:00:02.839000505 [32m178147[00m 0xfffd90000b70 [37mTRACE  [00m [00;34m          GST_TRACER :0::[00m element-latency, element-id=(string)0xaaaaf7a961f0, element=(string)nvvconv0, src=(string)src, time=(guint64)25754976, ts=(guint64)2838965977;
0:00:02.839055356 [32m178147[00m 0xfffd90000b70 [37mTRACE  [00m [00;34m          GST_TRACER :0::[00m element-latency, element-id=(string)0xaaaaf7b2ada0, element=(string)capsfilter1, src=(string)src, time=(guint64)74777, ts=(guint64)2839040754;
0:00:02.848087179 [32m178147[00m 0xfffd90000de0 [37mTRACE  [00m [00;34m          GST_TRACER :0::[00m element-latency, element-id=(string)0xaaaaf7b17c90, element=(string)nvv4l2h264enc0, src=(string)src, time=(guint64)9018314, ts=(guint64)2848059068;
0:00:02.848322381 [32m178147[00m 0xfffd90000de0 [37mTRACE  [00m [00;34m          GST_TRACER :0::[00m element-latency, element-id=(string)0xaaaaf7b1cb40, element=(string)h264parse0, src=(string)src, time=(guint64)247823, ts=(guint64)2848306891;
0:00:02.866351462 [32m178147[00m 0xfffd90000b70 [37mTRACE  [00m [00;34m          GST_TRACER :0::[00m element-latency, element-id=(string)0xaaaaf7b27740, element=(string)capsfilter0, src=(string)src, time=(guint64)42962, ts=(guint64)2866323610;
0:00:02.867260400 [32m178147[00m 0xfffd90000b70 [37mTRACE  [00m [00;34m          GST_TRACER :0::[00m element-latency, element-id=(string)0xaaaaf7959350, element=(string)jpegparse0, src=(string)src, time=(guint64)920171, ts=(guint64)2867243781;
0:00:02.877545077 [32m178147[00m 0xfffd90000b70 [37mTRACE  [00m [00;34m          GST_TRACER :0::[00m element-latency, element-id=(string)0xaaaaf7a8dbc0, element=(string)nvjpegdec0, src=(string)src, time=(guint64)10269555, ts=(guint64)2877513336;
0:00:02.902025163 [32m178147[00m 0xfffd90000b70 [37mTRACE  [00m [00;34m          GST_TRACER :0::[00m element-latency, element-id=(string)0xaaaaf7a961f0, element=(string)nvvconv0, src=(string)src, time=(guint64)24478383, ts=(guint64)2901991719;
0:00:02.902074876 [32m178147[00m 0xfffd90000b70 [37mTRACE  [00m [00;34m          GST_TRACER :0::[00m element-latency, element-id=(string)0xaaaaf7b2ada0, element=(string)capsfilter1, src=(string)src, time=(guint64)69926, ts=(guint64)2902061645;
0:00:02.911361530 [32m178147[00m 0xfffd90000de0 [37mTRACE  [00m [00;34m          GST_TRACER :0::[00m element-latency, element-id=(string)0xaaaaf7b17c90, element=(string)nvv4l2h264enc0, src=(string)src, time=(guint64)9270978, ts=(guint64)2911332623;
0:00:02.911560288 [32m178147[00m 0xfffd90000de0 [37mTRACE  [00m [00;34m          GST_TRACER :0::[00m element-latency, element-id=(string)0xaaaaf7b1cb40, element=(string)h264parse0, src=(string)src, time=(guint64)211684, ts=(guint64)2911544307;
0:00:02.934273432 [32m178147[00m 0xfffd90000b70 [37mTRACE  [00m [00;34m          GST_TRACER :0::[00m element-latency, element-id=(string)0xaaaaf7b27740, element=(string)capsfilter0, src=(string)src, time=(guint64)21472, ts=(guint64)2934253598;
0:00:02.935116121 [32m178147[00m 0xfffd90000b70 [37mTRACE  [00m [00;34m          GST_TRACER :0::[00m element-latency, element-id=(string)0xaaaaf7959350, element=(string)jpegparse0, src=(string)src, time=(guint64)847560, ts=(guint64)2935101158;
0:00:02.945072577 [32m178147[00m 0xfffd90000b70 [37mTRACE  [00m [00;34m          GST_TRACER :0::[00m element-latency, element-id=(string)0xaaaaf7a8dbc0, element=(string)nvjpegdec0, src=(string)src, time=(guint64)9943613, ts=(guint64)2945044771;
0:00:02.968302180 [32m178147[00m 0xfffd90000b70 [37mTRACE  [00m [00;34m          GST_TRACER :0::[00m element-latency, element-id=(string)0xaaaaf7a961f0, element=(string)nvvconv0, src=(string)src, time=(guint64)23226992, ts=(guint64)2968271763;
0:00:02.968347217 [32m178147[00m 0xfffd90000b70 [37mTRACE  [00m [00;34m          GST_TRACER :0::[00m element-latency, element-id=(string)0xaaaaf7b2ada0, element=(string)capsfilter1, src=(string)src, time=(guint64)62324, ts=(guint64)2968334087;
0:00:02.978035721 [32m178147[00m 0xfffd90000de0 [37mTRACE  [00m [00;34m          GST_TRACER :0::[00m element-latency, element-id=(string)0xaaaaf7b17c90, element=(string)nvv4l2h264enc0, src=(string)src, time=(guint64)9672902, ts=(guint64)2978006989;
0:00:02.978285497 [32m178147[00m 0xfffd90000de0 [37mTRACE  [00m [00;34m          GST_TRACER :0::[00m element-latency, element-id=(string)0xaaaaf7b1cb40, element=(string)h264parse0, src=(string)src, time=(guint64)261841, ts=(guint64)2978268830;
0:00:02.998278028 [32m178147[00m 0xfffd90000b70 [37mTRACE  [00m [00;34m          GST_TRACER :0::[00m element-latency, element-id=(string)0xaaaaf7b27740, element=(string)capsfilter0, src=(string)src, time=(guint64)19111, ts=(guint64)2998258584;
0:00:02.999125707 [32m178147[00m 0xfffd90000b70 [37mTRACE  [00m [00;34m          GST_TRACER :0::[00m element-latency, element-id=(string)0xaaaaf7959350, element=(string)jpegparse0, src=(string)src, time=(guint64)852373, ts=(guint64)2999110957;
0:00:03.009658716 [32m178147[00m 0xfffd90000b70 [37mTRACE  [00m [00;34m          GST_TRACER :0::[00m element-latency, element-id=(string)0xaaaaf7a8dbc0, element=(string)nvjpegdec0, src=(string)src, time=(guint64)10518898, ts=(guint64)3009629855;
0:00:03.034503911 [32m178147[00m 0xfffd90000b70 [37mTRACE  [00m [00;34m          GST_TRACER :0::[00m element-latency, element-id=(string)0xaaaaf7a961f0, element=(string)nvvconv0, src=(string)src, time=(guint64)24847528, ts=(guint64)3034477383;
0:00:03.034549744 [32m178147[00m 0xfffd90000b70 [37mTRACE  [00m [00;34m          GST_TRACER :0::[00m element-latency, element-id=(string)0xaaaaf7b2ada0, element=(string)capsfilter1, src=(string)src, time=(guint64)59796, ts=(guint64)3034537179;
0:00:03.044381718 [32m178147[00m 0xfffd90000de0 [37mTRACE  [00m [00;34m          GST_TRACER :0::[00m element-latency, element-id=(string)0xaaaaf7b17c90, element=(string)nvv4l2h264enc0, src=(string)src, time=(guint64)9816799, ts=(guint64)3044353978;
0:00:03.044610634 [32m178147[00m 0xfffd90000de0 [37mTRACE  [00m [00;34m          GST_TRACER :0::[00m element-latency, element-id=(string)0xaaaaf7b1cb40, element=(string)h264parse0, src=(string)src, time=(guint64)240748, ts=(guint64)3044594726;
0:00:03.062290866 [32m178147[00m 0xfffd90000b70 [37mTRACE  [00m [00;34m          GST_TRACER :0::[00m element-latency, element-id=(string)0xaaaaf7b27740, element=(string)capsfilter0, src=(string)src, time=(guint64)26260, ts=(guint64)3062272727;
0:00:03.063136860 [32m178147[00m 0xfffd90000b70 [37mTRACE  [00m [00;34m          GST_TRACER :0::[00m element-latency, element-id=(string)0xaaaaf7959350, element=(string)jpegparse0, src=(string)src, time=(guint64)848531, ts=(guint64)3063121258;
0:00:03.073554054 [32m178147[00m 0xfffd90000b70 [37mTRACE  [00m [00;34m          GST_TRACER :0::[00m element-latency, element-id=(string)0xaaaaf7a8dbc0, element=(string)nvjpegdec0, src=(string)src, time=(guint64)10402916, ts=(guint64)3073524174;
0:00:03.099313132 [32m178147[00m 0xfffd90000b70 [37mTRACE  [00m [00;34m          GST_TRACER :0::[00m element-latency, element-id=(string)0xaaaaf7a961f0, element=(string)nvvconv0, src=(string)src, time=(guint64)25747032, ts=(guint64)3099271206;
0:00:03.099374899 [32m178147[00m 0xfffd90000b70 [37mTRACE  [00m [00;34m          GST_TRACER :0::[00m element-latency, element-id=(string)0xaaaaf7b2ada0, element=(string)capsfilter1, src=(string)src, time=(guint64)89611, ts=(guint64)3099360817;
0:00:03.112050042 [32m178147[00m 0xfffd90000de0 [37mTRACE  [00m [00;34m          GST_TRACER :0::[00m element-latency, element-id=(string)0xaaaaf7b17c90, element=(string)nvv4l2h264enc0, src=(string)src, time=(guint64)12661513, ts=(guint64)3112022330;
0:00:03.112635891 [32m178147[00m 0xfffd90000de0 [37mTRACE  [00m [00;34m          GST_TRACER :0::[00m element-latency, element-id=(string)0xaaaaf7b1cb40, element=(string)h264parse0, src=(string)src, time=(guint64)593403, ts=(guint64)3112615733;
0:00:03.126298887 [32m178147[00m 0xfffd90000b70 [37mTRACE  [00m [00;34m          GST_TRACER :0::[00m element-latency, element-id=(string)0xaaaaf7b27740, element=(string)capsfilter0, src=(string)src, time=(guint64)25564, ts=(guint64)3126280517;
0:00:03.127150391 [32m178147[00m 0xfffd90000b70 [37mTRACE  [00m [00;34m          GST_TRACER :0::[00m element-latency, element-id=(string)0xaaaaf7959350, element=(string)jpegparse0, src=(string)src, time=(guint64)855189, ts=(guint64)3127135706;
0:00:03.137917796 [32m178147[00m 0xfffd90000b70 [37mTRACE  [00m [00;34m          GST_TRACER :0::[00m element-latency, element-id=(string)0xaaaaf7a8dbc0, element=(string)nvjpegdec0, src=(string)src, time=(guint64)10753173, ts=(guint64)3137888879;
0:00:03.163104313 [32m178147[00m 0xfffd90000b70 [37mTRACE  [00m [00;34m          GST_TRACER :0::[00m element-latency, element-id=(string)0xaaaaf7a961f0, element=(string)nvvconv0, src=(string)src, time=(guint64)25184554, ts=(guint64)3163073433;
0:00:03.163149526 [32m178147[00m 0xfffd90000b70 [37mTRACE  [00m [00;34m          GST_TRACER :0::[00m element-latency, element-id=(string)0xaaaaf7b2ada0, element=(string)capsfilter1, src=(string)src, time=(guint64)63047, ts=(guint64)3163136480;
0:00:03.173557386 [32m178147[00m 0xfffd90000de0 [37mTRACE  [00m [00;34m          GST_TRACER :0::[00m element-latency, element-id=(string)0xaaaaf7b17c90, element=(string)nvv4l2h264enc0, src=(string)src, time=(guint64)10396424, ts=(guint64)3173532904;
0:00:03.173761402 [32m178147[00m 0xfffd90000de0 [37mTRACE  [00m [00;34m          GST_TRACER :0::[00m element-latency, element-id=(string)0xaaaaf7b1cb40, element=(string)h264parse0, src=(string)src, time=(guint64)213749, ts=(guint64)3173746653;
0:00:03.194263190 [32m178147[00m 0xfffd90000b70 [37mTRACE  [00m [00;34m          GST_TRACER :0::[00m element-latency, element-id=(string)0xaaaaf7b27740, element=(string)capsfilter0, src=(string)src, time=(guint64)19731, ts=(guint64)3194247792;
0:00:03.195142879 [32m178147[00m 0xfffd90000b70 [37mTRACE  [00m [00;34m          GST_TRACER :0::[00m element-latency, element-id=(string)0xaaaaf7959350, element=(string)jpegparse0, src=(string)src, time=(guint64)882188, ts=(guint64)3195129980;
0:00:03.206694926 [32m178147[00m 0xfffd90000b70 [37mTRACE  [00m [00;34m          GST_TRACER :0::[00m element-latency, element-id=(string)0xaaaaf7a8dbc0, element=(string)nvjpegdec0, src=(string)src, time=(guint64)11536179, ts=(guint64)3206666159;
0:00:03.230563786 [32m178147[00m 0xfffd90000b70 [37mTRACE  [00m [00;34m          GST_TRACER :0::[00m element-latency, element-id=(string)0xaaaaf7a961f0, element=(string)nvvconv0, src=(string)src, time=(guint64)23872701, ts=(guint64)3230538860;
0:00:03.230607285 [32m178147[00m 0xfffd90000b70 [37mTRACE  [00m [00;34m          GST_TRACER :0::[00m element-latency, element-id=(string)0xaaaaf7b2ada0, element=(string)capsfilter1, src=(string)src, time=(guint64)56091, ts=(guint64)3230594951;
0:00:03.241480411 [32m178147[00m 0xfffd90000de0 [37mTRACE  [00m [00;34m          GST_TRACER :0::[00m element-latency, element-id=(string)0xaaaaf7b17c90, element=(string)nvv4l2h264enc0, src=(string)src, time=(guint64)10854386, ts=(guint64)3241449337;
0:00:03.241699511 [32m178147[00m 0xfffd90000de0 [37mTRACE  [00m [00;34m          GST_TRACER :0::[00m element-latency, element-id=(string)0xaaaaf7b1cb40, element=(string)h264parse0, src=(string)src, time=(guint64)232581, ts=(guint64)3241681918;
0:00:03.258267657 [32m178147[00m 0xfffd90000b70 [37mTRACE  [00m [00;34m          GST_TRACER :0::[00m element-latency, element-id=(string)0xaaaaf7b27740, element=(string)capsfilter0, src=(string)src, time=(guint64)19083, ts=(guint64)3258253092;
0:00:03.259141206 [32m178147[00m 0xfffd90000b70 [37mTRACE  [00m [00;34m          GST_TRACER :0::[00m element-latency, element-id=(string)0xaaaaf7959350, element=(string)jpegparse0, src=(string)src, time=(guint64)871902, ts=(guint64)3259124994;
0:00:03.270950678 [32m178147[00m 0xfffd90000b70 [37mTRACE  [00m [00;34m          GST_TRACER :0::[00m element-latency, element-id=(string)0xaaaaf7a8dbc0, element=(string)nvjpegdec0, src=(string)src, time=(guint64)11796814, ts=(guint64)3270921808;
0:00:03.295760437 [32m178147[00m 0xfffd90000b70 [37mTRACE  [00m [00;34m          GST_TRACER :0::[00m element-latency, element-id=(string)0xaaaaf7a961f0, element=(string)nvvconv0, src=(string)src, time=(guint64)24802314, ts=(guint64)3295724122;
0:00:03.295822363 [32m178147[00m 0xfffd90000b70 [37mTRACE  [00m [00;34m          GST_TRACER :0::[00m element-latency, element-id=(string)0xaaaaf7b2ada0, element=(string)capsfilter1, src=(string)src, time=(guint64)84704, ts=(guint64)3295808826;
0:00:03.307070393 [32m178147[00m 0xfffd90000de0 [37mTRACE  [00m [00;34m          GST_TRACER :0::[00m element-latency, element-id=(string)0xaaaaf7b17c90, element=(string)nvv4l2h264enc0, src=(string)src, time=(guint64)11233364, ts=(guint64)3307042190;
0:00:03.307310364 [32m178147[00m 0xfffd90000de0 [37mTRACE  [00m [00;34m          GST_TRACER :0::[00m element-latency, element-id=(string)0xaaaaf7b1cb40, element=(string)h264parse0, src=(string)src, time=(guint64)251090, ts=(guint64)3307293280;
0:00:03.322297231 [32m178147[00m 0xfffd90000b70 [37mTRACE  [00m [00;34m          GST_TRACER :0::[00m element-latency, element-id=(string)0xaaaaf7b27740, element=(string)capsfilter0, src=(string)src, time=(guint64)31518, ts=(guint64)3322276954;
0:00:03.323157893 [32m178147[00m 0xfffd90000b70 [37mTRACE  [00m [00;34m          GST_TRACER :0::[00m element-latency, element-id=(string)0xaaaaf7959350, element=(string)jpegparse0, src=(string)src, time=(guint64)866078, ts=(guint64)3323143032;
0:00:03.334878059 [32m178147[00m 0xfffd90000b70 [37mTRACE  [00m [00;34m          GST_TRACER :0::[00m element-latency, element-id=(string)0xaaaaf7a8dbc0, element=(string)nvjpegdec0, src=(string)src, time=(guint64)11703666, ts=(guint64)3334846698;
0:00:03.360430647 [32m178147[00m 0xfffd90000b70 [37mTRACE  [00m [00;34m          GST_TRACER :0::[00m element-latency, element-id=(string)0xaaaaf7a961f0, element=(string)nvvconv0, src=(string)src, time=(guint64)25556144, ts=(guint64)3360402842;
0:00:03.360476646 [32m178147[00m 0xfffd90000b70 [37mTRACE  [00m [00;34m          GST_TRACER :0::[00m element-latency, element-id=(string)0xaaaaf7b2ada0, element=(string)capsfilter1, src=(string)src, time=(guint64)60925, ts=(guint64)3360463767;
0:00:03.372151229 [32m178147[00m 0xfffd90000de0 [37mTRACE  [00m [00;34m          GST_TRACER :0::[00m element-latency, element-id=(string)0xaaaaf7b17c90, element=(string)nvv4l2h264enc0, src=(string)src, time=(guint64)11657510, ts=(guint64)3372121277;
0:00:03.372334173 [32m178147[00m 0xfffd90000de0 [37mTRACE  [00m [00;34m          GST_TRACER :0::[00m element-latency, element-id=(string)0xaaaaf7b1cb40, element=(string)h264parse0, src=(string)src, time=(guint64)198109, ts=(guint64)3372319386;
0:00:03.386275566 [32m178147[00m 0xfffd90000b70 [37mTRACE  [00m [00;34m          GST_TRACER :0::[00m element-latency, element-id=(string)0xaaaaf7b27740, element=(string)capsfilter0, src=(string)src, time=(guint64)21027, ts=(guint64)3386260177;
0:00:03.387080589 [32m178147[00m 0xfffd90000b70 [37mTRACE  [00m [00;34m          GST_TRACER :0::[00m element-latency, element-id=(string)0xaaaaf7959350, element=(string)jpegparse0, src=(string)src, time=(guint64)805718, ts=(guint64)3387065895;
0:00:03.399036912 [32m178147[00m 0xfffd90000b70 [37mTRACE  [00m [00;34m          GST_TRACER :0::[00m element-latency, element-id=(string)0xaaaaf7a8dbc0, element=(string)nvjpegdec0, src=(string)src, time=(guint64)11944647, ts=(guint64)3399010542;
0:00:03.424715666 [32m178147[00m 0xfffd90000b70 [37mTRACE  [00m [00;34m          GST_TRACER :0::[00m element-latency, element-id=(string)0xaaaaf7a961f0, element=(string)nvvconv0, src=(string)src, time=(guint64)25678107, ts=(guint64)3424688649;
0:00:03.424759972 [32m178147[00m 0xfffd90000b70 [37mTRACE  [00m [00;34m          GST_TRACER :0::[00m element-latency, element-id=(string)0xaaaaf7b2ada0, element=(string)capsfilter1, src=(string)src, time=(guint64)59517, ts=(guint64)3424748166;
0:00:03.437017099 [32m178147[00m 0xfffd90000de0 [37mTRACE  [00m [00;34m          GST_TRACER :0::[00m element-latency, element-id=(string)0xaaaaf7b17c90, element=(string)nvv4l2h264enc0, src=(string)src, time=(guint64)12237710, ts=(guint64)3436985876;
0:00:03.437210208 [32m178147[00m 0xfffd90000de0 [37mTRACE  [00m [00;34m          GST_TRACER :0::[00m element-latency, element-id=(string)0xaaaaf7b1cb40, element=(string)h264parse0, src=(string)src, time=(guint64)207907, ts=(guint64)3437193783;
0:00:03.450284070 [32m178147[00m 0xfffd90000b70 [37mTRACE  [00m [00;34m          GST_TRACER :0::[00m element-latency, element-id=(string)0xaaaaf7b27740, element=(string)capsfilter0, src=(string)src, time=(guint64)20018, ts=(guint64)3450268302;
0:00:03.451123667 [32m178147[00m 0xfffd90000b70 [37mTRACE  [00m [00;34m          GST_TRACER :0::[00m element-latency, element-id=(string)0xaaaaf7959350, element=(string)jpegparse0, src=(string)src, time=(guint64)840606, ts=(guint64)3451108908;
0:00:03.463568644 [32m178147[00m 0xfffd90000b70 [37mTRACE  [00m [00;34m          GST_TRACER :0::[00m element-latency, element-id=(string)0xaaaaf7a8dbc0, element=(string)nvjpegdec0, src=(string)src, time=(guint64)12428996, ts=(guint64)3463537904;
0:00:03.486315436 [32m178147[00m 0xfffd90000b70 [37mTRACE  [00m [00;34m          GST_TRACER :0::[00m element-latency, element-id=(string)0xaaaaf7a961f0, element=(string)nvvconv0, src=(string)src, time=(guint64)22748477, ts=(guint64)3486286381;
0:00:03.486376065 [32m178147[00m 0xfffd90000b70 [37mTRACE  [00m [00;34m          GST_TRACER :0::[00m element-latency, element-id=(string)0xaaaaf7b2ada0, element=(string)capsfilter1, src=(string)src, time=(guint64)76841, ts=(guint64)3486363222;
0:00:03.498745700 [32m178147[00m 0xfffd90000de0 [37mTRACE  [00m [00;34m          GST_TRACER :0::[00m element-latency, element-id=(string)0xaaaaf7b17c90, element=(string)nvv4l2h264enc0, src=(string)src, time=(guint64)12359265, ts=(guint64)3498722487;
0:00:03.498971217 [32m178147[00m 0xfffd90000de0 [37mTRACE  [00m [00;34m          GST_TRACER :0::[00m element-latency, element-id=(string)0xaaaaf7b1cb40, element=(string)h264parse0, src=(string)src, time=(guint64)232249, ts=(guint64)3498954736;
0:00:03.518315372 [32m178147[00m 0xfffd90000b70 [37mTRACE  [00m [00;34m          GST_TRACER :0::[00m element-latency, element-id=(string)0xaaaaf7b27740, element=(string)capsfilter0, src=(string)src, time=(guint64)40981, ts=(guint64)3518292077;
0:00:03.519210293 [32m178147[00m 0xfffd90000b70 [37mTRACE  [00m [00;34m          GST_TRACER :0::[00m element-latency, element-id=(string)0xaaaaf7959350, element=(string)jpegparse0, src=(string)src, time=(guint64)901142, ts=(guint64)3519193219;
0:00:03.532172286 [32m178147[00m 0xfffd90000b70 [37mTRACE  [00m [00;34m          GST_TRACER :0::[00m element-latency, element-id=(string)0xaaaaf7a8dbc0, element=(string)nvjpegdec0, src=(string)src, time=(guint64)12948798, ts=(guint64)3532142017;
0:00:03.556460947 [32m178147[00m 0xfffd90000b70 [37mTRACE  [00m [00;34m          GST_TRACER :0::[00m element-latency, element-id=(string)0xaaaaf7a961f0, element=(string)nvvconv0, src=(string)src, time=(guint64)24282282, ts=(guint64)3556424299;
0:00:03.556514798 [32m178147[00m 0xfffd90000b70 [37mTRACE  [00m [00;34m          GST_TRACER :0::[00m element-latency, element-id=(string)0xaaaaf7b2ada0, element=(string)capsfilter1, src=(string)src, time=(guint64)76342, ts=(guint64)3556500641;
0:00:03.569632003 [32m178147[00m 0xfffd90000de0 [37mTRACE  [00m [00;34m          GST_TRACER :0::[00m element-latency, element-id=(string)0xaaaaf7b17c90, element=(string)nvv4l2h264enc0, src=(string)src, time=(guint64)13100889, ts=(guint64)3569601530;
0:00:03.569821187 [32m178147[00m 0xfffd90000de0 [37mTRACE  [00m [00;34m          GST_TRACER :0::[00m element-latency, element-id=(string)0xaaaaf7b1cb40, element=(string)h264parse0, src=(string)src, time=(guint64)204092, ts=(guint64)3569805622;
0:00:03.582272117 [32m178147[00m 0xfffd90000b70 [37mTRACE  [00m [00;34m          GST_TRACER :0::[00m element-latency, element-id=(string)0xaaaaf7b27740, element=(string)capsfilter0, src=(string)src, time=(guint64)20184, ts=(guint64)3582257626;
0:00:03.583109751 [32m178147[00m 0xfffd90000b70 [37mTRACE  [00m [00;34m          GST_TRACER :0::[00m element-latency, element-id=(string)0xaaaaf7959350, element=(string)jpegparse0, src=(string)src, time=(guint64)837801, ts=(guint64)3583095427;
0:00:03.596950099 [32m178147[00m 0xfffd90000b70 [37mTRACE  [00m [00;34m          GST_TRACER :0::[00m element-latency, element-id=(string)0xaaaaf7a8dbc0, element=(string)nvjpegdec0, src=(string)src, time=(guint64)13823950, ts=(guint64)3596919377;
0:00:03.622892112 [32m178147[00m 0xfffd90000b70 [37mTRACE  [00m [00;34m          GST_TRACER :0::[00m element-latency, element-id=(string)0xaaaaf7a961f0, element=(string)nvvconv0, src=(string)src, time=(guint64)25911651, ts=(guint64)3622831028;
0:00:03.622976638 [32m178147[00m 0xfffd90000b70 [37mTRACE  [00m [00;34m          GST_TRACER :0::[00m element-latency, element-id=(string)0xaaaaf7b2ada0, element=(string)capsfilter1, src=(string)src, time=(guint64)130416, ts=(guint64)3622961444;
0:00:03.636664349 [32m178147[00m 0xfffd90000de0 [37mTRACE  [00m [00;34m          GST_TRACER :0::[00m element-latency, element-id=(string)0xaaaaf7b17c90, element=(string)nvv4l2h264enc0, src=(string)src, time=(guint64)13672775, ts=(guint64)3636634219;
0:00:03.636903680 [32m178147[00m 0xfffd90000de0 [37mTRACE  [00m [00;34m          GST_TRACER :0::[00m element-latency, element-id=(string)0xaaaaf7b1cb40, element=(string)h264parse0, src=(string)src, time=(guint64)252665, ts=(guint64)3636886884;
0:00:03.646278797 [32m178147[00m 0xfffd90000b70 [37mTRACE  [00m [00;34m          GST_TRACER :0::[00m element-latency, element-id=(string)0xaaaaf7b27740, element=(string)capsfilter0, src=(string)src, time=(guint64)21935, ts=(guint64)3646262622;
0:00:03.647126024 [32m178147[00m 0xfffd90000b70 [37mTRACE  [00m [00;34m          GST_TRACER :0::[00m element-latency, element-id=(string)0xaaaaf7959350, element=(string)jpegparse0, src=(string)src, time=(guint64)848383, ts=(guint64)3647111005;
0:00:03.660865252 [32m178147[00m 0xfffd90000b70 [37mTRACE  [00m [00;34m          GST_TRACER :0::[00m element-latency, element-id=(string)0xaaaaf7a8dbc0, element=(string)nvjpegdec0, src=(string)src, time=(guint64)13721905, ts=(guint64)3660832910;
0:00:03.685210533 [32m178147[00m 0xfffd90000b70 [37mTRACE  [00m [00;34m          GST_TRACER :0::[00m element-latency, element-id=(string)0xaaaaf7a961f0, element=(string)nvvconv0, src=(string)src, time=(guint64)24342291, ts=(guint64)3685175201;
0:00:03.685259533 [32m178147[00m 0xfffd90000b70 [37mTRACE  [00m [00;34m          GST_TRACER :0::[00m element-latency, element-id=(string)0xaaaaf7b2ada0, element=(string)capsfilter1, src=(string)src, time=(guint64)70878, ts=(guint64)3685246079;
0:00:03.698867632 [32m178147[00m 0xfffd90000de0 [37mTRACE  [00m [00;34m          GST_TRACER :0::[00m element-latency, element-id=(string)0xaaaaf7b17c90, element=(string)nvv4l2h264enc0, src=(string)src, time=(guint64)13591257, ts=(guint64)3698837336;
0:00:03.699048974 [32m178147[00m 0xfffd90000de0 [37mTRACE  [00m [00;34m          GST_TRACER :0::[00m element-latency, element-id=(string)0xaaaaf7b1cb40, element=(string)h264parse0, src=(string)src, time=(guint64)196592, ts=(guint64)3699033928;
0:00:03.710286792 [32m178147[00m 0xfffd90000b70 [37mTRACE  [00m [00;34m          GST_TRACER :0::[00m element-latency, element-id=(string)0xaaaaf7b27740, element=(string)capsfilter0, src=(string)src, time=(guint64)24407, ts=(guint64)3710270486;
0:00:03.711537210 [32m178147[00m 0xfffd90000b70 [37mTRACE  [00m [00;34m          GST_TRACER :0::[00m element-latency, element-id=(string)0xaaaaf7959350, element=(string)jpegparse0, src=(string)src, time=(guint64)1250140, ts=(guint64)3711520626;
0:00:03.725631065 [32m178147[00m 0xfffd90000b70 [37mTRACE  [00m [00;34m          GST_TRACER :0::[00m element-latency, element-id=(string)0xaaaaf7a8dbc0, element=(string)nvjpegdec0, src=(string)src, time=(guint64)14077680, ts=(guint64)3725598306;
0:00:03.749563915 [32m178147[00m 0xfffd90000b70 [37mTRACE  [00m [00;34m          GST_TRACER :0::[00m element-latency, element-id=(string)0xaaaaf7a961f0, element=(string)nvvconv0, src=(string)src, time=(guint64)23937673, ts=(guint64)3749535979;
0:00:03.749620377 [32m178147[00m 0xfffd90000b70 [37mTRACE  [00m [00;34m          GST_TRACER :0::[00m element-latency, element-id=(string)0xaaaaf7b2ada0, element=(string)capsfilter1, src=(string)src, time=(guint64)70000, ts=(guint64)3749605979;
0:00:03.766829241 [32m178147[00m 0xfffd90000de0 [37mTRACE  [00m [00;34m          GST_TRACER :0::[00m element-latency, element-id=(string)0xaaaaf7b17c90, element=(string)nvv4l2h264enc0, src=(string)src, time=(guint64)17194021, ts=(guint64)3766800000;
0:00:03.767364107 [32m178147[00m 0xfffd90000de0 [37mTRACE  [00m [00;34m          GST_TRACER :0::[00m element-latency, element-id=(string)0xaaaaf7b1cb40, element=(string)h264parse0, src=(string)src, time=(guint64)542830, ts=(guint64)3767342830;
0:00:03.778259438 [32m178147[00m 0xfffd90000b70 [37mTRACE  [00m [00;34m          GST_TRACER :0::[00m element-latency, element-id=(string)0xaaaaf7b27740, element=(string)capsfilter0, src=(string)src, time=(guint64)18250, ts=(guint64)3778243363;
0:00:03.779123607 [32m178147[00m 0xfffd90000b70 [37mTRACE  [00m [00;34m          GST_TRACER :0::[00m element-latency, element-id=(string)0xaaaaf7959350, element=(string)jpegparse0, src=(string)src, time=(guint64)865818, ts=(guint64)3779109181;
0:00:03.792923456 [32m178147[00m 0xfffd90000b70 [37mTRACE  [00m [00;34m          GST_TRACER :0::[00m element-latency, element-id=(string)0xaaaaf7a8dbc0, element=(string)nvjpegdec0, src=(string)src, time=(guint64)13783137, ts=(guint64)3792892318;
0:00:03.818299944 [32m178147[00m 0xfffd90000b70 [37mTRACE  [00m [00;34m          GST_TRACER :0::[00m element-latency, element-id=(string)0xaaaaf7a961f0, element=(string)nvvconv0, src=(string)src, time=(guint64)25380052, ts=(guint64)3818272370;
0:00:03.818345731 [32m178147[00m 0xfffd90000b70 [37mTRACE  [00m [00;34m          GST_TRACER :0::[00m element-latency, element-id=(string)0xaaaaf7b2ada0, element=(string)capsfilter1, src=(string)src, time=(guint64)61074, ts=(guint64)3818333444;
0:00:03.831982386 [32m178147[00m 0xfffd90000de0 [37mTRACE  [00m [00;34m          GST_TRACER :0::[00m element-latency, element-id=(string)0xaaaaf7b17c90, element=(string)nvv4l2h264enc0, src=(string)src, time=(guint64)13620173, ts=(guint64)3831953617;
0:00:03.832171569 [32m178147[00m 0xfffd90000de0 [37mTRACE  [00m [00;34m          GST_TRACER :0::[00m element-latency, element-id=(string)0xaaaaf7b1cb40, element=(string)h264parse0, src=(string)src, time=(guint64)201935, ts=(guint64)3832155552;
0:00:03.842293172 [32m178147[00m 0xfffd90000b70 [37mTRACE  [00m [00;34m          GST_TRACER :0::[00m element-latency, element-id=(string)0xaaaaf7b27740, element=(string)capsfilter0, src=(string)src, time=(guint64)31186, ts=(guint64)3842271766;
0:00:03.843148435 [32m178147[00m 0xfffd90000b70 [37mTRACE  [00m [00;34m          GST_TRACER :0::[00m element-latency, element-id=(string)0xaaaaf7959350, element=(string)jpegparse0, src=(string)src, time=(guint64)861012, ts=(guint64)3843132778;
0:00:03.857412114 [32m178147[00m 0xfffd90000b70 [37mTRACE  [00m [00;34m          GST_TRACER :0::[00m element-latency, element-id=(string)0xaaaaf7a8dbc0, element=(string)nvjpegdec0, src=(string)src, time=(guint64)14247549, ts=(guint64)3857380327;
0:00:03.882620566 [32m178147[00m 0xfffd90000b70 [37mTRACE  [00m [00;34m          GST_TRACER :0::[00m element-latency, element-id=(string)0xaaaaf7a961f0, element=(string)nvvconv0, src=(string)src, time=(guint64)25204572, ts=(guint64)3882584899;
0:00:03.882675362 [32m178147[00m 0xfffd90000b70 [37mTRACE  [00m [00;34m          GST_TRACER :0::[00m element-latency, element-id=(string)0xaaaaf7b2ada0, element=(string)capsfilter1, src=(string)src, time=(guint64)76787, ts=(guint64)3882661686;
0:00:03.896284841 [32m178147[00m 0xfffd90000de0 [37mTRACE  [00m [00;34m          GST_TRACER :0::[00m element-latency, element-id=(string)0xaaaaf7b17c90, element=(string)nvv4l2h264enc0, src=(string)src, time=(guint64)13594747, ts=(guint64)3896256433;
0:00:03.896477053 [32m178147[00m 0xfffd90000de0 [37mTRACE  [00m [00;34m          GST_TRACER :0::[00m element-latency, element-id=(string)0xaaaaf7b1cb40, element=(string)h264parse0, src=(string)src, time=(guint64)205481, ts=(guint64)3896461914;
0:00:03.906272509 [32m178147[00m 0xfffd90000b70 [37mTRACE  [00m [00;34m          GST_TRACER :0::[00m element-latency, element-id=(string)0xaaaaf7b27740, element=(string)capsfilter0, src=(string)src, time=(guint64)20759, ts=(guint64)3906257240;
0:00:03.907136827 [32m178147[00m 0xfffd90000b70 [37mTRACE  [00m [00;34m          GST_TRACER :0::[00m element-latency, element-id=(string)0xaaaaf7959350, element=(string)jpegparse0, src=(string)src, time=(guint64)865578, ts=(guint64)3907122818;
0:00:03.921699003 [32m178147[00m 0xfffd90000b70 [37mTRACE  [00m [00;34m          GST_TRACER :0::[00m element-latency, element-id=(string)0xaaaaf7a8dbc0, element=(string)nvjpegdec0, src=(string)src, time=(guint64)14543463, ts=(guint64)3921666281;
0:00:03.946808937 [32m178147[00m 0xfffd90000b70 [37mTRACE  [00m [00;34m          GST_TRACER :0::[00m element-latency, element-id=(string)0xaaaaf7a961f0, element=(string)nvvconv0, src=(string)src, time=(guint64)25117184, ts=(guint64)3946783465;
0:00:03.946873241 [32m178147[00m 0xfffd90000b70 [37mTRACE  [00m [00;34m          GST_TRACER :0::[00m element-latency, element-id=(string)0xaaaaf7b2ada0, element=(string)capsfilter1, src=(string)src, time=(guint64)76647, ts=(guint64)3946860112;
0:00:03.960550859 [32m178147[00m 0xfffd90000de0 [37mTRACE  [00m [00;34m          GST_TRACER :0::[00m element-latency, element-id=(string)0xaaaaf7b17c90, element=(string)nvv4l2h264enc0, src=(string)src, time=(guint64)13656497, ts=(guint64)3960516609;
0:00:03.960749571 [32m178147[00m 0xfffd90000de0 [37mTRACE  [00m [00;34m          GST_TRACER :0::[00m element-latency, element-id=(string)0xaaaaf7b1cb40, element=(string)h264parse0, src=(string)src, time=(guint64)216452, ts=(guint64)3960733061;
0:00:03.970292640 [32m178147[00m 0xfffd90000b70 [37mTRACE  [00m [00;34m          GST_TRACER :0::[00m element-latency, element-id=(string)0xaaaaf7b27740, element=(string)capsfilter0, src=(string)src, time=(guint64)21879, ts=(guint64)3970275232;
0:00:03.971167726 [32m178147[00m 0xfffd90000b70 [37mTRACE  [00m [00;34m          GST_TRACER :0::[00m element-latency, element-id=(string)0xaaaaf7959350, element=(string)jpegparse0, src=(string)src, time=(guint64)878504, ts=(guint64)3971153736;
0:00:03.984904259 [32m178147[00m 0xfffd90000b70 [37mTRACE  [00m [00;34m          GST_TRACER :0::[00m element-latency, element-id=(string)0xaaaaf7a8dbc0, element=(string)nvjpegdec0, src=(string)src, time=(guint64)13721904, ts=(guint64)3984875640;
0:00:04.010234543 [32m178147[00m 0xfffd90000b70 [37mTRACE  [00m [00;34m          GST_TRACER :0::[00m element-latency, element-id=(string)0xaaaaf7a961f0, element=(string)nvvconv0, src=(string)src, time=(guint64)25332895, ts=(guint64)4010208535;
0:00:04.010280580 [32m178147[00m 0xfffd90000b70 [37mTRACE  [00m [00;34m          GST_TRACER :0::[00m element-latency, element-id=(string)0xaaaaf7b2ada0, element=(string)capsfilter1, src=(string)src, time=(guint64)58304, ts=(guint64)4010266839;
0:00:04.023902327 [32m178147[00m 0xfffd90000de0 [37mTRACE  [00m [00;34m          GST_TRACER :0::[00m element-latency, element-id=(string)0xaaaaf7b17c90, element=(string)nvv4l2h264enc0, src=(string)src, time=(guint64)13607006, ts=(guint64)4023873845;
0:00:04.024151223 [32m178147[00m 0xfffd90000de0 [37mTRACE  [00m [00;34m          GST_TRACER :0::[00m element-latency, element-id=(string)0xaaaaf7b1cb40, element=(string)h264parse0, src=(string)src, time=(guint64)260073, ts=(guint64)4024133918;
0:00:04.038283227 [32m178147[00m 0xfffd90000b70 [37mTRACE  [00m [00;34m          GST_TRACER :0::[00m element-latency, element-id=(string)0xaaaaf7b27740, element=(string)capsfilter0, src=(string)src, time=(guint64)29426, ts=(guint64)4038260125;
0:00:04.039142379 [32m178147[00m 0xfffd90000b70 [37mTRACE  [00m [00;34m          GST_TRACER :0::[00m element-latency, element-id=(string)0xaaaaf7959350, element=(string)jpegparse0, src=(string)src, time=(guint64)867105, ts=(guint64)4039127230;
0:00:04.052831477 [32m178147[00m 0xfffd90000b70 [37mTRACE  [00m [00;34m          GST_TRACER :0::[00m element-latency, element-id=(string)0xaaaaf7a8dbc0, element=(string)nvjpegdec0, src=(string)src, time=(guint64)13675618, ts=(guint64)4052802848;
0:00:04.077274720 [32m178147[00m 0xfffd90000b70 [37mTRACE  [00m [00;34m          GST_TRACER :0::[00m element-latency, element-id=(string)0xaaaaf7a961f0, element=(string)nvvconv0, src=(string)src, time=(guint64)24440455, ts=(guint64)4077243303;
0:00:04.077323599 [32m178147[00m 0xfffd90000b70 [37mTRACE  [00m [00;34m          GST_TRACER :0::[00m element-latency, element-id=(string)0xaaaaf7b2ada0, element=(string)capsfilter1, src=(string)src, time=(guint64)66296, ts=(guint64)4077309599;
0:00:04.090957920 [32m178147[00m 0xfffd90000de0 [37mTRACE  [00m [00;34m          GST_TRACER :0::[00m element-latency, element-id=(string)0xaaaaf7b17c90, element=(string)nvv4l2h264enc0, src=(string)src, time=(guint64)13618025, ts=(guint64)4090927624;
0:00:04.091150234 [32m178147[00m 0xfffd90000de0 [37mTRACE  [00m [00;34m          GST_TRACER :0::[00m element-latency, element-id=(string)0xaaaaf7b1cb40, element=(string)h264parse0, src=(string)src, time=(guint64)207175, ts=(guint64)4091134799;
0:00:04.102289783 [32m178147[00m 0xfffd90000b70 [37mTRACE  [00m [00;34m          GST_TRACER :0::[00m element-latency, element-id=(string)0xaaaaf7b27740, element=(string)capsfilter0, src=(string)src, time=(guint64)30814, ts=(guint64)4102267496;
0:00:04.103143667 [32m178147[00m 0xfffd90000b70 [37mTRACE  [00m [00;34m          GST_TRACER :0::[00m element-latency, element-id=(string)0xaaaaf7959350, element=(string)jpegparse0, src=(string)src, time=(guint64)861486, ts=(guint64)4103128982;
0:00:04.117444234 [32m178147[00m 0xfffd90000b70 [37mTRACE  [00m [00;34m          GST_TRACER :0::[00m element-latency, element-id=(string)0xaaaaf7a8dbc0, element=(string)nvjpegdec0, src=(string)src, time=(guint64)14286641, ts=(guint64)4117415623;
0:00:04.142850221 [32m178147[00m 0xfffd90000b70 [37mTRACE  [00m [00;34m          GST_TRACER :0::[00m element-latency, element-id=(string)0xaaaaf7a961f0, element=(string)nvvconv0, src=(string)src, time=(guint64)25407266, ts=(guint64)4142822889;
0:00:04.142898369 [32m178147[00m 0xfffd90000b70 [37mTRACE  [00m [00;34m          GST_TRACER :0::[00m element-latency, element-id=(string)0xaaaaf7b2ada0, element=(string)capsfilter1, src=(string)src, time=(guint64)62702, ts=(guint64)4142885591;
0:00:04.156542802 [32m178147[00m 0xfffd90000de0 [37mTRACE  [00m [00;34m          GST_TRACER :0::[00m element-latency, element-id=(string)0xaaaaf7b17c90, element=(string)nvv4l2h264enc0, src=(string)src, time=(guint64)13627072, ts=(guint64)4156512663;
0:00:04.156734199 [32m178147[00m 0xfffd90000de0 [37mTRACE  [00m [00;34m          GST_TRACER :0::[00m element-latency, element-id=(string)0xaaaaf7b1cb40, element=(string)h264parse0, src=(string)src, time=(guint64)205758, ts=(guint64)4156718421;
0:00:04.166279833 [32m178147[00m 0xfffd90000b70 [37mTRACE  [00m [00;34m          GST_TRACER :0::[00m element-latency, element-id=(string)0xaaaaf7b27740, element=(string)capsfilter0, src=(string)src, time=(guint64)24315, ts=(guint64)4166258806;
0:00:04.167178707 [32m178147[00m 0xfffd90000b70 [37mTRACE  [00m [00;34m          GST_TRACER :0::[00m element-latency, element-id=(string)0xaaaaf7959350, element=(string)jpegparse0, src=(string)src, time=(guint64)904262, ts=(guint64)4167163068;
0:00:04.180952731 [32m178147[00m 0xfffd90000b70 [37mTRACE  [00m [00;34m          GST_TRACER :0::[00m element-latency, element-id=(string)0xaaaaf7a8dbc0, element=(string)nvjpegdec0, src=(string)src, time=(guint64)13762432, ts=(guint64)4180925500;
0:00:04.204990107 [32m178147[00m 0xfffd90000b70 [37mTRACE  [00m [00;34m          GST_TRACER :0::[00m element-latency, element-id=(string)0xaaaaf7a961f0, element=(string)nvvconv0, src=(string)src, time=(guint64)24038320, ts=(guint64)4204963820;
0:00:04.205037394 [32m178147[00m 0xfffd90000b70 [37mTRACE  [00m [00;34m          GST_TRACER :0::[00m element-latency, element-id=(string)0xaaaaf7b2ada0, element=(string)capsfilter1, src=(string)src, time=(guint64)59500, ts=(guint64)4205023320;
0:00:04.218729446 [32m178147[00m 0xfffd90000de0 [37mTRACE  [00m [00;34m          GST_TRACER :0::[00m element-latency, element-id=(string)0xaaaaf7b17c90, element=(string)nvv4l2h264enc0, src=(string)src, time=(guint64)13642007, ts=(guint64)4218665327;
0:00:04.218934732 [32m178147[00m 0xfffd90000de0 [37mTRACE  [00m [00;34m          GST_TRACER :0::[00m element-latency, element-id=(string)0xaaaaf7b1cb40, element=(string)h264parse0, src=(string)src, time=(guint64)253794, ts=(guint64)4218919121;
0:00:04.230303077 [32m178147[00m 0xfffd90000b70 [37mTRACE  [00m [00;34m          GST_TRACER :0::[00m element-latency, element-id=(string)0xaaaaf7b27740, element=(string)capsfilter0, src=(string)src, time=(guint64)29204, ts=(guint64)4230278310;
0:00:04.231160535 [32m178147[00m 0xfffd90000b70 [37mTRACE  [00m [00;34m          GST_TRACER :0::[00m element-latency, element-id=(string)0xaaaaf7959350, element=(string)jpegparse0, src=(string)src, time=(guint64)867438, ts=(guint64)4231145748;
0:00:04.244854467 [32m178147[00m 0xfffd90000b70 [37mTRACE  [00m [00;34m          GST_TRACER :0::[00m element-latency, element-id=(string)0xaaaaf7a8dbc0, element=(string)nvjpegdec0, src=(string)src, time=(guint64)13680849, ts=(guint64)4244826597;
0:00:04.268745271 [32m178147[00m 0xfffd90000b70 [37mTRACE  [00m [00;34m          GST_TRACER :0::[00m element-latency, element-id=(string)0xaaaaf7a961f0, element=(string)nvvconv0, src=(string)src, time=(guint64)23885202, ts=(guint64)4268711799;
0:00:04.268799613 [32m178147[00m 0xfffd90000b70 [37mTRACE  [00m [00;34m          GST_TRACER :0::[00m element-latency, element-id=(string)0xaaaaf7b2ada0, element=(string)capsfilter1, src=(string)src, time=(guint64)72962, ts=(guint64)4268784761;
0:00:04.282646164 [32m178147[00m 0xfffd90000de0 [37mTRACE  [00m [00;34m          GST_TRACER :0::[00m element-latency, element-id=(string)0xaaaaf7b17c90, element=(string)nvv4l2h264enc0, src=(string)src, time=(guint64)13829385, ts=(guint64)4282614146;
0:00:04.282885312 [32m178147[00m 0xfffd90000de0 [37mTRACE  [00m [00;34m          GST_TRACER :0::[00m element-latency, element-id=(string)0xaaaaf7b1cb40, element=(string)h264parse0, src=(string)src, time=(guint64)254758, ts=(guint64)4282868904;
0:00:04.294299351 [32m178147[00m 0xfffd90000b70 [37mTRACE  [00m [00;34m          GST_TRACER :0::[00m element-latency, element-id=(string)0xaaaaf7b27740, element=(string)capsfilter0, src=(string)src, time=(guint64)29416, ts=(guint64)4294277767;
0:00:04.295167474 [32m178147[00m 0xfffd90000b70 [37mTRACE  [00m [00;34m          GST_TRACER :0::[00m element-latency, element-id=(string)0xaaaaf7959350, element=(string)jpegparse0, src=(string)src, time=(guint64)876152, ts=(guint64)4295153919;
0:00:04.309196182 [32m178147[00m 0xfffd90000b70 [37mTRACE  [00m [00;34m          GST_TRACER :0::[00m element-latency, element-id=(string)0xaaaaf7a8dbc0, element=(string)nvjpegdec0, src=(string)src, time=(guint64)14013940, ts=(guint64)4309167859;
0:00:04.333214938 [32m178147[00m 0xfffd90000b70 [37mTRACE  [00m [00;34m          GST_TRACER :0::[00m element-latency, element-id=(string)0xaaaaf7a961f0, element=(string)nvvconv0, src=(string)src, time=(guint64)24020061, ts=(guint64)4333187920;
0:00:04.333265595 [32m178147[00m 0xfffd90000b70 [37mTRACE  [00m [00;34m          GST_TRACER :0::[00m element-latency, element-id=(string)0xaaaaf7b2ada0, element=(string)capsfilter1, src=(string)src, time=(guint64)63184, ts=(guint64)4333251104;
0:00:04.347810356 [32m178147[00m 0xfffd90000de0 [37mTRACE  [00m [00;34m          GST_TRACER :0::[00m element-latency, element-id=(string)0xaaaaf7b17c90, element=(string)nvv4l2h264enc0, src=(string)src, time=(guint64)14530733, ts=(guint64)4347781837;
0:00:04.348029660 [32m178147[00m 0xfffd90000de0 [37mTRACE  [00m [00;34m          GST_TRACER :0::[00m element-latency, element-id=(string)0xaaaaf7b1cb40, element=(string)h264parse0, src=(string)src, time=(guint64)232286, ts=(guint64)4348014123;
0:00:04.362304005 [32m178147[00m 0xfffd90000b70 [37mTRACE  [00m [00;34m          GST_TRACER :0::[00m element-latency, element-id=(string)0xaaaaf7b27740, element=(string)capsfilter0, src=(string)src, time=(guint64)36332, ts=(guint64)4362279097;
0:00:04.363167268 [32m178147[00m 0xfffd90000b70 [37mTRACE  [00m [00;34m          GST_TRACER :0::[00m element-latency, element-id=(string)0xaaaaf7959350, element=(string)jpegparse0, src=(string)src, time=(guint64)873227, ts=(guint64)4363152324;
0:00:04.377434160 [32m178147[00m 0xfffd90000b70 [37mTRACE  [00m [00;34m          GST_TRACER :0::[00m element-latency, element-id=(string)0xaaaaf7a8dbc0, element=(string)nvjpegdec0, src=(string)src, time=(guint64)14254308, ts=(guint64)4377406632;
0:00:04.400853142 [32m178147[00m 0xfffd90000b70 [37mTRACE  [00m [00;34m          GST_TRACER :0::[00m element-latency, element-id=(string)0xaaaaf7a961f0, element=(string)nvvconv0, src=(string)src, time=(guint64)23420945, ts=(guint64)4400827577;
0:00:04.400916243 [32m178147[00m 0xfffd90000b70 [37mTRACE  [00m [00;34m          GST_TRACER :0::[00m element-latency, element-id=(string)0xaaaaf7b2ada0, element=(string)capsfilter1, src=(string)src, time=(guint64)75286, ts=(guint64)4400902863;
0:00:04.419101166 [32m178147[00m 0xfffd90000de0 [37mTRACE  [00m [00;34m          GST_TRACER :0::[00m element-latency, element-id=(string)0xaaaaf7b17c90, element=(string)nvv4l2h264enc0, src=(string)src, time=(guint64)18170645, ts=(guint64)4419073508;
0:00:04.419640015 [32m178147[00m 0xfffd90000de0 [37mTRACE  [00m [00;34m          GST_TRACER :0::[00m element-latency, element-id=(string)0xaaaaf7b1cb40, element=(string)h264parse0, src=(string)src, time=(guint64)547377, ts=(guint64)4419620885;
0:00:04.426284084 [32m178147[00m 0xfffd90000b70 [37mTRACE  [00m [00;34m          GST_TRACER :0::[00m element-latency, element-id=(string)0xaaaaf7b27740, element=(string)capsfilter0, src=(string)src, time=(guint64)26380, ts=(guint64)4426261973;
0:00:04.427142217 [32m178147[00m 0xfffd90000b70 [37mTRACE  [00m [00;34m          GST_TRACER :0::[00m element-latency, element-id=(string)0xaaaaf7959350, element=(string)jpegparse0, src=(string)src, time=(guint64)866401, ts=(guint64)4427128374;
0:00:04.441441173 [32m178147[00m 0xfffd90000b70 [37mTRACE  [00m [00;34m          GST_TRACER :0::[00m element-latency, element-id=(string)0xaaaaf7a8dbc0, element=(string)nvjpegdec0, src=(string)src, time=(guint64)14281632, ts=(guint64)4441410006;
0:00:04.466913948 [32m178147[00m 0xfffd90000b70 [37mTRACE  [00m [00;34m          GST_TRACER :0::[00m element-latency, element-id=(string)0xaaaaf7a961f0, element=(string)nvvconv0, src=(string)src, time=(guint64)25476330, ts=(guint64)4466886336;
0:00:04.466961133 [32m178147[00m 0xfffd90000b70 [37mTRACE  [00m [00;34m          GST_TRACER :0::[00m element-latency, element-id=(string)0xaaaaf7b2ada0, element=(string)capsfilter1, src=(string)src, time=(guint64)61260, ts=(guint64)4466947596;
0:00:04.481627632 [32m178147[00m 0xfffd90000de0 [37mTRACE  [00m [00;34m          GST_TRACER :0::[00m element-latency, element-id=(string)0xaaaaf7b17c90, element=(string)nvv4l2h264enc0, src=(string)src, time=(guint64)14651407, ts=(guint64)4481599003;
0:00:04.481827724 [32m178147[00m 0xfffd90000de0 [37mTRACE  [00m [00;34m          GST_TRACER :0::[00m element-latency, element-id=(string)0xaaaaf7b1cb40, element=(string)h264parse0, src=(string)src, time=(guint64)212517, ts=(guint64)4481811520;
0:00:04.490278244 [32m178147[00m 0xfffd90000b70 [37mTRACE  [00m [00;34m          GST_TRACER :0::[00m element-latency, element-id=(string)0xaaaaf7b27740, element=(string)capsfilter0, src=(string)src, time=(guint64)23212, ts=(guint64)4490258439;
0:00:04.491149378 [32m178147[00m 0xfffd90000b70 [37mTRACE  [00m [00;34m          GST_TRACER :0::[00m element-latency, element-id=(string)0xaaaaf7959350, element=(string)jpegparse0, src=(string)src, time=(guint64)876161, ts=(guint64)4491134600;
0:00:04.505436464 [32m178147[00m 0xfffd90000b70 [37mTRACE  [00m [00;34m          GST_TRACER :0::[00m element-latency, element-id=(string)0xaaaaf7a8dbc0, element=(string)nvjpegdec0, src=(string)src, time=(guint64)14274744, ts=(guint64)4505409344;
0:00:04.529824125 [32m178147[00m 0xfffd90000b70 [37mTRACE  [00m [00;34m          GST_TRACER :0::[00m element-latency, element-id=(string)0xaaaaf7a961f0, element=(string)nvvconv0, src=(string)src, time=(guint64)24388059, ts=(guint64)4529797403;
0:00:04.529870218 [32m178147[00m 0xfffd90000b70 [37mTRACE  [00m [00;34m          GST_TRACER :0::[00m element-latency, element-id=(string)0xaaaaf7b2ada0, element=(string)capsfilter1, src=(string)src, time=(guint64)58361, ts=(guint64)4529855764;
0:00:04.544222701 [32m178147[00m 0xfffd90000de0 [37mTRACE  [00m [00;34m          GST_TRACER :0::[00m element-latency, element-id=(string)0xaaaaf7b17c90, element=(string)nvv4l2h264enc0, src=(string)src, time=(guint64)14339974, ts=(guint64)4544195738;
0:00:04.544413487 [32m178147[00m 0xfffd90000de0 [37mTRACE  [00m [00;34m          GST_TRACER :0::[00m element-latency, element-id=(string)0xaaaaf7b1cb40, element=(string)h264parse0, src=(string)src, time=(guint64)202017, ts=(guint64)4544397755;
0:00:04.554298952 [32m178147[00m 0xfffd90000b70 [37mTRACE  [00m [00;34m          GST_TRACER :0::[00m element-latency, element-id=(string)0xaaaaf7b27740, element=(string)capsfilter0, src=(string)src, time=(guint64)30407, ts=(guint64)4554274554;
0:00:04.555169947 [32m178147[00m 0xfffd90000b70 [37mTRACE  [00m [00;34m          GST_TRACER :0::[00m element-latency, element-id=(string)0xaaaaf7959350, element=(string)jpegparse0, src=(string)src, time=(guint64)881272, ts=(guint64)4555155826;
0:00:04.569399755 [32m178147[00m 0xfffd90000b70 [37mTRACE  [00m [00;34m          GST_TRACER :0::[00m element-latency, element-id=(string)0xaaaaf7a8dbc0, element=(string)nvjpegdec0, src=(string)src, time=(guint64)14221605, ts=(guint64)4569377431;
0:00:04.593231281 [32m178147[00m 0xfffd90000b70 [37mTRACE  [00m [00;34m          GST_TRACER :0::[00m element-latency, element-id=(string)0xaaaaf7a961f0, element=(string)nvvconv0, src=(string)src, time=(guint64)23825165, ts=(guint64)4593202596;
0:00:04.593281234 [32m178147[00m 0xfffd90000b70 [37mTRACE  [00m [00;34m          GST_TRACER :0::[00m element-latency, element-id=(string)0xaaaaf7b2ada0, element=(string)capsfilter1, src=(string)src, time=(guint64)65296, ts=(guint64)4593267892;
0:00:04.607581339 [32m178147[00m 0xfffd90000de0 [37mTRACE  [00m [00;34m          GST_TRACER :0::[00m element-latency, element-id=(string)0xaaaaf7b17c90, element=(string)nvv4l2h264enc0, src=(string)src, time=(guint64)14288437, ts=(guint64)4607556329;
0:00:04.607765060 [32m178147[00m 0xfffd90000de0 [37mTRACE  [00m [00;34m          GST_TRACER :0::[00m element-latency, element-id=(string)0xaaaaf7b1cb40, element=(string)h264parse0, src=(string)src, time=(guint64)194064, ts=(guint64)4607750393;
0:00:04.622295551 [32m178147[00m 0xfffd90000b70 [37mTRACE  [00m [00;34m          GST_TRACER :0::[00m element-latency, element-id=(string)0xaaaaf7b27740, element=(string)capsfilter0, src=(string)src, time=(guint64)33482, ts=(guint64)4622271033;
0:00:04.623103870 [32m178147[00m 0xfffd90000b70 [37mTRACE  [00m [00;34m          GST_TRACER :0::[00m element-latency, element-id=(string)0xaaaaf7959350, element=(string)jpegparse0, src=(string)src, time=(guint64)818208, ts=(guint64)4623089241;
0:00:04.637300040 [32m178147[00m 0xfffd90000b70 [37mTRACE  [00m [00;34m          GST_TRACER :0::[00m element-latency, element-id=(string)0xaaaaf7a8dbc0, element=(string)nvjpegdec0, src=(string)src, time=(guint64)14181114, ts=(guint64)4637270355;
0:00:04.662809287 [32m178147[00m 0xfffd90000b70 [37mTRACE  [00m [00;34m          GST_TRACER :0::[00m element-latency, element-id=(string)0xaaaaf7a961f0, element=(string)nvvconv0, src=(string)src, time=(guint64)25508775, ts=(guint64)4662779130;
0:00:04.662859509 [32m178147[00m 0xfffd90000b70 [37mTRACE  [00m [00;34m          GST_TRACER :0::[00m element-latency, element-id=(string)0xaaaaf7b2ada0, element=(string)capsfilter1, src=(string)src, time=(guint64)66406, ts=(guint64)4662845536;
0:00:04.677391741 [32m178147[00m 0xfffd90000de0 [37mTRACE  [00m [00;34m          GST_TRACER :0::[00m element-latency, element-id=(string)0xaaaaf7b17c90, element=(string)nvv4l2h264enc0, src=(string)src, time=(guint64)14515409, ts=(guint64)4677360945;
0:00:04.677597425 [32m178147[00m 0xfffd90000de0 [37mTRACE  [00m [00;34m          GST_TRACER :0::[00m element-latency, element-id=(string)0xaaaaf7b1cb40, element=(string)h264parse0, src=(string)src, time=(guint64)201721, ts=(guint64)4677562666;
0:00:04.686278907 [32m178147[00m 0xfffd90000b70 [37mTRACE  [00m [00;34m          GST_TRACER :0::[00m element-latency, element-id=(string)0xaaaaf7b27740, element=(string)capsfilter0, src=(string)src, time=(guint64)26165, ts=(guint64)4686256527;
0:00:04.687141235 [32m178147[00m 0xfffd90000b70 [37mTRACE  [00m [00;34m          GST_TRACER :0::[00m element-latency, element-id=(string)0xaaaaf7959350, element=(string)jpegparse0, src=(string)src, time=(guint64)870162, ts=(guint64)4687126689;
0:00:04.701605236 [32m178147[00m 0xfffd90000b70 [37mTRACE  [00m [00;34m          GST_TRACER :0::[00m element-latency, element-id=(string)0xaaaaf7a8dbc0, element=(string)nvjpegdec0, src=(string)src, time=(guint64)14433289, ts=(guint64)4701559978;
0:00:04.725471531 [32m178147[00m 0xfffd90000b70 [37mTRACE  [00m [00;34m          GST_TRACER :0::[00m element-latency, element-id=(string)0xaaaaf7a961f0, element=(string)nvvconv0, src=(string)src, time=(guint64)23884460, ts=(guint64)4725444438;
0:00:04.725518549 [32m178147[00m 0xfffd90000b70 [37mTRACE  [00m [00;34m          GST_TRACER :0::[00m element-latency, element-id=(string)0xaaaaf7b2ada0, element=(string)capsfilter1, src=(string)src, time=(guint64)60121, ts=(guint64)4725504559;
0:00:04.740058883 [32m178147[00m 0xfffd90000de0 [37mTRACE  [00m [00;34m          GST_TRACER :0::[00m element-latency, element-id=(string)0xaaaaf7b17c90, element=(string)nvv4l2h264enc0, src=(string)src, time=(guint64)14524528, ts=(guint64)4740029087;
0:00:04.740307057 [32m178147[00m 0xfffd90000de0 [37mTRACE  [00m [00;34m          GST_TRACER :0::[00m element-latency, element-id=(string)0xaaaaf7b1cb40, element=(string)h264parse0, src=(string)src, time=(guint64)261749, ts=(guint64)4740290836;
0:00:04.750275652 [32m178147[00m 0xfffd90000b70 [37mTRACE  [00m [00;34m          GST_TRACER :0::[00m element-latency, element-id=(string)0xaaaaf7b27740, element=(string)capsfilter0, src=(string)src, time=(guint64)24037, ts=(guint64)4750254884;
0:00:04.751077841 [32m178147[00m 0xfffd90000b70 [37mTRACE  [00m [00;34m          GST_TRACER :0::[00m element-latency, element-id=(string)0xaaaaf7959350, element=(string)jpegparse0, src=(string)src, time=(guint64)809244, ts=(guint64)4751064128;
0:00:04.765411168 [32m178147[00m 0xfffd90000b70 [37mTRACE  [00m [00;34m          GST_TRACER :0::[00m element-latency, element-id=(string)0xaaaaf7a8dbc0, element=(string)nvjpegdec0, src=(string)src, time=(guint64)14317873, ts=(guint64)4765382001;
0:00:04.790721073 [32m178147[00m 0xfffd90000b70 [37mTRACE  [00m [00;34m          GST_TRACER :0::[00m element-latency, element-id=(string)0xaaaaf7a961f0, element=(string)nvvconv0, src=(string)src, time=(guint64)25312397, ts=(guint64)4790694398;
0:00:04.790764879 [32m178147[00m 0xfffd90000b70 [37mTRACE  [00m [00;34m          GST_TRACER :0::[00m element-latency, element-id=(string)0xaaaaf7b2ada0, element=(string)capsfilter1, src=(string)src, time=(guint64)56768, ts=(guint64)4790751166;
0:00:04.805213649 [32m178147[00m 0xfffd90000de0 [37mTRACE  [00m [00;34m          GST_TRACER :0::[00m element-latency, element-id=(string)0xaaaaf7b17c90, element=(string)nvv4l2h264enc0, src=(string)src, time=(guint64)14433020, ts=(guint64)4805184186;
0:00:04.805396824 [32m178147[00m 0xfffd90000de0 [37mTRACE  [00m [00;34m          GST_TRACER :0::[00m element-latency, element-id=(string)0xaaaaf7b1cb40, element=(string)h264parse0, src=(string)src, time=(guint64)196304, ts=(guint64)4805380490;
0:00:04.814279601 [32m178147[00m 0xfffd90000b70 [37mTRACE  [00m [00;34m          GST_TRACER :0::[00m element-latency, element-id=(string)0xaaaaf7b27740, element=(string)capsfilter0, src=(string)src, time=(guint64)22944, ts=(guint64)4814259888;
0:00:04.815141179 [32m178147[00m 0xfffd90000b70 [37mTRACE  [00m [00;34m          GST_TRACER :0::[00m element-latency, element-id=(string)0xaaaaf7959350, element=(string)jpegparse0, src=(string)src, time=(guint64)867596, ts=(guint64)4815127484;
0:00:04.829617106 [32m178147[00m 0xfffd90000b70 [37mTRACE  [00m [00;34m          GST_TRACER :0::[00m element-latency, element-id=(string)0xaaaaf7a8dbc0, element=(string)nvjpegdec0, src=(string)src, time=(guint64)14460789, ts=(guint64)4829588273;
0:00:04.854455625 [32m178147[00m 0xfffd90000b70 [37mTRACE  [00m [00;34m          GST_TRACER :0::[00m element-latency, element-id=(string)0xaaaaf7a961f0, element=(string)nvvconv0, src=(string)src, time=(guint64)24840778, ts=(guint64)4854429051;
0:00:04.854517014 [32m178147[00m 0xfffd90000b70 [37mTRACE  [00m [00;34m          GST_TRACER :0::[00m element-latency, element-id=(string)0xaaaaf7b2ada0, element=(string)capsfilter1, src=(string)src, time=(guint64)73713, ts=(guint64)4854502764;
0:00:04.868965988 [32m178147[00m 0xfffd90000de0 [37mTRACE  [00m [00;34m          GST_TRACER :0::[00m element-latency, element-id=(string)0xaaaaf7b17c90, element=(string)nvv4l2h264enc0, src=(string)src, time=(guint64)14435761, ts=(guint64)4868938525;
0:00:04.869148560 [32m178147[00m 0xfffd90000de0 [37mTRACE  [00m [00;34m          GST_TRACER :0::[00m element-latency, element-id=(string)0xaaaaf7b1cb40, element=(string)h264parse0, src=(string)src, time=(guint64)195230, ts=(guint64)4869133755;
0:00:04.882261432 [32m178147[00m 0xfffd90000b70 [37mTRACE  [00m [00;34m          GST_TRACER :0::[00m element-latency, element-id=(string)0xaaaaf7b27740, element=(string)capsfilter0, src=(string)src, time=(guint64)21750, ts=(guint64)4882241377;
0:00:04.883131593 [32m178147[00m 0xfffd90000b70 [37mTRACE  [00m [00;34m          GST_TRACER :0::[00m element-latency, element-id=(string)0xaaaaf7959350, element=(string)jpegparse0, src=(string)src, time=(guint64)876642, ts=(guint64)4883118019;
0:00:04.899736396 [32m178147[00m 0xfffd90000b70 [37mTRACE  [00m [00;34m          GST_TRACER :0::[00m element-latency, element-id=(string)0xaaaaf7a8dbc0, element=(string)nvjpegdec0, src=(string)src, time=(guint64)16587887, ts=(guint64)4899705906;
0:00:04.924621183 [32m178147[00m 0xfffd90000b70 [37mTRACE  [00m [00;34m          GST_TRACER :0::[00m element-latency, element-id=(string)0xaaaaf7a961f0, element=(string)nvvconv0, src=(string)src, time=(guint64)24886704, ts=(guint64)4924592610;
0:00:04.924784376 [32m178147[00m 0xfffd90000b70 [37mTRACE  [00m [00;34m          GST_TRACER :0::[00m element-latency, element-id=(string)0xaaaaf7b2ada0, element=(string)capsfilter1, src=(string)src, time=(guint64)174359, ts=(guint64)4924766969;
0:00:04.939354249 [32m178147[00m 0xfffd90000de0 [37mTRACE  [00m [00;34m          GST_TRACER :0::[00m element-latency, element-id=(string)0xaaaaf7b17c90, element=(string)nvv4l2h264enc0, src=(string)src, time=(guint64)14560891, ts=(guint64)4939327860;
0:00:04.939525211 [32m178147[00m 0xfffd90000de0 [37mTRACE  [00m [00;34m          GST_TRACER :0::[00m element-latency, element-id=(string)0xaaaaf7b1cb40, element=(string)h264parse0, src=(string)src, time=(guint64)183351, ts=(guint64)4939511211;
0:00:04.946283297 [32m178147[00m 0xfffd90000b70 [37mTRACE  [00m [00;34m          GST_TRACER :0::[00m element-latency, element-id=(string)0xaaaaf7b27740, element=(string)capsfilter0, src=(string)src, time=(guint64)32074, ts=(guint64)4946260260;
0:00:04.947168236 [32m178147[00m 0xfffd90000b70 [37mTRACE  [00m [00;34m          GST_TRACER :0::[00m element-latency, element-id=(string)0xaaaaf7959350, element=(string)jpegparse0, src=(string)src, time=(guint64)892846, ts=(guint64)4947153106;
0:00:04.961681886 [32m178147[00m 0xfffd90000b70 [37mTRACE  [00m [00;34m          GST_TRACER :0::[00m element-latency, element-id=(string)0xaaaaf7a8dbc0, element=(string)nvjpegdec0, src=(string)src, time=(guint64)14501076, ts=(guint64)4961654182;
0:00:04.987084948 [32m178147[00m 0xfffd90000b70 [37mTRACE  [00m [00;34m          GST_TRACER :0::[00m element-latency, element-id=(string)0xaaaaf7a961f0, element=(string)nvvconv0, src=(string)src, time=(guint64)25398905, ts=(guint64)4987053087;
0:00:04.987139873 [32m178147[00m 0xfffd90000b70 [37mTRACE  [00m [00;34m          GST_TRACER :0::[00m element-latency, element-id=(string)0xaaaaf7b2ada0, element=(string)capsfilter1, src=(string)src, time=(guint64)72628, ts=(guint64)4987125715;
0:00:05.001638421 [32m178147[00m 0xfffd90000de0 [37mTRACE  [00m [00;34m          GST_TRACER :0::[00m element-latency, element-id=(string)0xaaaaf7b17c90, element=(string)nvv4l2h264enc0, src=(string)src, time=(guint64)14483539, ts=(guint64)5001609254;
0:00:05.001874382 [32m178147[00m 0xfffd90000de0 [37mTRACE  [00m [00;34m          GST_TRACER :0::[00m element-latency, element-id=(string)0xaaaaf7b1cb40, element=(string)h264parse0, src=(string)src, time=(guint64)248063, ts=(guint64)5001857317;
0:00:05.010278162 [32m178147[00m 0xfffd90000b70 [37mTRACE  [00m [00;34m          GST_TRACER :0::[00m element-latency, element-id=(string)0xaaaaf7b27740, element=(string)capsfilter0, src=(string)src, time=(guint64)24916, ts=(guint64)5010259504;
0:00:05.011130472 [32m178147[00m 0xfffd90000b70 [37mTRACE  [00m [00;34m          GST_TRACER :0::[00m element-latency, element-id=(string)0xaaaaf7959350, element=(string)jpegparse0, src=(string)src, time=(guint64)855144, ts=(guint64)5011114648;
0:00:05.025534556 [32m178147[00m 0xfffd90000b70 [37mTRACE  [00m [00;34m          GST_TRACER :0::[00m element-latency, element-id=(string)0xaaaaf7a8dbc0, element=(string)nvjpegdec0, src=(string)src, time=(guint64)14391325, ts=(guint64)5025505973;
0:00:05.049480256 [32m178147[00m 0xfffd90000b70 [37mTRACE  [00m [00;34m          GST_TRACER :0::[00m element-latency, element-id=(string)0xaaaaf7a961f0, element=(string)nvvconv0, src=(string)src, time=(guint64)23942107, ts=(guint64)5049448080;
0:00:05.049529136 [32m178147[00m 0xfffd90000b70 [37mTRACE  [00m [00;34m          GST_TRACER :0::[00m element-latency, element-id=(string)0xaaaaf7b2ada0, element=(string)capsfilter1, src=(string)src, time=(guint64)67778, ts=(guint64)5049515858;
0:00:05.067735622 [32m178147[00m 0xfffd90000de0 [37mTRACE  [00m [00;34m          GST_TRACER :0::[00m element-latency, element-id=(string)0xaaaaf7b17c90, element=(string)nvv4l2h264enc0, src=(string)src, time=(guint64)18195820, ts=(guint64)5067711678;
0:00:05.068241164 [32m178147[00m 0xfffd90000de0 [37mTRACE  [00m [00;34m          GST_TRACER :0::[00m element-latency, element-id=(string)0xaaaaf7b1cb40, element=(string)h264parse0, src=(string)src, time=(guint64)511597, ts=(guint64)5068223275;
0:00:05.074304321 [32m178147[00m 0xfffd90000b70 [37mTRACE  [00m [00;34m          GST_TRACER :0::[00m element-latency, element-id=(string)0xaaaaf7b27740, element=(string)capsfilter0, src=(string)src, time=(guint64)28222, ts=(guint64)5074284487;
0:00:05.075109566 [32m178147[00m 0xfffd90000b70 [37mTRACE  [00m [00;34m          GST_TRACER :0::[00m element-latency, element-id=(string)0xaaaaf7959350, element=(string)jpegparse0, src=(string)src, time=(guint64)810023, ts=(guint64)5075094510;
0:00:05.089443882 [32m178147[00m 0xfffd90000b70 [37mTRACE  [00m [00;34m          GST_TRACER :0::[00m element-latency, element-id=(string)0xaaaaf7a8dbc0, element=(string)nvjpegdec0, src=(string)src, time=(guint64)14321280, ts=(guint64)5089415790;
0:00:05.115012284 [32m178147[00m 0xfffd90000b70 [37mTRACE  [00m [00;34m          GST_TRACER :0::[00m element-latency, element-id=(string)0xaaaaf7a961f0, element=(string)nvvconv0, src=(string)src, time=(guint64)25558940, ts=(guint64)5114974730;
0:00:05.115069710 [32m178147[00m 0xfffd90000b70 [37mTRACE  [00m [00;34m          GST_TRACER :0::[00m element-latency, element-id=(string)0xaaaaf7b2ada0, element=(string)capsfilter1, src=(string)src, time=(guint64)80629, ts=(guint64)5115055359;
0:00:05.129505119 [32m178147[00m 0xfffd90000de0 [37mTRACE  [00m [00;34m          GST_TRACER :0::[00m element-latency, element-id=(string)0xaaaaf7b17c90, element=(string)nvv4l2h264enc0, src=(string)src, time=(guint64)14425853, ts=(guint64)5129481212;
0:00:05.129713174 [32m178147[00m 0xfffd90000de0 [37mTRACE  [00m [00;34m          GST_TRACER :0::[00m element-latency, element-id=(string)0xaaaaf7b1cb40, element=(string)h264parse0, src=(string)src, time=(guint64)215388, ts=(guint64)5129696600;
0:00:05.138296675 [32m178147[00m 0xfffd90000b70 [37mTRACE  [00m [00;34m          GST_TRACER :0::[00m element-latency, element-id=(string)0xaaaaf7b27740, element=(string)capsfilter0, src=(string)src, time=(guint64)28315, ts=(guint64)5138276611;
0:00:05.139165975 [32m178147[00m 0xfffd90000b70 [37mTRACE  [00m [00;34m          GST_TRACER :0::[00m element-latency, element-id=(string)0xaaaaf7959350, element=(string)jpegparse0, src=(string)src, time=(guint64)874642, ts=(guint64)5139151253;
0:00:05.153630569 [32m178147[00m 0xfffd90000b70 [37mTRACE  [00m [00;34m          GST_TRACER :0::[00m element-latency, element-id=(string)0xaaaaf7a8dbc0, element=(string)nvjpegdec0, src=(string)src, time=(guint64)14452529, ts=(guint64)5153603782;
0:00:05.177660427 [32m178147[00m 0xfffd90000b70 [37mTRACE  [00m [00;34m          GST_TRACER :0::[00m element-latency, element-id=(string)0xaaaaf7a961f0, element=(string)nvvconv0, src=(string)src, time=(guint64)24029849, ts=(guint64)5177633631;
0:00:05.177707362 [32m178147[00m 0xfffd90000b70 [37mTRACE  [00m [00;34m          GST_TRACER :0::[00m element-latency, element-id=(string)0xaaaaf7b2ada0, element=(string)capsfilter1, src=(string)src, time=(guint64)60666, ts=(guint64)5177694297;
0:00:05.192148790 [32m178147[00m 0xfffd90000de0 [37mTRACE  [00m [00;34m          GST_TRACER :0::[00m element-latency, element-id=(string)0xaaaaf7b17c90, element=(string)nvv4l2h264enc0, src=(string)src, time=(guint64)14424178, ts=(guint64)5192118475;
0:00:05.192334724 [32m178147[00m 0xfffd90000de0 [37mTRACE  [00m [00;34m          GST_TRACER :0::[00m element-latency, element-id=(string)0xaaaaf7b1cb40, element=(string)h264parse0, src=(string)src, time=(guint64)200480, ts=(guint64)5192318955;
0:00:05.206254432 [32m178147[00m 0xfffd90000b70 [37mTRACE  [00m [00;34m          GST_TRACER :0::[00m element-latency, element-id=(string)0xaaaaf7b27740, element=(string)capsfilter0, src=(string)src, time=(guint64)20593, ts=(guint64)5206238534;
0:00:05.207092196 [32m178147[00m 0xfffd90000b70 [37mTRACE  [00m [00;34m          GST_TRACER :0::[00m element-latency, element-id=(string)0xaaaaf7959350, element=(string)jpegparse0, src=(string)src, time=(guint64)839254, ts=(guint64)5207077788;
0:00:05.221502827 [32m178147[00m 0xfffd90000b70 [37mTRACE  [00m [00;34m          GST_TRACER :0::[00m element-latency, element-id=(string)0xaaaaf7a8dbc0, element=(string)nvjpegdec0, src=(string)src, time=(guint64)14398548, ts=(guint64)5221476336;
0:00:05.246469030 [32m178147[00m 0xfffd90000b70 [37mTRACE  [00m [00;34m          GST_TRACER :0::[00m element-latency, element-id=(string)0xaaaaf7a961f0, element=(string)nvvconv0, src=(string)src, time=(guint64)24968352, ts=(guint64)5246444688;
0:00:05.246513688 [32m178147[00m 0xfffd90000b70 [37mTRACE  [00m [00;34m          GST_TRACER :0::[00m element-latency, element-id=(string)0xaaaaf7b2ada0, element=(string)capsfilter1, src=(string)src, time=(guint64)56166, ts=(guint64)5246500854;
0:00:05.261000633 [32m178147[00m 0xfffd90000de0 [37mTRACE  [00m [00;34m          GST_TRACER :0::[00m element-latency, element-id=(string)0xaaaaf7b17c90, element=(string)nvv4l2h264enc0, src=(string)src, time=(guint64)14468289, ts=(guint64)5260969143;
0:00:05.261186780 [32m178147[00m 0xfffd90000de0 [37mTRACE  [00m [00;34m          GST_TRACER :0::[00m element-latency, element-id=(string)0xaaaaf7b1cb40, element=(string)h264parse0, src=(string)src, time=(guint64)202702, ts=(guint64)5261171845;
0:00:05.270254260 [32m178147[00m 0xfffd90000b70 [37mTRACE  [00m [00;34m          GST_TRACER :0::[00m element-latency, element-id=(string)0xaaaaf7b27740, element=(string)capsfilter0, src=(string)src, time=(guint64)19528, ts=(guint64)5270238567;
0:00:05.271093903 [32m178147[00m 0xfffd90000b70 [37mTRACE  [00m [00;34m          GST_TRACER :0::[00m element-latency, element-id=(string)0xaaaaf7959350, element=(string)jpegparse0, src=(string)src, time=(guint64)841003, ts=(guint64)5271079570;
0:00:05.285504461 [32m178147[00m 0xfffd90000b70 [37mTRACE  [00m [00;34m          GST_TRACER :0::[00m element-latency, element-id=(string)0xaaaaf7a8dbc0, element=(string)nvjpegdec0, src=(string)src, time=(guint64)14398752, ts=(guint64)5285478322;
0:00:05.310813736 [32m178147[00m 0xfffd90000b70 [37mTRACE  [00m [00;34m          GST_TRACER :0::[00m element-latency, element-id=(string)0xaaaaf7a961f0, element=(string)nvvconv0, src=(string)src, time=(guint64)25311349, ts=(guint64)5310789671;
0:00:05.310874681 [32m178147[00m 0xfffd90000b70 [37mTRACE  [00m [00;34m          GST_TRACER :0::[00m element-latency, element-id=(string)0xaaaaf7b2ada0, element=(string)capsfilter1, src=(string)src, time=(guint64)71982, ts=(guint64)5310861653;
0:00:05.325093822 [32m178147[00m 0xfffd90000de0 [37mTRACE  [00m [00;34m          GST_TRACER :0::[00m element-latency, element-id=(string)0xaaaaf7b17c90, element=(string)nvv4l2h264enc0, src=(string)src, time=(guint64)14203290, ts=(guint64)5325064943;
0:00:05.325273516 [32m178147[00m 0xfffd90000de0 [37mTRACE  [00m [00;34m          GST_TRACER :0::[00m element-latency, element-id=(string)0xaaaaf7b1cb40, element=(string)h264parse0, src=(string)src, time=(guint64)193424, ts=(guint64)5325258367;
0:00:05.334258894 [32m178147[00m 0xfffd90000b70 [37mTRACE  [00m [00;34m          GST_TRACER :0::[00m element-latency, element-id=(string)0xaaaaf7b27740, element=(string)capsfilter0, src=(string)src, time=(guint64)19778, ts=(guint64)5334243284;
0:00:05.335140630 [32m178147[00m 0xfffd90000b70 [37mTRACE  [00m [00;34m          GST_TRACER :0::[00m element-latency, element-id=(string)0xaaaaf7959350, element=(string)jpegparse0, src=(string)src, time=(guint64)882929, ts=(guint64)5335126213;
0:00:05.347435894 [32m178147[00m 0xfffd90000b70 [37mTRACE  [00m [00;34m          GST_TRACER :0::[00m element-latency, element-id=(string)0xaaaaf7a8dbc0, element=(string)nvjpegdec0, src=(string)src, time=(guint64)12273635, ts=(guint64)5347399848;
0:00:05.372050980 [32m178147[00m 0xfffd90000b70 [37mTRACE  [00m [00;34m          GST_TRACER :0::[00m element-latency, element-id=(string)0xaaaaf7a961f0, element=(string)nvvconv0, src=(string)src, time=(guint64)24616993, ts=(guint64)5372016841;
0:00:05.372104091 [32m178147[00m 0xfffd90000b70 [37mTRACE  [00m [00;34m          GST_TRACER :0::[00m element-latency, element-id=(string)0xaaaaf7b2ada0, element=(string)capsfilter1, src=(string)src, time=(guint64)73593, ts=(guint64)5372090434;
0:00:05.383243372 [32m178147[00m 0xfffd90000de0 [37mTRACE  [00m [00;34m          GST_TRACER :0::[00m element-latency, element-id=(string)0xaaaaf7b17c90, element=(string)nvv4l2h264enc0, src=(string)src, time=(guint64)11120717, ts=(guint64)5383211151;
0:00:05.383451186 [32m178147[00m 0xfffd90000de0 [37mTRACE  [00m [00;34m          GST_TRACER :0::[00m element-latency, element-id=(string)0xaaaaf7b1cb40, element=(string)h264parse0, src=(string)src, time=(guint64)222600, ts=(guint64)5383433751;
0:00:05.398265297 [32m178147[00m 0xfffd90000b70 [37mTRACE  [00m [00;34m          GST_TRACER :0::[00m element-latency, element-id=(string)0xaaaaf7b27740, element=(string)capsfilter0, src=(string)src, time=(guint64)19926, ts=(guint64)5398249436;
0:00:05.399131634 [32m178147[00m 0xfffd90000b70 [37mTRACE  [00m [00;34m          GST_TRACER :0::[00m element-latency, element-id=(string)0xaaaaf7959350, element=(string)jpegparse0, src=(string)src, time=(guint64)868448, ts=(guint64)5399117884;
0:00:05.409699854 [32m178147[00m 0xfffd90000b70 [37mTRACE  [00m [00;34m          GST_TRACER :0::[00m element-latency, element-id=(string)0xaaaaf7a8dbc0, element=(string)nvjpegdec0, src=(string)src, time=(guint64)10552387, ts=(guint64)5409670271;
0:00:05.434769205 [32m178147[00m 0xfffd90000b70 [37mTRACE  [00m [00;34m          GST_TRACER :0::[00m element-latency, element-id=(string)0xaaaaf7a961f0, element=(string)nvvconv0, src=(string)src, time=(guint64)25070509, ts=(guint64)5434740780;
0:00:05.434815900 [32m178147[00m 0xfffd90000b70 [37mTRACE  [00m [00;34m          GST_TRACER :0::[00m element-latency, element-id=(string)0xaaaaf7b2ada0, element=(string)capsfilter1, src=(string)src, time=(guint64)62518, ts=(guint64)5434803298;
0:00:05.444829985 [32m178147[00m 0xfffd90000de0 [37mTRACE  [00m [00;34m          GST_TRACER :0::[00m element-latency, element-id=(string)0xaaaaf7b17c90, element=(string)nvv4l2h264enc0, src=(string)src, time=(guint64)9991576, ts=(guint64)5444794874;
0:00:05.445111844 [32m178147[00m 0xfffd90000de0 [37mTRACE  [00m [00;34m          GST_TRACER :0::[00m element-latency, element-id=(string)0xaaaaf7b1cb40, element=(string)h264parse0, src=(string)src, time=(guint64)296998, ts=(guint64)5445091872;
0:00:05.466246535 [32m178147[00m 0xfffd90000b70 [37mTRACE  [00m [00;34m          GST_TRACER :0::[00m element-latency, element-id=(string)0xaaaaf7b27740, element=(string)capsfilter0, src=(string)src, time=(guint64)18593, ts=(guint64)5466231082;
0:00:05.467081141 [32m178147[00m 0xfffd90000b70 [37mTRACE  [00m [00;34m          GST_TRACER :0::[00m element-latency, element-id=(string)0xaaaaf7959350, element=(string)jpegparse0, src=(string)src, time=(guint64)836328, ts=(guint64)5467067410;
0:00:05.477661139 [32m178147[00m 0xfffd90000b70 [37mTRACE  [00m [00;34m          GST_TRACER :0::[00m element-latency, element-id=(string)0xaaaaf7a8dbc0, element=(string)nvjpegdec0, src=(string)src, time=(guint64)10566414, ts=(guint64)5477633824;
0:00:05.500634930 [32m178147[00m 0xfffd90000b70 [37mTRACE  [00m [00;34m          GST_TRACER :0::[00m element-latency, element-id=(string)0xaaaaf7a961f0, element=(string)nvvconv0, src=(string)src, time=(guint64)22971337, ts=(guint64)5500605161;
0:00:05.500682456 [32m178147[00m 0xfffd90000b70 [37mTRACE  [00m [00;34m          GST_TRACER :0::[00m element-latency, element-id=(string)0xaaaaf7b2ada0, element=(string)capsfilter1, src=(string)src, time=(guint64)64435, ts=(guint64)5500669596;
0:00:05.510887383 [32m178147[00m 0xfffd90000de0 [37mTRACE  [00m [00;34m          GST_TRACER :0::[00m element-latency, element-id=(string)0xaaaaf7b17c90, element=(string)nvv4l2h264enc0, src=(string)src, time=(guint64)10187694, ts=(guint64)5510857290;
0:00:05.511084252 [32m178147[00m 0xfffd90000de0 [37mTRACE  [00m [00;34m          GST_TRACER :0::[00m element-latency, element-id=(string)0xaaaaf7b1cb40, element=(string)h264parse0, src=(string)src, time=(guint64)211407, ts=(guint64)5511068697;
0:00:05.530252936 [32m178147[00m 0xfffd90000b70 [37mTRACE  [00m [00;34m          GST_TRACER :0::[00m element-latency, element-id=(string)0xaaaaf7b27740, element=(string)capsfilter0, src=(string)src, time=(guint64)18361, ts=(guint64)5530237880;
0:00:05.531089718 [32m178147[00m 0xfffd90000b70 [37mTRACE  [00m [00;34m          GST_TRACER :0::[00m element-latency, element-id=(string)0xaaaaf7959350, element=(string)jpegparse0, src=(string)src, time=(guint64)838014, ts=(guint64)5531075894;
0:00:05.541872437 [32m178147[00m 0xfffd90000b70 [37mTRACE  [00m [00;34m          GST_TRACER :0::[00m element-latency, element-id=(string)0xaaaaf7a8dbc0, element=(string)nvjpegdec0, src=(string)src, time=(guint64)10769487, ts=(guint64)5541845381;
0:00:05.565030920 [32m178147[00m 0xfffd90000b70 [37mTRACE  [00m [00;34m          GST_TRACER :0::[00m element-latency, element-id=(string)0xaaaaf7a961f0, element=(string)nvvconv0, src=(string)src, time=(guint64)23141668, ts=(guint64)5564987049;
0:00:05.565095669 [32m178147[00m 0xfffd90000b70 [37mTRACE  [00m [00;34m          GST_TRACER :0::[00m element-latency, element-id=(string)0xaaaaf7b2ada0, element=(string)capsfilter1, src=(string)src, time=(guint64)94176, ts=(guint64)5565081225;
0:00:05.576297524 [32m178147[00m 0xfffd90000de0 [37mTRACE  [00m [00;34m          GST_TRACER :0::[00m element-latency, element-id=(string)0xaaaaf7b17c90, element=(string)nvv4l2h264enc0, src=(string)src, time=(guint64)11197096, ts=(guint64)5576278321;
0:00:05.576422782 [32m178147[00m 0xfffd90000de0 [37mTRACE  [00m [00;34m          GST_TRACER :0::[00m element-latency, element-id=(string)0xaaaaf7b1cb40, element=(string)h264parse0, src=(string)src, time=(guint64)134823, ts=(guint64)5576413144;
0:00:05.594284826 [32m178147[00m 0xfffd90000b70 [37mTRACE  [00m [00;34m          GST_TRACER :0::[00m element-latency, element-id=(string)0xaaaaf7b27740, element=(string)capsfilter0, src=(string)src, time=(guint64)25028, ts=(guint64)5594266428;
0:00:05.595193200 [32m178147[00m 0xfffd90000b70 [37mTRACE  [00m [00;34m          GST_TRACER :0::[00m element-latency, element-id=(string)0xaaaaf7959350, element=(string)jpegparse0, src=(string)src, time=(guint64)911948, ts=(guint64)5595178376;
0:00:05.607242068 [32m178147[00m 0xfffd90000b70 [37mTRACE  [00m [00;34m          GST_TRACER :0::[00m element-latency, element-id=(string)0xaaaaf7a8dbc0, element=(string)nvjpegdec0, src=(string)src, time=(guint64)12036110, ts=(guint64)5607214486;
0:00:05.631463832 [32m178147[00m 0xfffd90000b70 [37mTRACE  [00m [00;34m          GST_TRACER :0::[00m element-latency, element-id=(string)0xaaaaf7a961f0, element=(string)nvvconv0, src=(string)src, time=(guint64)24206698, ts=(guint64)5631421184;
0:00:05.631528090 [32m178147[00m 0xfffd90000b70 [37mTRACE  [00m [00;34m          GST_TRACER :0::[00m element-latency, element-id=(string)0xaaaaf7b2ada0, element=(string)capsfilter1, src=(string)src, time=(guint64)91869, ts=(guint64)5631513053;
0:00:05.642340726 [32m178147[00m 0xfffd90000de0 [37mTRACE  [00m [00;34m          GST_TRACER :0::[00m element-latency, element-id=(string)0xaaaaf7b17c90, element=(string)nvv4l2h264enc0, src=(string)src, time=(guint64)10800442, ts=(guint64)5642313495;
0:00:05.642532549 [32m178147[00m 0xfffd90000de0 [37mTRACE  [00m [00;34m          GST_TRACER :0::[00m element-latency, element-id=(string)0xaaaaf7b1cb40, element=(string)h264parse0, src=(string)src, time=(guint64)203564, ts=(guint64)5642517059;
0:00:05.658303579 [32m178147[00m 0xfffd90000b70 [37mTRACE  [00m [00;34m          GST_TRACER :0::[00m element-latency, element-id=(string)0xaaaaf7b27740, element=(string)capsfilter0, src=(string)src, time=(guint64)31611, ts=(guint64)5658282330;
0:00:05.659197630 [32m178147[00m 0xfffd90000b70 [37mTRACE  [00m [00;34m          GST_TRACER :0::[00m element-latency, element-id=(string)0xaaaaf7959350, element=(string)jpegparse0, src=(string)src, time=(guint64)895355, ts=(guint64)5659177685;
0:00:05.670673779 [32m178147[00m 0xfffd90000b70 [37mTRACE  [00m [00;34m          GST_TRACER :0::[00m element-latency, element-id=(string)0xaaaaf7a8dbc0, element=(string)nvjpegdec0, src=(string)src, time=(guint64)11466086, ts=(guint64)5670643771;
0:00:05.694711386 [32m178147[00m 0xfffd90000b70 [37mTRACE  [00m [00;34m          GST_TRACER :0::[00m element-latency, element-id=(string)0xaaaaf7a961f0, element=(string)nvvconv0, src=(string)src, time=(guint64)24035052, ts=(guint64)5694678823;
0:00:05.694767257 [32m178147[00m 0xfffd90000b70 [37mTRACE  [00m [00;34m          GST_TRACER :0::[00m element-latency, element-id=(string)0xaaaaf7b2ada0, element=(string)capsfilter1, src=(string)src, time=(guint64)74804, ts=(guint64)5694753627;
0:00:05.708811660 [32m178147[00m 0xfffd90000de0 [37mTRACE  [00m [00;34m          GST_TRACER :0::[00m element-latency, element-id=(string)0xaaaaf7b17c90, element=(string)nvv4l2h264enc0, src=(string)src, time=(guint64)14032459, ts=(guint64)5708786086;
0:00:05.709335527 [32m178147[00m 0xfffd90000de0 [37mTRACE  [00m [00;34m          GST_TRACER :0::[00m element-latency, element-id=(string)0xaaaaf7b1cb40, element=(string)h264parse0, src=(string)src, time=(guint64)531163, ts=(guint64)5709317249;
0:00:05.726302077 [32m178147[00m 0xfffd90000b70 [37mTRACE  [00m [00;34m          GST_TRACER :0::[00m element-latency, element-id=(string)0xaaaaf7b27740, element=(string)capsfilter0, src=(string)src, time=(guint64)37175, ts=(guint64)5726279493;
0:00:05.727221062 [32m178147[00m 0xfffd90000b70 [37mTRACE  [00m [00;34m          GST_TRACER :0::[00m element-latency, element-id=(string)0xaaaaf7959350, element=(string)jpegparse0, src=(string)src, time=(guint64)927199, ts=(guint64)5727206692;
0:00:05.739195542 [32m178147[00m 0xfffd90000b70 [37mTRACE  [00m [00;34m          GST_TRACER :0::[00m element-latency, element-id=(string)0xaaaaf7a8dbc0, element=(string)nvjpegdec0, src=(string)src, time=(guint64)11961961, ts=(guint64)5739168653;
0:00:05.763394315 [32m178147[00m 0xfffd90000b70 [37mTRACE  [00m [00;34m          GST_TRACER :0::[00m element-latency, element-id=(string)0xaaaaf7a961f0, element=(string)nvvconv0, src=(string)src, time=(guint64)24170608, ts=(guint64)5763339261;
0:00:05.763476074 [32m178147[00m 0xfffd90000b70 [37mTRACE  [00m [00;34m          GST_TRACER :0::[00m element-latency, element-id=(string)0xaaaaf7b2ada0, element=(string)capsfilter1, src=(string)src, time=(guint64)121628, ts=(guint64)5763460889;
0:00:05.775008270 [32m178147[00m 0xfffd90000de0 [37mTRACE  [00m [00;34m          GST_TRACER :0::[00m element-latency, element-id=(string)0xaaaaf7b17c90, element=(string)nvv4l2h264enc0, src=(string)src, time=(guint64)11519344, ts=(guint64)5774980233;
0:00:05.775205575 [32m178147[00m 0xfffd90000de0 [37mTRACE  [00m [00;34m          GST_TRACER :0::[00m element-latency, element-id=(string)0xaaaaf7b1cb40, element=(string)h264parse0, src=(string)src, time=(guint64)210008, ts=(guint64)5775190241;
0:00:05.790283526 [32m178147[00m 0xfffd90000b70 [37mTRACE  [00m [00;34m          GST_TRACER :0::[00m element-latency, element-id=(string)0xaaaaf7b27740, element=(string)capsfilter0, src=(string)src, time=(guint64)30593, ts=(guint64)5790263202;
0:00:05.791163103 [32m178147[00m 0xfffd90000b70 [37mTRACE  [00m [00;34m          GST_TRACER :0::[00m element-latency, element-id=(string)0xaaaaf7959350, element=(string)jpegparse0, src=(string)src, time=(guint64)886198, ts=(guint64)5791149400;
0:00:05.803216426 [32m178147[00m 0xfffd90000b70 [37mTRACE  [00m [00;34m          GST_TRACER :0::[00m element-latency, element-id=(string)0xaaaaf7a8dbc0, element=(string)nvjpegdec0, src=(string)src, time=(guint64)12038971, ts=(guint64)5803188371;
0:00:05.828059862 [32m178147[00m 0xfffd90000b70 [37mTRACE  [00m [00;34m          GST_TRACER :0::[00m element-latency, element-id=(string)0xaaaaf7a961f0, element=(string)nvvconv0, src=(string)src, time=(guint64)24831093, ts=(guint64)5828019464;
0:00:05.828119111 [32m178147[00m 0xfffd90000b70 [37mTRACE  [00m [00;34m          GST_TRACER :0::[00m element-latency, element-id=(string)0xaaaaf7b2ada0, element=(string)capsfilter1, src=(string)src, time=(guint64)85556, ts=(guint64)5828105020;
0:00:05.840008851 [32m178147[00m 0xfffd90000de0 [37mTRACE  [00m [00;34m          GST_TRACER :0::[00m element-latency, element-id=(string)0xaaaaf7b17c90, element=(string)nvv4l2h264enc0, src=(string)src, time=(guint64)11877601, ts=(guint64)5839982621;
0:00:05.840193110 [32m178147[00m 0xfffd90000de0 [37mTRACE  [00m [00;34m          GST_TRACER :0::[00m element-latency, element-id=(string)0xaaaaf7b1cb40, element=(string)h264parse0, src=(string)src, time=(guint64)195720, ts=(guint64)5840178341;
0:00:05.854302299 [32m178147[00m 0xfffd90000b70 [37mTRACE  [00m [00;34m          GST_TRACER :0::[00m element-latency, element-id=(string)0xaaaaf7b27740, element=(string)capsfilter0, src=(string)src, time=(guint64)34898, ts=(guint64)5854279882;
0:00:05.855196348 [32m178147[00m 0xfffd90000b70 [37mTRACE  [00m [00;34m          GST_TRACER :0::[00m element-latency, element-id=(string)0xaaaaf7959350, element=(string)jpegparse0, src=(string)src, time=(guint64)901966, ts=(guint64)5855181848;
0:00:05.867567697 [32m178147[00m 0xfffd90000b70 [37mTRACE  [00m [00;34m          GST_TRACER :0::[00m element-latency, element-id=(string)0xaaaaf7a8dbc0, element=(string)nvjpegdec0, src=(string)src, time=(guint64)12357145, ts=(guint64)5867538993;
0:00:05.893090322 [32m178147[00m 0xfffd90000b70 [37mTRACE  [00m [00;34m          GST_TRACER :0::[00m element-latency, element-id=(string)0xaaaaf7a961f0, element=(string)nvvconv0, src=(string)src, time=(guint64)25516312, ts=(guint64)5893055305;
0:00:05.893151776 [32m178147[00m 0xfffd90000b70 [37mTRACE  [00m [00;34m          GST_TRACER :0::[00m element-latency, element-id=(string)0xaaaaf7b2ada0, element=(string)capsfilter1, src=(string)src, time=(guint64)82397, ts=(guint64)5893137702;
0:00:05.905507578 [32m178147[00m 0xfffd90000de0 [37mTRACE  [00m [00;34m          GST_TRACER :0::[00m element-latency, element-id=(string)0xaaaaf7b17c90, element=(string)nvv4l2h264enc0, src=(string)src, time=(guint64)12346368, ts=(guint64)5905484070;
0:00:05.905735558 [32m178147[00m 0xfffd90000de0 [37mTRACE  [00m [00;34m          GST_TRACER :0::[00m element-latency, element-id=(string)0xaaaaf7b1cb40, element=(string)h264parse0, src=(string)src, time=(guint64)236229, ts=(guint64)5905720299;
0:00:05.918301841 [32m178147[00m 0xfffd90000b70 [37mTRACE  [00m [00;34m          GST_TRACER :0::[00m element-latency, element-id=(string)0xaaaaf7b27740, element=(string)capsfilter0, src=(string)src, time=(guint64)29241, ts=(guint64)5918282072;
0:00:05.919165548 [32m178147[00m 0xfffd90000b70 [37mTRACE  [00m [00;34m          GST_TRACER :0::[00m element-latency, element-id=(string)0xaaaaf7959350, element=(string)jpegparse0, src=(string)src, time=(guint64)869364, ts=(guint64)5919151436;
0:00:05.932077957 [32m178147[00m 0xfffd90000b70 [37mTRACE  [00m [00;34m          GST_TRACER :0::[00m element-latency, element-id=(string)0xaaaaf7a8dbc0, element=(string)nvjpegdec0, src=(string)src, time=(guint64)12900271, ts=(guint64)5932051707;
0:00:05.957223752 [32m178147[00m 0xfffd90000b70 [37mTRACE  [00m [00;34m          GST_TRACER :0::[00m element-latency, element-id=(string)0xaaaaf7a961f0, element=(string)nvvconv0, src=(string)src, time=(guint64)25143055, ts=(guint64)5957194762;
0:00:05.957283799 [32m178147[00m 0xfffd90000b70 [37mTRACE  [00m [00;34m          GST_TRACER :0::[00m element-latency, element-id=(string)0xaaaaf7b2ada0, element=(string)capsfilter1, src=(string)src, time=(guint64)75972, ts=(guint64)5957270734;
0:00:05.970171310 [32m178147[00m 0xfffd90000de0 [37mTRACE  [00m [00;34m          GST_TRACER :0::[00m element-latency, element-id=(string)0xaaaaf7b17c90, element=(string)nvv4l2h264enc0, src=(string)src, time=(guint64)12875123, ts=(guint64)5970145857;
0:00:05.970350532 [32m178147[00m 0xfffd90000de0 [37mTRACE  [00m [00;34m          GST_TRACER :0::[00m element-latency, element-id=(string)0xaaaaf7b1cb40, element=(string)h264parse0, src=(string)src, time=(guint64)190100, ts=(guint64)5970335957;
0:00:05.982297715 [32m178147[00m 0xfffd90000b70 [37mTRACE  [00m [00;34m          GST_TRACER :0::[00m element-latency, element-id=(string)0xaaaaf7b27740, element=(string)capsfilter0, src=(string)src, time=(guint64)26110, ts=(guint64)5982278863;
0:00:05.983252153 [32m178147[00m 0xfffd90000b70 [37mTRACE  [00m [00;34m          GST_TRACER :0::[00m element-latency, element-id=(string)0xaaaaf7959350, element=(string)jpegparse0, src=(string)src, time=(guint64)959290, ts=(guint64)5983238153;
0:00:05.998863565 [32m178147[00m 0xfffd90000b70 [37mTRACE  [00m [00;34m          GST_TRACER :0::[00m element-latency, element-id=(string)0xaaaaf7a8dbc0, element=(string)nvjpegdec0, src=(string)src, time=(guint64)15594560, ts=(guint64)5998832713;
0:00:06.022139520 [32m178147[00m 0xfffd90000b70 [37mTRACE  [00m [00;34m          GST_TRACER :0::[00m element-latency, element-id=(string)0xaaaaf7a961f0, element=(string)nvvconv0, src=(string)src, time=(guint64)23277196, ts=(guint64)6022109909;
0:00:06.022239787 [32m178147[00m 0xfffd90000b70 [37mTRACE  [00m [00;34m          GST_TRACER :0::[00m element-latency, element-id=(string)0xaaaaf7b2ada0, element=(string)capsfilter1, src=(string)src, time=(guint64)72444, ts=(guint64)6022182353;
0:00:06.035518945 [32m178147[00m 0xfffd90000de0 [37mTRACE  [00m [00;34m          GST_TRACER :0::[00m element-latency, element-id=(string)0xaaaaf7b17c90, element=(string)nvv4l2h264enc0, src=(string)src, time=(guint64)13312379, ts=(guint64)6035494732;
0:00:06.035709879 [32m178147[00m 0xfffd90000de0 [37mTRACE  [00m [00;34m          GST_TRACER :0::[00m element-latency, element-id=(string)0xaaaaf7b1cb40, element=(string)h264parse0, src=(string)src, time=(guint64)200314, ts=(guint64)6035695046;
0:00:06.050272750 [32m178147[00m 0xfffd90000b70 [37mTRACE  [00m [00;34m          GST_TRACER :0::[00m element-latency, element-id=(string)0xaaaaf7b27740, element=(string)capsfilter0, src=(string)src, time=(guint64)33953, ts=(guint64)6050253741;
0:00:06.051162652 [32m178147[00m 0xfffd90000b70 [37mTRACE  [00m [00;34m          GST_TRACER :0::[00m element-latency, element-id=(string)0xaaaaf7959350, element=(string)jpegparse0, src=(string)src, time=(guint64)894642, ts=(guint64)6051148383;
0:00:06.064737010 [32m178147[00m 0xfffd90000b70 [37mTRACE  [00m [00;34m          GST_TRACER :0::[00m element-latency, element-id=(string)0xaaaaf7a8dbc0, element=(string)nvjpegdec0, src=(string)src, time=(guint64)13559425, ts=(guint64)6064707808;
0:00:06.090491089 [32m178147[00m 0xfffd90000b70 [37mTRACE  [00m [00;34m          GST_TRACER :0::[00m element-latency, element-id=(string)0xaaaaf7a961f0, element=(string)nvvconv0, src=(string)src, time=(guint64)25717199, ts=(guint64)6090425007;
0:00:06.090951633 [32m178147[00m 0xfffd90000b70 [37mTRACE  [00m [00;34m          GST_TRACER :0::[00m element-latency, element-id=(string)0xaaaaf7b2ada0, element=(string)capsfilter1, src=(string)src, time=(guint64)511941, ts=(guint64)6090936948;
0:00:06.104572297 [32m178147[00m 0xfffd90000de0 [37mTRACE  [00m [00;34m          GST_TRACER :0::[00m element-latency, element-id=(string)0xaaaaf7b17c90, element=(string)nvv4l2h264enc0, src=(string)src, time=(guint64)13607840, ts=(guint64)6104544788;
0:00:06.104752963 [32m178147[00m 0xfffd90000de0 [37mTRACE  [00m [00;34m          GST_TRACER :0::[00m element-latency, element-id=(string)0xaaaaf7b1cb40, element=(string)h264parse0, src=(string)src, time=(guint64)193063, ts=(guint64)6104737851;
0:00:06.114277217 [32m178147[00m 0xfffd90000b70 [37mTRACE  [00m [00;34m          GST_TRACER :0::[00m element-latency, element-id=(string)0xaaaaf7b27740, element=(string)capsfilter0, src=(string)src, time=(guint64)30823, ts=(guint64)6114258680;
0:00:06.115131944 [32m178147[00m 0xfffd90000b70 [37mTRACE  [00m [00;34m          GST_TRACER :0::[00m element-latency, element-id=(string)0xaaaaf7959350, element=(string)jpegparse0, src=(string)src, time=(guint64)858014, ts=(guint64)6115116694;
0:00:06.128798395 [32m178147[00m 0xfffd90000b70 [37mTRACE  [00m [00;34m          GST_TRACER :0::[00m element-latency, element-id=(string)0xaaaaf7a8dbc0, element=(string)nvjpegdec0, src=(string)src, time=(guint64)13651599, ts=(guint64)6128768293;
0:00:06.154155169 [32m178147[00m 0xfffd90000b70 [37mTRACE  [00m [00;34m          GST_TRACER :0::[00m element-latency, element-id=(string)0xaaaaf7a961f0, element=(string)nvvconv0, src=(string)src, time=(guint64)25323608, ts=(guint64)6154091901;
0:00:06.154323289 [32m178147[00m 0xfffd90000b70 [37mTRACE  [00m [00;34m          GST_TRACER :0::[00m element-latency, element-id=(string)0xaaaaf7b2ada0, element=(string)capsfilter1, src=(string)src, time=(guint64)199526, ts=(guint64)6154291427;
0:00:06.167881193 [32m178147[00m 0xfffd90000de0 [37mTRACE  [00m [00;34m          GST_TRACER :0::[00m element-latency, element-id=(string)0xaaaaf7b17c90, element=(string)nvv4l2h264enc0, src=(string)src, time=(guint64)13571692, ts=(guint64)6167863119;
0:00:06.168137978 [32m178147[00m 0xfffd90000de0 [37mTRACE  [00m [00;34m          GST_TRACER :0::[00m element-latency, element-id=(string)0xaaaaf7b1cb40, element=(string)h264parse0, src=(string)src, time=(guint64)259249, ts=(guint64)6168122368;
0:00:06.178277720 [32m178147[00m 0xfffd90000b70 [37mTRACE  [00m [00;34m          GST_TRACER :0::[00m element-latency, element-id=(string)0xaaaaf7b27740, element=(string)capsfilter0, src=(string)src, time=(guint64)29380, ts=(guint64)6178259850;
0:00:06.179146927 [32m178147[00m 0xfffd90000b70 [37mTRACE  [00m [00;34m          GST_TRACER :0::[00m element-latency, element-id=(string)0xaaaaf7959350, element=(string)jpegparse0, src=(string)src, time=(guint64)873531, ts=(guint64)6179133381;
0:00:06.192889507 [32m178147[00m 0xfffd90000b70 [37mTRACE  [00m [00;34m          GST_TRACER :0::[00m element-latency, element-id=(string)0xaaaaf7a8dbc0, element=(string)nvjpegdec0, src=(string)src, time=(guint64)13730034, ts=(guint64)6192863415;
0:00:06.218415392 [32m178147[00m 0xfffd90000b70 [37mTRACE  [00m [00;34m          GST_TRACER :0::[00m element-latency, element-id=(string)0xaaaaf7a961f0, element=(string)nvvconv0, src=(string)src, time=(guint64)25518134, ts=(guint64)6218381549;
0:00:06.218533039 [32m178147[00m 0xfffd90000b70 [37mTRACE  [00m [00;34m          GST_TRACER :0::[00m element-latency, element-id=(string)0xaaaaf7b2ada0, element=(string)capsfilter1, src=(string)src, time=(guint64)136379, ts=(guint64)6218517928;
0:00:06.232129425 [32m178147[00m 0xfffd90000de0 [37mTRACE  [00m [00;34m          GST_TRACER :0::[00m element-latency, element-id=(string)0xaaaaf7b17c90, element=(string)nvv4l2h264enc0, src=(string)src, time=(guint64)13586719, ts=(guint64)6232104647;
0:00:06.232365979 [32m178147[00m 0xfffd90000de0 [37mTRACE  [00m [00;34m          GST_TRACER :0::[00m element-latency, element-id=(string)0xaaaaf7b1cb40, element=(string)h264parse0, src=(string)src, time=(guint64)246360, ts=(guint64)6232351007;
0:00:06.242283147 [32m178147[00m 0xfffd90000b70 [37mTRACE  [00m [00;34m          GST_TRACER :0::[00m element-latency, element-id=(string)0xaaaaf7b27740, element=(string)capsfilter0, src=(string)src, time=(guint64)27583, ts=(guint64)6242265564;
0:00:06.243151493 [32m178147[00m 0xfffd90000b70 [37mTRACE  [00m [00;34m          GST_TRACER :0::[00m element-latency, element-id=(string)0xaaaaf7959350, element=(string)jpegparse0, src=(string)src, time=(guint64)871828, ts=(guint64)6243137392;
0:00:06.256871815 [32m178147[00m 0xfffd90000b70 [37mTRACE  [00m [00;34m          GST_TRACER :0::[00m element-latency, element-id=(string)0xaaaaf7a8dbc0, element=(string)nvjpegdec0, src=(string)src, time=(guint64)13704173, ts=(guint64)6256841565;
0:00:06.282187424 [32m178147[00m 0xfffd90000b70 [37mTRACE  [00m [00;34m          GST_TRACER :0::[00m element-latency, element-id=(string)0xaaaaf7a961f0, element=(string)nvvconv0, src=(string)src, time=(guint64)25317424, ts=(guint64)6282158989;
0:00:06.282345488 [32m178147[00m 0xfffd90000b70 [37mTRACE  [00m [00;34m          GST_TRACER :0::[00m element-latency, element-id=(string)0xaaaaf7b2ada0, element=(string)capsfilter1, src=(string)src, time=(guint64)171925, ts=(guint64)6282330914;
0:00:06.295924060 [32m178147[00m 0xfffd90000de0 [37mTRACE  [00m [00;34m          GST_TRACER :0::[00m element-latency, element-id=(string)0xaaaaf7b17c90, element=(string)nvv4l2h264enc0, src=(string)src, time=(guint64)13568238, ts=(guint64)6295899152;
0:00:06.296114549 [32m178147[00m 0xfffd90000de0 [37mTRACE  [00m [00;34m          GST_TRACER :0::[00m element-latency, element-id=(string)0xaaaaf7b1cb40, element=(string)h264parse0, src=(string)src, time=(guint64)200462, ts=(guint64)6296099614;
0:00:06.310266302 [32m178147[00m 0xfffd90000b70 [37mTRACE  [00m [00;34m          GST_TRACER :0::[00m element-latency, element-id=(string)0xaaaaf7b27740, element=(string)capsfilter0, src=(string)src, time=(guint64)28796, ts=(guint64)6310247757;
0:00:06.311168334 [32m178147[00m 0xfffd90000b70 [37mTRACE  [00m [00;34m          GST_TRACER :0::[00m element-latency, element-id=(string)0xaaaaf7959350, element=(string)jpegparse0, src=(string)src, time=(guint64)906873, ts=(guint64)6311154630;
0:00:06.325127894 [32m178147[00m 0xfffd90000b70 [37mTRACE  [00m [00;34m          GST_TRACER :0::[00m element-latency, element-id=(string)0xaaaaf7a8dbc0, element=(string)nvjpegdec0, src=(string)src, time=(guint64)13946450, ts=(guint64)6325101080;
0:00:06.350535642 [32m178147[00m 0xfffd90000b70 [37mTRACE  [00m [00;34m          GST_TRACER :0::[00m element-latency, element-id=(string)0xaaaaf7a961f0, element=(string)nvvconv0, src=(string)src, time=(guint64)25403710, ts=(guint64)6350504790;
0:00:06.350607243 [32m178147[00m 0xfffd90000b70 [37mTRACE  [00m [00;34m          GST_TRACER :0::[00m element-latency, element-id=(string)0xaaaaf7b2ada0, element=(string)capsfilter1, src=(string)src, time=(guint64)88833, ts=(guint64)6350593623;
0:00:06.367984690 [32m178147[00m 0xfffd90000de0 [37mTRACE  [00m [00;34m          GST_TRACER :0::[00m element-latency, element-id=(string)0xaaaaf7b17c90, element=(string)nvv4l2h264enc0, src=(string)src, time=(guint64)17367502, ts=(guint64)6367961125;
0:00:06.368526862 [32m178147[00m 0xfffd90000de0 [37mTRACE  [00m [00;34m          GST_TRACER :0::[00m element-latency, element-id=(string)0xaaaaf7b1cb40, element=(string)h264parse0, src=(string)src, time=(guint64)548181, ts=(guint64)6368509306;
0:00:06.374259418 [32m178147[00m 0xfffd90000b70 [37mTRACE  [00m [00;34m          GST_TRACER :0::[00m element-latency, element-id=(string)0xaaaaf7b27740, element=(string)capsfilter0, src=(string)src, time=(guint64)25482, ts=(guint64)6374242224;
0:00:06.375106737 [32m178147[00m 0xfffd90000b70 [37mTRACE  [00m [00;34m          GST_TRACER :0::[00m element-latency, element-id=(string)0xaaaaf7959350, element=(string)jpegparse0, src=(string)src, time=(guint64)850356, ts=(guint64)6375092580;
0:00:06.389055325 [32m178147[00m 0xfffd90000b70 [37mTRACE  [00m [00;34m          GST_TRACER :0::[00m element-latency, element-id=(string)0xaaaaf7a8dbc0, element=(string)nvjpegdec0, src=(string)src, time=(guint64)13932940, ts=(guint64)6389025520;
0:00:06.412569001 [32m178147[00m 0xfffd90000b70 [37mTRACE  [00m [00;34m          GST_TRACER :0::[00m element-latency, element-id=(string)0xaaaaf7a961f0, element=(string)nvvconv0, src=(string)src, time=(guint64)23506824, ts=(guint64)6412532344;
0:00:06.412648269 [32m178147[00m 0xfffd90000b70 [37mTRACE  [00m [00;34m          GST_TRACER :0::[00m element-latency, element-id=(string)0xaaaaf7b2ada0, element=(string)capsfilter1, src=(string)src, time=(guint64)101323, ts=(guint64)6412633667;
0:00:06.426479784 [32m178147[00m 0xfffd90000de0 [37mTRACE  [00m [00;34m          GST_TRACER :0::[00m element-latency, element-id=(string)0xaaaaf7b17c90, element=(string)nvv4l2h264enc0, src=(string)src, time=(guint64)13820534, ts=(guint64)6426454201;
0:00:06.426799421 [32m178147[00m 0xfffd90000de0 [37mTRACE  [00m [00;34m          GST_TRACER :0::[00m element-latency, element-id=(string)0xaaaaf7b1cb40, element=(string)h264parse0, src=(string)src, time=(guint64)329090, ts=(guint64)6426783291;
0:00:06.438314830 [32m178147[00m 0xfffd90000b70 [37mTRACE  [00m [00;34m          GST_TRACER :0::[00m element-latency, element-id=(string)0xaaaaf7b27740, element=(string)capsfilter0, src=(string)src, time=(guint64)44749, ts=(guint64)6438289663;
0:00:06.439203195 [32m178147[00m 0xfffd90000b70 [37mTRACE  [00m [00;34m          GST_TRACER :0::[00m element-latency, element-id=(string)0xaaaaf7959350, element=(string)jpegparse0, src=(string)src, time=(guint64)897615, ts=(guint64)6439187278;
0:00:06.453141440 [32m178147[00m 0xfffd90000b70 [37mTRACE  [00m [00;34m          GST_TRACER :0::[00m element-latency, element-id=(string)0xaaaaf7a8dbc0, element=(string)nvjpegdec0, src=(string)src, time=(guint64)13924301, ts=(guint64)6453111579;
0:00:06.478503957 [32m178147[00m 0xfffd90000b70 [37mTRACE  [00m [00;34m          GST_TRACER :0::[00m element-latency, element-id=(string)0xaaaaf7a961f0, element=(string)nvvconv0, src=(string)src, time=(guint64)25358165, ts=(guint64)6478469744;
0:00:06.478586520 [32m178147[00m 0xfffd90000b70 [37mTRACE  [00m [00;34m          GST_TRACER :0::[00m element-latency, element-id=(string)0xaaaaf7b2ada0, element=(string)capsfilter1, src=(string)src, time=(guint64)102943, ts=(guint64)6478572687;
0:00:06.492582433 [32m178147[00m 0xfffd90000de0 [37mTRACE  [00m [00;34m          GST_TRACER :0::[00m element-latency, element-id=(string)0xaaaaf7b17c90, element=(string)nvv4l2h264enc0, src=(string)src, time=(guint64)13982884, ts=(guint64)6492555571;
0:00:06.492807274 [32m178147[00m 0xfffd90000de0 [37mTRACE  [00m [00;34m          GST_TRACER :0::[00m element-latency, element-id=(string)0xaaaaf7b1cb40, element=(string)h264parse0, src=(string)src, time=(guint64)235324, ts=(guint64)6492790895;
0:00:06.502289251 [32m178147[00m 0xfffd90000b70 [37mTRACE  [00m [00;34m          GST_TRACER :0::[00m element-latency, element-id=(string)0xaaaaf7b27740, element=(string)capsfilter0, src=(string)src, time=(guint64)31046, ts=(guint64)6502268103;
0:00:06.503120691 [32m178147[00m 0xfffd90000b70 [37mTRACE  [00m [00;34m          GST_TRACER :0::[00m element-latency, element-id=(string)0xaaaaf7959350, element=(string)jpegparse0, src=(string)src, time=(guint64)837403, ts=(guint64)6503105506;
0:00:06.517329666 [32m178147[00m 0xfffd90000b70 [37mTRACE  [00m [00;34m          GST_TRACER :0::[00m element-latency, element-id=(string)0xaaaaf7a8dbc0, element=(string)nvjpegdec0, src=(string)src, time=(guint64)14189567, ts=(guint64)6517295073;
0:00:06.540660213 [32m178147[00m 0xfffd90000b70 [37mTRACE  [00m [00;34m          GST_TRACER :0::[00m element-latency, element-id=(string)0xaaaaf7a961f0, element=(string)nvvconv0, src=(string)src, time=(guint64)23325668, ts=(guint64)6540620741;
0:00:06.540741482 [32m178147[00m 0xfffd90000b70 [37mTRACE  [00m [00;34m          GST_TRACER :0::[00m element-latency, element-id=(string)0xaaaaf7b2ada0, element=(string)capsfilter1, src=(string)src, time=(guint64)106593, ts=(guint64)6540727334;
0:00:06.554987003 [32m178147[00m 0xfffd90000de0 [37mTRACE  [00m [00;34m          GST_TRACER :0::[00m element-latency, element-id=(string)0xaaaaf7b17c90, element=(string)nvv4l2h264enc0, src=(string)src, time=(guint64)14234382, ts=(guint64)6554961716;
0:00:06.555282455 [32m178147[00m 0xfffd90000de0 [37mTRACE  [00m [00;34m          GST_TRACER :0::[00m element-latency, element-id=(string)0xaaaaf7b1cb40, element=(string)h264parse0, src=(string)src, time=(guint64)304026, ts=(guint64)6555265742;
0:00:06.570267425 [32m178147[00m 0xfffd90000b70 [37mTRACE  [00m [00;34m          GST_TRACER :0::[00m element-latency, element-id=(string)0xaaaaf7b27740, element=(string)capsfilter0, src=(string)src, time=(guint64)29990, ts=(guint64)6570248166;
0:00:06.571119142 [32m178147[00m 0xfffd90000b70 [37mTRACE  [00m [00;34m          GST_TRACER :0::[00m element-latency, element-id=(string)0xaaaaf7959350, element=(string)jpegparse0, src=(string)src, time=(guint64)855976, ts=(guint64)6571104142;
0:00:06.585418867 [32m178147[00m 0xfffd90000b70 [37mTRACE  [00m [00;34m          GST_TRACER :0::[00m element-latency, element-id=(string)0xaaaaf7a8dbc0, element=(string)nvjpegdec0, src=(string)src, time=(guint64)14286012, ts=(guint64)6585390154;
0:00:06.610819772 [32m178147[00m 0xfffd90000b70 [37mTRACE  [00m [00;34m          GST_TRACER :0::[00m element-latency, element-id=(string)0xaaaaf7a961f0, element=(string)nvvconv0, src=(string)src, time=(guint64)25396766, ts=(guint64)6610786920;
0:00:06.610874345 [32m178147[00m 0xfffd90000b70 [37mTRACE  [00m [00;34m          GST_TRACER :0::[00m element-latency, element-id=(string)0xaaaaf7b2ada0, element=(string)capsfilter1, src=(string)src, time=(guint64)73916, ts=(guint64)6610860836;
0:00:06.625762807 [32m178147[00m 0xfffd90000de0 [37mTRACE  [00m [00;34m          GST_TRACER :0::[00m element-latency, element-id=(string)0xaaaaf7b17c90, element=(string)nvv4l2h264enc0, src=(string)src, time=(guint64)14875759, ts=(guint64)6625736595;
0:00:06.625956241 [32m178147[00m 0xfffd90000de0 [37mTRACE  [00m [00;34m          GST_TRACER :0::[00m element-latency, element-id=(string)0xaaaaf7b1cb40, element=(string)h264parse0, src=(string)src, time=(guint64)203831, ts=(guint64)6625940426;
0:00:06.634268114 [32m178147[00m 0xfffd90000b70 [37mTRACE  [00m [00;34m          GST_TRACER :0::[00m element-latency, element-id=(string)0xaaaaf7b27740, element=(string)capsfilter0, src=(string)src, time=(guint64)27630, ts=(guint64)6634250624;
0:00:06.635166127 [32m178147[00m 0xfffd90000b70 [37mTRACE  [00m [00;34m          GST_TRACER :0::[00m element-latency, element-id=(string)0xaaaaf7959350, element=(string)jpegparse0, src=(string)src, time=(guint64)896661, ts=(guint64)6635147285;
0:00:06.649907885 [32m178147[00m 0xfffd90000b70 [37mTRACE  [00m [00;34m          GST_TRACER :0::[00m element-latency, element-id=(string)0xaaaaf7a8dbc0, element=(string)nvjpegdec0, src=(string)src, time=(guint64)14733786, ts=(guint64)6649881071;
0:00:06.675248874 [32m178147[00m 0xfffd90000b70 [37mTRACE  [00m [00;34m          GST_TRACER :0::[00m element-latency, element-id=(string)0xaaaaf7a961f0, element=(string)nvvconv0, src=(string)src, time=(guint64)25318497, ts=(guint64)6675199568;
0:00:06.675323993 [32m178147[00m 0xfffd90000b70 [37mTRACE  [00m [00;34m          GST_TRACER :0::[00m element-latency, element-id=(string)0xaaaaf7b2ada0, element=(string)capsfilter1, src=(string)src, time=(guint64)110471, ts=(guint64)6675310039;
0:00:06.690438694 [32m178147[00m 0xfffd90000de0 [37mTRACE  [00m [00;34m          GST_TRACER :0::[00m element-latency, element-id=(string)0xaaaaf7b17c90, element=(string)nvv4l2h264enc0, src=(string)src, time=(guint64)15103960, ts=(guint64)6690413999;
0:00:06.690618369 [32m178147[00m 0xfffd90000de0 [37mTRACE  [00m [00;34m          GST_TRACER :0::[00m element-latency, element-id=(string)0xaaaaf7b1cb40, element=(string)h264parse0, src=(string)src, time=(guint64)189610, ts=(guint64)6690603609;
0:00:06.698280319 [32m178147[00m 0xfffd90000b70 [37mTRACE  [00m [00;34m          GST_TRACER :0::[00m element-latency, element-id=(string)0xaaaaf7b27740, element=(string)capsfilter0, src=(string)src, time=(guint64)31259, ts=(guint64)6698260560;
0:00:06.699148472 [32m178147[00m 0xfffd90000b70 [37mTRACE  [00m [00;34m          GST_TRACER :0::[00m element-latency, element-id=(string)0xaaaaf7959350, element=(string)jpegparse0, src=(string)src, time=(guint64)873440, ts=(guint64)6699134000;
0:00:06.714317922 [32m178147[00m 0xfffd90000b70 [37mTRACE  [00m [00;34m          GST_TRACER :0::[00m element-latency, element-id=(string)0xaaaaf7a8dbc0, element=(string)nvjpegdec0, src=(string)src, time=(guint64)15149598, ts=(guint64)6714283598;
0:00:06.737736311 [32m178147[00m 0xfffd90000b70 [37mTRACE  [00m [00;34m          GST_TRACER :0::[00m element-latency, element-id=(string)0xaaaaf7a961f0, element=(string)nvvconv0, src=(string)src, time=(guint64)23402065, ts=(guint64)6737685663;
0:00:06.737815828 [32m178147[00m 0xfffd90000b70 [37mTRACE  [00m [00;34m          GST_TRACER :0::[00m element-latency, element-id=(string)0xaaaaf7b2ada0, element=(string)capsfilter1, src=(string)src, time=(guint64)113814, ts=(guint64)6737799477;
0:00:06.753368221 [32m178147[00m 0xfffd90000de0 [37mTRACE  [00m [00;34m          GST_TRACER :0::[00m element-latency, element-id=(string)0xaaaaf7b17c90, element=(string)nvv4l2h264enc0, src=(string)src, time=(guint64)15544336, ts=(guint64)6753343813;
0:00:06.753560146 [32m178147[00m 0xfffd90000de0 [37mTRACE  [00m [00;34m          GST_TRACER :0::[00m element-latency, element-id=(string)0xaaaaf7b1cb40, element=(string)h264parse0, src=(string)src, time=(guint64)201222, ts=(guint64)6753545035;
0:00:06.762341858 [32m178147[00m 0xfffd90000b70 [37mTRACE  [00m [00;34m          GST_TRACER :0::[00m element-latency, element-id=(string)0xaaaaf7b27740, element=(string)capsfilter0, src=(string)src, time=(guint64)53008, ts=(guint64)6762315238;
0:00:06.763242548 [32m178147[00m 0xfffd90000b70 [37mTRACE  [00m [00;34m          GST_TRACER :0::[00m element-latency, element-id=(string)0xaaaaf7959350, element=(string)jpegparse0, src=(string)src, time=(guint64)910634, ts=(guint64)6763225872;
0:00:06.778386332 [32m178147[00m 0xfffd90000b70 [37mTRACE  [00m [00;34m          GST_TRACER :0::[00m element-latency, element-id=(string)0xaaaaf7a8dbc0, element=(string)nvjpegdec0, src=(string)src, time=(guint64)15124174, ts=(guint64)6778350046;
0:00:06.803418592 [32m178147[00m 0xfffd90000b70 [37mTRACE  [00m [00;34m          GST_TRACER :0::[00m element-latency, element-id=(string)0xaaaaf7a961f0, element=(string)nvvconv0, src=(string)src, time=(guint64)25035166, ts=(guint64)6803385212;
0:00:06.803473211 [32m178147[00m 0xfffd90000b70 [37mTRACE  [00m [00;34m          GST_TRACER :0::[00m element-latency, element-id=(string)0xaaaaf7b2ada0, element=(string)capsfilter1, src=(string)src, time=(guint64)74434, ts=(guint64)6803459646;
0:00:06.818873234 [32m178147[00m 0xfffd90000de0 [37mTRACE  [00m [00;34m          GST_TRACER :0::[00m element-latency, element-id=(string)0xaaaaf7b17c90, element=(string)nvv4l2h264enc0, src=(string)src, time=(guint64)15387348, ts=(guint64)6818846994;
0:00:06.819075067 [32m178147[00m 0xfffd90000de0 [37mTRACE  [00m [00;34m          GST_TRACER :0::[00m element-latency, element-id=(string)0xaaaaf7b1cb40, element=(string)h264parse0, src=(string)src, time=(guint64)212351, ts=(guint64)6819059345;
0:00:06.826272818 [32m178147[00m 0xfffd90000b70 [37mTRACE  [00m [00;34m          GST_TRACER :0::[00m element-latency, element-id=(string)0xaaaaf7b27740, element=(string)capsfilter0, src=(string)src, time=(guint64)23222, ts=(guint64)6826254494;
0:00:06.827120534 [32m178147[00m 0xfffd90000b70 [37mTRACE  [00m [00;34m          GST_TRACER :0::[00m element-latency, element-id=(string)0xaaaaf7959350, element=(string)jpegparse0, src=(string)src, time=(guint64)850791, ts=(guint64)6827105285;
0:00:06.842513419 [32m178147[00m 0xfffd90000b70 [37mTRACE  [00m [00;34m          GST_TRACER :0::[00m element-latency, element-id=(string)0xaaaaf7a8dbc0, element=(string)nvjpegdec0, src=(string)src, time=(guint64)15377634, ts=(guint64)6842482919;
0:00:06.867551854 [32m178147[00m 0xfffd90000b70 [37mTRACE  [00m [00;34m          GST_TRACER :0::[00m element-latency, element-id=(string)0xaaaaf7a961f0, element=(string)nvvconv0, src=(string)src, time=(guint64)25041315, ts=(guint64)6867524234;
0:00:06.867600678 [32m178147[00m 0xfffd90000b70 [37mTRACE  [00m [00;34m          GST_TRACER :0::[00m element-latency, element-id=(string)0xaaaaf7b2ada0, element=(string)capsfilter1, src=(string)src, time=(guint64)63666, ts=(guint64)6867587900;
0:00:06.883009377 [32m178147[00m 0xfffd90000de0 [37mTRACE  [00m [00;34m          GST_TRACER :0::[00m element-latency, element-id=(string)0xaaaaf7b17c90, element=(string)nvv4l2h264enc0, src=(string)src, time=(guint64)15392912, ts=(guint64)6882980812;
0:00:06.883200052 [32m178147[00m 0xfffd90000de0 [37mTRACE  [00m [00;34m          GST_TRACER :0::[00m element-latency, element-id=(string)0xaaaaf7b1cb40, element=(string)h264parse0, src=(string)src, time=(guint64)204277, ts=(guint64)6883185089;
0:00:06.894242297 [32m178147[00m 0xfffd90000b70 [37mTRACE  [00m [00;34m          GST_TRACER :0::[00m element-latency, element-id=(string)0xaaaaf7b27740, element=(string)capsfilter0, src=(string)src, time=(guint64)21277, ts=(guint64)6894226492;
0:00:06.895045801 [32m178147[00m 0xfffd90000b70 [37mTRACE  [00m [00;34m          GST_TRACER :0::[00m element-latency, element-id=(string)0xaaaaf7959350, element=(string)jpegparse0, src=(string)src, time=(guint64)804337, ts=(guint64)6895030829;
0:00:06.910008254 [32m178147[00m 0xfffd90000b70 [37mTRACE  [00m [00;34m          GST_TRACER :0::[00m element-latency, element-id=(string)0xaaaaf7a8dbc0, element=(string)nvjpegdec0, src=(string)src, time=(guint64)14946730, ts=(guint64)6909977559;
0:00:06.934388489 [32m178147[00m 0xfffd90000b70 [37mTRACE  [00m [00;34m          GST_TRACER :0::[00m element-latency, element-id=(string)0xaaaaf7a961f0, element=(string)nvvconv0, src=(string)src, time=(guint64)24382180, ts=(guint64)6934359739;
0:00:06.934434915 [32m178147[00m 0xfffd90000b70 [37mTRACE  [00m [00;34m          GST_TRACER :0::[00m element-latency, element-id=(string)0xaaaaf7b2ada0, element=(string)capsfilter1, src=(string)src, time=(guint64)62648, ts=(guint64)6934422387;
0:00:06.949829633 [32m178147[00m 0xfffd90000de0 [37mTRACE  [00m [00;34m          GST_TRACER :0::[00m element-latency, element-id=(string)0xaaaaf7b17c90, element=(string)nvv4l2h264enc0, src=(string)src, time=(guint64)15380403, ts=(guint64)6949802790;
0:00:06.950024965 [32m178147[00m 0xfffd90000de0 [37mTRACE  [00m [00;34m          GST_TRACER :0::[00m element-latency, element-id=(string)0xaaaaf7b1cb40, element=(string)h264parse0, src=(string)src, time=(guint64)206703, ts=(guint64)6950009493;
0:00:06.958276654 [32m178147[00m 0xfffd90000b70 [37mTRACE  [00m [00;34m          GST_TRACER :0::[00m element-latency, element-id=(string)0xaaaaf7b27740, element=(string)capsfilter0, src=(string)src, time=(guint64)33361, ts=(guint64)6958255802;
0:00:06.959141574 [32m178147[00m 0xfffd90000b70 [37mTRACE  [00m [00;34m          GST_TRACER :0::[00m element-latency, element-id=(string)0xaaaaf7959350, element=(string)jpegparse0, src=(string)src, time=(guint64)870679, ts=(guint64)6959126481;
0:00:06.974301988 [32m178147[00m 0xfffd90000b70 [37mTRACE  [00m [00;34m          GST_TRACER :0::[00m element-latency, element-id=(string)0xaaaaf7a8dbc0, element=(string)nvjpegdec0, src=(string)src, time=(guint64)15143591, ts=(guint64)6974270072;
0:00:06.997905515 [32m178147[00m 0xfffd90000b70 [37mTRACE  [00m [00;34m          GST_TRACER :0::[00m element-latency, element-id=(string)0xaaaaf7a961f0, element=(string)nvvconv0, src=(string)src, time=(guint64)23598009, ts=(guint64)6997868081;
0:00:06.997959275 [32m178147[00m 0xfffd90000b70 [37mTRACE  [00m [00;34m          GST_TRACER :0::[00m element-latency, element-id=(string)0xaaaaf7b2ada0, element=(string)capsfilter1, src=(string)src, time=(guint64)78444, ts=(guint64)6997946525;
0:00:07.014256802 [32m178147[00m 0xfffd90000de0 [37mTRACE  [00m [00;34m          GST_TRACER :0::[00m element-latency, element-id=(string)0xaaaaf7b17c90, element=(string)nvv4l2h264enc0, src=(string)src, time=(guint64)16282193, ts=(guint64)7014228718;
0:00:07.014724724 [32m178147[00m 0xfffd90000de0 [37mTRACE  [00m [00;34m          GST_TRACER :0::[00m element-latency, element-id=(string)0xaaaaf7b1cb40, element=(string)h264parse0, src=(string)src, time=(guint64)478312, ts=(guint64)7014707030;
0:00:07.022275992 [32m178147[00m 0xfffd90000b70 [37mTRACE  [00m [00;34m          GST_TRACER :0::[00m element-latency, element-id=(string)0xaaaaf7b27740, element=(string)capsfilter0, src=(string)src, time=(guint64)30481, ts=(guint64)7022256890;
0:00:07.023131227 [32m178147[00m 0xfffd90000b70 [37mTRACE  [00m [00;34m          GST_TRACER :0::[00m element-latency, element-id=(string)0xaaaaf7959350, element=(string)jpegparse0, src=(string)src, time=(guint64)860337, ts=(guint64)7023117227;
0:00:07.035452298 [32m178147[00m 0xfffd90000b70 [37mTRACE  [00m [00;34m          GST_TRACER :0::[00m element-latency, element-id=(string)0xaaaaf7a8dbc0, element=(string)nvjpegdec0, src=(string)src, time=(guint64)12306710, ts=(guint64)7035423937;
0:00:07.059625571 [32m178147[00m 0xfffd90000b70 [37mTRACE  [00m [00;34m          GST_TRACER :0::[00m element-latency, element-id=(string)0xaaaaf7a961f0, element=(string)nvvconv0, src=(string)src, time=(guint64)24157154, ts=(guint64)7059581091;
0:00:07.059682525 [32m178147[00m 0xfffd90000b70 [37mTRACE  [00m [00;34m          GST_TRACER :0::[00m element-latency, element-id=(string)0xaaaaf7b2ada0, element=(string)capsfilter1, src=(string)src, time=(guint64)87962, ts=(guint64)7059669053;
0:00:07.070224921 [32m178147[00m 0xfffd90000de0 [37mTRACE  [00m [00;34m          GST_TRACER :0::[00m element-latency, element-id=(string)0xaaaaf7b17c90, element=(string)nvv4l2h264enc0, src=(string)src, time=(guint64)10527490, ts=(guint64)7070196543;
0:00:07.070413948 [32m178147[00m 0xfffd90000de0 [37mTRACE  [00m [00;34m          GST_TRACER :0::[00m element-latency, element-id=(string)0xaaaaf7b1cb40, element=(string)h264parse0, src=(string)src, time=(guint64)201164, ts=(guint64)7070397707;
0:00:07.086269672 [32m178147[00m 0xfffd90000b70 [37mTRACE  [00m [00;34m          GST_TRACER :0::[00m element-latency, element-id=(string)0xaaaaf7b27740, element=(string)capsfilter0, src=(string)src, time=(guint64)24222, ts=(guint64)7086251729;
0:00:07.087110510 [32m178147[00m 0xfffd90000b70 [37mTRACE  [00m [00;34m          GST_TRACER :0::[00m element-latency, element-id=(string)0xaaaaf7959350, element=(string)jpegparse0, src=(string)src, time=(guint64)844605, ts=(guint64)7087096334;
0:00:07.097893535 [32m178147[00m 0xfffd90000b70 [37mTRACE  [00m [00;34m          GST_TRACER :0::[00m element-latency, element-id=(string)0xaaaaf7a8dbc0, element=(string)nvjpegdec0, src=(string)src, time=(guint64)10770404, ts=(guint64)7097866738;
0:00:07.123105616 [32m178147[00m 0xfffd90000b70 [37mTRACE  [00m [00;34m          GST_TRACER :0::[00m element-latency, element-id=(string)0xaaaaf7a961f0, element=(string)nvvconv0, src=(string)src, time=(guint64)25210397, ts=(guint64)7123077135;
0:00:07.123180431 [32m178147[00m 0xfffd90000b70 [37mTRACE  [00m [00;34m          GST_TRACER :0::[00m element-latency, element-id=(string)0xaaaaf7b2ada0, element=(string)capsfilter1, src=(string)src, time=(guint64)90509, ts=(guint64)7123167644;
0:00:07.133489718 [32m178147[00m 0xfffd90000de0 [37mTRACE  [00m [00;34m          GST_TRACER :0::[00m element-latency, element-id=(string)0xaaaaf7b17c90, element=(string)nvv4l2h264enc0, src=(string)src, time=(guint64)10295343, ts=(guint64)7133462987;
0:00:07.133696745 [32m178147[00m 0xfffd90000de0 [37mTRACE  [00m [00;34m          GST_TRACER :0::[00m element-latency, element-id=(string)0xaaaaf7b1cb40, element=(string)h264parse0, src=(string)src, time=(guint64)218721, ts=(guint64)7133681708;
0:00:07.154260532 [32m178147[00m 0xfffd90000b70 [37mTRACE  [00m [00;34m          GST_TRACER :0::[00m element-latency, element-id=(string)0xaaaaf7b27740, element=(string)capsfilter0, src=(string)src, time=(guint64)29324, ts=(guint64)7154240754;
0:00:07.155139970 [32m178147[00m 0xfffd90000b70 [37mTRACE  [00m [00;34m          GST_TRACER :0::[00m element-latency, element-id=(string)0xaaaaf7959350, element=(string)jpegparse0, src=(string)src, time=(guint64)885532, ts=(guint64)7155126286;
0:00:07.166021680 [32m178147[00m 0xfffd90000b70 [37mTRACE  [00m [00;34m          GST_TRACER :0::[00m element-latency, element-id=(string)0xaaaaf7a8dbc0, element=(string)nvjpegdec0, src=(string)src, time=(guint64)10865728, ts=(guint64)7165992014;
0:00:07.190792219 [32m178147[00m 0xfffd90000b70 [37mTRACE  [00m [00;34m          GST_TRACER :0::[00m element-latency, element-id=(string)0xaaaaf7a961f0, element=(string)nvvconv0, src=(string)src, time=(guint64)24759436, ts=(guint64)7190751450;
0:00:07.190854034 [32m178147[00m 0xfffd90000b70 [37mTRACE  [00m [00;34m          GST_TRACER :0::[00m element-latency, element-id=(string)0xaaaaf7b2ada0, element=(string)capsfilter1, src=(string)src, time=(guint64)89547, ts=(guint64)7190840997;
0:00:07.201163847 [32m178147[00m 0xfffd90000de0 [37mTRACE  [00m [00;34m          GST_TRACER :0::[00m element-latency, element-id=(string)0xaaaaf7b17c90, element=(string)nvv4l2h264enc0, src=(string)src, time=(guint64)10298518, ts=(guint64)7201139515;
0:00:07.201345087 [32m178147[00m 0xfffd90000de0 [37mTRACE  [00m [00;34m          GST_TRACER :0::[00m element-latency, element-id=(string)0xaaaaf7b1cb40, element=(string)h264parse0, src=(string)src, time=(guint64)190276, ts=(guint64)7201329791;
0:00:07.218301352 [32m178147[00m 0xfffd90000b70 [37mTRACE  [00m [00;34m          GST_TRACER :0::[00m element-latency, element-id=(string)0xaaaaf7b27740, element=(string)capsfilter0, src=(string)src, time=(guint64)45639, ts=(guint64)7218278361;
0:00:07.219206957 [32m178147[00m 0xfffd90000b70 [37mTRACE  [00m [00;34m          GST_TRACER :0::[00m element-latency, element-id=(string)0xaaaaf7959350, element=(string)jpegparse0, src=(string)src, time=(guint64)912355, ts=(guint64)7219190716;
0:00:07.230131018 [32m178147[00m 0xfffd90000b70 [37mTRACE  [00m [00;34m          GST_TRACER :0::[00m element-latency, element-id=(string)0xaaaaf7a8dbc0, element=(string)nvjpegdec0, src=(string)src, time=(guint64)10902894, ts=(guint64)7230093610;
0:00:07.256282677 [32m178147[00m 0xfffd90000b70 [37mTRACE  [00m [00;34m          GST_TRACER :0::[00m element-latency, element-id=(string)0xaaaaf7a961f0, element=(string)nvvconv0, src=(string)src, time=(guint64)26143354, ts=(guint64)7256236964;
0:00:07.256353056 [32m178147[00m 0xfffd90000b70 [37mTRACE  [00m [00;34m          GST_TRACER :0::[00m element-latency, element-id=(string)0xaaaaf7b2ada0, element=(string)capsfilter1, src=(string)src, time=(guint64)100351, ts=(guint64)7256337315;
0:00:07.266936924 [32m178147[00m 0xfffd90000de0 [37mTRACE  [00m [00;34m          GST_TRACER :0::[00m element-latency, element-id=(string)0xaaaaf7b17c90, element=(string)nvv4l2h264enc0, src=(string)src, time=(guint64)10579303, ts=(guint64)7266916618;
0:00:07.267224265 [32m178147[00m 0xfffd90000de0 [37mTRACE  [00m [00;34m          GST_TRACER :0::[00m element-latency, element-id=(string)0xaaaaf7b1cb40, element=(string)h264parse0, src=(string)src, time=(guint64)292563, ts=(guint64)7267209181;
0:00:07.282267095 [32m178147[00m 0xfffd90000b70 [37mTRACE  [00m [00;34m          GST_TRACER :0::[00m element-latency, element-id=(string)0xaaaaf7b27740, element=(string)capsfilter0, src=(string)src, time=(guint64)24463, ts=(guint64)7282249707;
0:00:07.283127905 [32m178147[00m 0xfffd90000b70 [37mTRACE  [00m [00;34m          GST_TRACER :0::[00m element-latency, element-id=(string)0xaaaaf7959350, element=(string)jpegparse0, src=(string)src, time=(guint64)862735, ts=(guint64)7283112442;
0:00:07.294163149 [32m178147[00m 0xfffd90000b70 [37mTRACE  [00m [00;34m          GST_TRACER :0::[00m element-latency, element-id=(string)0xaaaaf7a8dbc0, element=(string)nvjpegdec0, src=(string)src, time=(guint64)11020967, ts=(guint64)7294133409;
0:00:07.319137649 [32m178147[00m 0xfffd90000b70 [37mTRACE  [00m [00;34m          GST_TRACER :0::[00m element-latency, element-id=(string)0xaaaaf7a961f0, element=(string)nvvconv0, src=(string)src, time=(guint64)24965684, ts=(guint64)7319099093;
0:00:07.319201325 [32m178147[00m 0xfffd90000b70 [37mTRACE  [00m [00;34m          GST_TRACER :0::[00m element-latency, element-id=(string)0xaaaaf7b2ada0, element=(string)capsfilter1, src=(string)src, time=(guint64)88287, ts=(guint64)7319187380;
0:00:07.330087644 [32m178147[00m 0xfffd90000de0 [37mTRACE  [00m [00;34m          GST_TRACER :0::[00m element-latency, element-id=(string)0xaaaaf7b17c90, element=(string)nvv4l2h264enc0, src=(string)src, time=(guint64)10881931, ts=(guint64)7330069311;
0:00:07.330260106 [32m178147[00m 0xfffd90000de0 [37mTRACE  [00m [00;34m          GST_TRACER :0::[00m element-latency, element-id=(string)0xaaaaf7b1cb40, element=(string)h264parse0, src=(string)src, time=(guint64)176767, ts=(guint64)7330246078;
0:00:07.346267264 [32m178147[00m 0xfffd90000b70 [37mTRACE  [00m [00;34m          GST_TRACER :0::[00m element-latency, element-id=(string)0xaaaaf7b27740, element=(string)capsfilter0, src=(string)src, time=(guint64)21028, ts=(guint64)7346250292;
0:00:07.347100259 [32m178147[00m 0xfffd90000b70 [37mTRACE  [00m [00;34m          GST_TRACER :0::[00m element-latency, element-id=(string)0xaaaaf7959350, element=(string)jpegparse0, src=(string)src, time=(guint64)835948, ts=(guint64)7347086240;
0:00:07.358365391 [32m178147[00m 0xfffd90000b70 [37mTRACE  [00m [00;34m          GST_TRACER :0::[00m element-latency, element-id=(string)0xaaaaf7a8dbc0, element=(string)nvjpegdec0, src=(string)src, time=(guint64)11250457, ts=(guint64)7358336697;
0:00:07.383908498 [32m178147[00m 0xfffd90000b70 [37mTRACE  [00m [00;34m          GST_TRACER :0::[00m element-latency, element-id=(string)0xaaaaf7a961f0, element=(string)nvvconv0, src=(string)src, time=(guint64)25523542, ts=(guint64)7383860239;
0:00:07.383967082 [32m178147[00m 0xfffd90000b70 [37mTRACE  [00m [00;34m          GST_TRACER :0::[00m element-latency, element-id=(string)0xaaaaf7b2ada0, element=(string)capsfilter1, src=(string)src, time=(guint64)93074, ts=(guint64)7383953313;
0:00:07.395170891 [32m178147[00m 0xfffd90000de0 [37mTRACE  [00m [00;34m          GST_TRACER :0::[00m element-latency, element-id=(string)0xaaaaf7b17c90, element=(string)nvv4l2h264enc0, src=(string)src, time=(guint64)11197578, ts=(guint64)7395150891;
0:00:07.395338723 [32m178147[00m 0xfffd90000de0 [37mTRACE  [00m [00;34m          GST_TRACER :0::[00m element-latency, element-id=(string)0xaaaaf7b1cb40, element=(string)h264parse0, src=(string)src, time=(guint64)174091, ts=(guint64)7395324982;
0:00:07.414253150 [32m178147[00m 0xfffd90000b70 [37mTRACE  [00m [00;34m          GST_TRACER :0::[00m element-latency, element-id=(string)0xaaaaf7b27740, element=(string)capsfilter0, src=(string)src, time=(guint64)21935, ts=(guint64)7414235308;
0:00:07.415143404 [32m178147[00m 0xfffd90000b70 [37mTRACE  [00m [00;34m          GST_TRACER :0::[00m element-latency, element-id=(string)0xaaaaf7959350, element=(string)jpegparse0, src=(string)src, time=(guint64)892818, ts=(guint64)7415128126;
0:00:07.426946672 [32m178147[00m 0xfffd90000b70 [37mTRACE  [00m [00;34m          GST_TRACER :0::[00m element-latency, element-id=(string)0xaaaaf7a8dbc0, element=(string)nvjpegdec0, src=(string)src, time=(guint64)11787676, ts=(guint64)7426915802;
0:00:07.451482934 [32m178147[00m 0xfffd90000b70 [37mTRACE  [00m [00;34m          GST_TRACER :0::[00m element-latency, element-id=(string)0xaaaaf7a961f0, element=(string)nvvconv0, src=(string)src, time=(guint64)24523790, ts=(guint64)7451439592;
0:00:07.451547314 [32m178147[00m 0xfffd90000b70 [37mTRACE  [00m [00;34m          GST_TRACER :0::[00m element-latency, element-id=(string)0xaaaaf7b2ada0, element=(string)capsfilter1, src=(string)src, time=(guint64)92759, ts=(guint64)7451532351;
0:00:07.463011436 [32m178147[00m 0xfffd90000de0 [37mTRACE  [00m [00;34m          GST_TRACER :0::[00m element-latency, element-id=(string)0xaaaaf7b17c90, element=(string)nvv4l2h264enc0, src=(string)src, time=(guint64)11462095, ts=(guint64)7462994446;
0:00:07.463189361 [32m178147[00m 0xfffd90000de0 [37mTRACE  [00m [00;34m          GST_TRACER :0::[00m element-latency, element-id=(string)0xaaaaf7b1cb40, element=(string)h264parse0, src=(string)src, time=(guint64)180276, ts=(guint64)7463174722;
0:00:07.478254164 [32m178147[00m 0xfffd90000b70 [37mTRACE  [00m [00;34m          GST_TRACER :0::[00m element-latency, element-id=(string)0xaaaaf7b27740, element=(string)capsfilter0, src=(string)src, time=(guint64)23805, ts=(guint64)7478238303;
0:00:07.479099288 [32m178147[00m 0xfffd90000b70 [37mTRACE  [00m [00;34m          GST_TRACER :0::[00m element-latency, element-id=(string)0xaaaaf7959350, element=(string)jpegparse0, src=(string)src, time=(guint64)846494, ts=(guint64)7479084797;
0:00:07.491309313 [32m178147[00m 0xfffd90000b70 [37mTRACE  [00m [00;34m          GST_TRACER :0::[00m element-latency, element-id=(string)0xaaaaf7a8dbc0, element=(string)nvjpegdec0, src=(string)src, time=(guint64)12190897, ts=(guint64)7491275694;
0:00:07.514598824 [32m178147[00m 0xfffd90000b70 [37mTRACE  [00m [00;34m          GST_TRACER :0::[00m element-latency, element-id=(string)0xaaaaf7a961f0, element=(string)nvvconv0, src=(string)src, time=(guint64)23289983, ts=(guint64)7514565677;
0:00:07.514652527 [32m178147[00m 0xfffd90000b70 [37mTRACE  [00m [00;34m          GST_TRACER :0::[00m element-latency, element-id=(string)0xaaaaf7b2ada0, element=(string)capsfilter1, src=(string)src, time=(guint64)73443, ts=(guint64)7514639120;
0:00:07.526550795 [32m178147[00m 0xfffd90000de0 [37mTRACE  [00m [00;34m          GST_TRACER :0::[00m element-latency, element-id=(string)0xaaaaf7b17c90, element=(string)nvv4l2h264enc0, src=(string)src, time=(guint64)11889657, ts=(guint64)7526528777;
0:00:07.526712868 [32m178147[00m 0xfffd90000de0 [37mTRACE  [00m [00;34m          GST_TRACER :0::[00m element-latency, element-id=(string)0xaaaaf7b1cb40, element=(string)h264parse0, src=(string)src, time=(guint64)169573, ts=(guint64)7526698350;
0:00:07.542251048 [32m178147[00m 0xfffd90000b70 [37mTRACE  [00m [00;34m          GST_TRACER :0::[00m element-latency, element-id=(string)0xaaaaf7b27740, element=(string)capsfilter0, src=(string)src, time=(guint64)20444, ts=(guint64)7542235344;
0:00:07.543112552 [32m178147[00m 0xfffd90000b70 [37mTRACE  [00m [00;34m          GST_TRACER :0::[00m element-latency, element-id=(string)0xaaaaf7959350, element=(string)jpegparse0, src=(string)src, time=(guint64)863681, ts=(guint64)7543099025;
0:00:07.555592372 [32m178147[00m 0xfffd90000b70 [37mTRACE  [00m [00;34m          GST_TRACER :0::[00m element-latency, element-id=(string)0xaaaaf7a8dbc0, element=(string)nvjpegdec0, src=(string)src, time=(guint64)12464458, ts=(guint64)7555563483;
0:00:07.579470083 [32m178147[00m 0xfffd90000b70 [37mTRACE  [00m [00;34m          GST_TRACER :0::[00m element-latency, element-id=(string)0xaaaaf7a961f0, element=(string)nvvconv0, src=(string)src, time=(guint64)23872619, ts=(guint64)7579436102;
0:00:07.579537369 [32m178147[00m 0xfffd90000b70 [37mTRACE  [00m [00;34m          GST_TRACER :0::[00m element-latency, element-id=(string)0xaaaaf7b2ada0, element=(string)capsfilter1, src=(string)src, time=(guint64)88000, ts=(guint64)7579524102;
0:00:07.591947726 [32m178147[00m 0xfffd90000de0 [37mTRACE  [00m [00;34m          GST_TRACER :0::[00m element-latency, element-id=(string)0xaaaaf7b17c90, element=(string)nvv4l2h264enc0, src=(string)src, time=(guint64)12406911, ts=(guint64)7591931013;
0:00:07.592143374 [32m178147[00m 0xfffd90000de0 [37mTRACE  [00m [00;34m          GST_TRACER :0::[00m element-latency, element-id=(string)0xaaaaf7b1cb40, element=(string)h264parse0, src=(string)src, time=(guint64)197731, ts=(guint64)7592128744;
0:00:07.606279924 [32m178147[00m 0xfffd90000b70 [37mTRACE  [00m [00;34m          GST_TRACER :0::[00m element-latency, element-id=(string)0xaaaaf7b27740, element=(string)capsfilter0, src=(string)src, time=(guint64)26593, ts=(guint64)7606260748;
0:00:07.607127622 [32m178147[00m 0xfffd90000b70 [37mTRACE  [00m [00;34m          GST_TRACER :0::[00m element-latency, element-id=(string)0xaaaaf7959350, element=(string)jpegparse0, src=(string)src, time=(guint64)851634, ts=(guint64)7607112382;
0:00:07.620049392 [32m178147[00m 0xfffd90000b70 [37mTRACE  [00m [00;34m          GST_TRACER :0::[00m element-latency, element-id=(string)0xaaaaf7a8dbc0, element=(string)nvjpegdec0, src=(string)src, time=(guint64)12910723, ts=(guint64)7620023105;
0:00:07.645358678 [32m178147[00m 0xfffd90000b70 [37mTRACE  [00m [00;34m          GST_TRACER :0::[00m element-latency, element-id=(string)0xaaaaf7a961f0, element=(string)nvvconv0, src=(string)src, time=(guint64)25301971, ts=(guint64)7645325076;
0:00:07.645410510 [32m178147[00m 0xfffd90000b70 [37mTRACE  [00m [00;34m          GST_TRACER :0::[00m element-latency, element-id=(string)0xaaaaf7b2ada0, element=(string)capsfilter1, src=(string)src, time=(guint64)72795, ts=(guint64)7645397871;
0:00:07.661817565 [32m178147[00m 0xfffd90000de0 [37mTRACE  [00m [00;34m          GST_TRACER :0::[00m element-latency, element-id=(string)0xaaaaf7b17c90, element=(string)nvv4l2h264enc0, src=(string)src, time=(guint64)16401046, ts=(guint64)7661798917;
0:00:07.662283747 [32m178147[00m 0xfffd90000de0 [37mTRACE  [00m [00;34m          GST_TRACER :0::[00m element-latency, element-id=(string)0xaaaaf7b1cb40, element=(string)h264parse0, src=(string)src, time=(guint64)468673, ts=(guint64)7662267590;
0:00:07.670268114 [32m178147[00m 0xfffd90000b70 [37mTRACE  [00m [00;34m          GST_TRACER :0::[00m element-latency, element-id=(string)0xaaaaf7b27740, element=(string)capsfilter0, src=(string)src, time=(guint64)20676, ts=(guint64)7670252345;
0:00:07.671125747 [32m178147[00m 0xfffd90000b70 [37mTRACE  [00m [00;34m          GST_TRACER :0::[00m element-latency, element-id=(string)0xaaaaf7959350, element=(string)jpegparse0, src=(string)src, time=(guint64)859726, ts=(guint64)7671112071;
0:00:07.684335895 [32m178147[00m 0xfffd90000b70 [37mTRACE  [00m [00;34m          GST_TRACER :0::[00m element-latency, element-id=(string)0xaaaaf7a8dbc0, element=(string)nvjpegdec0, src=(string)src, time=(guint64)13193009, ts=(guint64)7684305080;
0:00:07.708833686 [32m178147[00m 0xfffd90000b70 [37mTRACE  [00m [00;34m          GST_TRACER :0::[00m element-latency, element-id=(string)0xaaaaf7a961f0, element=(string)nvvconv0, src=(string)src, time=(guint64)24494050, ts=(guint64)7708799130;
0:00:07.708887399 [32m178147[00m 0xfffd90000b70 [37mTRACE  [00m [00;34m          GST_TRACER :0::[00m element-latency, element-id=(string)0xaaaaf7b2ada0, element=(string)capsfilter1, src=(string)src, time=(guint64)75482, ts=(guint64)7708874612;
0:00:07.722052167 [32m178147[00m 0xfffd90000de0 [37mTRACE  [00m [00;34m          GST_TRACER :0::[00m element-latency, element-id=(string)0xaaaaf7b17c90, element=(string)nvv4l2h264enc0, src=(string)src, time=(guint64)13159584, ts=(guint64)7722034196;
0:00:07.722326758 [32m178147[00m 0xfffd90000de0 [37mTRACE  [00m [00;34m          GST_TRACER :0::[00m element-latency, element-id=(string)0xaaaaf7b1cb40, element=(string)h264parse0, src=(string)src, time=(guint64)277025, ts=(guint64)7722311221;
0:00:07.738268528 [32m178147[00m 0xfffd90000b70 [37mTRACE  [00m [00;34m          GST_TRACER :0::[00m element-latency, element-id=(string)0xaaaaf7b27740, element=(string)capsfilter0, src=(string)src, time=(guint64)30203, ts=(guint64)7738248510;
0:00:07.739123634 [32m178147[00m 0xfffd90000b70 [37mTRACE  [00m [00;34m          GST_TRACER :0::[00m element-latency, element-id=(string)0xaaaaf7959350, element=(string)jpegparse0, src=(string)src, time=(guint64)860587, ts=(guint64)7739109097;
0:00:07.752646420 [32m178147[00m 0xfffd90000b70 [37mTRACE  [00m [00;34m          GST_TRACER :0::[00m element-latency, element-id=(string)0xaaaaf7a8dbc0, element=(string)nvjpegdec0, src=(string)src, time=(guint64)13508100, ts=(guint64)7752617197;
0:00:07.776206160 [32m178147[00m 0xfffd90000b70 [37mTRACE  [00m [00;34m          GST_TRACER :0::[00m element-latency, element-id=(string)0xaaaaf7a961f0, element=(string)nvvconv0, src=(string)src, time=(guint64)23556851, ts=(guint64)7776174048;
0:00:07.776257234 [32m178147[00m 0xfffd90000b70 [37mTRACE  [00m [00;34m          GST_TRACER :0::[00m element-latency, element-id=(string)0xaaaaf7b2ada0, element=(string)capsfilter1, src=(string)src, time=(guint64)70426, ts=(guint64)7776244474;
0:00:07.789993111 [32m178147[00m 0xfffd90000de0 [37mTRACE  [00m [00;34m          GST_TRACER :0::[00m element-latency, element-id=(string)0xaaaaf7b17c90, element=(string)nvv4l2h264enc0, src=(string)src, time=(guint64)13731535, ts=(guint64)7789976009;
0:00:07.790165915 [32m178147[00m 0xfffd90000de0 [37mTRACE  [00m [00;34m          GST_TRACER :0::[00m element-latency, element-id=(string)0xaaaaf7b1cb40, element=(string)h264parse0, src=(string)src, time=(guint64)175879, ts=(guint64)7790151888;
0:00:07.802249663 [32m178147[00m 0xfffd90000b70 [37mTRACE  [00m [00;34m          GST_TRACER :0::[00m element-latency, element-id=(string)0xaaaaf7b27740, element=(string)capsfilter0, src=(string)src, time=(guint64)22120, ts=(guint64)7802234005;
0:00:07.803083982 [32m178147[00m 0xfffd90000b70 [37mTRACE  [00m [00;34m          GST_TRACER :0::[00m element-latency, element-id=(string)0xaaaaf7959350, element=(string)jpegparse0, src=(string)src, time=(guint64)836764, ts=(guint64)7803070769;
0:00:07.816780285 [32m178147[00m 0xfffd90000b70 [37mTRACE  [00m [00;34m          GST_TRACER :0::[00m element-latency, element-id=(string)0xaaaaf7a8dbc0, element=(string)nvjpegdec0, src=(string)src, time=(guint64)13682405, ts=(guint64)7816753174;
0:00:07.842058978 [32m178147[00m 0xfffd90000b70 [37mTRACE  [00m [00;34m          GST_TRACER :0::[00m element-latency, element-id=(string)0xaaaaf7a961f0, element=(string)nvvconv0, src=(string)src, time=(guint64)25270498, ts=(guint64)7842023672;
0:00:07.842110254 [32m178147[00m 0xfffd90000b70 [37mTRACE  [00m [00;34m          GST_TRACER :0::[00m element-latency, element-id=(string)0xaaaaf7b2ada0, element=(string)capsfilter1, src=(string)src, time=(guint64)74036, ts=(guint64)7842097708;
0:00:07.855725484 [32m178147[00m 0xfffd90000de0 [37mTRACE  [00m [00;34m          GST_TRACER :0::[00m element-latency, element-id=(string)0xaaaaf7b17c90, element=(string)nvv4l2h264enc0, src=(string)src, time=(guint64)13607934, ts=(guint64)7855705642;
0:00:07.855898224 [32m178147[00m 0xfffd90000de0 [37mTRACE  [00m [00;34m          GST_TRACER :0::[00m element-latency, element-id=(string)0xaaaaf7b1cb40, element=(string)h264parse0, src=(string)src, time=(guint64)178814, ts=(guint64)7855884456;
0:00:07.866255834 [32m178147[00m 0xfffd90000b70 [37mTRACE  [00m [00;34m          GST_TRACER :0::[00m element-latency, element-id=(string)0xaaaaf7b27740, element=(string)capsfilter0, src=(string)src, time=(guint64)22009, ts=(guint64)7866240584;
0:00:07.867109088 [32m178147[00m 0xfffd90000b70 [37mTRACE  [00m [00;34m          GST_TRACER :0::[00m element-latency, element-id=(string)0xaaaaf7959350, element=(string)jpegparse0, src=(string)src, time=(guint64)855579, ts=(guint64)7867096163;
0:00:07.880868214 [32m178147[00m 0xfffd90000b70 [37mTRACE  [00m [00;34m          GST_TRACER :0::[00m element-latency, element-id=(string)0xaaaaf7a8dbc0, element=(string)nvjpegdec0, src=(string)src, time=(guint64)13740265, ts=(guint64)7880836428;
0:00:07.904657583 [32m178147[00m 0xfffd90000b70 [37mTRACE  [00m [00;34m          GST_TRACER :0::[00m element-latency, element-id=(string)0xaaaaf7a961f0, element=(string)nvvconv0, src=(string)src, time=(guint64)23785442, ts=(guint64)7904621870;
0:00:07.904711489 [32m178147[00m 0xfffd90000b70 [37mTRACE  [00m [00;34m          GST_TRACER :0::[00m element-latency, element-id=(string)0xaaaaf7b2ada0, element=(string)capsfilter1, src=(string)src, time=(guint64)75295, ts=(guint64)7904697165;
0:00:07.918492856 [32m178147[00m 0xfffd90000de0 [37mTRACE  [00m [00;34m          GST_TRACER :0::[00m element-latency, element-id=(string)0xaaaaf7b17c90, element=(string)nvv4l2h264enc0, src=(string)src, time=(guint64)13777904, ts=(guint64)7918475069;
0:00:07.918649345 [32m178147[00m 0xfffd90000de0 [37mTRACE  [00m [00;34m          GST_TRACER :0::[00m element-latency, element-id=(string)0xaaaaf7b1cb40, element=(string)h264parse0, src=(string)src, time=(guint64)161137, ts=(guint64)7918636206;
0:00:07.930260041 [32m178147[00m 0xfffd90000b70 [37mTRACE  [00m [00;34m          GST_TRACER :0::[00m element-latency, element-id=(string)0xaaaaf7b27740, element=(string)capsfilter0, src=(string)src, time=(guint64)19112, ts=(guint64)7930245004;
0:00:07.931089526 [32m178147[00m 0xfffd90000b70 [37mTRACE  [00m [00;34m          GST_TRACER :0::[00m element-latency, element-id=(string)0xaaaaf7959350, element=(string)jpegparse0, src=(string)src, time=(guint64)830985, ts=(guint64)7931075989;
0:00:07.944970707 [32m178147[00m 0xfffd90000b70 [37mTRACE  [00m [00;34m          GST_TRACER :0::[00m element-latency, element-id=(string)0xaaaaf7a8dbc0, element=(string)nvjpegdec0, src=(string)src, time=(guint64)13864413, ts=(guint64)7944940402;
0:00:07.970280537 [32m178147[00m 0xfffd90000b70 [37mTRACE  [00m [00;34m          GST_TRACER :0::[00m element-latency, element-id=(string)0xaaaaf7a961f0, element=(string)nvvconv0, src=(string)src, time=(guint64)25299812, ts=(guint64)7970240214;
0:00:07.970335287 [32m178147[00m 0xfffd90000b70 [37mTRACE  [00m [00;34m          GST_TRACER :0::[00m element-latency, element-id=(string)0xaaaaf7b2ada0, element=(string)capsfilter1, src=(string)src, time=(guint64)82295, ts=(guint64)7970322509;
0:00:07.984344087 [32m178147[00m 0xfffd90000de0 [37mTRACE  [00m [00;34m          GST_TRACER :0::[00m element-latency, element-id=(string)0xaaaaf7b17c90, element=(string)nvv4l2h264enc0, src=(string)src, time=(guint64)14003292, ts=(guint64)7984325801;
0:00:07.984514104 [32m178147[00m 0xfffd90000de0 [37mTRACE  [00m [00;34m          GST_TRACER :0::[00m element-latency, element-id=(string)0xaaaaf7b1cb40, element=(string)h264parse0, src=(string)src, time=(guint64)174470, ts=(guint64)7984500271;
0:00:07.998251073 [32m178147[00m 0xfffd90000b70 [37mTRACE  [00m [00;34m          GST_TRACER :0::[00m element-latency, element-id=(string)0xaaaaf7b27740, element=(string)capsfilter0, src=(string)src, time=(guint64)22241, ts=(guint64)7998233925;
0:00:07.999039216 [32m178147[00m 0xfffd90000b70 [37mTRACE  [00m [00;34m          GST_TRACER :0::[00m element-latency, element-id=(string)0xaaaaf7959350, element=(string)jpegparse0, src=(string)src, time=(guint64)790477, ts=(guint64)7999024402;
0:00:08.013161220 [32m178147[00m 0xfffd90000b70 [37mTRACE  [00m [00;34m          GST_TRACER :0::[00m element-latency, element-id=(string)0xaaaaf7a8dbc0, element=(string)nvjpegdec0, src=(string)src, time=(guint64)14107661, ts=(guint64)8013132063;
0:00:08.038341542 [32m178147[00m 0xfffd90000b70 [37mTRACE  [00m [00;34m          GST_TRACER :0::[00m element-latency, element-id=(string)0xaaaaf7a961f0, element=(string)nvvconv0, src=(string)src, time=(guint64)25178831, ts=(guint64)8038310894;
0:00:08.038412930 [32m178147[00m 0xfffd90000b70 [37mTRACE  [00m [00;34m          GST_TRACER :0::[00m element-latency, element-id=(string)0xaaaaf7b2ada0, element=(string)capsfilter1, src=(string)src, time=(guint64)89453, ts=(guint64)8038400347;
0:00:08.052868468 [32m178147[00m 0xfffd90000de0 [37mTRACE  [00m [00;34m          GST_TRACER :0::[00m element-latency, element-id=(string)0xaaaaf7b17c90, element=(string)nvv4l2h264enc0, src=(string)src, time=(guint64)14449797, ts=(guint64)8052850144;
0:00:08.053040569 [32m178147[00m 0xfffd90000de0 [37mTRACE  [00m [00;34m          GST_TRACER :0::[00m element-latency, element-id=(string)0xaaaaf7b1cb40, element=(string)h264parse0, src=(string)src, time=(guint64)177138, ts=(guint64)8053027282;
0:00:08.062250076 [32m178147[00m 0xfffd90000b70 [37mTRACE  [00m [00;34m          GST_TRACER :0::[00m element-latency, element-id=(string)0xaaaaf7b27740, element=(string)capsfilter0, src=(string)src, time=(guint64)20584, ts=(guint64)8062235502;
0:00:08.063082747 [32m178147[00m 0xfffd90000b70 [37mTRACE  [00m [00;34m          GST_TRACER :0::[00m element-latency, element-id=(string)0xaaaaf7959350, element=(string)jpegparse0, src=(string)src, time=(guint64)834180, ts=(guint64)8063069682;
0:00:08.077549238 [32m178147[00m 0xfffd90000b70 [37mTRACE  [00m [00;34m          GST_TRACER :0::[00m element-latency, element-id=(string)0xaaaaf7a8dbc0, element=(string)nvjpegdec0, src=(string)src, time=(guint64)14448455, ts=(guint64)8077518137;
0:00:08.101172181 [32m178147[00m 0xfffd90000b70 [37mTRACE  [00m [00;34m          GST_TRACER :0::[00m element-latency, element-id=(string)0xaaaaf7a961f0, element=(string)nvvconv0, src=(string)src, time=(guint64)23626813, ts=(guint64)8101144950;
0:00:08.101220430 [32m178147[00m 0xfffd90000b70 [37mTRACE  [00m [00;34m          GST_TRACER :0::[00m element-latency, element-id=(string)0xaaaaf7b2ada0, element=(string)capsfilter1, src=(string)src, time=(guint64)63287, ts=(guint64)8101208237;
0:00:08.115838413 [32m178147[00m 0xfffd90000de0 [37mTRACE  [00m [00;34m          GST_TRACER :0::[00m element-latency, element-id=(string)0xaaaaf7b17c90, element=(string)nvv4l2h264enc0, src=(string)src, time=(guint64)14613157, ts=(guint64)8115821394;
0:00:08.116003995 [32m178147[00m 0xfffd90000de0 [37mTRACE  [00m [00;34m          GST_TRACER :0::[00m element-latency, element-id=(string)0xaaaaf7b1cb40, element=(string)h264parse0, src=(string)src, time=(guint64)168712, ts=(guint64)8115990106;
0:00:08.126250069 [32m178147[00m 0xfffd90000b70 [37mTRACE  [00m [00;34m          GST_TRACER :0::[00m element-latency, element-id=(string)0xaaaaf7b27740, element=(string)capsfilter0, src=(string)src, time=(guint64)19935, ts=(guint64)8126234495;
0:00:08.127107027 [32m178147[00m 0xfffd90000b70 [37mTRACE  [00m [00;34m          GST_TRACER :0::[00m element-latency, element-id=(string)0xaaaaf7959350, element=(string)jpegparse0, src=(string)src, time=(guint64)859189, ts=(guint64)8127093684;
0:00:08.142017201 [32m178147[00m 0xfffd90000b70 [37mTRACE  [00m [00;34m          GST_TRACER :0::[00m element-latency, element-id=(string)0xaaaaf7a8dbc0, element=(string)nvjpegdec0, src=(string)src, time=(guint64)14895536, ts=(guint64)8141989220;
0:00:08.165689154 [32m178147[00m 0xfffd90000b70 [37mTRACE  [00m [00;34m          GST_TRACER :0::[00m element-latency, element-id=(string)0xaaaaf7a961f0, element=(string)nvvconv0, src=(string)src, time=(guint64)23671083, ts=(guint64)8165660303;
0:00:08.165737200 [32m178147[00m 0xfffd90000b70 [37mTRACE  [00m [00;34m          GST_TRACER :0::[00m element-latency, element-id=(string)0xaaaaf7b2ada0, element=(string)capsfilter1, src=(string)src, time=(guint64)64758, ts=(guint64)8165725061;
0:00:08.180628561 [32m178147[00m 0xfffd90000de0 [37mTRACE  [00m [00;34m          GST_TRACER :0::[00m element-latency, element-id=(string)0xaaaaf7b17c90, element=(string)nvv4l2h264enc0, src=(string)src, time=(guint64)14882037, ts=(guint64)8180607098;
0:00:08.180809670 [32m178147[00m 0xfffd90000de0 [37mTRACE  [00m [00;34m          GST_TRACER :0::[00m element-latency, element-id=(string)0xaaaaf7b1cb40, element=(string)h264parse0, src=(string)src, time=(guint64)188656, ts=(guint64)8180795754;
0:00:08.190255333 [32m178147[00m 0xfffd90000b70 [37mTRACE  [00m [00;34m          GST_TRACER :0::[00m element-latency, element-id=(string)0xaaaaf7b27740, element=(string)capsfilter0, src=(string)src, time=(guint64)21574, ts=(guint64)8190238713;
0:00:08.191089273 [32m178147[00m 0xfffd90000b70 [37mTRACE  [00m [00;34m          GST_TRACER :0::[00m element-latency, element-id=(string)0xaaaaf7959350, element=(string)jpegparse0, src=(string)src, time=(guint64)837180, ts=(guint64)8191075893;
0:00:08.205928706 [32m178147[00m 0xfffd90000b70 [37mTRACE  [00m [00;34m          GST_TRACER :0::[00m element-latency, element-id=(string)0xaaaaf7a8dbc0, element=(string)nvjpegdec0, src=(string)src, time=(guint64)14820647, ts=(guint64)8205896540;
0:00:08.231127539 [32m178147[00m 0xfffd90000b70 [37mTRACE  [00m [00;34m          GST_TRACER :0::[00m element-latency, element-id=(string)0xaaaaf7a961f0, element=(string)nvvconv0, src=(string)src, time=(guint64)25196888, ts=(guint64)8231093428;
0:00:08.231177353 [32m178147[00m 0xfffd90000b70 [37mTRACE  [00m [00;34m          GST_TRACER :0::[00m element-latency, element-id=(string)0xaaaaf7b2ada0, element=(string)capsfilter1, src=(string)src, time=(guint64)71629, ts=(guint64)8231165057;
0:00:08.246072066 [32m178147[00m 0xfffd90000de0 [37mTRACE  [00m [00;34m          GST_TRACER :0::[00m element-latency, element-id=(string)0xaaaaf7b17c90, element=(string)nvv4l2h264enc0, src=(string)src, time=(guint64)14888981, ts=(guint64)8246054038;
0:00:08.246240287 [32m178147[00m 0xfffd90000de0 [37mTRACE  [00m [00;34m          GST_TRACER :0::[00m element-latency, element-id=(string)0xaaaaf7b1cb40, element=(string)h264parse0, src=(string)src, time=(guint64)172545, ts=(guint64)8246226583;
0:00:08.258236785 [32m178147[00m 0xfffd90000b70 [37mTRACE  [00m [00;34m          GST_TRACER :0::[00m element-latency, element-id=(string)0xaaaaf7b27740, element=(string)capsfilter0, src=(string)src, time=(guint64)20639, ts=(guint64)8258220915;
0:00:08.259067770 [32m178147[00m 0xfffd90000b70 [37mTRACE  [00m [00;34m          GST_TRACER :0::[00m element-latency, element-id=(string)0xaaaaf7959350, element=(string)jpegparse0, src=(string)src, time=(guint64)832865, ts=(guint64)8259053780;
0:00:08.274255203 [32m178147[00m 0xfffd90000b70 [37mTRACE  [00m [00;34m          GST_TRACER :0::[00m element-latency, element-id=(string)0xaaaaf7a8dbc0, element=(string)nvjpegdec0, src=(string)src, time=(guint64)15168275, ts=(guint64)8274222055;
0:00:08.298127803 [32m178147[00m 0xfffd90000b70 [37mTRACE  [00m [00;34m          GST_TRACER :0::[00m element-latency, element-id=(string)0xaaaaf7a961f0, element=(string)nvvconv0, src=(string)src, time=(guint64)23868850, ts=(guint64)8298090905;
0:00:08.298184358 [32m178147[00m 0xfffd90000b70 [37mTRACE  [00m [00;34m          GST_TRACER :0::[00m element-latency, element-id=(string)0xaaaaf7b2ada0, element=(string)capsfilter1, src=(string)src, time=(guint64)80129, ts=(guint64)8298171034;
0:00:08.316987221 [32m178147[00m 0xfffd90000de0 [37mTRACE  [00m [00;34m          GST_TRACER :0::[00m element-latency, element-id=(string)0xaaaaf7b17c90, element=(string)nvv4l2h264enc0, src=(string)src, time=(guint64)18797030, ts=(guint64)8316968064;
0:00:08.317492515 [32m178147[00m 0xfffd90000de0 [37mTRACE  [00m [00;34m          GST_TRACER :0::[00m element-latency, element-id=(string)0xaaaaf7b1cb40, element=(string)h264parse0, src=(string)src, time=(guint64)508043, ts=(guint64)8317476107;
0:00:08.322239133 [32m178147[00m 0xfffd90000b70 [37mTRACE  [00m [00;34m          GST_TRACER :0::[00m element-latency, element-id=(string)0xaaaaf7b27740, element=(string)capsfilter0, src=(string)src, time=(guint64)20611, ts=(guint64)8322223688;
0:00:08.323087488 [32m178147[00m 0xfffd90000b70 [37mTRACE  [00m [00;34m          GST_TRACER :0::[00m element-latency, element-id=(string)0xaaaaf7959350, element=(string)jpegparse0, src=(string)src, time=(guint64)851078, ts=(guint64)8323074766;
0:00:08.337920108 [32m178147[00m 0xfffd90000b70 [37mTRACE  [00m [00;34m          GST_TRACER :0::[00m element-latency, element-id=(string)0xaaaaf7a8dbc0, element=(string)nvjpegdec0, src=(string)src, time=(guint64)14818379, ts=(guint64)8337893145;
0:00:08.361848550 [32m178147[00m 0xfffd90000b70 [37mTRACE  [00m [00;34m          GST_TRACER :0::[00m element-latency, element-id=(string)0xaaaaf7a961f0, element=(string)nvvconv0, src=(string)src, time=(guint64)23923360, ts=(guint64)8361816505;
0:00:08.361898439 [32m178147[00m 0xfffd90000b70 [37mTRACE  [00m [00;34m          GST_TRACER :0::[00m element-latency, element-id=(string)0xaaaaf7b2ada0, element=(string)capsfilter1, src=(string)src, time=(guint64)69582, ts=(guint64)8361886087;
0:00:08.376826836 [32m178147[00m 0xfffd90000de0 [37mTRACE  [00m [00;34m          GST_TRACER :0::[00m element-latency, element-id=(string)0xaaaaf7b17c90, element=(string)nvv4l2h264enc0, src=(string)src, time=(guint64)14922721, ts=(guint64)8376808808;
0:00:08.377006640 [32m178147[00m 0xfffd90000de0 [37mTRACE  [00m [00;34m          GST_TRACER :0::[00m element-latency, element-id=(string)0xaaaaf7b1cb40, element=(string)h264parse0, src=(string)src, time=(guint64)183573, ts=(guint64)8376992381;
0:00:08.386278805 [32m178147[00m 0xfffd90000b70 [37mTRACE  [00m [00;34m          GST_TRACER :0::[00m element-latency, element-id=(string)0xaaaaf7b27740, element=(string)capsfilter0, src=(string)src, time=(guint64)32972, ts=(guint64)8386257684;
0:00:08.387134400 [32m178147[00m 0xfffd90000b70 [37mTRACE  [00m [00;34m          GST_TRACER :0::[00m element-latency, element-id=(string)0xaaaaf7959350, element=(string)jpegparse0, src=(string)src, time=(guint64)862337, ts=(guint64)8387120021;
0:00:08.401982937 [32m178147[00m 0xfffd90000b70 [37mTRACE  [00m [00;34m          GST_TRACER :0::[00m element-latency, element-id=(string)0xaaaaf7a8dbc0, element=(string)nvjpegdec0, src=(string)src, time=(guint64)14831055, ts=(guint64)8401951076;
0:00:08.427181510 [32m178147[00m 0xfffd90000b70 [37mTRACE  [00m [00;34m          GST_TRACER :0::[00m element-latency, element-id=(string)0xaaaaf7a961f0, element=(string)nvvconv0, src=(string)src, time=(guint64)25194860, ts=(guint64)8427145936;
0:00:08.427233232 [32m178147[00m 0xfffd90000b70 [37mTRACE  [00m [00;34m          GST_TRACER :0::[00m element-latency, element-id=(string)0xaaaaf7b2ada0, element=(string)capsfilter1, src=(string)src, time=(guint64)74935, ts=(guint64)8427220871;
0:00:08.442122509 [32m178147[00m 0xfffd90000de0 [37mTRACE  [00m [00;34m          GST_TRACER :0::[00m element-latency, element-id=(string)0xaaaaf7b17c90, element=(string)nvv4l2h264enc0, src=(string)src, time=(guint64)14883554, ts=(guint64)8442104425;
0:00:08.442290128 [32m178147[00m 0xfffd90000de0 [37mTRACE  [00m [00;34m          GST_TRACER :0::[00m element-latency, element-id=(string)0xaaaaf7b1cb40, element=(string)h264parse0, src=(string)src, time=(guint64)172268, ts=(guint64)8442276693;
0:00:08.450246837 [32m178147[00m 0xfffd90000b70 [37mTRACE  [00m [00;34m          GST_TRACER :0::[00m element-latency, element-id=(string)0xaaaaf7b27740, element=(string)capsfilter0, src=(string)src, time=(guint64)16528, ts=(guint64)8450233606;
0:00:08.451096609 [32m178147[00m 0xfffd90000b70 [37mTRACE  [00m [00;34m          GST_TRACER :0::[00m element-latency, element-id=(string)0xaaaaf7959350, element=(string)jpegparse0, src=(string)src, time=(guint64)850245, ts=(guint64)8451083851;
0:00:08.465984006 [32m178147[00m 0xfffd90000b70 [37mTRACE  [00m [00;34m          GST_TRACER :0::[00m element-latency, element-id=(string)0xaaaaf7a8dbc0, element=(string)nvjpegdec0, src=(string)src, time=(guint64)14869684, ts=(guint64)8465953535;
0:00:08.490878730 [32m178147[00m 0xfffd90000b70 [37mTRACE  [00m [00;34m          GST_TRACER :0::[00m element-latency, element-id=(string)0xaaaaf7a961f0, element=(string)nvvconv0, src=(string)src, time=(guint64)24882491, ts=(guint64)8490836026;
0:00:08.490950267 [32m178147[00m 0xfffd90000b70 [37mTRACE  [00m [00;34m          GST_TRACER :0::[00m element-latency, element-id=(string)0xaaaaf7b2ada0, element=(string)capsfilter1, src=(string)src, time=(guint64)100602, ts=(guint64)8490936628;
0:00:08.505872098 [32m178147[00m 0xfffd90000de0 [37mTRACE  [00m [00;34m          GST_TRACER :0::[00m element-latency, element-id=(string)0xaaaaf7b17c90, element=(string)nvv4l2h264enc0, src=(string)src, time=(guint64)14916674, ts=(guint64)8505853302;
0:00:08.506041828 [32m178147[00m 0xfffd90000de0 [37mTRACE  [00m [00;34m          GST_TRACER :0::[00m element-latency, element-id=(string)0xaaaaf7b1cb40, element=(string)h264parse0, src=(string)src, time=(guint64)175063, ts=(guint64)8506028365;
0:00:08.514258111 [32m178147[00m 0xfffd90000b70 [37mTRACE  [00m [00;34m          GST_TRACER :0::[00m element-latency, element-id=(string)0xaaaaf7b27740, element=(string)capsfilter0, src=(string)src, time=(guint64)18287, ts=(guint64)8514242787;
0:00:08.515083828 [32m178147[00m 0xfffd90000b70 [37mTRACE  [00m [00;34m          GST_TRACER :0::[00m element-latency, element-id=(string)0xaaaaf7959350, element=(string)jpegparse0, src=(string)src, time=(guint64)828236, ts=(guint64)8515071023;
0:00:08.529909021 [32m178147[00m 0xfffd90000b70 [37mTRACE  [00m [00;34m          GST_TRACER :0::[00m element-latency, element-id=(string)0xaaaaf7a8dbc0, element=(string)nvjpegdec0, src=(string)src, time=(guint64)14808720, ts=(guint64)8529879743;
0:00:08.553789075 [32m178147[00m 0xfffd90000b70 [37mTRACE  [00m [00;34m          GST_TRACER :0::[00m element-latency, element-id=(string)0xaaaaf7a961f0, element=(string)nvvconv0, src=(string)src, time=(guint64)23875221, ts=(guint64)8553754964;
0:00:08.553841426 [32m178147[00m 0xfffd90000b70 [37mTRACE  [00m [00;34m          GST_TRACER :0::[00m element-latency, element-id=(string)0xaaaaf7b2ada0, element=(string)capsfilter1, src=(string)src, time=(guint64)73323, ts=(guint64)8553828287;
0:00:08.568780897 [32m178147[00m 0xfffd90000de0 [37mTRACE  [00m [00;34m          GST_TRACER :0::[00m element-latency, element-id=(string)0xaaaaf7b17c90, element=(string)nvv4l2h264enc0, src=(string)src, time=(guint64)14935378, ts=(guint64)8568763665;
0:00:08.568945044 [32m178147[00m 0xfffd90000de0 [37mTRACE  [00m [00;34m          GST_TRACER :0::[00m element-latency, element-id=(string)0xaaaaf7b1cb40, element=(string)h264parse0, src=(string)src, time=(guint64)167749, ts=(guint64)8568931414;
0:00:08.582237998 [32m178147[00m 0xfffd90000b70 [37mTRACE  [00m [00;34m          GST_TRACER :0::[00m element-latency, element-id=(string)0xaaaaf7b27740, element=(string)capsfilter0, src=(string)src, time=(guint64)21102, ts=(guint64)8582221554;
0:00:08.583070234 [32m178147[00m 0xfffd90000b70 [37mTRACE  [00m [00;34m          GST_TRACER :0::[00m element-latency, element-id=(string)0xaaaaf7959350, element=(string)jpegparse0, src=(string)src, time=(guint64)835606, ts=(guint64)8583057160;
0:00:08.597952186 [32m178147[00m 0xfffd90000b70 [37mTRACE  [00m [00;34m          GST_TRACER :0::[00m element-latency, element-id=(string)0xaaaaf7a8dbc0, element=(string)nvjpegdec0, src=(string)src, time=(guint64)14859175, ts=(guint64)8597916335;
0:00:08.623251786 [32m178147[00m 0xfffd90000b70 [37mTRACE  [00m [00;34m          GST_TRACER :0::[00m element-latency, element-id=(string)0xaaaaf7a961f0, element=(string)nvvconv0, src=(string)src, time=(guint64)25289007, ts=(guint64)8623205342;
0:00:08.623307878 [32m178147[00m 0xfffd90000b70 [37mTRACE  [00m [00;34m          GST_TRACER :0::[00m element-latency, element-id=(string)0xaaaaf7b2ada0, element=(string)capsfilter1, src=(string)src, time=(guint64)88685, ts=(guint64)8623294027;
0:00:08.638229424 [32m178147[00m 0xfffd90000de0 [37mTRACE  [00m [00;34m          GST_TRACER :0::[00m element-latency, element-id=(string)0xaaaaf7b17c90, element=(string)nvv4l2h264enc0, src=(string)src, time=(guint64)14915721, ts=(guint64)8638209748;
0:00:08.638420589 [32m178147[00m 0xfffd90000de0 [37mTRACE  [00m [00;34m          GST_TRACER :0::[00m element-latency, element-id=(string)0xaaaaf7b1cb40, element=(string)h264parse0, src=(string)src, time=(guint64)196054, ts=(guint64)8638405802;
0:00:08.646249169 [32m178147[00m 0xfffd90000b70 [37mTRACE  [00m [00;34m          GST_TRACER :0::[00m element-latency, element-id=(string)0xaaaaf7b27740, element=(string)capsfilter0, src=(string)src, time=(guint64)22749, ts=(guint64)8646232567;
0:00:08.647082988 [32m178147[00m 0xfffd90000b70 [37mTRACE  [00m [00;34m          GST_TRACER :0::[00m element-latency, element-id=(string)0xaaaaf7959350, element=(string)jpegparse0, src=(string)src, time=(guint64)837199, ts=(guint64)8647069766;
0:00:08.661954173 [32m178147[00m 0xfffd90000b70 [37mTRACE  [00m [00;34m          GST_TRACER :0::[00m element-latency, element-id=(string)0xaaaaf7a8dbc0, element=(string)nvjpegdec0, src=(string)src, time=(guint64)14855666, ts=(guint64)8661925432;
0:00:08.685656162 [32m178147[00m 0xfffd90000b70 [37mTRACE  [00m [00;34m          GST_TRACER :0::[00m element-latency, element-id=(string)0xaaaaf7a961f0, element=(string)nvvconv0, src=(string)src, time=(guint64)23678638, ts=(guint64)8685604070;
0:00:08.685718977 [32m178147[00m 0xfffd90000b70 [37mTRACE  [00m [00;34m          GST_TRACER :0::[00m element-latency, element-id=(string)0xaaaaf7b2ada0, element=(string)capsfilter1, src=(string)src, time=(guint64)100527, ts=(guint64)8685704597;
0:00:08.701363268 [32m178147[00m 0xfffd90000de0 [37mTRACE  [00m [00;34m          GST_TRACER :0::[00m element-latency, element-id=(string)0xaaaaf7b17c90, element=(string)nvv4l2h264enc0, src=(string)src, time=(guint64)15641310, ts=(guint64)8701345907;
0:00:08.701532599 [32m178147[00m 0xfffd90000de0 [37mTRACE  [00m [00;34m          GST_TRACER :0::[00m element-latency, element-id=(string)0xaaaaf7b1cb40, element=(string)h264parse0, src=(string)src, time=(guint64)173471, ts=(guint64)8701519378;
0:00:08.710260507 [32m178147[00m 0xfffd90000b70 [37mTRACE  [00m [00;34m          GST_TRACER :0::[00m element-latency, element-id=(string)0xaaaaf7b27740, element=(string)capsfilter0, src=(string)src, time=(guint64)23962, ts=(guint64)8710242998;
0:00:08.711101252 [32m178147[00m 0xfffd90000b70 [37mTRACE  [00m [00;34m          GST_TRACER :0::[00m element-latency, element-id=(string)0xaaaaf7959350, element=(string)jpegparse0, src=(string)src, time=(guint64)844634, ts=(guint64)8711087632;
0:00:08.727124688 [32m178147[00m 0xfffd90000b70 [37mTRACE  [00m [00;34m          GST_TRACER :0::[00m element-latency, element-id=(string)0xaaaaf7a8dbc0, element=(string)nvjpegdec0, src=(string)src, time=(guint64)16001769, ts=(guint64)8727089401;
0:00:08.752032439 [32m178147[00m 0xfffd90000b70 [37mTRACE  [00m [00;34m          GST_TRACER :0::[00m element-latency, element-id=(string)0xaaaaf7a961f0, element=(string)nvvconv0, src=(string)src, time=(guint64)24919362, ts=(guint64)8752008763;
0:00:08.752072467 [32m178147[00m 0xfffd90000b70 [37mTRACE  [00m [00;34m          GST_TRACER :0::[00m element-latency, element-id=(string)0xaaaaf7b2ada0, element=(string)capsfilter1, src=(string)src, time=(guint64)53509, ts=(guint64)8752062272;
0:00:08.767238622 [32m178147[00m 0xfffd90000de0 [37mTRACE  [00m [00;34m          GST_TRACER :0::[00m element-latency, element-id=(string)0xaaaaf7b17c90, element=(string)nvv4l2h264enc0, src=(string)src, time=(guint64)15157044, ts=(guint64)8767219316;
0:00:08.767400084 [32m178147[00m 0xfffd90000de0 [37mTRACE  [00m [00;34m          GST_TRACER :0::[00m element-latency, element-id=(string)0xaaaaf7b1cb40, element=(string)h264parse0, src=(string)src, time=(guint64)167990, ts=(guint64)8767387306;
0:00:08.774251003 [32m178147[00m 0xfffd90000b70 [37mTRACE  [00m [00;34m          GST_TRACER :0::[00m element-latency, element-id=(string)0xaaaaf7b27740, element=(string)capsfilter0, src=(string)src, time=(guint64)19703, ts=(guint64)8774236411;
0:00:08.775126572 [32m178147[00m 0xfffd90000b70 [37mTRACE  [00m [00;34m          GST_TRACER :0::[00m element-latency, element-id=(string)0xaaaaf7959350, element=(string)jpegparse0, src=(string)src, time=(guint64)877124, ts=(guint64)8775113535;
0:00:08.790459569 [32m178147[00m 0xfffd90000b70 [37mTRACE  [00m [00;34m          GST_TRACER :0::[00m element-latency, element-id=(string)0xaaaaf7a8dbc0, element=(string)nvjpegdec0, src=(string)src, time=(guint64)15320145, ts=(guint64)8790433680;
0:00:08.814530797 [32m178147[00m 0xfffd90000b70 [37mTRACE  [00m [00;34m          GST_TRACER :0::[00m element-latency, element-id=(string)0xaaaaf7a961f0, element=(string)nvvconv0, src=(string)src, time=(guint64)24058033, ts=(guint64)8814491713;
0:00:08.814584945 [32m178147[00m 0xfffd90000b70 [37mTRACE  [00m [00;34m          GST_TRACER :0::[00m element-latency, element-id=(string)0xaaaaf7b2ada0, element=(string)capsfilter1, src=(string)src, time=(guint64)80732, ts=(guint64)8814572445;
0:00:08.830239883 [32m178147[00m 0xfffd90000de0 [37mTRACE  [00m [00;34m          GST_TRACER :0::[00m element-latency, element-id=(string)0xaaaaf7b17c90, element=(string)nvv4l2h264enc0, src=(string)src, time=(guint64)15649623, ts=(guint64)8830222068;
0:00:08.830411771 [32m178147[00m 0xfffd90000de0 [37mTRACE  [00m [00;34m          GST_TRACER :0::[00m element-latency, element-id=(string)0xaaaaf7b1cb40, element=(string)h264parse0, src=(string)src, time=(guint64)175786, ts=(guint64)8830397854;
0:00:08.842233521 [32m178147[00m 0xfffd90000b70 [37mTRACE  [00m [00;34m          GST_TRACER :0::[00m element-latency, element-id=(string)0xaaaaf7b27740, element=(string)capsfilter0, src=(string)src, time=(guint64)17879, ts=(guint64)8842217752;
0:00:08.843062118 [32m178147[00m 0xfffd90000b70 [37mTRACE  [00m [00;34m          GST_TRACER :0::[00m element-latency, element-id=(string)0xaaaaf7959350, element=(string)jpegparse0, src=(string)src, time=(guint64)831570, ts=(guint64)8843049322;
0:00:08.858586316 [32m178147[00m 0xfffd90000b70 [37mTRACE  [00m [00;34m          GST_TRACER :0::[00m element-latency, element-id=(string)0xaaaaf7a8dbc0, element=(string)nvjpegdec0, src=(string)src, time=(guint64)15510226, ts=(guint64)8858559548;
0:00:08.884158100 [32m178147[00m 0xfffd90000b70 [37mTRACE  [00m [00;34m          GST_TRACER :0::[00m element-latency, element-id=(string)0xaaaaf7a961f0, element=(string)nvvconv0, src=(string)src, time=(guint64)25554598, ts=(guint64)8884114146;
0:00:08.884213785 [32m178147[00m 0xfffd90000b70 [37mTRACE  [00m [00;34m          GST_TRACER :0::[00m element-latency, element-id=(string)0xaaaaf7b2ada0, element=(string)capsfilter1, src=(string)src, time=(guint64)86547, ts=(guint64)8884200693;
0:00:08.901430139 [32m178147[00m 0xfffd90000de0 [37mTRACE  [00m [00;34m          GST_TRACER :0::[00m element-latency, element-id=(string)0xaaaaf7b17c90, element=(string)nvv4l2h264enc0, src=(string)src, time=(guint64)17213928, ts=(guint64)8901414621;
0:00:08.901560259 [32m178147[00m 0xfffd90000de0 [37mTRACE  [00m [00;34m          GST_TRACER :0::[00m element-latency, element-id=(string)0xaaaaf7b1cb40, element=(string)h264parse0, src=(string)src, time=(guint64)136017, ts=(guint64)8901550638;
0:00:08.906228054 [32m178147[00m 0xfffd90000b70 [37mTRACE  [00m [00;34m          GST_TRACER :0::[00m element-latency, element-id=(string)0xaaaaf7b27740, element=(string)capsfilter0, src=(string)src, time=(guint64)16935, ts=(guint64)8906216146;
0:00:08.906835800 [32m178147[00m 0xfffd90000b70 [37mTRACE  [00m [00;34m          GST_TRACER :0::[00m element-latency, element-id=(string)0xaaaaf7959350, element=(string)jpegparse0, src=(string)src, time=(guint64)608172, ts=(guint64)8906824318;
0:00:08.920930499 [32m178147[00m 0xfffd90000b70 [37mTRACE  [00m [00;34m          GST_TRACER :0::[00m element-latency, element-id=(string)0xaaaaf7a8dbc0, element=(string)nvjpegdec0, src=(string)src, time=(guint64)14077866, ts=(guint64)8920902184;
0:00:08.945332771 [32m178147[00m 0xfffd90000b70 [37mTRACE  [00m [00;34m          GST_TRACER :0::[00m element-latency, element-id=(string)0xaaaaf7a961f0, element=(string)nvvconv0, src=(string)src, time=(guint64)24403078, ts=(guint64)8945305262;
0:00:08.945396353 [32m178147[00m 0xfffd90000b70 [37mTRACE  [00m [00;34m          GST_TRACER :0::[00m element-latency, element-id=(string)0xaaaaf7b2ada0, element=(string)capsfilter1, src=(string)src, time=(guint64)78490, ts=(guint64)8945383752;
0:00:08.961383652 [32m178147[00m 0xfffd90000de0 [37mTRACE  [00m [00;34m          GST_TRACER :0::[00m element-latency, element-id=(string)0xaaaaf7b17c90, element=(string)nvv4l2h264enc0, src=(string)src, time=(guint64)15980678, ts=(guint64)8961364430;
0:00:08.961855380 [32m178147[00m 0xfffd90000de0 [37mTRACE  [00m [00;34m          GST_TRACER :0::[00m element-latency, element-id=(string)0xaaaaf7b1cb40, element=(string)h264parse0, src=(string)src, time=(guint64)474793, ts=(guint64)8961839223;
0:00:08.970241587 [32m178147[00m 0xfffd90000b70 [37mTRACE  [00m [00;34m          GST_TRACER :0::[00m element-latency, element-id=(string)0xaaaaf7b27740, element=(string)capsfilter0, src=(string)src, time=(guint64)19472, ts=(guint64)8970227031;
0:00:08.971112331 [32m178147[00m 0xfffd90000b70 [37mTRACE  [00m [00;34m          GST_TRACER :0::[00m element-latency, element-id=(string)0xaaaaf7959350, element=(string)jpegparse0, src=(string)src, time=(guint64)872216, ts=(guint64)8971099247;
0:00:08.983306366 [32m178147[00m 0xfffd90000b70 [37mTRACE  [00m [00;34m          GST_TRACER :0::[00m element-latency, element-id=(string)0xaaaaf7a8dbc0, element=(string)nvjpegdec0, src=(string)src, time=(guint64)12174554, ts=(guint64)8983273801;
0:00:09.007500564 [32m178147[00m 0xfffd90000b70 [37mTRACE  [00m [00;34m          GST_TRACER :0::[00m element-latency, element-id=(string)0xaaaaf7a961f0, element=(string)nvvconv0, src=(string)src, time=(guint64)24192366, ts=(guint64)9007466167;
0:00:09.007556166 [32m178147[00m 0xfffd90000b70 [37mTRACE  [00m [00;34m          GST_TRACER :0::[00m element-latency, element-id=(string)0xaaaaf7b2ada0, element=(string)capsfilter1, src=(string)src, time=(guint64)77064, ts=(guint64)9007543231;
0:00:09.019313129 [32m178147[00m 0xfffd90000de0 [37mTRACE  [00m [00;34m          GST_TRACER :0::[00m element-latency, element-id=(string)0xaaaaf7b17c90, element=(string)nvv4l2h264enc0, src=(string)src, time=(guint64)11751129, ts=(guint64)9019294360;
0:00:09.019495202 [32m178147[00m 0xfffd90000de0 [37mTRACE  [00m [00;34m          GST_TRACER :0::[00m element-latency, element-id=(string)0xaaaaf7b1cb40, element=(string)h264parse0, src=(string)src, time=(guint64)187231, ts=(guint64)9019481591;
0:00:09.034250692 [32m178147[00m 0xfffd90000b70 [37mTRACE  [00m [00;34m          GST_TRACER :0::[00m element-latency, element-id=(string)0xaaaaf7b27740, element=(string)capsfilter0, src=(string)src, time=(guint64)18916, ts=(guint64)9034235840;
0:00:09.035080576 [32m178147[00m 0xfffd90000b70 [37mTRACE  [00m [00;34m          GST_TRACER :0::[00m element-latency, element-id=(string)0xaaaaf7959350, element=(string)jpegparse0, src=(string)src, time=(guint64)832023, ts=(guint64)9035067863;
0:00:09.047149147 [32m178147[00m 0xfffd90000b70 [37mTRACE  [00m [00;34m          GST_TRACER :0::[00m element-latency, element-id=(string)0xaaaaf7a8dbc0, element=(string)nvjpegdec0, src=(string)src, time=(guint64)12052859, ts=(guint64)9047120722;
0:00:09.071667428 [32m178147[00m 0xfffd90000b70 [37mTRACE  [00m [00;34m          GST_TRACER :0::[00m element-latency, element-id=(string)0xaaaaf7a961f0, element=(string)nvvconv0, src=(string)src, time=(guint64)24515974, ts=(guint64)9071636696;
0:00:09.071718612 [32m178147[00m 0xfffd90000b70 [37mTRACE  [00m [00;34m          GST_TRACER :0::[00m element-latency, element-id=(string)0xaaaaf7b2ada0, element=(string)capsfilter1, src=(string)src, time=(guint64)69444, ts=(guint64)9071706140;
0:00:09.083780073 [32m178147[00m 0xfffd90000de0 [37mTRACE  [00m [00;34m          GST_TRACER :0::[00m element-latency, element-id=(string)0xaaaaf7b17c90, element=(string)nvv4l2h264enc0, src=(string)src, time=(guint64)12055276, ts=(guint64)9083761416;
0:00:09.083970211 [32m178147[00m 0xfffd90000de0 [37mTRACE  [00m [00;34m          GST_TRACER :0::[00m element-latency, element-id=(string)0xaaaaf7b1cb40, element=(string)h264parse0, src=(string)src, time=(guint64)195295, ts=(guint64)9083956711;
0:00:09.102260428 [32m178147[00m 0xfffd90000b70 [37mTRACE  [00m [00;34m          GST_TRACER :0::[00m element-latency, element-id=(string)0xaaaaf7b27740, element=(string)capsfilter0, src=(string)src, time=(guint64)30259, ts=(guint64)9102239678;
0:00:09.103138016 [32m178147[00m 0xfffd90000b70 [37mTRACE  [00m [00;34m          GST_TRACER :0::[00m element-latency, element-id=(string)0xaaaaf7959350, element=(string)jpegparse0, src=(string)src, time=(guint64)883153, ts=(guint64)9103122831;
0:00:09.117616323 [32m178147[00m 0xfffd90000b70 [37mTRACE  [00m [00;34m          GST_TRACER :0::[00m element-latency, element-id=(string)0xaaaaf7a8dbc0, element=(string)nvjpegdec0, src=(string)src, time=(guint64)14465019, ts=(guint64)9117587850;
0:00:09.141476031 [32m178147[00m 0xfffd90000b70 [37mTRACE  [00m [00;34m          GST_TRACER :0::[00m element-latency, element-id=(string)0xaaaaf7a961f0, element=(string)nvvconv0, src=(string)src, time=(guint64)23834340, ts=(guint64)9141422190;
0:00:09.141559624 [32m178147[00m 0xfffd90000b70 [37mTRACE  [00m [00;34m          GST_TRACER :0::[00m element-latency, element-id=(string)0xaaaaf7b2ada0, element=(string)capsfilter1, src=(string)src, time=(guint64)115276, ts=(guint64)9141537466;
0:00:09.153671639 [32m178147[00m 0xfffd90000de0 [37mTRACE  [00m [00;34m          GST_TRACER :0::[00m element-latency, element-id=(string)0xaaaaf7b17c90, element=(string)nvv4l2h264enc0, src=(string)src, time=(guint64)12113683, ts=(guint64)9153651149;
0:00:09.153851416 [32m178147[00m 0xfffd90000de0 [37mTRACE  [00m [00;34m          GST_TRACER :0::[00m element-latency, element-id=(string)0xaaaaf7b1cb40, element=(string)h264parse0, src=(string)src, time=(guint64)186980, ts=(guint64)9153838129;
0:00:09.166256781 [32m178147[00m 0xfffd90000b70 [37mTRACE  [00m [00;34m          GST_TRACER :0::[00m element-latency, element-id=(string)0xaaaaf7b27740, element=(string)capsfilter0, src=(string)src, time=(guint64)28527, ts=(guint64)9166237346;
0:00:09.167144183 [32m178147[00m 0xfffd90000b70 [37mTRACE  [00m [00;34m          GST_TRACER :0::[00m element-latency, element-id=(string)0xaaaaf7959350, element=(string)jpegparse0, src=(string)src, time=(guint64)892152, ts=(guint64)9167129498;
0:00:09.179425929 [32m178147[00m 0xfffd90000b70 [37mTRACE  [00m [00;34m          GST_TRACER :0::[00m element-latency, element-id=(string)0xaaaaf7a8dbc0, element=(string)nvjpegdec0, src=(string)src, time=(guint64)12267515, ts=(guint64)9179397013;
0:00:09.204845971 [32m178147[00m 0xfffd90000b70 [37mTRACE  [00m [00;34m          GST_TRACER :0::[00m element-latency, element-id=(string)0xaaaaf7a961f0, element=(string)nvvconv0, src=(string)src, time=(guint64)25415782, ts=(guint64)9204812795;
0:00:09.204903183 [32m178147[00m 0xfffd90000b70 [37mTRACE  [00m [00;34m          GST_TRACER :0::[00m element-latency, element-id=(string)0xaaaaf7b2ada0, element=(string)capsfilter1, src=(string)src, time=(guint64)76314, ts=(guint64)9204889109;
0:00:09.216967523 [32m178147[00m 0xfffd90000de0 [37mTRACE  [00m [00;34m          GST_TRACER :0::[00m element-latency, element-id=(string)0xaaaaf7b17c90, element=(string)nvv4l2h264enc0, src=(string)src, time=(guint64)12055460, ts=(guint64)9216944569;
0:00:09.217144346 [32m178147[00m 0xfffd90000de0 [37mTRACE  [00m [00;34m          GST_TRACER :0::[00m element-latency, element-id=(string)0xaaaaf7b1cb40, element=(string)h264parse0, src=(string)src, time=(guint64)185592, ts=(guint64)9217130161;
0:00:09.230256920 [32m178147[00m 0xfffd90000b70 [37mTRACE  [00m [00;34m          GST_TRACER :0::[00m element-latency, element-id=(string)0xaaaaf7b27740, element=(string)capsfilter0, src=(string)src, time=(guint64)26982, ts=(guint64)9230238587;
0:00:09.231127720 [32m178147[00m 0xfffd90000b70 [37mTRACE  [00m [00;34m          GST_TRACER :0::[00m element-latency, element-id=(string)0xaaaaf7959350, element=(string)jpegparse0, src=(string)src, time=(guint64)875327, ts=(guint64)9231113914;
0:00:09.243610761 [32m178147[00m 0xfffd90000b70 [37mTRACE  [00m [00;34m          GST_TRACER :0::[00m element-latency, element-id=(string)0xaaaaf7a8dbc0, element=(string)nvjpegdec0, src=(string)src, time=(guint64)12466903, ts=(guint64)9243580817;
0:00:09.267066436 [32m178147[00m 0xfffd90000b70 [37mTRACE  [00m [00;34m          GST_TRACER :0::[00m element-latency, element-id=(string)0xaaaaf7a961f0, element=(string)nvvconv0, src=(string)src, time=(guint64)23449998, ts=(guint64)9267030815;
0:00:09.267123880 [32m178147[00m 0xfffd90000b70 [37mTRACE  [00m [00;34m          GST_TRACER :0::[00m element-latency, element-id=(string)0xaaaaf7b2ada0, element=(string)capsfilter1, src=(string)src, time=(guint64)80287, ts=(guint64)9267111102;
0:00:09.279590624 [32m178147[00m 0xfffd90000de0 [37mTRACE  [00m [00;34m          GST_TRACER :0::[00m element-latency, element-id=(string)0xaaaaf7b17c90, element=(string)nvv4l2h264enc0, src=(string)src, time=(guint64)12459707, ts=(guint64)9279570809;
0:00:09.279759206 [32m178147[00m 0xfffd90000de0 [37mTRACE  [00m [00;34m          GST_TRACER :0::[00m element-latency, element-id=(string)0xaaaaf7b1cb40, element=(string)h264parse0, src=(string)src, time=(guint64)175212, ts=(guint64)9279746021;
0:00:09.294262263 [32m178147[00m 0xfffd90000b70 [37mTRACE  [00m [00;34m          GST_TRACER :0::[00m element-latency, element-id=(string)0xaaaaf7b27740, element=(string)capsfilter0, src=(string)src, time=(guint64)27842, ts=(guint64)9294241892;
0:00:09.295154414 [32m178147[00m 0xfffd90000b70 [37mTRACE  [00m [00;34m          GST_TRACER :0::[00m element-latency, element-id=(string)0xaaaaf7959350, element=(string)jpegparse0, src=(string)src, time=(guint64)896800, ts=(guint64)9295138692;
0:00:09.308158211 [32m178147[00m 0xfffd90000b70 [37mTRACE  [00m [00;34m          GST_TRACER :0::[00m element-latency, element-id=(string)0xaaaaf7a8dbc0, element=(string)nvjpegdec0, src=(string)src, time=(guint64)12987992, ts=(guint64)9308126684;
0:00:09.332625860 [32m178147[00m 0xfffd90000b70 [37mTRACE  [00m [00;34m          GST_TRACER :0::[00m element-latency, element-id=(string)0xaaaaf7a961f0, element=(string)nvvconv0, src=(string)src, time=(guint64)24466492, ts=(guint64)9332593176;
0:00:09.332681434 [32m178147[00m 0xfffd90000b70 [37mTRACE  [00m [00;34m          GST_TRACER :0::[00m element-latency, element-id=(string)0xaaaaf7b2ada0, element=(string)capsfilter1, src=(string)src, time=(guint64)74323, ts=(guint64)9332667499;
0:00:09.345906563 [32m178147[00m 0xfffd90000de0 [37mTRACE  [00m [00;34m          GST_TRACER :0::[00m element-latency, element-id=(string)0xaaaaf7b17c90, element=(string)nvv4l2h264enc0, src=(string)src, time=(guint64)13212953, ts=(guint64)9345880452;
0:00:09.346084359 [32m178147[00m 0xfffd90000de0 [37mTRACE  [00m [00;34m          GST_TRACER :0::[00m element-latency, element-id=(string)0xaaaaf7b1cb40, element=(string)h264parse0, src=(string)src, time=(guint64)190055, ts=(guint64)9346070507;
0:00:09.358496974 [32m178147[00m 0xfffd90000b70 [37mTRACE  [00m [00;34m          GST_TRACER :0::[00m element-latency, element-id=(string)0xaaaaf7b27740, element=(string)capsfilter0, src=(string)src, time=(guint64)52685, ts=(guint64)9358469456;
0:00:09.359421089 [32m178147[00m 0xfffd90000b70 [37mTRACE  [00m [00;34m          GST_TRACER :0::[00m element-latency, element-id=(string)0xaaaaf7959350, element=(string)jpegparse0, src=(string)src, time=(guint64)933447, ts=(guint64)9359402903;
0:00:09.374100735 [32m178147[00m 0xfffd90000b70 [37mTRACE  [00m [00;34m          GST_TRACER :0::[00m element-latency, element-id=(string)0xaaaaf7a8dbc0, element=(string)nvjpegdec0, src=(string)src, time=(guint64)14655954, ts=(guint64)9374058857;
0:00:09.397077961 [32m178147[00m 0xfffd90000b70 [37mTRACE  [00m [00;34m          GST_TRACER :0::[00m element-latency, element-id=(string)0xaaaaf7a961f0, element=(string)nvvconv0, src=(string)src, time=(guint64)22976567, ts=(guint64)9397035424;
0:00:09.397138469 [32m178147[00m 0xfffd90000b70 [37mTRACE  [00m [00;34m          GST_TRACER :0::[00m element-latency, element-id=(string)0xaaaaf7b2ada0, element=(string)capsfilter1, src=(string)src, time=(guint64)89388, ts=(guint64)9397124812;
0:00:09.410724245 [32m178147[00m 0xfffd90000de0 [37mTRACE  [00m [00;34m          GST_TRACER :0::[00m element-latency, element-id=(string)0xaaaaf7b17c90, element=(string)nvv4l2h264enc0, src=(string)src, time=(guint64)13575979, ts=(guint64)9410700791;
0:00:09.410896096 [32m178147[00m 0xfffd90000de0 [37mTRACE  [00m [00;34m          GST_TRACER :0::[00m element-latency, element-id=(string)0xaaaaf7b1cb40, element=(string)h264parse0, src=(string)src, time=(guint64)182175, ts=(guint64)9410882966;
0:00:09.426254544 [32m178147[00m 0xfffd90000b70 [37mTRACE  [00m [00;34m          GST_TRACER :0::[00m element-latency, element-id=(string)0xaaaaf7b27740, element=(string)capsfilter0, src=(string)src, time=(guint64)30990, ts=(guint64)9426234498;
0:00:09.427113197 [32m178147[00m 0xfffd90000b70 [37mTRACE  [00m [00;34m          GST_TRACER :0::[00m element-latency, element-id=(string)0xaaaaf7959350, element=(string)jpegparse0, src=(string)src, time=(guint64)863782, ts=(guint64)9427098280;
0:00:09.440708694 [32m178147[00m 0xfffd90000b70 [37mTRACE  [00m [00;34m          GST_TRACER :0::[00m element-latency, element-id=(string)0xaaaaf7a8dbc0, element=(string)nvjpegdec0, src=(string)src, time=(guint64)13580174, ts=(guint64)9440678454;
0:00:09.465355084 [32m178147[00m 0xfffd90000b70 [37mTRACE  [00m [00;34m          GST_TRACER :0::[00m element-latency, element-id=(string)0xaaaaf7a961f0, element=(string)nvvconv0, src=(string)src, time=(guint64)24618241, ts=(guint64)9465296695;
0:00:09.465439621 [32m178147[00m 0xfffd90000b70 [37mTRACE  [00m [00;34m          GST_TRACER :0::[00m element-latency, element-id=(string)0xaaaaf7b2ada0, element=(string)capsfilter1, src=(string)src, time=(guint64)127704, ts=(guint64)9465424399;
0:00:09.479013146 [32m178147[00m 0xfffd90000de0 [37mTRACE  [00m [00;34m          GST_TRACER :0::[00m element-latency, element-id=(string)0xaaaaf7b17c90, element=(string)nvv4l2h264enc0, src=(string)src, time=(guint64)13567219, ts=(guint64)9478991618;
0:00:09.479178460 [32m178147[00m 0xfffd90000de0 [37mTRACE  [00m [00;34m          GST_TRACER :0::[00m element-latency, element-id=(string)0xaaaaf7b1cb40, element=(string)h264parse0, src=(string)src, time=(guint64)174064, ts=(guint64)9479165682;
0:00:09.490488490 [32m178147[00m 0xfffd90000b70 [37mTRACE  [00m [00;34m          GST_TRACER :0::[00m element-latency, element-id=(string)0xaaaaf7b27740, element=(string)capsfilter0, src=(string)src, time=(guint64)52379, ts=(guint64)9490461138;
0:00:09.491377614 [32m178147[00m 0xfffd90000b70 [37mTRACE  [00m [00;34m          GST_TRACER :0::[00m element-latency, element-id=(string)0xaaaaf7959350, element=(string)jpegparse0, src=(string)src, time=(guint64)899420, ts=(guint64)9491360558;
0:00:09.505669718 [32m178147[00m 0xfffd90000b70 [37mTRACE  [00m [00;34m          GST_TRACER :0::[00m element-latency, element-id=(string)0xaaaaf7a8dbc0, element=(string)nvjpegdec0, src=(string)src, time=(guint64)14264828, ts=(guint64)9505625386;
0:00:09.529667725 [32m178147[00m 0xfffd90000b70 [37mTRACE  [00m [00;34m          GST_TRACER :0::[00m element-latency, element-id=(string)0xaaaaf7a961f0, element=(string)nvvconv0, src=(string)src, time=(guint64)24003792, ts=(guint64)9529629178;
0:00:09.529723123 [32m178147[00m 0xfffd90000b70 [37mTRACE  [00m [00;34m          GST_TRACER :0::[00m element-latency, element-id=(string)0xaaaaf7b2ada0, element=(string)capsfilter1, src=(string)src, time=(guint64)79880, ts=(guint64)9529709058;
0:00:09.543384852 [32m178147[00m 0xfffd90000de0 [37mTRACE  [00m [00;34m          GST_TRACER :0::[00m element-latency, element-id=(string)0xaaaaf7b17c90, element=(string)nvv4l2h264enc0, src=(string)src, time=(guint64)13646118, ts=(guint64)9543355176;
0:00:09.543590749 [32m178147[00m 0xfffd90000de0 [37mTRACE  [00m [00;34m          GST_TRACER :0::[00m element-latency, element-id=(string)0xaaaaf7b1cb40, element=(string)h264parse0, src=(string)src, time=(guint64)221943, ts=(guint64)9543577119;
0:00:09.554896410 [32m178147[00m 0xfffd90000b70 [37mTRACE  [00m [00;34m          GST_TRACER :0::[00m element-latency, element-id=(string)0xaaaaf7b27740, element=(string)capsfilter0, src=(string)src, time=(guint64)63121, ts=(guint64)9554866169;
0:00:09.555798237 [32m178147[00m 0xfffd90000b70 [37mTRACE  [00m [00;34m          GST_TRACER :0::[00m element-latency, element-id=(string)0xaaaaf7959350, element=(string)jpegparse0, src=(string)src, time=(guint64)912503, ts=(guint64)9555778672;
0:00:09.569434244 [32m178147[00m 0xfffd90000b70 [37mTRACE  [00m [00;34m          GST_TRACER :0::[00m element-latency, element-id=(string)0xaaaaf7a8dbc0, element=(string)nvjpegdec0, src=(string)src, time=(guint64)13616923, ts=(guint64)9569395595;
0:00:09.594879445 [32m178147[00m 0xfffd90000b70 [37mTRACE  [00m [00;34m          GST_TRACER :0::[00m element-latency, element-id=(string)0xaaaaf7a961f0, element=(string)nvvconv0, src=(string)src, time=(guint64)25437359, ts=(guint64)9594832954;
0:00:09.594953380 [32m178147[00m 0xfffd90000b70 [37mTRACE  [00m [00;34m          GST_TRACER :0::[00m element-latency, element-id=(string)0xaaaaf7b2ada0, element=(string)capsfilter1, src=(string)src, time=(guint64)107065, ts=(guint64)9594940019;
0:00:09.612172419 [32m178147[00m 0xfffd90000de0 [37mTRACE  [00m [00;34m          GST_TRACER :0::[00m element-latency, element-id=(string)0xaaaaf7b17c90, element=(string)nvv4l2h264enc0, src=(string)src, time=(guint64)17203373, ts=(guint64)9612143392;
0:00:09.612623565 [32m178147[00m 0xfffd90000de0 [37mTRACE  [00m [00;34m          GST_TRACER :0::[00m element-latency, element-id=(string)0xaaaaf7b1cb40, element=(string)h264parse0, src=(string)src, time=(guint64)461043, ts=(guint64)9612604435;
0:00:09.618244511 [32m178147[00m 0xfffd90000b70 [37mTRACE  [00m [00;34m          GST_TRACER :0::[00m element-latency, element-id=(string)0xaaaaf7b27740, element=(string)capsfilter0, src=(string)src, time=(guint64)20723, ts=(guint64)9618228641;
0:00:09.619113774 [32m178147[00m 0xfffd90000b70 [37mTRACE  [00m [00;34m          GST_TRACER :0::[00m element-latency, element-id=(string)0xaaaaf7959350, element=(string)jpegparse0, src=(string)src, time=(guint64)869828, ts=(guint64)9619098469;
0:00:09.633166112 [32m178147[00m 0xfffd90000b70 [37mTRACE  [00m [00;34m          GST_TRACER :0::[00m element-latency, element-id=(string)0xaaaaf7a8dbc0, element=(string)nvjpegdec0, src=(string)src, time=(guint64)14025217, ts=(guint64)9633123686;
0:00:09.657424264 [32m178147[00m 0xfffd90000b70 [37mTRACE  [00m [00;34m          GST_TRACER :0::[00m element-latency, element-id=(string)0xaaaaf7a961f0, element=(string)nvvconv0, src=(string)src, time=(guint64)24266598, ts=(guint64)9657390284;
0:00:09.657477598 [32m178147[00m 0xfffd90000b70 [37mTRACE  [00m [00;34m          GST_TRACER :0::[00m element-latency, element-id=(string)0xaaaaf7b2ada0, element=(string)capsfilter1, src=(string)src, time=(guint64)73943, ts=(guint64)9657464227;
0:00:09.671346363 [32m178147[00m 0xfffd90000de0 [37mTRACE  [00m [00;34m          GST_TRACER :0::[00m element-latency, element-id=(string)0xaaaaf7b17c90, element=(string)nvv4l2h264enc0, src=(string)src, time=(guint64)13849701, ts=(guint64)9671313928;
0:00:09.671572139 [32m178147[00m 0xfffd90000de0 [37mTRACE  [00m [00;34m          GST_TRACER :0::[00m element-latency, element-id=(string)0xaaaaf7b1cb40, element=(string)h264parse0, src=(string)src, time=(guint64)240850, ts=(guint64)9671554778;
0:00:09.686232343 [32m178147[00m 0xfffd90000b70 [37mTRACE  [00m [00;34m          GST_TRACER :0::[00m element-latency, element-id=(string)0xaaaaf7b27740, element=(string)capsfilter0, src=(string)src, time=(guint64)23843, ts=(guint64)9686215936;
0:00:09.687101190 [32m178147[00m 0xfffd90000b70 [37mTRACE  [00m [00;34m          GST_TRACER :0::[00m element-latency, element-id=(string)0xaaaaf7959350, element=(string)jpegparse0, src=(string)src, time=(guint64)869846, ts=(guint64)9687085782;
0:00:09.700937824 [32m178147[00m 0xfffd90000b70 [37mTRACE  [00m [00;34m          GST_TRACER :0::[00m element-latency, element-id=(string)0xaaaaf7a8dbc0, element=(string)nvjpegdec0, src=(string)src, time=(guint64)13810599, ts=(guint64)9700896381;
0:00:09.724923886 [32m178147[00m 0xfffd90000b70 [37mTRACE  [00m [00;34m          GST_TRACER :0::[00m element-latency, element-id=(string)0xaaaaf7a961f0, element=(string)nvvconv0, src=(string)src, time=(guint64)23989349, ts=(guint64)9724885730;
0:00:09.724986257 [32m178147[00m 0xfffd90000b70 [37mTRACE  [00m [00;34m          GST_TRACER :0::[00m element-latency, element-id=(string)0xaaaaf7b2ada0, element=(string)capsfilter1, src=(string)src, time=(guint64)85795, ts=(guint64)9724971525;
0:00:09.738668810 [32m178147[00m 0xfffd90000de0 [37mTRACE  [00m [00;34m          GST_TRACER :0::[00m element-latency, element-id=(string)0xaaaaf7b17c90, element=(string)nvv4l2h264enc0, src=(string)src, time=(guint64)13669090, ts=(guint64)9738640615;
0:00:09.738885642 [32m178147[00m 0xfffd90000de0 [37mTRACE  [00m [00;34m          GST_TRACER :0::[00m element-latency, element-id=(string)0xaaaaf7b1cb40, element=(string)h264parse0, src=(string)src, time=(guint64)228009, ts=(guint64)9738868624;
0:00:09.750251876 [32m178147[00m 0xfffd90000b70 [37mTRACE  [00m [00;34m          GST_TRACER :0::[00m element-latency, element-id=(string)0xaaaaf7b27740, element=(string)capsfilter0, src=(string)src, time=(guint64)27175, ts=(guint64)9750232487;
0:00:09.751104473 [32m178147[00m 0xfffd90000b70 [37mTRACE  [00m [00;34m          GST_TRACER :0::[00m element-latency, element-id=(string)0xaaaaf7959350, element=(string)jpegparse0, src=(string)src, time=(guint64)856986, ts=(guint64)9751089473;
0:00:09.765127348 [32m178147[00m 0xfffd90000b70 [37mTRACE  [00m [00;34m          GST_TRACER :0::[00m element-latency, element-id=(string)0xaaaaf7a8dbc0, element=(string)nvjpegdec0, src=(string)src, time=(guint64)13995810, ts=(guint64)9765085283;
0:00:09.790393059 [32m178147[00m 0xfffd90000b70 [37mTRACE  [00m [00;34m          GST_TRACER :0::[00m element-latency, element-id=(string)0xaaaaf7a961f0, element=(string)nvvconv0, src=(string)src, time=(guint64)25277387, ts=(guint64)9790362670;
0:00:09.790448105 [32m178147[00m 0xfffd90000b70 [37mTRACE  [00m [00;34m          GST_TRACER :0::[00m element-latency, element-id=(string)0xaaaaf7b2ada0, element=(string)capsfilter1, src=(string)src, time=(guint64)71036, ts=(guint64)9790433706;
0:00:09.804236565 [32m178147[00m 0xfffd90000de0 [37mTRACE  [00m [00;34m          GST_TRACER :0::[00m element-latency, element-id=(string)0xaaaaf7b17c90, element=(string)nvv4l2h264enc0, src=(string)src, time=(guint64)13783785, ts=(guint64)9804217491;
0:00:09.804418350 [32m178147[00m 0xfffd90000de0 [37mTRACE  [00m [00;34m          GST_TRACER :0::[00m element-latency, element-id=(string)0xaaaaf7b1cb40, element=(string)h264parse0, src=(string)src, time=(guint64)186666, ts=(guint64)9804404157;
0:00:09.814481778 [32m178147[00m 0xfffd90000b70 [37mTRACE  [00m [00;34m          GST_TRACER :0::[00m element-latency, element-id=(string)0xaaaaf7b27740, element=(string)capsfilter0, src=(string)src, time=(guint64)54121, ts=(guint64)9814455056;
0:00:09.815324282 [32m178147[00m 0xfffd90000b70 [37mTRACE  [00m [00;34m          GST_TRACER :0::[00m element-latency, element-id=(string)0xaaaaf7959350, element=(string)jpegparse0, src=(string)src, time=(guint64)851448, ts=(guint64)9815306504;
0:00:09.829703923 [32m178147[00m 0xfffd90000b70 [37mTRACE  [00m [00;34m          GST_TRACER :0::[00m element-latency, element-id=(string)0xaaaaf7a8dbc0, element=(string)nvjpegdec0, src=(string)src, time=(guint64)14354113, ts=(guint64)9829660617;
0:00:09.853687171 [32m178147[00m 0xfffd90000b70 [37mTRACE  [00m [00;34m          GST_TRACER :0::[00m element-latency, element-id=(string)0xaaaaf7a961f0, element=(string)nvvconv0, src=(string)src, time=(guint64)23992137, ts=(guint64)9853652754;
0:00:09.853747661 [32m178147[00m 0xfffd90000b70 [37mTRACE  [00m [00;34m          GST_TRACER :0::[00m element-latency, element-id=(string)0xaaaaf7b2ada0, element=(string)capsfilter1, src=(string)src, time=(guint64)79564, ts=(guint64)9853732318;
0:00:09.867511037 [32m178147[00m 0xfffd90000de0 [37mTRACE  [00m [00;34m          GST_TRACER :0::[00m element-latency, element-id=(string)0xaaaaf7b17c90, element=(string)nvv4l2h264enc0, src=(string)src, time=(guint64)13763563, ts=(guint64)9867495881;
0:00:09.867666518 [32m178147[00m 0xfffd90000de0 [37mTRACE  [00m [00;34m          GST_TRACER :0::[00m element-latency, element-id=(string)0xaaaaf7b1cb40, element=(string)h264parse0, src=(string)src, time=(guint64)157702, ts=(guint64)9867653583;
0:00:09.878493487 [32m178147[00m 0xfffd90000b70 [37mTRACE  [00m [00;34m          GST_TRACER :0::[00m element-latency, element-id=(string)0xaaaaf7b27740, element=(string)capsfilter0, src=(string)src, time=(guint64)53481, ts=(guint64)9878465969;
0:00:09.879385991 [32m178147[00m 0xfffd90000b70 [37mTRACE  [00m [00;34m          GST_TRACER :0::[00m element-latency, element-id=(string)0xaaaaf7959350, element=(string)jpegparse0, src=(string)src, time=(guint64)901948, ts=(guint64)9879367917;
0:00:09.893219015 [32m178147[00m 0xfffd90000b70 [37mTRACE  [00m [00;34m          GST_TRACER :0::[00m element-latency, element-id=(string)0xaaaaf7a8dbc0, element=(string)nvjpegdec0, src=(string)src, time=(guint64)13819163, ts=(guint64)9893187080;
0:00:09.917691121 [32m178147[00m 0xfffd90000b70 [37mTRACE  [00m [00;34m          GST_TRACER :0::[00m element-latency, element-id=(string)0xaaaaf7a961f0, element=(string)nvvconv0, src=(string)src, time=(guint64)24465235, ts=(guint64)9917652315;
0:00:09.917748528 [32m178147[00m 0xfffd90000b70 [37mTRACE  [00m [00;34m          GST_TRACER :0::[00m element-latency, element-id=(string)0xaaaaf7b2ada0, element=(string)capsfilter1, src=(string)src, time=(guint64)82620, ts=(guint64)9917734935;
0:00:09.931658533 [32m178147[00m 0xfffd90000de0 [37mTRACE  [00m [00;34m          GST_TRACER :0::[00m element-latency, element-id=(string)0xaaaaf7b17c90, element=(string)nvv4l2h264enc0, src=(string)src, time=(guint64)13891394, ts=(guint64)9931626329;
0:00:09.931881541 [32m178147[00m 0xfffd90000de0 [37mTRACE  [00m [00;34m          GST_TRACER :0::[00m element-latency, element-id=(string)0xaaaaf7b1cb40, element=(string)h264parse0, src=(string)src, time=(guint64)228693, ts=(guint64)9931855022;
0:00:09.946226395 [32m178147[00m 0xfffd90000b70 [37mTRACE  [00m [00;34m          GST_TRACER :0::[00m element-latency, element-id=(string)0xaaaaf7b27740, element=(string)capsfilter0, src=(string)src, time=(guint64)22036, ts=(guint64)9946210024;
0:00:09.947088778 [32m178147[00m 0xfffd90000b70 [37mTRACE  [00m [00;34m          GST_TRACER :0::[00m element-latency, element-id=(string)0xaaaaf7959350, element=(string)jpegparse0, src=(string)src, time=(guint64)864791, ts=(guint64)9947074815;
0:00:09.961205134 [32m178147[00m 0xfffd90000b70 [37mTRACE  [00m [00;34m          GST_TRACER :0::[00m element-latency, element-id=(string)0xaaaaf7a8dbc0, element=(string)nvjpegdec0, src=(string)src, time=(guint64)14093615, ts=(guint64)9961168430;
0:00:09.986261690 [32m178147[00m 0xfffd90000b70 [37mTRACE  [00m [00;34m          GST_TRACER :0::[00m element-latency, element-id=(string)0xaaaaf7a961f0, element=(string)nvvconv0, src=(string)src, time=(guint64)25057242, ts=(guint64)9986225672;
0:00:09.986315226 [32m178147[00m 0xfffd90000b70 [37mTRACE  [00m [00;34m          GST_TRACER :0::[00m element-latency, element-id=(string)0xaaaaf7b2ada0, element=(string)capsfilter1, src=(string)src, time=(guint64)76314, ts=(guint64)9986301986;
0:00:10.000363157 [32m178147[00m 0xfffd90000de0 [37mTRACE  [00m [00;34m          GST_TRACER :0::[00m element-latency, element-id=(string)0xaaaaf7b17c90, element=(string)nvv4l2h264enc0, src=(string)src, time=(guint64)14033615, ts=(guint64)10000335601;
0:00:10.000592193 [32m178147[00m 0xfffd90000de0 [37mTRACE  [00m [00;34m          GST_TRACER :0::[00m element-latency, element-id=(string)0xaaaaf7b1cb40, element=(string)h264parse0, src=(string)src, time=(guint64)240638, ts=(guint64)10000576239;
0:00:10.010900109 [32m178147[00m 0xfffd90000b70 [37mTRACE  [00m [00;34m          GST_TRACER :0::[00m element-latency, element-id=(string)0xaaaaf7b27740, element=(string)capsfilter0, src=(string)src, time=(guint64)32324, ts=(guint64)10010879322;
0:00:10.011786678 [32m178147[00m 0xfffd90000b70 [37mTRACE  [00m [00;34m          GST_TRACER :0::[00m element-latency, element-id=(string)0xaaaaf7959350, element=(string)jpegparse0, src=(string)src, time=(guint64)891374, ts=(guint64)10011770696;
0:00:10.026482132 [32m178147[00m 0xfffd90000b70 [37mTRACE  [00m [00;34m          GST_TRACER :0::[00m element-latency, element-id=(string)0xaaaaf7a8dbc0, element=(string)nvjpegdec0, src=(string)src, time=(guint64)14668075, ts=(guint64)10026438771;
0:00:10.051610067 [32m178147[00m 0xfffd90000b70 [37mTRACE  [00m [00;34m          GST_TRACER :0::[00m element-latency, element-id=(string)0xaaaaf7a961f0, element=(string)nvvconv0, src=(string)src, time=(guint64)25132453, ts=(guint64)10051571224;
0:00:10.051669316 [32m178147[00m 0xfffd90000b70 [37mTRACE  [00m [00;34m          GST_TRACER :0::[00m element-latency, element-id=(string)0xaaaaf7b2ada0, element=(string)capsfilter1, src=(string)src, time=(guint64)83583, ts=(guint64)10051654807;
0:00:10.065752857 [32m178147[00m 0xfffd90000de0 [37mTRACE  [00m [00;34m          GST_TRACER :0::[00m element-latency, element-id=(string)0xaaaaf7b17c90, element=(string)nvv4l2h264enc0, src=(string)src, time=(guint64)14068375, ts=(guint64)10065723182;
0:00:10.065981791 [32m178147[00m 0xfffd90000de0 [37mTRACE  [00m [00;34m          GST_TRACER :0::[00m element-latency, element-id=(string)0xaaaaf7b1cb40, element=(string)h264parse0, src=(string)src, time=(guint64)241692, ts=(guint64)10065964874;
0:00:10.074482016 [32m178147[00m 0xfffd90000b70 [37mTRACE  [00m [00;34m          GST_TRACER :0::[00m element-latency, element-id=(string)0xaaaaf7b27740, element=(string)capsfilter0, src=(string)src, time=(guint64)50546, ts=(guint64)10074455645;
0:00:10.075372880 [32m178147[00m 0xfffd90000b70 [37mTRACE  [00m [00;34m          GST_TRACER :0::[00m element-latency, element-id=(string)0xaaaaf7959350, element=(string)jpegparse0, src=(string)src, time=(guint64)899874, ts=(guint64)10075355519;
0:00:10.090030871 [32m178147[00m 0xfffd90000b70 [37mTRACE  [00m [00;34m          GST_TRACER :0::[00m element-latency, element-id=(string)0xaaaaf7a8dbc0, element=(string)nvjpegdec0, src=(string)src, time=(guint64)14633038, ts=(guint64)10089988557;
0:00:10.115494721 [32m178147[00m 0xfffd90000b70 [37mTRACE  [00m [00;34m          GST_TRACER :0::[00m element-latency, element-id=(string)0xaaaaf7a961f0, element=(string)nvvconv0, src=(string)src, time=(guint64)25444942, ts=(guint64)10115433499;
0:00:10.115579535 [32m178147[00m 0xfffd90000b70 [37mTRACE  [00m [00;34m          GST_TRACER :0::[00m element-latency, element-id=(string)0xaaaaf7b2ada0, element=(string)capsfilter1, src=(string)src, time=(guint64)127795, ts=(guint64)10115561294;
0:00:10.129364244 [32m178147[00m 0xfffd90000de0 [37mTRACE  [00m [00;34m          GST_TRACER :0::[00m element-latency, element-id=(string)0xaaaaf7b17c90, element=(string)nvv4l2h264enc0, src=(string)src, time=(guint64)13786275, ts=(guint64)10129347569;
0:00:10.129645299 [32m178147[00m 0xfffd90000de0 [37mTRACE  [00m [00;34m          GST_TRACER :0::[00m element-latency, element-id=(string)0xaaaaf7b1cb40, element=(string)h264parse0, src=(string)src, time=(guint64)283137, ts=(guint64)10129630706;
0:00:10.138488687 [32m178147[00m 0xfffd90000b70 [37mTRACE  [00m [00;34m          GST_TRACER :0::[00m element-latency, element-id=(string)0xaaaaf7b27740, element=(string)capsfilter0, src=(string)src, time=(guint64)51934, ts=(guint64)10138462206;
0:00:10.139395062 [32m178147[00m 0xfffd90000b70 [37mTRACE  [00m [00;34m          GST_TRACER :0::[00m element-latency, element-id=(string)0xaaaaf7959350, element=(string)jpegparse0, src=(string)src, time=(guint64)914930, ts=(guint64)10139377136;
0:00:10.153381511 [32m178147[00m 0xfffd90000b70 [37mTRACE  [00m [00;34m          GST_TRACER :0::[00m element-latency, element-id=(string)0xaaaaf7a8dbc0, element=(string)nvjpegdec0, src=(string)src, time=(guint64)13969273, ts=(guint64)10153346409;
0:00:10.177380897 [32m178147[00m 0xfffd90000b70 [37mTRACE  [00m [00;34m          GST_TRACER :0::[00m element-latency, element-id=(string)0xaaaaf7a961f0, element=(string)nvvconv0, src=(string)src, time=(guint64)23996599, ts=(guint64)10177343008;
0:00:10.177438035 [32m178147[00m 0xfffd90000b70 [37mTRACE  [00m [00;34m          GST_TRACER :0::[00m element-latency, element-id=(string)0xaaaaf7b2ada0, element=(string)capsfilter1, src=(string)src, time=(guint64)80805, ts=(guint64)10177423813;
0:00:10.191382708 [32m178147[00m 0xfffd90000de0 [37mTRACE  [00m [00;34m          GST_TRACER :0::[00m element-latency, element-id=(string)0xaaaaf7b17c90, element=(string)nvv4l2h264enc0, src=(string)src, time=(guint64)13928941, ts=(guint64)10191352754;
0:00:10.191599696 [32m178147[00m 0xfffd90000de0 [37mTRACE  [00m [00;34m          GST_TRACER :0::[00m element-latency, element-id=(string)0xaaaaf7b1cb40, element=(string)h264parse0, src=(string)src, time=(guint64)230563, ts=(guint64)10191583317;
0:00:10.202254028 [32m178147[00m 0xfffd90000b70 [37mTRACE  [00m [00;34m          GST_TRACER :0::[00m element-latency, element-id=(string)0xaaaaf7b27740, element=(string)capsfilter0, src=(string)src, time=(guint64)24638, ts=(guint64)10202234703;
0:00:10.203125041 [32m178147[00m 0xfffd90000b70 [37mTRACE  [00m [00;34m          GST_TRACER :0::[00m element-latency, element-id=(string)0xaaaaf7959350, element=(string)jpegparse0, src=(string)src, time=(guint64)875310, ts=(guint64)10203110013;
0:00:10.217313729 [32m178147[00m 0xfffd90000b70 [37mTRACE  [00m [00;34m          GST_TRACER :0::[00m element-latency, element-id=(string)0xaaaaf7a8dbc0, element=(string)nvjpegdec0, src=(string)src, time=(guint64)14158864, ts=(guint64)10217268877;
0:00:10.241540744 [32m178147[00m 0xfffd90000b70 [37mTRACE  [00m [00;34m          GST_TRACER :0::[00m element-latency, element-id=(string)0xaaaaf7a961f0, element=(string)nvvconv0, src=(string)src, time=(guint64)24236774, ts=(guint64)10241505651;
0:00:10.241610744 [32m178147[00m 0xfffd90000b70 [37mTRACE  [00m [00;34m          GST_TRACER :0::[00m element-latency, element-id=(string)0xaaaaf7b2ada0, element=(string)capsfilter1, src=(string)src, time=(guint64)91102, ts=(guint64)10241596753;
0:00:10.259094004 [32m178147[00m 0xfffd90000de0 [37mTRACE  [00m [00;34m          GST_TRACER :0::[00m element-latency, element-id=(string)0xaaaaf7b17c90, element=(string)nvv4l2h264enc0, src=(string)src, time=(guint64)17469955, ts=(guint64)10259066708;
0:00:10.259585724 [32m178147[00m 0xfffd90000de0 [37mTRACE  [00m [00;34m          GST_TRACER :0::[00m element-latency, element-id=(string)0xaaaaf7b1cb40, element=(string)h264parse0, src=(string)src, time=(guint64)499127, ts=(guint64)10259565835;
0:00:10.270266231 [32m178147[00m 0xfffd90000b70 [37mTRACE  [00m [00;34m          GST_TRACER :0::[00m element-latency, element-id=(string)0xaaaaf7b27740, element=(string)capsfilter0, src=(string)src, time=(guint64)33472, ts=(guint64)10270244851;
0:00:10.271188197 [32m178147[00m 0xfffd90000b70 [37mTRACE  [00m [00;34m          GST_TRACER :0::[00m element-latency, element-id=(string)0xaaaaf7959350, element=(string)jpegparse0, src=(string)src, time=(guint64)928022, ts=(guint64)10271172873;
0:00:10.285048174 [32m178147[00m 0xfffd90000b70 [37mTRACE  [00m [00;34m          GST_TRACER :0::[00m element-latency, element-id=(string)0xaaaaf7a8dbc0, element=(string)nvjpegdec0, src=(string)src, time=(guint64)13843829, ts=(guint64)10285016702;
0:00:10.309241346 [32m178147[00m 0xfffd90000b70 [37mTRACE  [00m [00;34m          GST_TRACER :0::[00m element-latency, element-id=(string)0xaaaaf7a961f0, element=(string)nvvconv0, src=(string)src, time=(guint64)24193135, ts=(guint64)10309209837;
0:00:10.309294087 [32m178147[00m 0xfffd90000b70 [37mTRACE  [00m [00;34m          GST_TRACER :0::[00m element-latency, element-id=(string)0xaaaaf7b2ada0, element=(string)capsfilter1, src=(string)src, time=(guint64)71167, ts=(guint64)10309281004;
0:00:10.321319122 [32m178147[00m 0xfffd90000de0 [37mTRACE  [00m [00;34m          GST_TRACER :0::[00m element-latency, element-id=(string)0xaaaaf7b17c90, element=(string)nvv4l2h264enc0, src=(string)src, time=(guint64)12021794, ts=(guint64)10321302798;
0:00:10.321504853 [32m178147[00m 0xfffd90000de0 [37mTRACE  [00m [00;34m          GST_TRACER :0::[00m element-latency, element-id=(string)0xaaaaf7b1cb40, element=(string)h264parse0, src=(string)src, time=(guint64)187601, ts=(guint64)10321490399;
0:00:10.334487021 [32m178147[00m 0xfffd90000b70 [37mTRACE  [00m [00;34m          GST_TRACER :0::[00m element-latency, element-id=(string)0xaaaaf7b27740, element=(string)capsfilter0, src=(string)src, time=(guint64)59138, ts=(guint64)10334458558;
0:00:10.335406358 [32m178147[00m 0xfffd90000b70 [37mTRACE  [00m [00;34m          GST_TRACER :0::[00m element-latency, element-id=(string)0xaaaaf7959350, element=(string)jpegparse0, src=(string)src, time=(guint64)931300, ts=(guint64)10335389858;
0:00:10.348089621 [32m178147[00m 0xfffd90000b70 [37mTRACE  [00m [00;34m          GST_TRACER :0::[00m element-latency, element-id=(string)0xaaaaf7a8dbc0, element=(string)nvjpegdec0, src=(string)src, time=(guint64)12659846, ts=(guint64)10348049704;
0:00:10.372772902 [32m178147[00m 0xfffd90000b70 [37mTRACE  [00m [00;34m          GST_TRACER :0::[00m element-latency, element-id=(string)0xaaaaf7a961f0, element=(string)nvvconv0, src=(string)src, time=(guint64)24686216, ts=(guint64)10372735920;
0:00:10.372838188 [32m178147[00m 0xfffd90000b70 [37mTRACE  [00m [00;34m          GST_TRACER :0::[00m element-latency, element-id=(string)0xaaaaf7b2ada0, element=(string)capsfilter1, src=(string)src, time=(guint64)87906, ts=(guint64)10372823826;
0:00:10.385550737 [32m178147[00m 0xfffd90000de0 [37mTRACE  [00m [00;34m          GST_TRACER :0::[00m element-latency, element-id=(string)0xaaaaf7b17c90, element=(string)nvv4l2h264enc0, src=(string)src, time=(guint64)12694309, ts=(guint64)10385518135;
0:00:10.385808615 [32m178147[00m 0xfffd90000de0 [37mTRACE  [00m [00;34m          GST_TRACER :0::[00m element-latency, element-id=(string)0xaaaaf7b1cb40, element=(string)h264parse0, src=(string)src, time=(guint64)272342, ts=(guint64)10385790477;
0:00:10.398477119 [32m178147[00m 0xfffd90000b70 [37mTRACE  [00m [00;34m          GST_TRACER :0::[00m element-latency, element-id=(string)0xaaaaf7b27740, element=(string)capsfilter0, src=(string)src, time=(guint64)50149, ts=(guint64)10398449231;
0:00:10.399336762 [32m178147[00m 0xfffd90000b70 [37mTRACE  [00m [00;34m          GST_TRACER :0::[00m element-latency, element-id=(string)0xaaaaf7959350, element=(string)jpegparse0, src=(string)src, time=(guint64)870790, ts=(guint64)10399320021;
0:00:10.411672861 [32m178147[00m 0xfffd90000b70 [37mTRACE  [00m [00;34m          GST_TRACER :0::[00m element-latency, element-id=(string)0xaaaaf7a8dbc0, element=(string)nvjpegdec0, src=(string)src, time=(guint64)12320747, ts=(guint64)10411640768;
0:00:10.436425372 [32m178147[00m 0xfffd90000b70 [37mTRACE  [00m [00;34m          GST_TRACER :0::[00m element-latency, element-id=(string)0xaaaaf7a961f0, element=(string)nvvconv0, src=(string)src, time=(guint64)24752466, ts=(guint64)10436393234;
0:00:10.436477307 [32m178147[00m 0xfffd90000b70 [37mTRACE  [00m [00;34m          GST_TRACER :0::[00m element-latency, element-id=(string)0xaaaaf7b2ada0, element=(string)capsfilter1, src=(string)src, time=(guint64)71165, ts=(guint64)10436464399;
0:00:10.448603759 [32m178147[00m 0xfffd90000de0 [37mTRACE  [00m [00;34m          GST_TRACER :0::[00m element-latency, element-id=(string)0xaaaaf7b17c90, element=(string)nvv4l2h264enc0, src=(string)src, time=(guint64)12119082, ts=(guint64)10448583481;
0:00:10.448787729 [32m178147[00m 0xfffd90000de0 [37mTRACE  [00m [00;34m          GST_TRACER :0::[00m element-latency, element-id=(string)0xaaaaf7b1cb40, element=(string)h264parse0, src=(string)src, time=(guint64)190553, ts=(guint64)10448774034;
0:00:10.462267876 [32m178147[00m 0xfffd90000b70 [37mTRACE  [00m [00;34m          GST_TRACER :0::[00m element-latency, element-id=(string)0xaaaaf7b27740, element=(string)capsfilter0, src=(string)src, time=(guint64)32426, ts=(guint64)10462246293;
0:00:10.463085029 [32m178147[00m 0xfffd90000b70 [37mTRACE  [00m [00;34m          GST_TRACER :0::[00m element-latency, element-id=(string)0xaaaaf7959350, element=(string)jpegparse0, src=(string)src, time=(guint64)823217, ts=(guint64)10463069510;
0:00:10.475655839 [32m178147[00m 0xfffd90000b70 [37mTRACE  [00m [00;34m          GST_TRACER :0::[00m element-latency, element-id=(string)0xaaaaf7a8dbc0, element=(string)nvjpegdec0, src=(string)src, time=(guint64)12542468, ts=(guint64)10475611978;
0:00:10.499555503 [32m178147[00m 0xfffd90000b70 [37mTRACE  [00m [00;34m          GST_TRACER :0::[00m element-latency, element-id=(string)0xaaaaf7a961f0, element=(string)nvvconv0, src=(string)src, time=(guint64)23908580, ts=(guint64)10499520558;
0:00:10.499612577 [32m178147[00m 0xfffd90000b70 [37mTRACE  [00m [00;34m          GST_TRACER :0::[00m element-latency, element-id=(string)0xaaaaf7b2ada0, element=(string)capsfilter1, src=(string)src, time=(guint64)76510, ts=(guint64)10499597068;
0:00:10.511931518 [32m178147[00m 0xfffd90000de0 [37mTRACE  [00m [00;34m          GST_TRACER :0::[00m element-latency, element-id=(string)0xaaaaf7b17c90, element=(string)nvv4l2h264enc0, src=(string)src, time=(guint64)12298043, ts=(guint64)10511895111;
0:00:10.512146933 [32m178147[00m 0xfffd90000de0 [37mTRACE  [00m [00;34m          GST_TRACER :0::[00m element-latency, element-id=(string)0xaaaaf7b1cb40, element=(string)h264parse0, src=(string)src, time=(guint64)234656, ts=(guint64)10512129767;
0:00:10.530484457 [32m178147[00m 0xfffd90000b70 [37mTRACE  [00m [00;34m          GST_TRACER :0::[00m element-latency, element-id=(string)0xaaaaf7b27740, element=(string)capsfilter0, src=(string)src, time=(guint64)64185, ts=(guint64)10530455050;
0:00:10.531396424 [32m178147[00m 0xfffd90000b70 [37mTRACE  [00m [00;34m          GST_TRACER :0::[00m element-latency, element-id=(string)0xaaaaf7959350, element=(string)jpegparse0, src=(string)src, time=(guint64)924948, ts=(guint64)10531379998;
0:00:10.544473434 [32m178147[00m 0xfffd90000b70 [37mTRACE  [00m [00;34m          GST_TRACER :0::[00m element-latency, element-id=(string)0xaaaaf7a8dbc0, element=(string)nvjpegdec0, src=(string)src, time=(guint64)13049177, ts=(guint64)10544429175;
0:00:10.569248612 [32m178147[00m 0xfffd90000b70 [37mTRACE  [00m [00;34m          GST_TRACER :0::[00m element-latency, element-id=(string)0xaaaaf7a961f0, element=(string)nvvconv0, src=(string)src, time=(guint64)24746928, ts=(guint64)10569176103;
0:00:10.569348796 [32m178147[00m 0xfffd90000b70 [37mTRACE  [00m [00;34m          GST_TRACER :0::[00m element-latency, element-id=(string)0xaaaaf7b2ada0, element=(string)capsfilter1, src=(string)src, time=(guint64)155221, ts=(guint64)10569331324;
0:00:10.581699190 [32m178147[00m 0xfffd90000de0 [37mTRACE  [00m [00;34m          GST_TRACER :0::[00m element-latency, element-id=(string)0xaaaaf7b17c90, element=(string)nvv4l2h264enc0, src=(string)src, time=(guint64)12332747, ts=(guint64)10581664071;
0:00:10.581931319 [32m178147[00m 0xfffd90000de0 [37mTRACE  [00m [00;34m          GST_TRACER :0::[00m element-latency, element-id=(string)0xaaaaf7b1cb40, element=(string)h264parse0, src=(string)src, time=(guint64)250841, ts=(guint64)10581914912;
0:00:10.594487610 [32m178147[00m 0xfffd90000b70 [37mTRACE  [00m [00;34m          GST_TRACER :0::[00m element-latency, element-id=(string)0xaaaaf7b27740, element=(string)capsfilter0, src=(string)src, time=(guint64)52490, ts=(guint64)10594460796;
0:00:10.595429669 [32m178147[00m 0xfffd90000b70 [37mTRACE  [00m [00;34m          GST_TRACER :0::[00m element-latency, element-id=(string)0xaaaaf7959350, element=(string)jpegparse0, src=(string)src, time=(guint64)952558, ts=(guint64)10595413354;
0:00:10.608580708 [32m178147[00m 0xfffd90000b70 [37mTRACE  [00m [00;34m          GST_TRACER :0::[00m element-latency, element-id=(string)0xaaaaf7a8dbc0, element=(string)nvjpegdec0, src=(string)src, time=(guint64)13123872, ts=(guint64)10608537226;
0:00:10.633098812 [32m178147[00m 0xfffd90000b70 [37mTRACE  [00m [00;34m          GST_TRACER :0::[00m element-latency, element-id=(string)0xaaaaf7a961f0, element=(string)nvvconv0, src=(string)src, time=(guint64)24525123, ts=(guint64)10633062349;
0:00:10.633155905 [32m178147[00m 0xfffd90000b70 [37mTRACE  [00m [00;34m          GST_TRACER :0::[00m element-latency, element-id=(string)0xaaaaf7b2ada0, element=(string)capsfilter1, src=(string)src, time=(guint64)79315, ts=(guint64)10633141664;
0:00:10.645679076 [32m178147[00m 0xfffd90000de0 [37mTRACE  [00m [00;34m          GST_TRACER :0::[00m element-latency, element-id=(string)0xaaaaf7b17c90, element=(string)nvv4l2h264enc0, src=(string)src, time=(guint64)12505921, ts=(guint64)10645647585;
0:00:10.645902918 [32m178147[00m 0xfffd90000de0 [37mTRACE  [00m [00;34m          GST_TRACER :0::[00m element-latency, element-id=(string)0xaaaaf7b1cb40, element=(string)h264parse0, src=(string)src, time=(guint64)238268, ts=(guint64)10645885853;
0:00:10.658234210 [32m178147[00m 0xfffd90000b70 [37mTRACE  [00m [00;34m          GST_TRACER :0::[00m element-latency, element-id=(string)0xaaaaf7b27740, element=(string)capsfilter0, src=(string)src, time=(guint64)23351, ts=(guint64)10658216562;
0:00:10.659078631 [32m178147[00m 0xfffd90000b70 [37mTRACE  [00m [00;34m          GST_TRACER :0::[00m element-latency, element-id=(string)0xaaaaf7959350, element=(string)jpegparse0, src=(string)src, time=(guint64)846847, ts=(guint64)10659063409;
0:00:10.671799375 [32m178147[00m 0xfffd90000b70 [37mTRACE  [00m [00;34m          GST_TRACER :0::[00m element-latency, element-id=(string)0xaaaaf7a8dbc0, element=(string)nvjpegdec0, src=(string)src, time=(guint64)12707142, ts=(guint64)10671770551;
0:00:10.696252694 [32m178147[00m 0xfffd90000b70 [37mTRACE  [00m [00;34m          GST_TRACER :0::[00m element-latency, element-id=(string)0xaaaaf7a961f0, element=(string)nvvconv0, src=(string)src, time=(guint64)24438300, ts=(guint64)10696208851;
0:00:10.696314870 [32m178147[00m 0xfffd90000b70 [37mTRACE  [00m [00;34m          GST_TRACER :0::[00m element-latency, element-id=(string)0xaaaaf7b2ada0, element=(string)capsfilter1, src=(string)src, time=(guint64)92259, ts=(guint64)10696301110;
0:00:10.708926753 [32m178147[00m 0xfffd90000de0 [37mTRACE  [00m [00;34m          GST_TRACER :0::[00m element-latency, element-id=(string)0xaaaaf7b17c90, element=(string)nvv4l2h264enc0, src=(string)src, time=(guint64)12593282, ts=(guint64)10708894392;
0:00:10.709243186 [32m178147[00m 0xfffd90000de0 [37mTRACE  [00m [00;34m          GST_TRACER :0::[00m element-latency, element-id=(string)0xaaaaf7b1cb40, element=(string)h264parse0, src=(string)src, time=(guint64)329775, ts=(guint64)10709224167;
0:00:10.722241196 [32m178147[00m 0xfffd90000b70 [37mTRACE  [00m [00;34m          GST_TRACER :0::[00m element-latency, element-id=(string)0xaaaaf7b27740, element=(string)capsfilter0, src=(string)src, time=(guint64)23546, ts=(guint64)10722223521;
0:00:10.723085710 [32m178147[00m 0xfffd90000b70 [37mTRACE  [00m [00;34m          GST_TRACER :0::[00m element-latency, element-id=(string)0xaaaaf7959350, element=(string)jpegparse0, src=(string)src, time=(guint64)847309, ts=(guint64)10723070830;
0:00:10.735968249 [32m178147[00m 0xfffd90000b70 [37mTRACE  [00m [00;34m          GST_TRACER :0::[00m element-latency, element-id=(string)0xaaaaf7a8dbc0, element=(string)nvjpegdec0, src=(string)src, time=(guint64)12864697, ts=(guint64)10735935527;
0:00:10.760743992 [32m178147[00m 0xfffd90000b70 [37mTRACE  [00m [00;34m          GST_TRACER :0::[00m element-latency, element-id=(string)0xaaaaf7a961f0, element=(string)nvvconv0, src=(string)src, time=(guint64)24762281, ts=(guint64)10760697808;
0:00:10.760802927 [32m178147[00m 0xfffd90000b70 [37mTRACE  [00m [00;34m          GST_TRACER :0::[00m element-latency, element-id=(string)0xaaaaf7b2ada0, element=(string)capsfilter1, src=(string)src, time=(guint64)91813, ts=(guint64)10760789621;
0:00:10.773723031 [32m178147[00m 0xfffd90000de0 [37mTRACE  [00m [00;34m          GST_TRACER :0::[00m element-latency, element-id=(string)0xaaaaf7b17c90, element=(string)nvv4l2h264enc0, src=(string)src, time=(guint64)12901975, ts=(guint64)10773691596;
0:00:10.773955566 [32m178147[00m 0xfffd90000de0 [37mTRACE  [00m [00;34m          GST_TRACER :0::[00m element-latency, element-id=(string)0xaaaaf7b1cb40, element=(string)h264parse0, src=(string)src, time=(guint64)246138, ts=(guint64)10773937734;
0:00:10.790227965 [32m178147[00m 0xfffd90000b70 [37mTRACE  [00m [00;34m          GST_TRACER :0::[00m element-latency, element-id=(string)0xaaaaf7b27740, element=(string)capsfilter0, src=(string)src, time=(guint64)24824, ts=(guint64)10790210872;
0:00:10.791132921 [32m178147[00m 0xfffd90000b70 [37mTRACE  [00m [00;34m          GST_TRACER :0::[00m element-latency, element-id=(string)0xaaaaf7959350, element=(string)jpegparse0, src=(string)src, time=(guint64)906207, ts=(guint64)10791117079;
0:00:10.804469070 [32m178147[00m 0xfffd90000b70 [37mTRACE  [00m [00;34m          GST_TRACER :0::[00m element-latency, element-id=(string)0xaaaaf7a8dbc0, element=(string)nvjpegdec0, src=(string)src, time=(guint64)13320797, ts=(guint64)10804437876;
0:00:10.827663748 [32m178147[00m 0xfffd90000b70 [37mTRACE  [00m [00;34m          GST_TRACER :0::[00m element-latency, element-id=(string)0xaaaaf7a961f0, element=(string)nvvconv0, src=(string)src, time=(guint64)23192484, ts=(guint64)10827630360;
0:00:10.827719220 [32m178147[00m 0xfffd90000b70 [37mTRACE  [00m [00;34m          GST_TRACER :0::[00m element-latency, element-id=(string)0xaaaaf7b2ada0, element=(string)capsfilter1, src=(string)src, time=(guint64)75915, ts=(guint64)10827706275;
0:00:10.841330700 [32m178147[00m 0xfffd90000de0 [37mTRACE  [00m [00;34m          GST_TRACER :0::[00m element-latency, element-id=(string)0xaaaaf7b17c90, element=(string)nvv4l2h264enc0, src=(string)src, time=(guint64)13591573, ts=(guint64)10841297848;
0:00:10.841621299 [32m178147[00m 0xfffd90000de0 [37mTRACE  [00m [00;34m          GST_TRACER :0::[00m element-latency, element-id=(string)0xaaaaf7b1cb40, element=(string)h264parse0, src=(string)src, time=(guint64)305850, ts=(guint64)10841603698;
0:00:10.854230072 [32m178147[00m 0xfffd90000b70 [37mTRACE  [00m [00;34m          GST_TRACER :0::[00m element-latency, element-id=(string)0xaaaaf7b27740, element=(string)capsfilter0, src=(string)src, time=(guint64)23768, ts=(guint64)10854213276;
0:00:10.855074002 [32m178147[00m 0xfffd90000b70 [37mTRACE  [00m [00;34m          GST_TRACER :0::[00m element-latency, element-id=(string)0xaaaaf7959350, element=(string)jpegparse0, src=(string)src, time=(guint64)845790, ts=(guint64)10855059066;
0:00:10.868447853 [32m178147[00m 0xfffd90000b70 [37mTRACE  [00m [00;34m          GST_TRACER :0::[00m element-latency, element-id=(string)0xaaaaf7a8dbc0, element=(string)nvjpegdec0, src=(string)src, time=(guint64)13356981, ts=(guint64)10868416047;
0:00:10.892916061 [32m178147[00m 0xfffd90000b70 [37mTRACE  [00m [00;34m          GST_TRACER :0::[00m element-latency, element-id=(string)0xaaaaf7a961f0, element=(string)nvvconv0, src=(string)src, time=(guint64)24455801, ts=(guint64)10892871848;
0:00:10.892978940 [32m178147[00m 0xfffd90000b70 [37mTRACE  [00m [00;34m          GST_TRACER :0::[00m element-latency, element-id=(string)0xaaaaf7b2ada0, element=(string)capsfilter1, src=(string)src, time=(guint64)94046, ts=(guint64)10892965894;
0:00:10.910046472 [32m178147[00m 0xfffd90000de0 [37mTRACE  [00m [00;34m          GST_TRACER :0::[00m element-latency, element-id=(string)0xaaaaf7b17c90, element=(string)nvv4l2h264enc0, src=(string)src, time=(guint64)17048328, ts=(guint64)10910014222;
0:00:10.910552043 [32m178147[00m 0xfffd90000de0 [37mTRACE  [00m [00;34m          GST_TRACER :0::[00m element-latency, element-id=(string)0xaaaaf7b1cb40, element=(string)h264parse0, src=(string)src, time=(guint64)517164, ts=(guint64)10910531386;
0:00:10.918228976 [32m178147[00m 0xfffd90000b70 [37mTRACE  [00m [00;34m          GST_TRACER :0::[00m element-latency, element-id=(string)0xaaaaf7b27740, element=(string)capsfilter0, src=(string)src, time=(guint64)22341, ts=(guint64)10918212818;
0:00:10.919074998 [32m178147[00m 0xfffd90000b70 [37mTRACE  [00m [00;34m          GST_TRACER :0::[00m element-latency, element-id=(string)0xaaaaf7959350, element=(string)jpegparse0, src=(string)src, time=(guint64)847495, ts=(guint64)10919060313;
0:00:10.932808922 [32m178147[00m 0xfffd90000b70 [37mTRACE  [00m [00;34m          GST_TRACER :0::[00m element-latency, element-id=(string)0xaaaaf7a8dbc0, element=(string)nvjpegdec0, src=(string)src, time=(guint64)13713673, ts=(guint64)10932773986;
0:00:10.957013557 [32m178147[00m 0xfffd90000b70 [37mTRACE  [00m [00;34m          GST_TRACER :0::[00m element-latency, element-id=(string)0xaaaaf7a961f0, element=(string)nvvconv0, src=(string)src, time=(guint64)24197127, ts=(guint64)10956971113;
0:00:10.957078195 [32m178147[00m 0xfffd90000b70 [37mTRACE  [00m [00;34m          GST_TRACER :0::[00m element-latency, element-id=(string)0xaaaaf7b2ada0, element=(string)capsfilter1, src=(string)src, time=(guint64)93341, ts=(guint64)10957064454;
0:00:10.970534629 [32m178147[00m 0xfffd90000de0 [37mTRACE  [00m [00;34m          GST_TRACER :0::[00m element-latency, element-id=(string)0xaaaaf7b17c90, element=(string)nvv4l2h264enc0, src=(string)src, time=(guint64)13439713, ts=(guint64)10970504167;
0:00:10.970773840 [32m178147[00m 0xfffd90000de0 [37mTRACE  [00m [00;34m          GST_TRACER :0::[00m element-latency, element-id=(string)0xaaaaf7b1cb40, element=(string)h264parse0, src=(string)src, time=(guint64)252942, ts=(guint64)10970757109;
0:00:10.982238185 [32m178147[00m 0xfffd90000b70 [37mTRACE  [00m [00;34m          GST_TRACER :0::[00m element-latency, element-id=(string)0xaaaaf7b27740, element=(string)capsfilter0, src=(string)src, time=(guint64)20315, ts=(guint64)10982221287;
0:00:10.983081736 [32m178147[00m 0xfffd90000b70 [37mTRACE  [00m [00;34m          GST_TRACER :0::[00m element-latency, element-id=(string)0xaaaaf7959350, element=(string)jpegparse0, src=(string)src, time=(guint64)845365, ts=(guint64)10983066652;
0:00:10.996672511 [32m178147[00m 0xfffd90000b70 [37mTRACE  [00m [00;34m          GST_TRACER :0::[00m element-latency, element-id=(string)0xaaaaf7a8dbc0, element=(string)nvjpegdec0, src=(string)src, time=(guint64)13574906, ts=(guint64)10996641558;
0:00:11.021209959 [32m178147[00m 0xfffd90000b70 [37mTRACE  [00m [00;34m          GST_TRACER :0::[00m element-latency, element-id=(string)0xaaaaf7a961f0, element=(string)nvvconv0, src=(string)src, time=(guint64)24523920, ts=(guint64)11021165478;
0:00:11.021274875 [32m178147[00m 0xfffd90000b70 [37mTRACE  [00m [00;34m          GST_TRACER :0::[00m element-latency, element-id=(string)0xaaaaf7b2ada0, element=(string)capsfilter1, src=(string)src, time=(guint64)96657, ts=(guint64)11021262135;
0:00:11.034933160 [32m178147[00m 0xfffd90000de0 [37mTRACE  [00m [00;34m          GST_TRACER :0::[00m element-latency, element-id=(string)0xaaaaf7b17c90, element=(string)nvv4l2h264enc0, src=(string)src, time=(guint64)13641359, ts=(guint64)11034903494;
0:00:11.035141723 [32m178147[00m 0xfffd90000de0 [37mTRACE  [00m [00;34m          GST_TRACER :0::[00m element-latency, element-id=(string)0xaaaaf7b1cb40, element=(string)h264parse0, src=(string)src, time=(guint64)221118, ts=(guint64)11035124612;
0:00:11.046249367 [32m178147[00m 0xfffd90000b70 [37mTRACE  [00m [00;34m          GST_TRACER :0::[00m element-latency, element-id=(string)0xaaaaf7b27740, element=(string)capsfilter0, src=(string)src, time=(guint64)24287, ts=(guint64)11046232386;
0:00:11.047094435 [32m178147[00m 0xfffd90000b70 [37mTRACE  [00m [00;34m          GST_TRACER :0::[00m element-latency, element-id=(string)0xaaaaf7959350, element=(string)jpegparse0, src=(string)src, time=(guint64)847586, ts=(guint64)11047079972;
0:00:11.060653082 [32m178147[00m 0xfffd90000b70 [37mTRACE  [00m [00;34m          GST_TRACER :0::[00m element-latency, element-id=(string)0xaaaaf7a8dbc0, element=(string)nvjpegdec0, src=(string)src, time=(guint64)13541258, ts=(guint64)11060621230;
0:00:11.086299893 [32m178147[00m 0xfffd90000b70 [37mTRACE  [00m [00;34m          GST_TRACER :0::[00m element-latency, element-id=(string)0xaaaaf7a961f0, element=(string)nvvconv0, src=(string)src, time=(guint64)25632034, ts=(guint64)11086253264;
0:00:11.086360310 [32m178147[00m 0xfffd90000b70 [37mTRACE  [00m [00;34m          GST_TRACER :0::[00m element-latency, element-id=(string)0xaaaaf7b2ada0, element=(string)capsfilter1, src=(string)src, time=(guint64)93518, ts=(guint64)11086346782;
0:00:11.099726031 [32m178147[00m 0xfffd90000de0 [37mTRACE  [00m [00;34m          GST_TRACER :0::[00m element-latency, element-id=(string)0xaaaaf7b17c90, element=(string)nvv4l2h264enc0, src=(string)src, time=(guint64)13363472, ts=(guint64)11099710254;
0:00:11.099901993 [32m178147[00m 0xfffd90000de0 [37mTRACE  [00m [00;34m          GST_TRACER :0::[00m element-latency, element-id=(string)0xaaaaf7b1cb40, element=(string)h264parse0, src=(string)src, time=(guint64)177859, ts=(guint64)11099888113;
0:00:11.114266069 [32m178147[00m 0xfffd90000b70 [37mTRACE  [00m [00;34m          GST_TRACER :0::[00m element-latency, element-id=(string)0xaaaaf7b27740, element=(string)capsfilter0, src=(string)src, time=(guint64)40880, ts=(guint64)11114243338;
0:00:11.115182906 [32m178147[00m 0xfffd90000b70 [37mTRACE  [00m [00;34m          GST_TRACER :0::[00m element-latency, element-id=(string)0xaaaaf7959350, element=(string)jpegparse0, src=(string)src, time=(guint64)924994, ts=(guint64)11115168332;
0:00:11.128814201 [32m178147[00m 0xfffd90000b70 [37mTRACE  [00m [00;34m          GST_TRACER :0::[00m element-latency, element-id=(string)0xaaaaf7a8dbc0, element=(string)nvjpegdec0, src=(string)src, time=(guint64)13614091, ts=(guint64)11128782423;
0:00:11.154141680 [32m178147[00m 0xfffd90000b70 [37mTRACE  [00m [00;34m          GST_TRACER :0::[00m element-latency, element-id=(string)0xaaaaf7a961f0, element=(string)nvvconv0, src=(string)src, time=(guint64)25318119, ts=(guint64)11154100542;
0:00:11.154202189 [32m178147[00m 0xfffd90000b70 [37mTRACE  [00m [00;34m          GST_TRACER :0::[00m element-latency, element-id=(string)0xaaaaf7b2ada0, element=(string)capsfilter1, src=(string)src, time=(guint64)88545, ts=(guint64)11154189087;
0:00:11.167715225 [32m178147[00m 0xfffd90000de0 [37mTRACE  [00m [00;34m          GST_TRACER :0::[00m element-latency, element-id=(string)0xaaaaf7b17c90, element=(string)nvv4l2h264enc0, src=(string)src, time=(guint64)13496341, ts=(guint64)11167685428;
0:00:11.167941909 [32m178147[00m 0xfffd90000de0 [37mTRACE  [00m [00;34m          GST_TRACER :0::[00m element-latency, element-id=(string)0xaaaaf7b1cb40, element=(string)h264parse0, src=(string)src, time=(guint64)239518, ts=(guint64)11167924946;
0:00:11.178228186 [32m178147[00m 0xfffd90000b70 [37mTRACE  [00m [00;34m          GST_TRACER :0::[00m element-latency, element-id=(string)0xaaaaf7b27740, element=(string)capsfilter0, src=(string)src, time=(guint64)22944, ts=(guint64)11178210427;
0:00:11.179086839 [32m178147[00m 0xfffd90000b70 [37mTRACE  [00m [00;34m          GST_TRACER :0::[00m element-latency, element-id=(string)0xaaaaf7959350, element=(string)jpegparse0, src=(string)src, time=(guint64)861106, ts=(guint64)11179071533;
0:00:11.192740105 [32m178147[00m 0xfffd90000b70 [37mTRACE  [00m [00;34m          GST_TRACER :0::[00m element-latency, element-id=(string)0xaaaaf7a8dbc0, element=(string)nvjpegdec0, src=(string)src, time=(guint64)13628627, ts=(guint64)11192700160;
0:00:11.217179664 [32m178147[00m 0xfffd90000b70 [37mTRACE  [00m [00;34m          GST_TRACER :0::[00m element-latency, element-id=(string)0xaaaaf7a961f0, element=(string)nvvconv0, src=(string)src, time=(guint64)24447569, ts=(guint64)11217147729;
0:00:11.217231266 [32m178147[00m 0xfffd90000b70 [37mTRACE  [00m [00;34m          GST_TRACER :0::[00m element-latency, element-id=(string)0xaaaaf7b2ada0, element=(string)capsfilter1, src=(string)src, time=(guint64)70287, ts=(guint64)11217218016;
0:00:11.230885902 [32m178147[00m 0xfffd90000de0 [37mTRACE  [00m [00;34m          GST_TRACER :0::[00m element-latency, element-id=(string)0xaaaaf7b17c90, element=(string)nvv4l2h264enc0, src=(string)src, time=(guint64)13641210, ts=(guint64)11230859226;
0:00:11.231098012 [32m178147[00m 0xfffd90000de0 [37mTRACE  [00m [00;34m          GST_TRACER :0::[00m element-latency, element-id=(string)0xaaaaf7b1cb40, element=(string)h264parse0, src=(string)src, time=(guint64)223388, ts=(guint64)11231082614;
0:00:11.242233091 [32m178147[00m 0xfffd90000b70 [37mTRACE  [00m [00;34m          GST_TRACER :0::[00m element-latency, element-id=(string)0xaaaaf7b27740, element=(string)capsfilter0, src=(string)src, time=(guint64)21889, ts=(guint64)11242215063;
0:00:11.243124205 [32m178147[00m 0xfffd90000b70 [37mTRACE  [00m [00;34m          GST_TRACER :0::[00m element-latency, element-id=(string)0xaaaaf7959350, element=(string)jpegparse0, src=(string)src, time=(guint64)892735, ts=(guint64)11243107798;
0:00:11.257054015 [32m178147[00m 0xfffd90000b70 [37mTRACE  [00m [00;34m          GST_TRACER :0::[00m element-latency, element-id=(string)0xaaaaf7a8dbc0, element=(string)nvjpegdec0, src=(string)src, time=(guint64)13917311, ts=(guint64)11257025109;
0:00:11.281417038 [32m178147[00m 0xfffd90000b70 [37mTRACE  [00m [00;34m          GST_TRACER :0::[00m element-latency, element-id=(string)0xaaaaf7a961f0, element=(string)nvvconv0, src=(string)src, time=(guint64)24363004, ts=(guint64)11281388113;
0:00:11.281467825 [32m178147[00m 0xfffd90000b70 [37mTRACE  [00m [00;34m          GST_TRACER :0::[00m element-latency, element-id=(string)0xaaaaf7b2ada0, element=(string)capsfilter1, src=(string)src, time=(guint64)66407, ts=(guint64)11281454520;
0:00:11.295742328 [32m178147[00m 0xfffd90000de0 [37mTRACE  [00m [00;34m          GST_TRACER :0::[00m element-latency, element-id=(string)0xaaaaf7b17c90, element=(string)nvv4l2h264enc0, src=(string)src, time=(guint64)14255550, ts=(guint64)11295710070;
0:00:11.295961772 [32m178147[00m 0xfffd90000de0 [37mTRACE  [00m [00;34m          GST_TRACER :0::[00m element-latency, element-id=(string)0xaaaaf7b1cb40, element=(string)h264parse0, src=(string)src, time=(guint64)234553, ts=(guint64)11295944623;
0:00:11.306496067 [32m178147[00m 0xfffd90000b70 [37mTRACE  [00m [00;34m          GST_TRACER :0::[00m element-latency, element-id=(string)0xaaaaf7b27740, element=(string)capsfilter0, src=(string)src, time=(guint64)51426, ts=(guint64)11306469308;
0:00:11.307389246 [32m178147[00m 0xfffd90000b70 [37mTRACE  [00m [00;34m          GST_TRACER :0::[00m element-latency, element-id=(string)0xaaaaf7959350, element=(string)jpegparse0, src=(string)src, time=(guint64)901966, ts=(guint64)11307371274;
0:00:11.322190653 [32m178147[00m 0xfffd90000b70 [37mTRACE  [00m [00;34m          GST_TRACER :0::[00m element-latency, element-id=(string)0xaaaaf7a8dbc0, element=(string)nvjpegdec0, src=(string)src, time=(guint64)14776333, ts=(guint64)11322147607;
0:00:11.347239375 [32m178147[00m 0xfffd90000b70 [37mTRACE  [00m [00;34m          GST_TRACER :0::[00m element-latency, element-id=(string)0xaaaaf7a961f0, element=(string)nvvconv0, src=(string)src, time=(guint64)25031167, ts=(guint64)11347178774;
0:00:11.347326588 [32m178147[00m 0xfffd90000b70 [37mTRACE  [00m [00;34m          GST_TRACER :0::[00m element-latency, element-id=(string)0xaaaaf7b2ada0, element=(string)capsfilter1, src=(string)src, time=(guint64)130582, ts=(guint64)11347309356;
0:00:11.361886496 [32m178147[00m 0xfffd90000de0 [37mTRACE  [00m [00;34m          GST_TRACER :0::[00m element-latency, element-id=(string)0xaaaaf7b17c90, element=(string)nvv4l2h264enc0, src=(string)src, time=(guint64)14541576, ts=(guint64)11361850932;
0:00:11.362109949 [32m178147[00m 0xfffd90000de0 [37mTRACE  [00m [00;34m          GST_TRACER :0::[00m element-latency, element-id=(string)0xaaaaf7b1cb40, element=(string)h264parse0, src=(string)src, time=(guint64)242776, ts=(guint64)11362093708;
0:00:11.374482195 [32m178147[00m 0xfffd90000b70 [37mTRACE  [00m [00;34m          GST_TRACER :0::[00m element-latency, element-id=(string)0xaaaaf7b27740, element=(string)capsfilter0, src=(string)src, time=(guint64)54777, ts=(guint64)11374455288;
0:00:11.375379292 [32m178147[00m 0xfffd90000b70 [37mTRACE  [00m [00;34m          GST_TRACER :0::[00m element-latency, element-id=(string)0xaaaaf7959350, element=(string)jpegparse0, src=(string)src, time=(guint64)907420, ts=(guint64)11375362708;
0:00:11.389759543 [32m178147[00m 0xfffd90000b70 [37mTRACE  [00m [00;34m          GST_TRACER :0::[00m element-latency, element-id=(string)0xaaaaf7a8dbc0, element=(string)nvjpegdec0, src=(string)src, time=(guint64)14367011, ts=(guint64)11389729719;
0:00:11.413662364 [32m178147[00m 0xfffd90000b70 [37mTRACE  [00m [00;34m          GST_TRACER :0::[00m element-latency, element-id=(string)0xaaaaf7a961f0, element=(string)nvvconv0, src=(string)src, time=(guint64)23898858, ts=(guint64)11413628577;
0:00:11.413720781 [32m178147[00m 0xfffd90000b70 [37mTRACE  [00m [00;34m          GST_TRACER :0::[00m element-latency, element-id=(string)0xaaaaf7b2ada0, element=(string)capsfilter1, src=(string)src, time=(guint64)77926, ts=(guint64)11413706503;
0:00:11.428219893 [32m178147[00m 0xfffd90000de0 [37mTRACE  [00m [00;34m          GST_TRACER :0::[00m element-latency, element-id=(string)0xaaaaf7b17c90, element=(string)nvv4l2h264enc0, src=(string)src, time=(guint64)14483325, ts=(guint64)11428189828;
0:00:11.428428095 [32m178147[00m 0xfffd90000de0 [37mTRACE  [00m [00;34m          GST_TRACER :0::[00m element-latency, element-id=(string)0xaaaaf7b1cb40, element=(string)h264parse0, src=(string)src, time=(guint64)221572, ts=(guint64)11428411400;
0:00:11.438485198 [32m178147[00m 0xfffd90000b70 [37mTRACE  [00m [00;34m          GST_TRACER :0::[00m element-latency, element-id=(string)0xaaaaf7b27740, element=(string)capsfilter0, src=(string)src, time=(guint64)60259, ts=(guint64)11438456754;
0:00:11.439418646 [32m178147[00m 0xfffd90000b70 [37mTRACE  [00m [00;34m          GST_TRACER :0::[00m element-latency, element-id=(string)0xaaaaf7959350, element=(string)jpegparse0, src=(string)src, time=(guint64)945651, ts=(guint64)11439402405;
0:00:11.454491949 [32m178147[00m 0xfffd90000b70 [37mTRACE  [00m [00;34m          GST_TRACER :0::[00m element-latency, element-id=(string)0xaaaaf7a8dbc0, element=(string)nvjpegdec0, src=(string)src, time=(guint64)15044739, ts=(guint64)11454447144;
0:00:11.478499806 [32m178147[00m 0xfffd90000b70 [37mTRACE  [00m [00;34m          GST_TRACER :0::[00m element-latency, element-id=(string)0xaaaaf7a961f0, element=(string)nvvconv0, src=(string)src, time=(guint64)24015487, ts=(guint64)11478462631;
0:00:11.478561056 [32m178147[00m 0xfffd90000b70 [37mTRACE  [00m [00;34m          GST_TRACER :0::[00m element-latency, element-id=(string)0xaaaaf7b2ada0, element=(string)capsfilter1, src=(string)src, time=(guint64)83694, ts=(guint64)11478546325;
0:00:11.492981900 [32m178147[00m 0xfffd90000de0 [37mTRACE  [00m [00;34m          GST_TRACER :0::[00m element-latency, element-id=(string)0xaaaaf7b17c90, element=(string)nvv4l2h264enc0, src=(string)src, time=(guint64)14407854, ts=(guint64)11492954179;
0:00:11.493180630 [32m178147[00m 0xfffd90000de0 [37mTRACE  [00m [00;34m          GST_TRACER :0::[00m element-latency, element-id=(string)0xaaaaf7b1cb40, element=(string)h264parse0, src=(string)src, time=(guint64)212396, ts=(guint64)11493166575;
0:00:11.502469609 [32m178147[00m 0xfffd90000b70 [37mTRACE  [00m [00;34m          GST_TRACER :0::[00m element-latency, element-id=(string)0xaaaaf7b27740, element=(string)capsfilter0, src=(string)src, time=(guint64)51695, ts=(guint64)11502443267;
0:00:11.503375686 [32m178147[00m 0xfffd90000b70 [37mTRACE  [00m [00;34m          GST_TRACER :0::[00m element-latency, element-id=(string)0xaaaaf7959350, element=(string)jpegparse0, src=(string)src, time=(guint64)914744, ts=(guint64)11503358011;
0:00:11.518406046 [32m178147[00m 0xfffd90000b70 [37mTRACE  [00m [00;34m          GST_TRACER :0::[00m element-latency, element-id=(string)0xaaaaf7a8dbc0, element=(string)nvjpegdec0, src=(string)src, time=(guint64)15004498, ts=(guint64)11518362509;
0:00:11.543514268 [32m178147[00m 0xfffd90000b70 [37mTRACE  [00m [00;34m          GST_TRACER :0::[00m element-latency, element-id=(string)0xaaaaf7a961f0, element=(string)nvvconv0, src=(string)src, time=(guint64)25110963, ts=(guint64)11543473472;
0:00:11.543574360 [32m178147[00m 0xfffd90000b70 [37mTRACE  [00m [00;34m          GST_TRACER :0::[00m element-latency, element-id=(string)0xaaaaf7b2ada0, element=(string)capsfilter1, src=(string)src, time=(guint64)85750, ts=(guint64)11543559222;
0:00:11.561884726 [32m178147[00m 0xfffd90000de0 [37mTRACE  [00m [00;34m          GST_TRACER :0::[00m element-latency, element-id=(string)0xaaaaf7b17c90, element=(string)nvv4l2h264enc0, src=(string)src, time=(guint64)18291922, ts=(guint64)11561851144;
0:00:11.562380520 [32m178147[00m 0xfffd90000de0 [37mTRACE  [00m [00;34m          GST_TRACER :0::[00m element-latency, element-id=(string)0xaaaaf7b1cb40, element=(string)h264parse0, src=(string)src, time=(guint64)509283, ts=(guint64)11562360427;
0:00:11.566486651 [32m178147[00m 0xfffd90000b70 [37mTRACE  [00m [00;34m          GST_TRACER :0::[00m element-latency, element-id=(string)0xaaaaf7b27740, element=(string)capsfilter0, src=(string)src, time=(guint64)53741, ts=(guint64)11566458958;
0:00:11.567385683 [32m178147[00m 0xfffd90000b70 [37mTRACE  [00m [00;34m          GST_TRACER :0::[00m element-latency, element-id=(string)0xaaaaf7959350, element=(string)jpegparse0, src=(string)src, time=(guint64)909216, ts=(guint64)11567368174;
0:00:11.582402894 [32m178147[00m 0xfffd90000b70 [37mTRACE  [00m [00;34m          GST_TRACER :0::[00m element-latency, element-id=(string)0xaaaaf7a8dbc0, element=(string)nvjpegdec0, src=(string)src, time=(guint64)14990323, ts=(guint64)11582358497;
0:00:11.606586316 [32m178147[00m 0xfffd90000b70 [37mTRACE  [00m [00;34m          GST_TRACER :0::[00m element-latency, element-id=(string)0xaaaaf7a961f0, element=(string)nvvconv0, src=(string)src, time=(guint64)24193302, ts=(guint64)11606551799;
0:00:11.606646316 [32m178147[00m 0xfffd90000b70 [37mTRACE  [00m [00;34m          GST_TRACER :0::[00m element-latency, element-id=(string)0xaaaaf7b2ada0, element=(string)capsfilter1, src=(string)src, time=(guint64)78591, ts=(guint64)11606630390;
0:00:11.620911550 [32m178147[00m 0xfffd90000de0 [37mTRACE  [00m [00;34m          GST_TRACER :0::[00m element-latency, element-id=(string)0xaaaaf7b17c90, element=(string)nvv4l2h264enc0, src=(string)src, time=(guint64)14259671, ts=(guint64)11620890061;
0:00:11.621114716 [32m178147[00m 0xfffd90000de0 [37mTRACE  [00m [00;34m          GST_TRACER :0::[00m element-latency, element-id=(string)0xaaaaf7b1cb40, element=(string)h264parse0, src=(string)src, time=(guint64)210238, ts=(guint64)11621100299;
0:00:11.634213976 [32m178147[00m 0xfffd90000b70 [37mTRACE  [00m [00;34m          GST_TRACER :0::[00m element-latency, element-id=(string)0xaaaaf7b27740, element=(string)capsfilter0, src=(string)src, time=(guint64)22759, ts=(guint64)11634197884;
0:00:11.635062360 [32m178147[00m 0xfffd90000b70 [37mTRACE  [00m [00;34m          GST_TRACER :0::[00m element-latency, element-id=(string)0xaaaaf7959350, element=(string)jpegparse0, src=(string)src, time=(guint64)847985, ts=(guint64)11635045869;
0:00:11.649399788 [32m178147[00m 0xfffd90000b70 [37mTRACE  [00m [00;34m          GST_TRACER :0::[00m element-latency, element-id=(string)0xaaaaf7a8dbc0, element=(string)nvjpegdec0, src=(string)src, time=(guint64)14326309, ts=(guint64)11649372178;
0:00:11.674546408 [32m178147[00m 0xfffd90000b70 [37mTRACE  [00m [00;34m          GST_TRACER :0::[00m element-latency, element-id=(string)0xaaaaf7a961f0, element=(string)nvvconv0, src=(string)src, time=(guint64)25138295, ts=(guint64)11674510473;
0:00:11.674601594 [32m178147[00m 0xfffd90000b70 [37mTRACE  [00m [00;34m          GST_TRACER :0::[00m element-latency, element-id=(string)0xaaaaf7b2ada0, element=(string)capsfilter1, src=(string)src, time=(guint64)76574, ts=(guint64)11674587047;
0:00:11.689074290 [32m178147[00m 0xfffd90000de0 [37mTRACE  [00m [00;34m          GST_TRACER :0::[00m element-latency, element-id=(string)0xaaaaf7b17c90, element=(string)nvv4l2h264enc0, src=(string)src, time=(guint64)14453058, ts=(guint64)11689040105;
0:00:11.689291695 [32m178147[00m 0xfffd90000de0 [37mTRACE  [00m [00;34m          GST_TRACER :0::[00m element-latency, element-id=(string)0xaaaaf7b1cb40, element=(string)h264parse0, src=(string)src, time=(guint64)234035, ts=(guint64)11689274140;
0:00:11.698222426 [32m178147[00m 0xfffd90000b70 [37mTRACE  [00m [00;34m          GST_TRACER :0::[00m element-latency, element-id=(string)0xaaaaf7b27740, element=(string)capsfilter0, src=(string)src, time=(guint64)21387, ts=(guint64)11698205648;
0:00:11.699010931 [32m178147[00m 0xfffd90000b70 [37mTRACE  [00m [00;34m          GST_TRACER :0::[00m element-latency, element-id=(string)0xaaaaf7959350, element=(string)jpegparse0, src=(string)src, time=(guint64)791042, ts=(guint64)11698996690;
0:00:11.713238092 [32m178147[00m 0xfffd90000b70 [37mTRACE  [00m [00;34m          GST_TRACER :0::[00m element-latency, element-id=(string)0xaaaaf7a8dbc0, element=(string)nvjpegdec0, src=(string)src, time=(guint64)14207642, ts=(guint64)11713204332;
0:00:11.737160756 [32m178147[00m 0xfffd90000b70 [37mTRACE  [00m [00;34m          GST_TRACER :0::[00m element-latency, element-id=(string)0xaaaaf7a961f0, element=(string)nvvconv0, src=(string)src, time=(guint64)23923647, ts=(guint64)11737127979;
0:00:11.737213996 [32m178147[00m 0xfffd90000b70 [37mTRACE  [00m [00;34m          GST_TRACER :0::[00m element-latency, element-id=(string)0xaaaaf7b2ada0, element=(string)capsfilter1, src=(string)src, time=(guint64)72425, ts=(guint64)11737200404;
0:00:11.751556444 [32m178147[00m 0xfffd90000de0 [37mTRACE  [00m [00;34m          GST_TRACER :0::[00m element-latency, element-id=(string)0xaaaaf7b17c90, element=(string)nvv4l2h264enc0, src=(string)src, time=(guint64)14326058, ts=(guint64)11751526462;
0:00:11.751774517 [32m178147[00m 0xfffd90000de0 [37mTRACE  [00m [00;34m          GST_TRACER :0::[00m element-latency, element-id=(string)0xaaaaf7b1cb40, element=(string)h264parse0, src=(string)src, time=(guint64)231166, ts=(guint64)11751757628;
0:00:11.763666905 [32m178147[00m 0xfffd90000b70 [37mTRACE  [00m [00;34m          GST_TRACER :0::[00m element-latency, element-id=(string)0xaaaaf7b27740, element=(string)capsfilter0, src=(string)src, time=(guint64)51519, ts=(guint64)11763639155;
0:00:11.764564149 [32m178147[00m 0xfffd90000b70 [37mTRACE  [00m [00;34m          GST_TRACER :0::[00m element-latency, element-id=(string)0xaaaaf7959350, element=(string)jpegparse0, src=(string)src, time=(guint64)907373, ts=(guint64)11764546528;
0:00:11.779154669 [32m178147[00m 0xfffd90000b70 [37mTRACE  [00m [00;34m          GST_TRACER :0::[00m element-latency, element-id=(string)0xaaaaf7a8dbc0, element=(string)nvjpegdec0, src=(string)src, time=(guint64)14564724, ts=(guint64)11779111252;
0:00:11.804308121 [32m178147[00m 0xfffd90000b70 [37mTRACE  [00m [00;34m          GST_TRACER :0::[00m element-latency, element-id=(string)0xaaaaf7a961f0, element=(string)nvvconv0, src=(string)src, time=(guint64)25137398, ts=(guint64)11804248650;
0:00:11.804391556 [32m178147[00m 0xfffd90000b70 [37mTRACE  [00m [00;34m          GST_TRACER :0::[00m element-latency, element-id=(string)0xaaaaf7b2ada0, element=(string)capsfilter1, src=(string)src, time=(guint64)125823, ts=(guint64)11804374473;
0:00:11.818734430 [32m178147[00m 0xfffd90000de0 [37mTRACE  [00m [00;34m          GST_TRACER :0::[00m element-latency, element-id=(string)0xaaaaf7b17c90, element=(string)nvv4l2h264enc0, src=(string)src, time=(guint64)14338568, ts=(guint64)11818713041;
0:00:11.818924688 [32m178147[00m 0xfffd90000de0 [37mTRACE  [00m [00;34m          GST_TRACER :0::[00m element-latency, element-id=(string)0xaaaaf7b1cb40, element=(string)h264parse0, src=(string)src, time=(guint64)197156, ts=(guint64)11818910197;
0:00:11.826261577 [32m178147[00m 0xfffd90000b70 [37mTRACE  [00m [00;34m          GST_TRACER :0::[00m element-latency, element-id=(string)0xaaaaf7b27740, element=(string)capsfilter0, src=(string)src, time=(guint64)32574, ts=(guint64)11826241466;
0:00:11.827143247 [32m178147[00m 0xfffd90000b70 [37mTRACE  [00m [00;34m          GST_TRACER :0::[00m element-latency, element-id=(string)0xaaaaf7959350, element=(string)jpegparse0, src=(string)src, time=(guint64)886827, ts=(guint64)11827128293;
0:00:11.841519055 [32m178147[00m 0xfffd90000b70 [37mTRACE  [00m [00;34m          GST_TRACER :0::[00m element-latency, element-id=(string)0xaaaaf7a8dbc0, element=(string)nvjpegdec0, src=(string)src, time=(guint64)14361096, ts=(guint64)11841489389;
0:00:11.867189135 [32m178147[00m 0xfffd90000b70 [37mTRACE  [00m [00;34m          GST_TRACER :0::[00m element-latency, element-id=(string)0xaaaaf7a961f0, element=(string)nvvconv0, src=(string)src, time=(guint64)25676478, ts=(guint64)11867165867;
0:00:11.867230107 [32m178147[00m 0xfffd90000b70 [37mTRACE  [00m [00;34m          GST_TRACER :0::[00m element-latency, element-id=(string)0xaaaaf7b2ada0, element=(string)capsfilter1, src=(string)src, time=(guint64)55165, ts=(guint64)11867221032;
0:00:11.881559396 [32m178147[00m 0xfffd90000de0 [37mTRACE  [00m [00;34m          GST_TRACER :0::[00m element-latency, element-id=(string)0xaaaaf7b17c90, element=(string)nvv4l2h264enc0, src=(string)src, time=(guint64)14311827, ts=(guint64)11881532859;
0:00:11.881784738 [32m178147[00m 0xfffd90000de0 [37mTRACE  [00m [00;34m          GST_TRACER :0::[00m element-latency, element-id=(string)0xaaaaf7b1cb40, element=(string)h264parse0, src=(string)src, time=(guint64)235666, ts=(guint64)11881768525;
0:00:11.890246046 [32m178147[00m 0xfffd90000b70 [37mTRACE  [00m [00;34m          GST_TRACER :0::[00m element-latency, element-id=(string)0xaaaaf7b27740, element=(string)capsfilter0, src=(string)src, time=(guint64)25556, ts=(guint64)11890231852;
0:00:11.890777125 [32m178147[00m 0xfffd90000b70 [37mTRACE  [00m [00;34m          GST_TRACER :0::[00m element-latency, element-id=(string)0xaaaaf7959350, element=(string)jpegparse0, src=(string)src, time=(guint64)534904, ts=(guint64)11890766756;
0:00:11.904254504 [32m178147[00m 0xfffd90000b70 [37mTRACE  [00m [00;34m          GST_TRACER :0::[00m element-latency, element-id=(string)0xaaaaf7a8dbc0, element=(string)nvjpegdec0, src=(string)src, time=(guint64)13465508, ts=(guint64)11904232264;
0:00:11.929850038 [32m178147[00m 0xfffd90000b70 [37mTRACE  [00m [00;34m          GST_TRACER :0::[00m element-latency, element-id=(string)0xaaaaf7a961f0, element=(string)nvvconv0, src=(string)src, time=(guint64)25575913, ts=(guint64)11929808177;
0:00:11.931426612 [32m178147[00m 0xfffd90000b70 [37mTRACE  [00m [00;34m          GST_TRACER :0::[00m element-latency, element-id=(string)0xaaaaf7b2ada0, element=(string)capsfilter1, src=(string)src, time=(guint64)1601434, ts=(guint64)11931409611;
0:00:11.945735799 [32m178147[00m 0xfffd90000de0 [37mTRACE  [00m [00;34m          GST_TRACER :0::[00m element-latency, element-id=(string)0xaaaaf7b17c90, element=(string)nvv4l2h264enc0, src=(string)src, time=(guint64)14303633, ts=(guint64)11945713244;
0:00:11.945908428 [32m178147[00m 0xfffd90000de0 [37mTRACE  [00m [00;34m          GST_TRACER :0::[00m element-latency, element-id=(string)0xaaaaf7b1cb40, element=(string)h264parse0, src=(string)src, time=(guint64)181758, ts=(guint64)11945895002;
0:00:11.958239296 [32m178147[00m 0xfffd90000b70 [37mTRACE  [00m [00;34m          GST_TRACER :0::[00m element-latency, element-id=(string)0xaaaaf7b27740, element=(string)capsfilter0, src=(string)src, time=(guint64)26759, ts=(guint64)11958224323;
0:00:11.958661857 [32m178147[00m 0xfffd90000b70 [37mTRACE  [00m [00;34m          GST_TRACER :0::[00m element-latency, element-id=(string)0xaaaaf7959350, element=(string)jpegparse0, src=(string)src, time=(guint64)428710, ts=(guint64)11958653033;
0:00:11.971996385 [32m178147[00m 0xfffd90000b70 [37mTRACE  [00m [00;34m          GST_TRACER :0::[00m element-latency, element-id=(string)0xaaaaf7a8dbc0, element=(string)nvjpegdec0, src=(string)src, time=(guint64)13307509, ts=(guint64)11971960542;
0:00:11.997437521 [32m178147[00m 0xfffd90000b70 [37mTRACE  [00m [00;34m          GST_TRACER :0::[00m element-latency, element-id=(string)0xaaaaf7a961f0, element=(string)nvvconv0, src=(string)src, time=(guint64)25448897, ts=(guint64)11997409439;
0:00:11.997482317 [32m178147[00m 0xfffd90000b70 [37mTRACE  [00m [00;34m          GST_TRACER :0::[00m element-latency, element-id=(string)0xaaaaf7b2ada0, element=(string)capsfilter1, src=(string)src, time=(guint64)62647, ts=(guint64)11997472086;
0:00:12.010001220 [32m178147[00m 0xfffd90000de0 [37mTRACE  [00m [00;34m          GST_TRACER :0::[00m element-latency, element-id=(string)0xaaaaf7b17c90, element=(string)nvv4l2h264enc0, src=(string)src, time=(guint64)12502940, ts=(guint64)12009975026;
0:00:12.010199339 [32m178147[00m 0xfffd90000de0 [37mTRACE  [00m [00;34m          GST_TRACER :0::[00m element-latency, element-id=(string)0xaaaaf7b1cb40, element=(string)h264parse0, src=(string)src, time=(guint64)209119, ts=(guint64)12010184145;
0:00:12.022250384 [32m178147[00m 0xfffd90000b70 [37mTRACE  [00m [00;34m          GST_TRACER :0::[00m element-latency, element-id=(string)0xaaaaf7b27740, element=(string)capsfilter0, src=(string)src, time=(guint64)31204, ts=(guint64)12022232069;
0:00:12.022926083 [32m178147[00m 0xfffd90000b70 [37mTRACE  [00m [00;34m          GST_TRACER :0::[00m element-latency, element-id=(string)0xaaaaf7959350, element=(string)jpegparse0, src=(string)src, time=(guint64)683310, ts=(guint64)12022915379;
0:00:12.034623417 [32m178147[00m 0xfffd90000b70 [37mTRACE  [00m [00;34m          GST_TRACER :0::[00m element-latency, element-id=(string)0xaaaaf7a8dbc0, element=(string)nvjpegdec0, src=(string)src, time=(guint64)11672547, ts=(guint64)12034587926;
0:00:12.059008058 [32m178147[00m 0xfffd90000b70 [37mTRACE  [00m [00;34m          GST_TRACER :0::[00m element-latency, element-id=(string)0xaaaaf7a961f0, element=(string)nvvconv0, src=(string)src, time=(guint64)24392226, ts=(guint64)12058980152;
0:00:12.059060521 [32m178147[00m 0xfffd90000b70 [37mTRACE  [00m [00;34m          GST_TRACER :0::[00m element-latency, element-id=(string)0xaaaaf7b2ada0, element=(string)capsfilter1, src=(string)src, time=(guint64)66712, ts=(guint64)12059046864;
0:00:12.070413755 [32m178147[00m 0xfffd90000de0 [37mTRACE  [00m [00;34m          GST_TRACER :0::[00m element-latency, element-id=(string)0xaaaaf7b17c90, element=(string)nvv4l2h264enc0, src=(string)src, time=(guint64)11337993, ts=(guint64)12070384857;
0:00:12.070628994 [32m178147[00m 0xfffd90000de0 [37mTRACE  [00m [00;34m          GST_TRACER :0::[00m element-latency, element-id=(string)0xaaaaf7b1cb40, element=(string)h264parse0, src=(string)src, time=(guint64)227035, ts=(guint64)12070611892;
0:00:12.086276997 [32m178147[00m 0xfffd90000b70 [37mTRACE  [00m [00;34m          GST_TRACER :0::[00m element-latency, element-id=(string)0xaaaaf7b27740, element=(string)capsfilter0, src=(string)src, time=(guint64)39815, ts=(guint64)12086256099;
0:00:12.087028252 [32m178147[00m 0xfffd90000b70 [37mTRACE  [00m [00;34m          GST_TRACER :0::[00m element-latency, element-id=(string)0xaaaaf7959350, element=(string)jpegparse0, src=(string)src, time=(guint64)756866, ts=(guint64)12087012965;
0:00:12.098196931 [32m178147[00m 0xfffd90000b70 [37mTRACE  [00m [00;34m          GST_TRACER :0::[00m element-latency, element-id=(string)0xaaaaf7a8dbc0, element=(string)nvjpegdec0, src=(string)src, time=(guint64)11153938, ts=(guint64)12098166903;
0:00:12.123085561 [32m178147[00m 0xfffd90000b70 [37mTRACE  [00m [00;34m          GST_TRACER :0::[00m element-latency, element-id=(string)0xaaaaf7a961f0, element=(string)nvvconv0, src=(string)src, time=(guint64)24885668, ts=(guint64)12123052571;
0:00:12.123139023 [32m178147[00m 0xfffd90000b70 [37mTRACE  [00m [00;34m          GST_TRACER :0::[00m element-latency, element-id=(string)0xaaaaf7b2ada0, element=(string)capsfilter1, src=(string)src, time=(guint64)72083, ts=(guint64)12123124654;
0:00:12.134092390 [32m178147[00m 0xfffd90000de0 [37mTRACE  [00m [00;34m          GST_TRACER :0::[00m element-latency, element-id=(string)0xaaaaf7b17c90, element=(string)nvv4l2h264enc0, src=(string)src, time=(guint64)10948449, ts=(guint64)12134073103;
0:00:12.134280426 [32m178147[00m 0xfffd90000de0 [37mTRACE  [00m [00;34m          GST_TRACER :0::[00m element-latency, element-id=(string)0xaaaaf7b1cb40, element=(string)h264parse0, src=(string)src, time=(guint64)192249, ts=(guint64)12134265352;
0:00:12.150500898 [32m178147[00m 0xfffd90000b70 [37mTRACE  [00m [00;34m          GST_TRACER :0::[00m element-latency, element-id=(string)0xaaaaf7b27740, element=(string)capsfilter0, src=(string)src, time=(guint64)54778, ts=(guint64)12150471833;
0:00:12.151392790 [32m178147[00m 0xfffd90000b70 [37mTRACE  [00m [00;34m          GST_TRACER :0::[00m element-latency, element-id=(string)0xaaaaf7959350, element=(string)jpegparse0, src=(string)src, time=(guint64)904142, ts=(guint64)12151375975;
0:00:12.162891690 [32m178147[00m 0xfffd90000b70 [37mTRACE  [00m [00;34m          GST_TRACER :0::[00m element-latency, element-id=(string)0xaaaaf7a8dbc0, element=(string)nvjpegdec0, src=(string)src, time=(guint64)11480826, ts=(guint64)12162856801;
0:00:12.187631079 [32m178147[00m 0xfffd90000b70 [37mTRACE  [00m [00;34m          GST_TRACER :0::[00m element-latency, element-id=(string)0xaaaaf7a961f0, element=(string)nvvconv0, src=(string)src, time=(guint64)24743159, ts=(guint64)12187599960;
0:00:12.187775902 [32m178147[00m 0xfffd90000b70 [37mTRACE  [00m [00;34m          GST_TRACER :0::[00m element-latency, element-id=(string)0xaaaaf7b2ada0, element=(string)capsfilter1, src=(string)src, time=(guint64)157416, ts=(guint64)12187757376;
0:00:12.201537057 [32m178147[00m 0xfffd90000de0 [37mTRACE  [00m [00;34m          GST_TRACER :0::[00m element-latency, element-id=(string)0xaaaaf7b17c90, element=(string)nvv4l2h264enc0, src=(string)src, time=(guint64)13752996, ts=(guint64)12201510372;
0:00:12.202096395 [32m178147[00m 0xfffd90000de0 [37mTRACE  [00m [00;34m          GST_TRACER :0::[00m element-latency, element-id=(string)0xaaaaf7b1cb40, element=(string)h264parse0, src=(string)src, time=(guint64)565709, ts=(guint64)12202076081;
0:00:12.218284312 [32m178147[00m 0xfffd90000b70 [37mTRACE  [00m [00;34m          GST_TRACER :0::[00m element-latency, element-id=(string)0xaaaaf7b27740, element=(string)capsfilter0, src=(string)src, time=(guint64)44667, ts=(guint64)12218259507;
0:00:12.219173556 [32m178147[00m 0xfffd90000b70 [37mTRACE  [00m [00;34m          GST_TRACER :0::[00m element-latency, element-id=(string)0xaaaaf7959350, element=(string)jpegparse0, src=(string)src, time=(guint64)897901, ts=(guint64)12219157408;
0:00:12.230666169 [32m178147[00m 0xfffd90000b70 [37mTRACE  [00m [00;34m          GST_TRACER :0::[00m element-latency, element-id=(string)0xaaaaf7a8dbc0, element=(string)nvjpegdec0, src=(string)src, time=(guint64)11479039, ts=(guint64)12230636447;
0:00:12.256088333 [32m178147[00m 0xfffd90000b70 [37mTRACE  [00m [00;34m          GST_TRACER :0::[00m element-latency, element-id=(string)0xaaaaf7a961f0, element=(string)nvvconv0, src=(string)src, time=(guint64)25425460, ts=(guint64)12256061907;
0:00:12.256244378 [32m178147[00m 0xfffd90000b70 [37mTRACE  [00m [00;34m          GST_TRACER :0::[00m element-latency, element-id=(string)0xaaaaf7b2ada0, element=(string)capsfilter1, src=(string)src, time=(guint64)165082, ts=(guint64)12256226989;
0:00:12.268649374 [32m178147[00m 0xfffd90000de0 [37mTRACE  [00m [00;34m          GST_TRACER :0::[00m element-latency, element-id=(string)0xaaaaf7b17c90, element=(string)nvv4l2h264enc0, src=(string)src, time=(guint64)12387229, ts=(guint64)12268614218;
0:00:12.268867419 [32m178147[00m 0xfffd90000de0 [37mTRACE  [00m [00;34m          GST_TRACER :0::[00m element-latency, element-id=(string)0xaaaaf7b1cb40, element=(string)h264parse0, src=(string)src, time=(guint64)235822, ts=(guint64)12268850040;
0:00:12.282318436 [32m178147[00m 0xfffd90000b70 [37mTRACE  [00m [00;34m          GST_TRACER :0::[00m element-latency, element-id=(string)0xaaaaf7b27740, element=(string)capsfilter0, src=(string)src, time=(guint64)59037, ts=(guint64)12282290058;
0:00:12.283261820 [32m178147[00m 0xfffd90000b70 [37mTRACE  [00m [00;34m          GST_TRACER :0::[00m element-latency, element-id=(string)0xaaaaf7959350, element=(string)jpegparse0, src=(string)src, time=(guint64)953401, ts=(guint64)12283243459;
0:00:12.295475123 [32m178147[00m 0xfffd90000b70 [37mTRACE  [00m [00;34m          GST_TRACER :0::[00m element-latency, element-id=(string)0xaaaaf7a8dbc0, element=(string)nvjpegdec0, src=(string)src, time=(guint64)12187933, ts=(guint64)12295431392;
0:00:12.319517370 [32m178147[00m 0xfffd90000b70 [37mTRACE  [00m [00;34m          GST_TRACER :0::[00m element-latency, element-id=(string)0xaaaaf7a961f0, element=(string)nvvconv0, src=(string)src, time=(guint64)24050793, ts=(guint64)12319482185;
0:00:12.319574898 [32m178147[00m 0xfffd90000b70 [37mTRACE  [00m [00;34m          GST_TRACER :0::[00m element-latency, element-id=(string)0xaaaaf7b2ada0, element=(string)capsfilter1, src=(string)src, time=(guint64)77676, ts=(guint64)12319559861;
0:00:12.331152631 [32m178147[00m 0xfffd90000de0 [37mTRACE  [00m [00;34m          GST_TRACER :0::[00m element-latency, element-id=(string)0xaaaaf7b17c90, element=(string)nvv4l2h264enc0, src=(string)src, time=(guint64)11560038, ts=(guint64)12331119899;
0:00:12.331357176 [32m178147[00m 0xfffd90000de0 [37mTRACE  [00m [00;34m          GST_TRACER :0::[00m element-latency, element-id=(string)0xaaaaf7b1cb40, element=(string)h264parse0, src=(string)src, time=(guint64)222722, ts=(guint64)12331342621;
0:00:12.346489367 [32m178147[00m 0xfffd90000b70 [37mTRACE  [00m [00;34m          GST_TRACER :0::[00m element-latency, element-id=(string)0xaaaaf7b27740, element=(string)capsfilter0, src=(string)src, time=(guint64)57907, ts=(guint64)12346462720;
0:00:12.347388649 [32m178147[00m 0xfffd90000b70 [37mTRACE  [00m [00;34m          GST_TRACER :0::[00m element-latency, element-id=(string)0xaaaaf7959350, element=(string)jpegparse0, src=(string)src, time=(guint64)908985, ts=(guint64)12347371705;
0:00:12.360134755 [32m178147[00m 0xfffd90000b70 [37mTRACE  [00m [00;34m          GST_TRACER :0::[00m element-latency, element-id=(string)0xaaaaf7a8dbc0, element=(string)nvjpegdec0, src=(string)src, time=(guint64)12720744, ts=(guint64)12360092449;
0:00:12.384275779 [32m178147[00m 0xfffd90000b70 [37mTRACE  [00m [00;34m          GST_TRACER :0::[00m element-latency, element-id=(string)0xaaaaf7a961f0, element=(string)nvvconv0, src=(string)src, time=(guint64)24151691, ts=(guint64)12384244140;
0:00:12.384332686 [32m178147[00m 0xfffd90000b70 [37mTRACE  [00m [00;34m          GST_TRACER :0::[00m element-latency, element-id=(string)0xaaaaf7b2ada0, element=(string)capsfilter1, src=(string)src, time=(guint64)73185, ts=(guint64)12384317325;
0:00:12.396375703 [32m178147[00m 0xfffd90000de0 [37mTRACE  [00m [00;34m          GST_TRACER :0::[00m element-latency, element-id=(string)0xaaaaf7b17c90, element=(string)nvv4l2h264enc0, src=(string)src, time=(guint64)12027535, ts=(guint64)12396344860;
0:00:12.396581943 [32m178147[00m 0xfffd90000de0 [37mTRACE  [00m [00;34m          GST_TRACER :0::[00m element-latency, element-id=(string)0xaaaaf7b1cb40, element=(string)h264parse0, src=(string)src, time=(guint64)220851, ts=(guint64)12396565711;
0:00:12.410236894 [32m178147[00m 0xfffd90000b70 [37mTRACE  [00m [00;34m          GST_TRACER :0::[00m element-latency, element-id=(string)0xaaaaf7b27740, element=(string)capsfilter0, src=(string)src, time=(guint64)25333, ts=(guint64)12410220264;
0:00:12.411112055 [32m178147[00m 0xfffd90000b70 [37mTRACE  [00m [00;34m          GST_TRACER :0::[00m element-latency, element-id=(string)0xaaaaf7959350, element=(string)jpegparse0, src=(string)src, time=(guint64)875828, ts=(guint64)12411096092;
0:00:12.423845503 [32m178147[00m 0xfffd90000b70 [37mTRACE  [00m [00;34m          GST_TRACER :0::[00m element-latency, element-id=(string)0xaaaaf7a8dbc0, element=(string)nvjpegdec0, src=(string)src, time=(guint64)12705282, ts=(guint64)12423801374;
0:00:12.448504423 [32m178147[00m 0xfffd90000b70 [37mTRACE  [00m [00;34m          GST_TRACER :0::[00m element-latency, element-id=(string)0xaaaaf7a961f0, element=(string)nvvconv0, src=(string)src, time=(guint64)24638076, ts=(guint64)12448439450;
0:00:12.448595209 [32m178147[00m 0xfffd90000b70 [37mTRACE  [00m [00;34m          GST_TRACER :0::[00m element-latency, element-id=(string)0xaaaaf7b2ada0, element=(string)capsfilter1, src=(string)src, time=(guint64)137657, ts=(guint64)12448577107;
0:00:12.461014483 [32m178147[00m 0xfffd90000de0 [37mTRACE  [00m [00;34m          GST_TRACER :0::[00m element-latency, element-id=(string)0xaaaaf7b17c90, element=(string)nvv4l2h264enc0, src=(string)src, time=(guint64)12410487, ts=(guint64)12460987594;
0:00:12.461203704 [32m178147[00m 0xfffd90000de0 [37mTRACE  [00m [00;34m          GST_TRACER :0::[00m element-latency, element-id=(string)0xaaaaf7b1cb40, element=(string)h264parse0, src=(string)src, time=(guint64)202017, ts=(guint64)12461189611;
0:00:12.478468289 [32m178147[00m 0xfffd90000b70 [37mTRACE  [00m [00;34m          GST_TRACER :0::[00m element-latency, element-id=(string)0xaaaaf7b27740, element=(string)capsfilter0, src=(string)src, time=(guint64)59269, ts=(guint64)12478440022;
0:00:12.479391219 [32m178147[00m 0xfffd90000b70 [37mTRACE  [00m [00;34m          GST_TRACER :0::[00m element-latency, element-id=(string)0xaaaaf7959350, element=(string)jpegparse0, src=(string)src, time=(guint64)933457, ts=(guint64)12479373479;
0:00:12.492540989 [32m178147[00m 0xfffd90000b70 [37mTRACE  [00m [00;34m          GST_TRACER :0::[00m element-latency, element-id=(string)0xaaaaf7a8dbc0, element=(string)nvjpegdec0, src=(string)src, time=(guint64)13121380, ts=(guint64)12492494859;
0:00:12.518130754 [32m178147[00m 0xfffd90000b70 [37mTRACE  [00m [00;34m          GST_TRACER :0::[00m element-latency, element-id=(string)0xaaaaf7a961f0, element=(string)nvvconv0, src=(string)src, time=(guint64)25570905, ts=(guint64)12518065764;
0:00:12.518220430 [32m178147[00m 0xfffd90000b70 [37mTRACE  [00m [00;34m          GST_TRACER :0::[00m element-latency, element-id=(string)0xaaaaf7b2ada0, element=(string)capsfilter1, src=(string)src, time=(guint64)137916, ts=(guint64)12518203680;
0:00:12.531207829 [32m178147[00m 0xfffd90000de0 [37mTRACE  [00m [00;34m          GST_TRACER :0::[00m element-latency, element-id=(string)0xaaaaf7b17c90, element=(string)nvv4l2h264enc0, src=(string)src, time=(guint64)12975409, ts=(guint64)12531179089;
0:00:12.531401375 [32m178147[00m 0xfffd90000de0 [37mTRACE  [00m [00;34m          GST_TRACER :0::[00m element-latency, element-id=(string)0xaaaaf7b1cb40, element=(string)h264parse0, src=(string)src, time=(guint64)207600, ts=(guint64)12531386689;
0:00:12.542473323 [32m178147[00m 0xfffd90000b70 [37mTRACE  [00m [00;34m          GST_TRACER :0::[00m element-latency, element-id=(string)0xaaaaf7b27740, element=(string)capsfilter0, src=(string)src, time=(guint64)58158, ts=(guint64)12542444204;
0:00:12.543330892 [32m178147[00m 0xfffd90000b70 [37mTRACE  [00m [00;34m          GST_TRACER :0::[00m element-latency, element-id=(string)0xaaaaf7959350, element=(string)jpegparse0, src=(string)src, time=(guint64)869901, ts=(guint64)12543314105;
0:00:12.557244054 [32m178147[00m 0xfffd90000b70 [37mTRACE  [00m [00;34m          GST_TRACER :0::[00m element-latency, element-id=(string)0xaaaaf7a8dbc0, element=(string)nvjpegdec0, src=(string)src, time=(guint64)13885728, ts=(guint64)12557199833;
0:00:12.581429810 [32m178147[00m 0xfffd90000b70 [37mTRACE  [00m [00;34m          GST_TRACER :0::[00m element-latency, element-id=(string)0xaaaaf7a961f0, element=(string)nvvconv0, src=(string)src, time=(guint64)24189181, ts=(guint64)12581389014;
0:00:12.581494412 [32m178147[00m 0xfffd90000b70 [37mTRACE  [00m [00;34m          GST_TRACER :0::[00m element-latency, element-id=(string)0xaaaaf7b2ada0, element=(string)capsfilter1, src=(string)src, time=(guint64)90852, ts=(guint64)12581479866;
0:00:12.594905504 [32m178147[00m 0xfffd90000de0 [37mTRACE  [00m [00;34m          GST_TRACER :0::[00m element-latency, element-id=(string)0xaaaaf7b17c90, element=(string)nvv4l2h264enc0, src=(string)src, time=(guint64)13403082, ts=(guint64)12594882948;
0:00:12.595087373 [32m178147[00m 0xfffd90000de0 [37mTRACE  [00m [00;34m          GST_TRACER :0::[00m element-latency, element-id=(string)0xaaaaf7b1cb40, element=(string)h264parse0, src=(string)src, time=(guint64)190212, ts=(guint64)12595073160;
0:00:12.606465422 [32m178147[00m 0xfffd90000b70 [37mTRACE  [00m [00;34m          GST_TRACER :0::[00m element-latency, element-id=(string)0xaaaaf7b27740, element=(string)capsfilter0, src=(string)src, time=(guint64)55240, ts=(guint64)12606436996;
0:00:12.607358962 [32m178147[00m 0xfffd90000b70 [37mTRACE  [00m [00;34m          GST_TRACER :0::[00m element-latency, element-id=(string)0xaaaaf7959350, element=(string)jpegparse0, src=(string)src, time=(guint64)905254, ts=(guint64)12607342250;
0:00:12.621844177 [32m178147[00m 0xfffd90000b70 [37mTRACE  [00m [00;34m          GST_TRACER :0::[00m element-latency, element-id=(string)0xaaaaf7a8dbc0, element=(string)nvjpegdec0, src=(string)src, time=(guint64)14459669, ts=(guint64)12621801919;
0:00:12.645853360 [32m178147[00m 0xfffd90000b70 [37mTRACE  [00m [00;34m          GST_TRACER :0::[00m element-latency, element-id=(string)0xaaaaf7a961f0, element=(string)nvvconv0, src=(string)src, time=(guint64)24018210, ts=(guint64)12645820129;
0:00:12.645909609 [32m178147[00m 0xfffd90000b70 [37mTRACE  [00m [00;34m          GST_TRACER :0::[00m element-latency, element-id=(string)0xaaaaf7b2ada0, element=(string)capsfilter1, src=(string)src, time=(guint64)74980, ts=(guint64)12645895109;
0:00:12.660023020 [32m178147[00m 0xfffd90000de0 [37mTRACE  [00m [00;34m          GST_TRACER :0::[00m element-latency, element-id=(string)0xaaaaf7b17c90, element=(string)nvv4l2h264enc0, src=(string)src, time=(guint64)14099662, ts=(guint64)12659994771;
0:00:12.660213908 [32m178147[00m 0xfffd90000de0 [37mTRACE  [00m [00;34m          GST_TRACER :0::[00m element-latency, element-id=(string)0xaaaaf7b1cb40, element=(string)h264parse0, src=(string)src, time=(guint64)205424, ts=(guint64)12660200195;
0:00:12.670467817 [32m178147[00m 0xfffd90000b70 [37mTRACE  [00m [00;34m          GST_TRACER :0::[00m element-latency, element-id=(string)0xaaaaf7b27740, element=(string)capsfilter0, src=(string)src, time=(guint64)49463, ts=(guint64)12670441641;
0:00:12.671309469 [32m178147[00m 0xfffd90000b70 [37mTRACE  [00m [00;34m          GST_TRACER :0::[00m element-latency, element-id=(string)0xaaaaf7959350, element=(string)jpegparse0, src=(string)src, time=(guint64)851226, ts=(guint64)12671292867;
0:00:12.688403185 [32m178147[00m 0xfffd90000b70 [37mTRACE  [00m [00;34m          GST_TRACER :0::[00m element-latency, element-id=(string)0xaaaaf7a8dbc0, element=(string)nvjpegdec0, src=(string)src, time=(guint64)17068282, ts=(guint64)12688361149;
0:00:12.711993528 [32m178147[00m 0xfffd90000b70 [37mTRACE  [00m [00;34m          GST_TRACER :0::[00m element-latency, element-id=(string)0xaaaaf7a961f0, element=(string)nvvconv0, src=(string)src, time=(guint64)23587611, ts=(guint64)12711948760;
0:00:12.712085592 [32m178147[00m 0xfffd90000b70 [37mTRACE  [00m [00;34m          GST_TRACER :0::[00m element-latency, element-id=(string)0xaaaaf7b2ada0, element=(string)capsfilter1, src=(string)src, time=(guint64)120055, ts=(guint64)12712068815;
0:00:12.726725816 [32m178147[00m 0xfffd90000de0 [37mTRACE  [00m [00;34m          GST_TRACER :0::[00m element-latency, element-id=(string)0xaaaaf7b17c90, element=(string)nvv4l2h264enc0, src=(string)src, time=(guint64)14625871, ts=(guint64)12726694686;
0:00:12.726928999 [32m178147[00m 0xfffd90000de0 [37mTRACE  [00m [00;34m          GST_TRACER :0::[00m element-latency, element-id=(string)0xaaaaf7b1cb40, element=(string)h264parse0, src=(string)src, time=(guint64)218119, ts=(guint64)12726912805;
0:00:12.734274879 [32m178147[00m 0xfffd90000b70 [37mTRACE  [00m [00;34m          GST_TRACER :0::[00m element-latency, element-id=(string)0xaaaaf7b27740, element=(string)capsfilter0, src=(string)src, time=(guint64)23981, ts=(guint64)12734258453;
0:00:12.735124615 [32m178147[00m 0xfffd90000b70 [37mTRACE  [00m [00;34m          GST_TRACER :0::[00m element-latency, element-id=(string)0xaaaaf7959350, element=(string)jpegparse0, src=(string)src, time=(guint64)851653, ts=(guint64)12735110106;
0:00:12.749642367 [32m178147[00m 0xfffd90000b70 [37mTRACE  [00m [00;34m          GST_TRACER :0::[00m element-latency, element-id=(string)0xaaaaf7a8dbc0, element=(string)nvjpegdec0, src=(string)src, time=(guint64)14500131, ts=(guint64)12749610237;
0:00:12.773656151 [32m178147[00m 0xfffd90000b70 [37mTRACE  [00m [00;34m          GST_TRACER :0::[00m element-latency, element-id=(string)0xaaaaf7a961f0, element=(string)nvvconv0, src=(string)src, time=(guint64)23983572, ts=(guint64)12773593809;
0:00:12.773729474 [32m178147[00m 0xfffd90000b70 [37mTRACE  [00m [00;34m          GST_TRACER :0::[00m element-latency, element-id=(string)0xaaaaf7b2ada0, element=(string)capsfilter1, src=(string)src, time=(guint64)119517, ts=(guint64)12773713326;
0:00:12.788473753 [32m178147[00m 0xfffd90000de0 [37mTRACE  [00m [00;34m          GST_TRACER :0::[00m element-latency, element-id=(string)0xaaaaf7b17c90, element=(string)nvv4l2h264enc0, src=(string)src, time=(guint64)14733621, ts=(guint64)12788446947;
0:00:12.788663788 [32m178147[00m 0xfffd90000de0 [37mTRACE  [00m [00;34m          GST_TRACER :0::[00m element-latency, element-id=(string)0xaaaaf7b1cb40, element=(string)h264parse0, src=(string)src, time=(guint64)201684, ts=(guint64)12788648631;
0:00:12.802467193 [32m178147[00m 0xfffd90000b70 [37mTRACE  [00m [00;34m          GST_TRACER :0::[00m element-latency, element-id=(string)0xaaaaf7b27740, element=(string)capsfilter0, src=(string)src, time=(guint64)56713, ts=(guint64)12802440156;
0:00:12.803367214 [32m178147[00m 0xfffd90000b70 [37mTRACE  [00m [00;34m          GST_TRACER :0::[00m element-latency, element-id=(string)0xaaaaf7959350, element=(string)jpegparse0, src=(string)src, time=(guint64)910170, ts=(guint64)12803350326;
0:00:12.818585490 [32m178147[00m 0xfffd90000b70 [37mTRACE  [00m [00;34m          GST_TRACER :0::[00m element-latency, element-id=(string)0xaaaaf7a8dbc0, element=(string)nvjpegdec0, src=(string)src, time=(guint64)15196562, ts=(guint64)12818546888;
0:00:12.844197366 [32m178147[00m 0xfffd90000b70 [37mTRACE  [00m [00;34m          GST_TRACER :0::[00m element-latency, element-id=(string)0xaaaaf7a961f0, element=(string)nvvconv0, src=(string)src, time=(guint64)25619154, ts=(guint64)12844166042;
0:00:12.844250885 [32m178147[00m 0xfffd90000b70 [37mTRACE  [00m [00;34m          GST_TRACER :0::[00m element-latency, element-id=(string)0xaaaaf7b2ada0, element=(string)capsfilter1, src=(string)src, time=(guint64)70602, ts=(guint64)12844236644;
0:00:12.863417810 [32m178147[00m 0xfffd90000de0 [37mTRACE  [00m [00;34m          GST_TRACER :0::[00m element-latency, element-id=(string)0xaaaaf7b17c90, element=(string)nvv4l2h264enc0, src=(string)src, time=(guint64)19152583, ts=(guint64)12863389227;
0:00:12.863993465 [32m178147[00m 0xfffd90000de0 [37mTRACE  [00m [00;34m          GST_TRACER :0::[00m element-latency, element-id=(string)0xaaaaf7b1cb40, element=(string)h264parse0, src=(string)src, time=(guint64)581997, ts=(guint64)12863971224;
0:00:12.866472939 [32m178147[00m 0xfffd90000b70 [37mTRACE  [00m [00;34m          GST_TRACER :0::[00m element-latency, element-id=(string)0xaaaaf7b27740, element=(string)capsfilter0, src=(string)src, time=(guint64)57398, ts=(guint64)12866443875;
0:00:12.867373230 [32m178147[00m 0xfffd90000b70 [37mTRACE  [00m [00;34m          GST_TRACER :0::[00m element-latency, element-id=(string)0xaaaaf7959350, element=(string)jpegparse0, src=(string)src, time=(guint64)910911, ts=(guint64)12867354786;
0:00:12.883578545 [32m178147[00m 0xfffd90000b70 [37mTRACE  [00m [00;34m          GST_TRACER :0::[00m element-latency, element-id=(string)0xaaaaf7a8dbc0, element=(string)nvjpegdec0, src=(string)src, time=(guint64)16183185, ts=(guint64)12883537971;
0:00:12.908547879 [32m178147[00m 0xfffd90000b70 [37mTRACE  [00m [00;34m          GST_TRACER :0::[00m element-latency, element-id=(string)0xaaaaf7a961f0, element=(string)nvvconv0, src=(string)src, time=(guint64)24946131, ts=(guint64)12908484102;
0:00:12.908637462 [32m178147[00m 0xfffd90000b70 [37mTRACE  [00m [00;34m          GST_TRACER :0::[00m element-latency, element-id=(string)0xaaaaf7b2ada0, element=(string)capsfilter1, src=(string)src, time=(guint64)136693, ts=(guint64)12908620795;
0:00:12.924727092 [32m178147[00m 0xfffd90000de0 [37mTRACE  [00m [00;34m          GST_TRACER :0::[00m element-latency, element-id=(string)0xaaaaf7b17c90, element=(string)nvv4l2h264enc0, src=(string)src, time=(guint64)16070891, ts=(guint64)12924691686;
0:00:12.924939832 [32m178147[00m 0xfffd90000de0 [37mTRACE  [00m [00;34m          GST_TRACER :0::[00m element-latency, element-id=(string)0xaaaaf7b1cb40, element=(string)h264parse0, src=(string)src, time=(guint64)232202, ts=(guint64)12924923888;
0:00:12.930313206 [32m178147[00m 0xfffd90000b70 [37mTRACE  [00m [00;34m          GST_TRACER :0::[00m element-latency, element-id=(string)0xaaaaf7b27740, element=(string)capsfilter0, src=(string)src, time=(guint64)55407, ts=(guint64)12930285039;
0:00:12.931221561 [32m178147[00m 0xfffd90000b70 [37mTRACE  [00m [00;34m          GST_TRACER :0::[00m element-latency, element-id=(string)0xaaaaf7959350, element=(string)jpegparse0, src=(string)src, time=(guint64)919597, ts=(guint64)12931204636;
0:00:12.948062326 [32m178147[00m 0xfffd90000b70 [37mTRACE  [00m [00;34m          GST_TRACER :0::[00m element-latency, element-id=(string)0xaaaaf7a8dbc0, element=(string)nvjpegdec0, src=(string)src, time=(guint64)16813699, ts=(guint64)12948018335;
0:00:12.972582821 [32m178147[00m 0xfffd90000b70 [37mTRACE  [00m [00;34m          GST_TRACER :0::[00m element-latency, element-id=(string)0xaaaaf7a961f0, element=(string)nvvconv0, src=(string)src, time=(guint64)24529310, ts=(guint64)12972547645;
0:00:12.972639635 [32m178147[00m 0xfffd90000b70 [37mTRACE  [00m [00;34m          GST_TRACER :0::[00m element-latency, element-id=(string)0xaaaaf7b2ada0, element=(string)capsfilter1, src=(string)src, time=(guint64)77074, ts=(guint64)12972624719;
0:00:12.989463993 [32m178147[00m 0xfffd90000de0 [37mTRACE  [00m [00;34m          GST_TRACER :0::[00m element-latency, element-id=(string)0xaaaaf7b17c90, element=(string)nvv4l2h264enc0, src=(string)src, time=(guint64)16807533, ts=(guint64)12989432252;
0:00:12.989685750 [32m178147[00m 0xfffd90000de0 [37mTRACE  [00m [00;34m          GST_TRACER :0::[00m element-latency, element-id=(string)0xaaaaf7b1cb40, element=(string)h264parse0, src=(string)src, time=(guint64)238304, ts=(guint64)12989670556;
0:00:12.994487618 [32m178147[00m 0xfffd90000b70 [37mTRACE  [00m [00;34m          GST_TRACER :0::[00m element-latency, element-id=(string)0xaaaaf7b27740, element=(string)capsfilter0, src=(string)src, time=(guint64)56860, ts=(guint64)12994458201;
0:00:12.995384677 [32m178147[00m 0xfffd90000b70 [37mTRACE  [00m [00;34m          GST_TRACER :0::[00m element-latency, element-id=(string)0xaaaaf7959350, element=(string)jpegparse0, src=(string)src, time=(guint64)909671, ts=(guint64)12995367872;
0:00:13.012587098 [32m178147[00m 0xfffd90000b70 [37mTRACE  [00m [00;34m          GST_TRACER :0::[00m element-latency, element-id=(string)0xaaaaf7a8dbc0, element=(string)nvjpegdec0, src=(string)src, time=(guint64)17174503, ts=(guint64)13012542375;
0:00:13.036664140 [32m178147[00m 0xfffd90000b70 [37mTRACE  [00m [00;34m          GST_TRACER :0::[00m element-latency, element-id=(string)0xaaaaf7a961f0, element=(string)nvvconv0, src=(string)src, time=(guint64)24079739, ts=(guint64)13036622114;
0:00:13.036724002 [32m178147[00m 0xfffd90000b70 [37mTRACE  [00m [00;34m          GST_TRACER :0::[00m element-latency, element-id=(string)0xaaaaf7b2ada0, element=(string)capsfilter1, src=(string)src, time=(guint64)86739, ts=(guint64)13036708853;
0:00:13.054332872 [32m178147[00m 0xfffd90000de0 [37mTRACE  [00m [00;34m          GST_TRACER :0::[00m element-latency, element-id=(string)0xaaaaf7b17c90, element=(string)nvv4l2h264enc0, src=(string)src, time=(guint64)17596344, ts=(guint64)13054305197;
0:00:13.054524825 [32m178147[00m 0xfffd90000de0 [37mTRACE  [00m [00;34m          GST_TRACER :0::[00m element-latency, element-id=(string)0xaaaaf7b1cb40, element=(string)h264parse0, src=(string)src, time=(guint64)205146, ts=(guint64)13054510343;
0:00:13.062212675 [32m178147[00m 0xfffd90000b70 [37mTRACE  [00m [00;34m          GST_TRACER :0::[00m element-latency, element-id=(string)0xaaaaf7b27740, element=(string)capsfilter0, src=(string)src, time=(guint64)22926, ts=(guint64)13062195879;
0:00:13.063080707 [32m178147[00m 0xfffd90000b70 [37mTRACE  [00m [00;34m          GST_TRACER :0::[00m element-latency, element-id=(string)0xaaaaf7959350, element=(string)jpegparse0, src=(string)src, time=(guint64)869550, ts=(guint64)13063065429;
0:00:13.080492847 [32m178147[00m 0xfffd90000b70 [37mTRACE  [00m [00;34m          GST_TRACER :0::[00m element-latency, element-id=(string)0xaaaaf7a8dbc0, element=(string)nvjpegdec0, src=(string)src, time=(guint64)17386705, ts=(guint64)13080452134;
0:00:13.105491339 [32m178147[00m 0xfffd90000b70 [37mTRACE  [00m [00;34m          GST_TRACER :0::[00m element-latency, element-id=(string)0xaaaaf7a961f0, element=(string)nvvconv0, src=(string)src, time=(guint64)25004242, ts=(guint64)13105456376;
0:00:13.105547329 [32m178147[00m 0xfffd90000b70 [37mTRACE  [00m [00;34m          GST_TRACER :0::[00m element-latency, element-id=(string)0xaaaaf7b2ada0, element=(string)capsfilter1, src=(string)src, time=(guint64)75481, ts=(guint64)13105531857;
0:00:13.123187330 [32m178147[00m 0xfffd90000de0 [37mTRACE  [00m [00;34m          GST_TRACER :0::[00m element-latency, element-id=(string)0xaaaaf7b17c90, element=(string)nvv4l2h264enc0, src=(string)src, time=(guint64)17625945, ts=(guint64)13123157802;
0:00:13.123388042 [32m178147[00m 0xfffd90000de0 [37mTRACE  [00m [00;34m          GST_TRACER :0::[00m element-latency, element-id=(string)0xaaaaf7b1cb40, element=(string)h264parse0, src=(string)src, time=(guint64)214832, ts=(guint64)13123372634;
0:00:13.126474086 [32m178147[00m 0xfffd90000b70 [37mTRACE  [00m [00;34m          GST_TRACER :0::[00m element-latency, element-id=(string)0xaaaaf7b27740, element=(string)capsfilter0, src=(string)src, time=(guint64)60305, ts=(guint64)13126446198;
0:00:13.127339646 [32m178147[00m 0xfffd90000b70 [37mTRACE  [00m [00;34m          GST_TRACER :0::[00m element-latency, element-id=(string)0xaaaaf7959350, element=(string)jpegparse0, src=(string)src, time=(guint64)876337, ts=(guint64)13127322535;
0:00:13.143647081 [32m178147[00m 0xfffd90000b70 [37mTRACE  [00m [00;34m          GST_TRACER :0::[00m element-latency, element-id=(string)0xaaaaf7a8dbc0, element=(string)nvjpegdec0, src=(string)src, time=(guint64)16280592, ts=(guint64)13143603127;
0:00:13.169669184 [32m178147[00m 0xfffd90000b70 [37mTRACE  [00m [00;34m          GST_TRACER :0::[00m element-latency, element-id=(string)0xaaaaf7a961f0, element=(string)nvvconv0, src=(string)src, time=(guint64)26004947, ts=(guint64)13169608074;
0:00:13.169780045 [32m178147[00m 0xfffd90000b70 [37mTRACE  [00m [00;34m          GST_TRACER :0::[00m element-latency, element-id=(string)0xaaaaf7b2ada0, element=(string)capsfilter1, src=(string)src, time=(guint64)153971, ts=(guint64)13169762045;
0:00:13.184591841 [32m178147[00m 0xfffd90000de0 [37mTRACE  [00m [00;34m          GST_TRACER :0::[00m element-latency, element-id=(string)0xaaaaf7b17c90, element=(string)nvv4l2h264enc0, src=(string)src, time=(guint64)14799453, ts=(guint64)13184561498;
0:00:13.184783505 [32m178147[00m 0xfffd90000de0 [37mTRACE  [00m [00;34m          GST_TRACER :0::[00m element-latency, element-id=(string)0xaaaaf7b1cb40, element=(string)h264parse0, src=(string)src, time=(guint64)208258, ts=(guint64)13184769756;
0:00:13.190472155 [32m178147[00m 0xfffd90000b70 [37mTRACE  [00m [00;34m          GST_TRACER :0::[00m element-latency, element-id=(string)0xaaaaf7b27740, element=(string)capsfilter0, src=(string)src, time=(guint64)58945, ts=(guint64)13190443702;
0:00:13.191375686 [32m178147[00m 0xfffd90000b70 [37mTRACE  [00m [00;34m          GST_TRACER :0::[00m element-latency, element-id=(string)0xaaaaf7959350, element=(string)jpegparse0, src=(string)src, time=(guint64)914790, ts=(guint64)13191358492;
0:00:13.206150028 [32m178147[00m 0xfffd90000b70 [37mTRACE  [00m [00;34m          GST_TRACER :0::[00m element-latency, element-id=(string)0xaaaaf7a8dbc0, element=(string)nvjpegdec0, src=(string)src, time=(guint64)14758982, ts=(guint64)13206117474;
0:00:13.231101529 [32m178147[00m 0xfffd90000b70 [37mTRACE  [00m [00;34m          GST_TRACER :0::[00m element-latency, element-id=(string)0xaaaaf7a961f0, element=(string)nvvconv0, src=(string)src, time=(guint64)24949907, ts=(guint64)13231067381;
0:00:13.231158000 [32m178147[00m 0xfffd90000b70 [37mTRACE  [00m [00;34m          GST_TRACER :0::[00m element-latency, element-id=(string)0xaaaaf7b2ada0, element=(string)capsfilter1, src=(string)src, time=(guint64)75888, ts=(guint64)13231143269;
0:00:13.245929471 [32m178147[00m 0xfffd90000de0 [37mTRACE  [00m [00;34m          GST_TRACER :0::[00m element-latency, element-id=(string)0xaaaaf7b17c90, element=(string)nvv4l2h264enc0, src=(string)src, time=(guint64)14759666, ts=(guint64)13245902935;
0:00:13.246119943 [32m178147[00m 0xfffd90000de0 [37mTRACE  [00m [00;34m          GST_TRACER :0::[00m element-latency, element-id=(string)0xaaaaf7b1cb40, element=(string)h264parse0, src=(string)src, time=(guint64)202072, ts=(guint64)13246105007;
0:00:13.254217569 [32m178147[00m 0xfffd90000b70 [37mTRACE  [00m [00;34m          GST_TRACER :0::[00m element-latency, element-id=(string)0xaaaaf7b27740, element=(string)capsfilter0, src=(string)src, time=(guint64)21333, ts=(guint64)13254201087;
0:00:13.255090711 [32m178147[00m 0xfffd90000b70 [37mTRACE  [00m [00;34m          GST_TRACER :0::[00m element-latency, element-id=(string)0xaaaaf7959350, element=(string)jpegparse0, src=(string)src, time=(guint64)874661, ts=(guint64)13255075748;
0:00:13.272200381 [32m178147[00m 0xfffd90000b70 [37mTRACE  [00m [00;34m          GST_TRACER :0::[00m element-latency, element-id=(string)0xaaaaf7a8dbc0, element=(string)nvjpegdec0, src=(string)src, time=(guint64)17080541, ts=(guint64)13272156289;
0:00:13.298269023 [32m178147[00m 0xfffd90000b70 [37mTRACE  [00m [00;34m          GST_TRACER :0::[00m element-latency, element-id=(string)0xaaaaf7a961f0, element=(string)nvvconv0, src=(string)src, time=(guint64)26048401, ts=(guint64)13298204690;
0:00:13.298361078 [32m178147[00m 0xfffd90000b70 [37mTRACE  [00m [00;34m          GST_TRACER :0::[00m element-latency, element-id=(string)0xaaaaf7b2ada0, element=(string)capsfilter1, src=(string)src, time=(guint64)139434, ts=(guint64)13298344124;
0:00:13.313123662 [32m178147[00m 0xfffd90000de0 [37mTRACE  [00m [00;34m          GST_TRACER :0::[00m element-latency, element-id=(string)0xaaaaf7b17c90, element=(string)nvv4l2h264enc0, src=(string)src, time=(guint64)14753436, ts=(guint64)13313097560;
0:00:13.313332614 [32m178147[00m 0xfffd90000de0 [37mTRACE  [00m [00;34m          GST_TRACER :0::[00m element-latency, element-id=(string)0xaaaaf7b1cb40, element=(string)h264parse0, src=(string)src, time=(guint64)220536, ts=(guint64)13313318096;
0:00:13.322475436 [32m178147[00m 0xfffd90000b70 [37mTRACE  [00m [00;34m          GST_TRACER :0::[00m element-latency, element-id=(string)0xaaaaf7b27740, element=(string)capsfilter0, src=(string)src, time=(guint64)59352, ts=(guint64)13322447557;
0:00:13.323407495 [32m178147[00m 0xfffd90000b70 [37mTRACE  [00m [00;34m          GST_TRACER :0::[00m element-latency, element-id=(string)0xaaaaf7959350, element=(string)jpegparse0, src=(string)src, time=(guint64)941697, ts=(guint64)13323389254;
0:00:13.338478161 [32m178147[00m 0xfffd90000b70 [37mTRACE  [00m [00;34m          GST_TRACER :0::[00m element-latency, element-id=(string)0xaaaaf7a8dbc0, element=(string)nvjpegdec0, src=(string)src, time=(guint64)15044166, ts=(guint64)13338433420;
0:00:13.363722437 [32m178147[00m 0xfffd90000b70 [37mTRACE  [00m [00;34m          GST_TRACER :0::[00m element-latency, element-id=(string)0xaaaaf7a961f0, element=(string)nvvconv0, src=(string)src, time=(guint64)25222915, ts=(guint64)13363656335;
0:00:13.363811843 [32m178147[00m 0xfffd90000b70 [37mTRACE  [00m [00;34m          GST_TRACER :0::[00m element-latency, element-id=(string)0xaaaaf7b2ada0, element=(string)capsfilter1, src=(string)src, time=(guint64)138713, ts=(guint64)13363795048;
0:00:13.378612936 [32m178147[00m 0xfffd90000de0 [37mTRACE  [00m [00;34m          GST_TRACER :0::[00m element-latency, element-id=(string)0xaaaaf7b17c90, element=(string)nvv4l2h264enc0, src=(string)src, time=(guint64)14786731, ts=(guint64)13378581779;
0:00:13.378804814 [32m178147[00m 0xfffd90000de0 [37mTRACE  [00m [00;34m          GST_TRACER :0::[00m element-latency, element-id=(string)0xaaaaf7b1cb40, element=(string)h264parse0, src=(string)src, time=(guint64)209730, ts=(guint64)13378791509;
0:00:13.386463220 [32m178147[00m 0xfffd90000b70 [37mTRACE  [00m [00;34m          GST_TRACER :0::[00m element-latency, element-id=(string)0xaaaaf7b27740, element=(string)capsfilter0, src=(string)src, time=(guint64)59119, ts=(guint64)13386434266;
0:00:13.387363373 [32m178147[00m 0xfffd90000b70 [37mTRACE  [00m [00;34m          GST_TRACER :0::[00m element-latency, element-id=(string)0xaaaaf7959350, element=(string)jpegparse0, src=(string)src, time=(guint64)911634, ts=(guint64)13387345900;
0:00:13.402816849 [32m178147[00m 0xfffd90000b70 [37mTRACE  [00m [00;34m          GST_TRACER :0::[00m element-latency, element-id=(string)0xaaaaf7a8dbc0, element=(string)nvjpegdec0, src=(string)src, time=(guint64)15424783, ts=(guint64)13402770683;
0:00:13.428160773 [32m178147[00m 0xfffd90000b70 [37mTRACE  [00m [00;34m          GST_TRACER :0::[00m element-latency, element-id=(string)0xaaaaf7a961f0, element=(string)nvvconv0, src=(string)src, time=(guint64)25328277, ts=(guint64)13428098960;
0:00:13.428253884 [32m178147[00m 0xfffd90000b70 [37mTRACE  [00m [00;34m          GST_TRACER :0::[00m element-latency, element-id=(string)0xaaaaf7b2ada0, element=(string)capsfilter1, src=(string)src, time=(guint64)138119, ts=(guint64)13428237079;
0:00:13.443075023 [32m178147[00m 0xfffd90000de0 [37mTRACE  [00m [00;34m          GST_TRACER :0::[00m element-latency, element-id=(string)0xaaaaf7b17c90, element=(string)nvv4l2h264enc0, src=(string)src, time=(guint64)14804139, ts=(guint64)13443041218;
0:00:13.443271114 [32m178147[00m 0xfffd90000de0 [37mTRACE  [00m [00;34m          GST_TRACER :0::[00m element-latency, element-id=(string)0xaaaaf7b1cb40, element=(string)h264parse0, src=(string)src, time=(guint64)216554, ts=(guint64)13443257772;
0:00:13.450471337 [32m178147[00m 0xfffd90000b70 [37mTRACE  [00m [00;34m          GST_TRACER :0::[00m element-latency, element-id=(string)0xaaaaf7b27740, element=(string)capsfilter0, src=(string)src, time=(guint64)58842, ts=(guint64)13450442847;
0:00:13.451424915 [32m178147[00m 0xfffd90000b70 [37mTRACE  [00m [00;34m          GST_TRACER :0::[00m element-latency, element-id=(string)0xaaaaf7959350, element=(string)jpegparse0, src=(string)src, time=(guint64)964595, ts=(guint64)13451407442;
0:00:13.466472923 [32m178147[00m 0xfffd90000b70 [37mTRACE  [00m [00;34m          GST_TRACER :0::[00m element-latency, element-id=(string)0xaaaaf7a8dbc0, element=(string)nvjpegdec0, src=(string)src, time=(guint64)15020721, ts=(guint64)13466428163;
0:00:13.491721468 [32m178147[00m 0xfffd90000b70 [37mTRACE  [00m [00;34m          GST_TRACER :0::[00m element-latency, element-id=(string)0xaaaaf7a961f0, element=(string)nvvconv0, src=(string)src, time=(guint64)25223167, ts=(guint64)13491651330;
0:00:13.491816004 [32m178147[00m 0xfffd90000b70 [37mTRACE  [00m [00;34m          GST_TRACER :0::[00m element-latency, element-id=(string)0xaaaaf7b2ada0, element=(string)capsfilter1, src=(string)src, time=(guint64)146675, ts=(guint64)13491798005;
0:00:13.510450036 [32m178147[00m 0xfffd90000de0 [37mTRACE  [00m [00;34m          GST_TRACER :0::[00m element-latency, element-id=(string)0xaaaaf7b17c90, element=(string)nvv4l2h264enc0, src=(string)src, time=(guint64)18620938, ts=(guint64)13510418943;
0:00:13.510924922 [32m178147[00m 0xfffd90000de0 [37mTRACE  [00m [00;34m          GST_TRACER :0::[00m element-latency, element-id=(string)0xaaaaf7b1cb40, element=(string)h264parse0, src=(string)src, time=(guint64)489136, ts=(guint64)13510908079;
0:00:13.514478232 [32m178147[00m 0xfffd90000b70 [37mTRACE  [00m [00;34m          GST_TRACER :0::[00m element-latency, element-id=(string)0xaaaaf7b27740, element=(string)capsfilter0, src=(string)src, time=(guint64)56888, ts=(guint64)13514450723;
0:00:13.515327514 [32m178147[00m 0xfffd90000b70 [37mTRACE  [00m [00;34m          GST_TRACER :0::[00m element-latency, element-id=(string)0xaaaaf7959350, element=(string)jpegparse0, src=(string)src, time=(guint64)859986, ts=(guint64)13515310709;
0:00:13.530278513 [32m178147[00m 0xfffd90000b70 [37mTRACE  [00m [00;34m          GST_TRACER :0::[00m element-latency, element-id=(string)0xaaaaf7a8dbc0, element=(string)nvjpegdec0, src=(string)src, time=(guint64)14926304, ts=(guint64)13530237013;
0:00:13.553813356 [32m178147[00m 0xfffd90000b70 [37mTRACE  [00m [00;34m          GST_TRACER :0::[00m element-latency, element-id=(string)0xaaaaf7a961f0, element=(string)nvvconv0, src=(string)src, time=(guint64)23540824, ts=(guint64)13553777837;
0:00:13.553871902 [32m178147[00m 0xfffd90000b70 [37mTRACE  [00m [00;34m          GST_TRACER :0::[00m element-latency, element-id=(string)0xaaaaf7b2ada0, element=(string)capsfilter1, src=(string)src, time=(guint64)79713, ts=(guint64)13553857550;
0:00:13.566697608 [32m178147[00m 0xfffd90000de0 [37mTRACE  [00m [00;34m          GST_TRACER :0::[00m element-latency, element-id=(string)0xaaaaf7b17c90, element=(string)nvv4l2h264enc0, src=(string)src, time=(guint64)12812300, ts=(guint64)13566669850;
0:00:13.566887394 [32m178147[00m 0xfffd90000de0 [37mTRACE  [00m [00;34m          GST_TRACER :0::[00m element-latency, element-id=(string)0xaaaaf7b1cb40, element=(string)h264parse0, src=(string)src, time=(guint64)203655, ts=(guint64)13566873505;
0:00:13.578499905 [32m178147[00m 0xfffd90000b70 [37mTRACE  [00m [00;34m          GST_TRACER :0::[00m element-latency, element-id=(string)0xaaaaf7b27740, element=(string)capsfilter0, src=(string)src, time=(guint64)59434, ts=(guint64)13578471618;
0:00:13.579403113 [32m178147[00m 0xfffd90000b70 [37mTRACE  [00m [00;34m          GST_TRACER :0::[00m element-latency, element-id=(string)0xaaaaf7959350, element=(string)jpegparse0, src=(string)src, time=(guint64)913698, ts=(guint64)13579385316;
0:00:13.590979170 [32m178147[00m 0xfffd90000b70 [37mTRACE  [00m [00;34m          GST_TRACER :0::[00m element-latency, element-id=(string)0xaaaaf7a8dbc0, element=(string)nvjpegdec0, src=(string)src, time=(guint64)11549492, ts=(guint64)13590934808;
0:00:13.616121178 [32m178147[00m 0xfffd90000b70 [37mTRACE  [00m [00;34m          GST_TRACER :0::[00m element-latency, element-id=(string)0xaaaaf7a961f0, element=(string)nvvconv0, src=(string)src, time=(guint64)25118797, ts=(guint64)13616053605;
0:00:13.616233464 [32m178147[00m 0xfffd90000b70 [37mTRACE  [00m [00;34m          GST_TRACER :0::[00m element-latency, element-id=(string)0xaaaaf7b2ada0, element=(string)capsfilter1, src=(string)src, time=(guint64)161814, ts=(guint64)13616215419;
0:00:13.626326651 [32m178147[00m 0xfffd90000de0 [37mTRACE  [00m [00;34m          GST_TRACER :0::[00m element-latency, element-id=(string)0xaaaaf7b17c90, element=(string)nvv4l2h264enc0, src=(string)src, time=(guint64)10093297, ts=(guint64)13626308716;
0:00:13.626499299 [32m178147[00m 0xfffd90000de0 [37mTRACE  [00m [00;34m          GST_TRACER :0::[00m element-latency, element-id=(string)0xaaaaf7b1cb40, element=(string)h264parse0, src=(string)src, time=(guint64)177944, ts=(guint64)13626486660;
0:00:13.646458330 [32m178147[00m 0xfffd90000b70 [37mTRACE  [00m [00;34m          GST_TRACER :0::[00m element-latency, element-id=(string)0xaaaaf7b27740, element=(string)capsfilter0, src=(string)src, time=(guint64)58778, ts=(guint64)13646430627;
0:00:13.647307482 [32m178147[00m 0xfffd90000b70 [37mTRACE  [00m [00;34m          GST_TRACER :0::[00m element-latency, element-id=(string)0xaaaaf7959350, element=(string)jpegparse0, src=(string)src, time=(guint64)859910, ts=(guint64)13647290537;
0:00:13.657935295 [32m178147[00m 0xfffd90000b70 [37mTRACE  [00m [00;34m          GST_TRACER :0::[00m element-latency, element-id=(string)0xaaaaf7a8dbc0, element=(string)nvjpegdec0, src=(string)src, time=(guint64)10611249, ts=(guint64)13657901786;
0:00:13.683298430 [32m178147[00m 0xfffd90000b70 [37mTRACE  [00m [00;34m          GST_TRACER :0::[00m element-latency, element-id=(string)0xaaaaf7a961f0, element=(string)nvvconv0, src=(string)src, time=(guint64)25327062, ts=(guint64)13683228848;
0:00:13.683390699 [32m178147[00m 0xfffd90000b70 [37mTRACE  [00m [00;34m          GST_TRACER :0::[00m element-latency, element-id=(string)0xaaaaf7b2ada0, element=(string)capsfilter1, src=(string)src, time=(guint64)144332, ts=(guint64)13683373180;
0:00:13.693486838 [32m178147[00m 0xfffd90000de0 [37mTRACE  [00m [00;34m          GST_TRACER :0::[00m element-latency, element-id=(string)0xaaaaf7b17c90, element=(string)nvv4l2h264enc0, src=(string)src, time=(guint64)10098641, ts=(guint64)13693471821;
0:00:13.693661115 [32m178147[00m 0xfffd90000de0 [37mTRACE  [00m [00;34m          GST_TRACER :0::[00m element-latency, element-id=(string)0xaaaaf7b1cb40, element=(string)h264parse0, src=(string)src, time=(guint64)176692, ts=(guint64)13693648513;
0:00:13.710458732 [32m178147[00m 0xfffd90000b70 [37mTRACE  [00m [00;34m          GST_TRACER :0::[00m element-latency, element-id=(string)0xaaaaf7b27740, element=(string)capsfilter0, src=(string)src, time=(guint64)56685, ts=(guint64)13710430713;
0:00:13.711352309 [32m178147[00m 0xfffd90000b70 [37mTRACE  [00m [00;34m          GST_TRACER :0::[00m element-latency, element-id=(string)0xaaaaf7959350, element=(string)jpegparse0, src=(string)src, time=(guint64)905485, ts=(guint64)13711336198;
0:00:13.722053084 [32m178147[00m 0xfffd90000b70 [37mTRACE  [00m [00;34m          GST_TRACER :0::[00m element-latency, element-id=(string)0xaaaaf7a8dbc0, element=(string)nvjpegdec0, src=(string)src, time=(guint64)10685812, ts=(guint64)13722022010;
0:00:13.747312915 [32m178147[00m 0xfffd90000b70 [37mTRACE  [00m [00;34m          GST_TRACER :0::[00m element-latency, element-id=(string)0xaaaaf7a961f0, element=(string)nvvconv0, src=(string)src, time=(guint64)25239073, ts=(guint64)13747261083;
0:00:13.747387887 [32m178147[00m 0xfffd90000b70 [37mTRACE  [00m [00;34m          GST_TRACER :0::[00m element-latency, element-id=(string)0xaaaaf7b2ada0, element=(string)capsfilter1, src=(string)src, time=(guint64)109666, ts=(guint64)13747370749;
0:00:13.757608749 [32m178147[00m 0xfffd90000de0 [37mTRACE  [00m [00;34m          GST_TRACER :0::[00m element-latency, element-id=(string)0xaaaaf7b17c90, element=(string)nvv4l2h264enc0, src=(string)src, time=(guint64)10188482, ts=(guint64)13757559231;
0:00:13.757864766 [32m178147[00m 0xfffd90000de0 [37mTRACE  [00m [00;34m          GST_TRACER :0::[00m element-latency, element-id=(string)0xaaaaf7b1cb40, element=(string)h264parse0, src=(string)src, time=(guint64)290887, ts=(guint64)13757850118;
0:00:13.774474551 [32m178147[00m 0xfffd90000b70 [37mTRACE  [00m [00;34m          GST_TRACER :0::[00m element-latency, element-id=(string)0xaaaaf7b27740, element=(string)capsfilter0, src=(string)src, time=(guint64)60295, ts=(guint64)13774445625;
0:00:13.775379221 [32m178147[00m 0xfffd90000b70 [37mTRACE  [00m [00;34m          GST_TRACER :0::[00m element-latency, element-id=(string)0xaaaaf7959350, element=(string)jpegparse0, src=(string)src, time=(guint64)916790, ts=(guint64)13775362415;
0:00:13.786337357 [32m178147[00m 0xfffd90000b70 [37mTRACE  [00m [00;34m          GST_TRACER :0::[00m element-latency, element-id=(string)0xaaaaf7a8dbc0, element=(string)nvjpegdec0, src=(string)src, time=(guint64)10931738, ts=(guint64)13786294153;
0:00:13.811120118 [32m178147[00m 0xfffd90000b70 [37mTRACE  [00m [00;34m          GST_TRACER :0::[00m element-latency, element-id=(string)0xaaaaf7a961f0, element=(string)nvvconv0, src=(string)src, time=(guint64)24790002, ts=(guint64)13811084155;
0:00:13.811177377 [32m178147[00m 0xfffd90000b70 [37mTRACE  [00m [00;34m          GST_TRACER :0::[00m element-latency, element-id=(string)0xaaaaf7b2ada0, element=(string)capsfilter1, src=(string)src, time=(guint64)79064, ts=(guint64)13811163219;
0:00:13.821409479 [32m178147[00m 0xfffd90000de0 [37mTRACE  [00m [00;34m          GST_TRACER :0::[00m element-latency, element-id=(string)0xaaaaf7b17c90, element=(string)nvv4l2h264enc0, src=(string)src, time=(guint64)10226363, ts=(guint64)13821389582;
0:00:13.821605228 [32m178147[00m 0xfffd90000de0 [37mTRACE  [00m [00;34m          GST_TRACER :0::[00m element-latency, element-id=(string)0xaaaaf7b1cb40, element=(string)h264parse0, src=(string)src, time=(guint64)200535, ts=(guint64)13821590117;
0:00:13.838219337 [32m178147[00m 0xfffd90000b70 [37mTRACE  [00m [00;34m          GST_TRACER :0::[00m element-latency, element-id=(string)0xaaaaf7b27740, element=(string)capsfilter0, src=(string)src, time=(guint64)23046, ts=(guint64)13838203466;
0:00:13.839082414 [32m178147[00m 0xfffd90000b70 [37mTRACE  [00m [00;34m          GST_TRACER :0::[00m element-latency, element-id=(string)0xaaaaf7959350, element=(string)jpegparse0, src=(string)src, time=(guint64)864208, ts=(guint64)13839067674;
0:00:13.849924958 [32m178147[00m 0xfffd90000b70 [37mTRACE  [00m [00;34m          GST_TRACER :0::[00m element-latency, element-id=(string)0xaaaaf7a8dbc0, element=(string)nvjpegdec0, src=(string)src, time=(guint64)10827794, ts=(guint64)13849895468;
0:00:13.872843111 [32m178147[00m 0xfffd90000b70 [37mTRACE  [00m [00;34m          GST_TRACER :0::[00m element-latency, element-id=(string)0xaaaaf7a961f0, element=(string)nvvconv0, src=(string)src, time=(guint64)22917106, ts=(guint64)13872812574;
0:00:13.872889906 [32m178147[00m 0xfffd90000b70 [37mTRACE  [00m [00;34m          GST_TRACER :0::[00m element-latency, element-id=(string)0xaaaaf7b2ada0, element=(string)capsfilter1, src=(string)src, time=(guint64)64509, ts=(guint64)13872877083;
0:00:13.883322452 [32m178147[00m 0xfffd90000de0 [37mTRACE  [00m [00;34m          GST_TRACER :0::[00m element-latency, element-id=(string)0xaaaaf7b17c90, element=(string)nvv4l2h264enc0, src=(string)src, time=(guint64)10423017, ts=(guint64)13883300100;
0:00:13.883492840 [32m178147[00m 0xfffd90000de0 [37mTRACE  [00m [00;34m          GST_TRACER :0::[00m element-latency, element-id=(string)0xaaaaf7b1cb40, element=(string)h264parse0, src=(string)src, time=(guint64)178768, ts=(guint64)13883478868;
0:00:13.906443669 [32m178147[00m 0xfffd90000b70 [37mTRACE  [00m [00;34m          GST_TRACER :0::[00m element-latency, element-id=(string)0xaaaaf7b27740, element=(string)capsfilter0, src=(string)src, time=(guint64)52230, ts=(guint64)13906417585;
0:00:13.907402950 [32m178147[00m 0xfffd90000b70 [37mTRACE  [00m [00;34m          GST_TRACER :0::[00m element-latency, element-id=(string)0xaaaaf7959350, element=(string)jpegparse0, src=(string)src, time=(guint64)967985, ts=(guint64)13907385570;
0:00:13.921180418 [32m178147[00m 0xfffd90000b70 [37mTRACE  [00m [00;34m          GST_TRACER :0::[00m element-latency, element-id=(string)0xaaaaf7a8dbc0, element=(string)nvjpegdec0, src=(string)src, time=(guint64)13752794, ts=(guint64)13921138364;
0:00:13.944664836 [32m178147[00m 0xfffd90000b70 [37mTRACE  [00m [00;34m          GST_TRACER :0::[00m element-latency, element-id=(string)0xaaaaf7a961f0, element=(string)nvvconv0, src=(string)src, time=(guint64)23493954, ts=(guint64)13944632318;
0:00:13.944721262 [32m178147[00m 0xfffd90000b70 [37mTRACE  [00m [00;34m          GST_TRACER :0::[00m element-latency, element-id=(string)0xaaaaf7b2ada0, element=(string)capsfilter1, src=(string)src, time=(guint64)74898, ts=(guint64)13944707216;
0:00:13.955426046 [32m178147[00m 0xfffd90000de0 [37mTRACE  [00m [00;34m          GST_TRACER :0::[00m element-latency, element-id=(string)0xaaaaf7b17c90, element=(string)nvv4l2h264enc0, src=(string)src, time=(guint64)10688415, ts=(guint64)13955395631;
0:00:13.955633897 [32m178147[00m 0xfffd90000de0 [37mTRACE  [00m [00;34m          GST_TRACER :0::[00m element-latency, element-id=(string)0xaaaaf7b1cb40, element=(string)h264parse0, src=(string)src, time=(guint64)221553, ts=(guint64)13955617184;
0:00:13.970464184 [32m178147[00m 0xfffd90000b70 [37mTRACE  [00m [00;34m          GST_TRACER :0::[00m element-latency, element-id=(string)0xaaaaf7b27740, element=(string)capsfilter0, src=(string)src, time=(guint64)60564, ts=(guint64)13970435110;
0:00:13.971361298 [32m178147[00m 0xfffd90000b70 [37mTRACE  [00m [00;34m          GST_TRACER :0::[00m element-latency, element-id=(string)0xaaaaf7959350, element=(string)jpegparse0, src=(string)src, time=(guint64)909486, ts=(guint64)13971344596;
0:00:13.983225974 [32m178147[00m 0xfffd90000b70 [37mTRACE  [00m [00;34m          GST_TRACER :0::[00m element-latency, element-id=(string)0xaaaaf7a8dbc0, element=(string)nvjpegdec0, src=(string)src, time=(guint64)11833369, ts=(guint64)13983177965;
0:00:14.007096167 [32m178147[00m 0xfffd90000b70 [37mTRACE  [00m [00;34m          GST_TRACER :0::[00m element-latency, element-id=(string)0xaaaaf7a961f0, element=(string)nvvconv0, src=(string)src, time=(guint64)23879287, ts=(guint64)14007057252;
0:00:14.007153167 [32m178147[00m 0xfffd90000b70 [37mTRACE  [00m [00;34m          GST_TRACER :0::[00m element-latency, element-id=(string)0xaaaaf7b2ada0, element=(string)capsfilter1, src=(string)src, time=(guint64)80934, ts=(guint64)14007138186;
0:00:14.017961886 [32m178147[00m 0xfffd90000de0 [37mTRACE  [00m [00;34m          GST_TRACER :0::[00m element-latency, element-id=(string)0xaaaaf7b17c90, element=(string)nvv4l2h264enc0, src=(string)src, time=(guint64)10793515, ts=(guint64)14017931701;
0:00:14.018176867 [32m178147[00m 0xfffd90000de0 [37mTRACE  [00m [00;34m          GST_TRACER :0::[00m element-latency, element-id=(string)0xaaaaf7b1cb40, element=(string)h264parse0, src=(string)src, time=(guint64)227832, ts=(guint64)14018159533;
0:00:14.034223034 [32m178147[00m 0xfffd90000b70 [37mTRACE  [00m [00;34m          GST_TRACER :0::[00m element-latency, element-id=(string)0xaaaaf7b27740, element=(string)capsfilter0, src=(string)src, time=(guint64)25732, ts=(guint64)14034205294;
0:00:14.035111705 [32m178147[00m 0xfffd90000b70 [37mTRACE  [00m [00;34m          GST_TRACER :0::[00m element-latency, element-id=(string)0xaaaaf7959350, element=(string)jpegparse0, src=(string)src, time=(guint64)891106, ts=(guint64)14035096400;
0:00:14.046460069 [32m178147[00m 0xfffd90000b70 [37mTRACE  [00m [00;34m          GST_TRACER :0::[00m element-latency, element-id=(string)0xaaaaf7a8dbc0, element=(string)nvjpegdec0, src=(string)src, time=(guint64)11332872, ts=(guint64)14046429272;
0:00:14.069249574 [32m178147[00m 0xfffd90000b70 [37mTRACE  [00m [00;34m          GST_TRACER :0::[00m element-latency, element-id=(string)0xaaaaf7a961f0, element=(string)nvvconv0, src=(string)src, time=(guint64)22788978, ts=(guint64)14069218250;
0:00:14.069299463 [32m178147[00m 0xfffd90000b70 [37mTRACE  [00m [00;34m          GST_TRACER :0::[00m element-latency, element-id=(string)0xaaaaf7b2ada0, element=(string)capsfilter1, src=(string)src, time=(guint64)68852, ts=(guint64)14069287102;
0:00:14.079830943 [32m178147[00m 0xfffd90000de0 [37mTRACE  [00m [00;34m          GST_TRACER :0::[00m element-latency, element-id=(string)0xaaaaf7b17c90, element=(string)nvv4l2h264enc0, src=(string)src, time=(guint64)10529286, ts=(guint64)14079816388;
0:00:14.080042739 [32m178147[00m 0xfffd90000de0 [37mTRACE  [00m [00;34m          GST_TRACER :0::[00m element-latency, element-id=(string)0xaaaaf7b1cb40, element=(string)h264parse0, src=(string)src, time=(guint64)212823, ts=(guint64)14080029211;
0:00:14.098464447 [32m178147[00m 0xfffd90000b70 [37mTRACE  [00m [00;34m          GST_TRACER :0::[00m element-latency, element-id=(string)0xaaaaf7b27740, element=(string)capsfilter0, src=(string)src, time=(guint64)58306, ts=(guint64)14098438864;
0:00:14.099393154 [32m178147[00m 0xfffd90000b70 [37mTRACE  [00m [00;34m          GST_TRACER :0::[00m element-latency, element-id=(string)0xaaaaf7959350, element=(string)jpegparse0, src=(string)src, time=(guint64)937568, ts=(guint64)14099376432;
0:00:14.111868400 [32m178147[00m 0xfffd90000b70 [37mTRACE  [00m [00;34m          GST_TRACER :0::[00m element-latency, element-id=(string)0xaaaaf7a8dbc0, element=(string)nvjpegdec0, src=(string)src, time=(guint64)12449746, ts=(guint64)14111826178;
0:00:14.137593230 [32m178147[00m 0xfffd90000b70 [37mTRACE  [00m [00;34m          GST_TRACER :0::[00m element-latency, element-id=(string)0xaaaaf7a961f0, element=(string)nvvconv0, src=(string)src, time=(guint64)25691876, ts=(guint64)14137518054;
0:00:14.137682118 [32m178147[00m 0xfffd90000b70 [37mTRACE  [00m [00;34m          GST_TRACER :0::[00m element-latency, element-id=(string)0xaaaaf7b2ada0, element=(string)capsfilter1, src=(string)src, time=(guint64)146555, ts=(guint64)14137664609;
0:00:14.151865325 [32m178147[00m 0xfffd90000de0 [37mTRACE  [00m [00;34m          GST_TRACER :0::[00m element-latency, element-id=(string)0xaaaaf7b17c90, element=(string)nvv4l2h264enc0, src=(string)src, time=(guint64)14163596, ts=(guint64)14151828205;
0:00:14.152452414 [32m178147[00m 0xfffd90000de0 [37mTRACE  [00m [00;34m          GST_TRACER :0::[00m element-latency, element-id=(string)0xaaaaf7b1cb40, element=(string)h264parse0, src=(string)src, time=(guint64)605227, ts=(guint64)14152433432;
0:00:14.166458650 [32m178147[00m 0xfffd90000b70 [37mTRACE  [00m [00;34m          GST_TRACER :0::[00m element-latency, element-id=(string)0xaaaaf7b27740, element=(string)capsfilter0, src=(string)src, time=(guint64)62925, ts=(guint64)14166430798;
0:00:14.167361042 [32m178147[00m 0xfffd90000b70 [37mTRACE  [00m [00;34m          GST_TRACER :0::[00m element-latency, element-id=(string)0xaaaaf7959350, element=(string)jpegparse0, src=(string)src, time=(guint64)913430, ts=(guint64)14167344228;
0:00:14.179701141 [32m178147[00m 0xfffd90000b70 [37mTRACE  [00m [00;34m          GST_TRACER :0::[00m element-latency, element-id=(string)0xaaaaf7a8dbc0, element=(string)nvjpegdec0, src=(string)src, time=(guint64)12314136, ts=(guint64)14179658364;
0:00:14.205486674 [32m178147[00m 0xfffd90000b70 [37mTRACE  [00m [00;34m          GST_TRACER :0::[00m element-latency, element-id=(string)0xaaaaf7a961f0, element=(string)nvvconv0, src=(string)src, time=(guint64)25766885, ts=(guint64)14205425249;
0:00:14.205592794 [32m178147[00m 0xfffd90000b70 [37mTRACE  [00m [00;34m          GST_TRACER :0::[00m element-latency, element-id=(string)0xaaaaf7b2ada0, element=(string)capsfilter1, src=(string)src, time=(guint64)134851, ts=(guint64)14205560100;
0:00:14.217081158 [32m178147[00m 0xfffd90000de0 [37mTRACE  [00m [00;34m          GST_TRACER :0::[00m element-latency, element-id=(string)0xaaaaf7b17c90, element=(string)nvv4l2h264enc0, src=(string)src, time=(guint64)11490734, ts=(guint64)14217050834;
0:00:14.217313832 [32m178147[00m 0xfffd90000de0 [37mTRACE  [00m [00;34m          GST_TRACER :0::[00m element-latency, element-id=(string)0xaaaaf7b1cb40, element=(string)h264parse0, src=(string)src, time=(guint64)245757, ts=(guint64)14217296591;
0:00:14.230471231 [32m178147[00m 0xfffd90000b70 [37mTRACE  [00m [00;34m          GST_TRACER :0::[00m element-latency, element-id=(string)0xaaaaf7b27740, element=(string)capsfilter0, src=(string)src, time=(guint64)60722, ts=(guint64)14230442268;
0:00:14.231421670 [32m178147[00m 0xfffd90000b70 [37mTRACE  [00m [00;34m          GST_TRACER :0::[00m element-latency, element-id=(string)0xaaaaf7959350, element=(string)jpegparse0, src=(string)src, time=(guint64)962476, ts=(guint64)14231404744;
0:00:14.243662491 [32m178147[00m 0xfffd90000b70 [37mTRACE  [00m [00;34m          GST_TRACER :0::[00m element-latency, element-id=(string)0xaaaaf7a8dbc0, element=(string)nvjpegdec0, src=(string)src, time=(guint64)12214284, ts=(guint64)14243619028;
0:00:14.266570226 [32m178147[00m 0xfffd90000b70 [37mTRACE  [00m [00;34m          GST_TRACER :0::[00m element-latency, element-id=(string)0xaaaaf7a961f0, element=(string)nvvconv0, src=(string)src, time=(guint64)22917429, ts=(guint64)14266536457;
0:00:14.266626207 [32m178147[00m 0xfffd90000b70 [37mTRACE  [00m [00;34m          GST_TRACER :0::[00m element-latency, element-id=(string)0xaaaaf7b2ada0, element=(string)capsfilter1, src=(string)src, time=(guint64)75713, ts=(guint64)14266612170;
0:00:14.278361078 [32m178147[00m 0xfffd90000de0 [37mTRACE  [00m [00;34m          GST_TRACER :0::[00m element-latency, element-id=(string)0xaaaaf7b17c90, element=(string)nvv4l2h264enc0, src=(string)src, time=(guint64)11712639, ts=(guint64)14278324809;
0:00:14.278586095 [32m178147[00m 0xfffd90000de0 [37mTRACE  [00m [00;34m          GST_TRACER :0::[00m element-latency, element-id=(string)0xaaaaf7b1cb40, element=(string)h264parse0, src=(string)src, time=(guint64)243332, ts=(guint64)14278568141;
0:00:14.294486624 [32m178147[00m 0xfffd90000b70 [37mTRACE  [00m [00;34m          GST_TRACER :0::[00m element-latency, element-id=(string)0xaaaaf7b27740, element=(string)capsfilter0, src=(string)src, time=(guint64)65795, ts=(guint64)14294457957;
0:00:14.295390692 [32m178147[00m 0xfffd90000b70 [37mTRACE  [00m [00;34m          GST_TRACER :0::[00m element-latency, element-id=(string)0xaaaaf7959350, element=(string)jpegparse0, src=(string)src, time=(guint64)915485, ts=(guint64)14295373442;
0:00:14.308264509 [32m178147[00m 0xfffd90000b70 [37mTRACE  [00m [00;34m          GST_TRACER :0::[00m element-latency, element-id=(string)0xaaaaf7a8dbc0, element=(string)nvjpegdec0, src=(string)src, time=(guint64)12847022, ts=(guint64)14308220464;
0:00:14.333799172 [32m178147[00m 0xfffd90000b70 [37mTRACE  [00m [00;34m          GST_TRACER :0::[00m element-latency, element-id=(string)0xaaaaf7a961f0, element=(string)nvvconv0, src=(string)src, time=(guint64)25537023, ts=(guint64)14333757487;
0:00:14.333855274 [32m178147[00m 0xfffd90000b70 [37mTRACE  [00m [00;34m          GST_TRACER :0::[00m element-latency, element-id=(string)0xaaaaf7b2ada0, element=(string)capsfilter1, src=(string)src, time=(guint64)83731, ts=(guint64)14333841218;
0:00:14.346014271 [32m178147[00m 0xfffd90000de0 [37mTRACE  [00m [00;34m          GST_TRACER :0::[00m element-latency, element-id=(string)0xaaaaf7b17c90, element=(string)nvv4l2h264enc0, src=(string)src, time=(guint64)12143406, ts=(guint64)14345984624;
0:00:14.346230835 [32m178147[00m 0xfffd90000de0 [37mTRACE  [00m [00;34m          GST_TRACER :0::[00m element-latency, element-id=(string)0xaaaaf7b1cb40, element=(string)h264parse0, src=(string)src, time=(guint64)229627, ts=(guint64)14346214251;
0:00:14.358219389 [32m178147[00m 0xfffd90000b70 [37mTRACE  [00m [00;34m          GST_TRACER :0::[00m element-latency, element-id=(string)0xaaaaf7b27740, element=(string)capsfilter0, src=(string)src, time=(guint64)25259, ts=(guint64)14358202787;
0:00:14.359087170 [32m178147[00m 0xfffd90000b70 [37mTRACE  [00m [00;34m          GST_TRACER :0::[00m element-latency, element-id=(string)0xaaaaf7959350, element=(string)jpegparse0, src=(string)src, time=(guint64)869855, ts=(guint64)14359072642;
0:00:14.371447546 [32m178147[00m 0xfffd90000b70 [37mTRACE  [00m [00;34m          GST_TRACER :0::[00m element-latency, element-id=(string)0xaaaaf7a8dbc0, element=(string)nvjpegdec0, src=(string)src, time=(guint64)12342747, ts=(guint64)14371415389;
0:00:14.394669298 [32m178147[00m 0xfffd90000b70 [37mTRACE  [00m [00;34m          GST_TRACER :0::[00m element-latency, element-id=(string)0xaaaaf7a961f0, element=(string)nvvconv0, src=(string)src, time=(guint64)23223919, ts=(guint64)14394639308;
0:00:14.394716095 [32m178147[00m 0xfffd90000b70 [37mTRACE  [00m [00;34m          GST_TRACER :0::[00m element-latency, element-id=(string)0xaaaaf7b2ada0, element=(string)capsfilter1, src=(string)src, time=(guint64)63981, ts=(guint64)14394703289;
0:00:14.407320960 [32m178147[00m 0xfffd90000de0 [37mTRACE  [00m [00;34m          GST_TRACER :0::[00m element-latency, element-id=(string)0xaaaaf7b17c90, element=(string)nvv4l2h264enc0, src=(string)src, time=(guint64)12586375, ts=(guint64)14407289664;
0:00:14.407552643 [32m178147[00m 0xfffd90000de0 [37mTRACE  [00m [00;34m          GST_TRACER :0::[00m element-latency, element-id=(string)0xaaaaf7b1cb40, element=(string)h264parse0, src=(string)src, time=(guint64)245915, ts=(guint64)14407535579;
0:00:14.422236940 [32m178147[00m 0xfffd90000b70 [37mTRACE  [00m [00;34m          GST_TRACER :0::[00m element-latency, element-id=(string)0xaaaaf7b27740, element=(string)capsfilter0, src=(string)src, time=(guint64)25009, ts=(guint64)14422221959;
0:00:14.423027898 [32m178147[00m 0xfffd90000b70 [37mTRACE  [00m [00;34m          GST_TRACER :0::[00m element-latency, element-id=(string)0xaaaaf7959350, element=(string)jpegparse0, src=(string)src, time=(guint64)792541, ts=(guint64)14423014500;
0:00:14.435567654 [32m178147[00m 0xfffd90000b70 [37mTRACE  [00m [00;34m          GST_TRACER :0::[00m element-latency, element-id=(string)0xaaaaf7a8dbc0, element=(string)nvjpegdec0, src=(string)src, time=(guint64)12522820, ts=(guint64)14435537320;
0:00:14.460776699 [32m178147[00m 0xfffd90000b70 [37mTRACE  [00m [00;34m          GST_TRACER :0::[00m element-latency, element-id=(string)0xaaaaf7a961f0, element=(string)nvvconv0, src=(string)src, time=(guint64)25208454, ts=(guint64)14460745774;
0:00:14.460827717 [32m178147[00m 0xfffd90000b70 [37mTRACE  [00m [00;34m          GST_TRACER :0::[00m element-latency, element-id=(string)0xaaaaf7b2ada0, element=(string)capsfilter1, src=(string)src, time=(guint64)67971, ts=(guint64)14460813745;
0:00:14.473782572 [32m178147[00m 0xfffd90000de0 [37mTRACE  [00m [00;34m          GST_TRACER :0::[00m element-latency, element-id=(string)0xaaaaf7b17c90, element=(string)nvv4l2h264enc0, src=(string)src, time=(guint64)12933049, ts=(guint64)14473746794;
0:00:14.474015727 [32m178147[00m 0xfffd90000de0 [37mTRACE  [00m [00;34m          GST_TRACER :0::[00m element-latency, element-id=(string)0xaaaaf7b1cb40, element=(string)h264parse0, src=(string)src, time=(guint64)252414, ts=(guint64)14473999208;
0:00:14.490461559 [32m178147[00m 0xfffd90000b70 [37mTRACE  [00m [00;34m          GST_TRACER :0::[00m element-latency, element-id=(string)0xaaaaf7b27740, element=(string)capsfilter0, src=(string)src, time=(guint64)64378, ts=(guint64)14490432883;
0:00:14.491369229 [32m178147[00m 0xfffd90000b70 [37mTRACE  [00m [00;34m          GST_TRACER :0::[00m element-latency, element-id=(string)0xaaaaf7959350, element=(string)jpegparse0, src=(string)src, time=(guint64)919911, ts=(guint64)14491352794;
0:00:14.505038950 [32m178147[00m 0xfffd90000b70 [37mTRACE  [00m [00;34m          GST_TRACER :0::[00m element-latency, element-id=(string)0xaaaaf7a8dbc0, element=(string)nvjpegdec0, src=(string)src, time=(guint64)13641628, ts=(guint64)14504994422;
0:00:14.529258557 [32m178147[00m 0xfffd90000b70 [37mTRACE  [00m [00;34m          GST_TRACER :0::[00m element-latency, element-id=(string)0xaaaaf7a961f0, element=(string)nvvconv0, src=(string)src, time=(guint64)24194246, ts=(guint64)14529188668;
0:00:14.529351205 [32m178147[00m 0xfffd90000b70 [37mTRACE  [00m [00;34m          GST_TRACER :0::[00m element-latency, element-id=(string)0xaaaaf7b2ada0, element=(string)capsfilter1, src=(string)src, time=(guint64)144083, ts=(guint64)14529332751;
0:00:14.542653714 [32m178147[00m 0xfffd90000de0 [37mTRACE  [00m [00;34m          GST_TRACER :0::[00m element-latency, element-id=(string)0xaaaaf7b17c90, element=(string)nvv4l2h264enc0, src=(string)src, time=(guint64)13288741, ts=(guint64)14542621492;
0:00:14.542930666 [32m178147[00m 0xfffd90000de0 [37mTRACE  [00m [00;34m          GST_TRACER :0::[00m element-latency, element-id=(string)0xaaaaf7b1cb40, element=(string)h264parse0, src=(string)src, time=(guint64)290822, ts=(guint64)14542912314;
0:00:14.554440335 [32m178147[00m 0xfffd90000b70 [37mTRACE  [00m [00;34m          GST_TRACER :0::[00m element-latency, element-id=(string)0xaaaaf7b27740, element=(string)capsfilter0, src=(string)src, time=(guint64)46981, ts=(guint64)14554417603;
0:00:14.555342884 [32m178147[00m 0xfffd90000b70 [37mTRACE  [00m [00;34m          GST_TRACER :0::[00m element-latency, element-id=(string)0xaaaaf7959350, element=(string)jpegparse0, src=(string)src, time=(guint64)909911, ts=(guint64)14555327514;
0:00:14.568889772 [32m178147[00m 0xfffd90000b70 [37mTRACE  [00m [00;34m          GST_TRACER :0::[00m element-latency, element-id=(string)0xaaaaf7a8dbc0, element=(string)nvjpegdec0, src=(string)src, time=(guint64)13533452, ts=(guint64)14568860966;
0:00:14.593990939 [32m178147[00m 0xfffd90000b70 [37mTRACE  [00m [00;34m          GST_TRACER :0::[00m element-latency, element-id=(string)0xaaaaf7a961f0, element=(string)nvvconv0, src=(string)src, time=(guint64)25099677, ts=(guint64)14593960643;
0:00:14.594045086 [32m178147[00m 0xfffd90000b70 [37mTRACE  [00m [00;34m          GST_TRACER :0::[00m element-latency, element-id=(string)0xaaaaf7b2ada0, element=(string)capsfilter1, src=(string)src, time=(guint64)70952, ts=(guint64)14594031595;
0:00:14.607561436 [32m178147[00m 0xfffd90000de0 [37mTRACE  [00m [00;34m          GST_TRACER :0::[00m element-latency, element-id=(string)0xaaaaf7b17c90, element=(string)nvv4l2h264enc0, src=(string)src, time=(guint64)13499434, ts=(guint64)14607531029;
0:00:14.607767185 [32m178147[00m 0xfffd90000de0 [37mTRACE  [00m [00;34m          GST_TRACER :0::[00m element-latency, element-id=(string)0xaaaaf7b1cb40, element=(string)h264parse0, src=(string)src, time=(guint64)216397, ts=(guint64)14607747426;
0:00:14.618468526 [32m178147[00m 0xfffd90000b70 [37mTRACE  [00m [00;34m          GST_TRACER :0::[00m element-latency, element-id=(string)0xaaaaf7b27740, element=(string)capsfilter0, src=(string)src, time=(guint64)55241, ts=(guint64)14618442202;
0:00:14.619375927 [32m178147[00m 0xfffd90000b70 [37mTRACE  [00m [00;34m          GST_TRACER :0::[00m element-latency, element-id=(string)0xaaaaf7959350, element=(string)jpegparse0, src=(string)src, time=(guint64)917327, ts=(guint64)14619359529;
0:00:14.633812911 [32m178147[00m 0xfffd90000b70 [37mTRACE  [00m [00;34m          GST_TRACER :0::[00m element-latency, element-id=(string)0xaaaaf7a8dbc0, element=(string)nvjpegdec0, src=(string)src, time=(guint64)14412540, ts=(guint64)14633772069;
0:00:14.657922167 [32m178147[00m 0xfffd90000b70 [37mTRACE  [00m [00;34m          GST_TRACER :0::[00m element-latency, element-id=(string)0xaaaaf7a961f0, element=(string)nvvconv0, src=(string)src, time=(guint64)24119516, ts=(guint64)14657891585;
0:00:14.657976288 [32m178147[00m 0xfffd90000b70 [37mTRACE  [00m [00;34m          GST_TRACER :0::[00m element-latency, element-id=(string)0xaaaaf7b2ada0, element=(string)capsfilter1, src=(string)src, time=(guint64)70749, ts=(guint64)14657962334;
0:00:14.671959524 [32m178147[00m 0xfffd90000de0 [37mTRACE  [00m [00;34m          GST_TRACER :0::[00m element-latency, element-id=(string)0xaaaaf7b17c90, element=(string)nvv4l2h264enc0, src=(string)src, time=(guint64)13970829, ts=(guint64)14671933163;
0:00:14.672153264 [32m178147[00m 0xfffd90000de0 [37mTRACE  [00m [00;34m          GST_TRACER :0::[00m element-latency, element-id=(string)0xaaaaf7b1cb40, element=(string)h264parse0, src=(string)src, time=(guint64)205202, ts=(guint64)14672138365;
0:00:14.682481226 [32m178147[00m 0xfffd90000b70 [37mTRACE  [00m [00;34m          GST_TRACER :0::[00m element-latency, element-id=(string)0xaaaaf7b27740, element=(string)capsfilter0, src=(string)src, time=(guint64)48212, ts=(guint64)14682456921;
0:00:14.683377805 [32m178147[00m 0xfffd90000b70 [37mTRACE  [00m [00;34m          GST_TRACER :0::[00m element-latency, element-id=(string)0xaaaaf7959350, element=(string)jpegparse0, src=(string)src, time=(guint64)905726, ts=(guint64)14683362647;
0:00:14.698374182 [32m178147[00m 0xfffd90000b70 [37mTRACE  [00m [00;34m          GST_TRACER :0::[00m element-latency, element-id=(string)0xaaaaf7a8dbc0, element=(string)nvjpegdec0, src=(string)src, time=(guint64)14968842, ts=(guint64)14698331489;
0:00:14.723574154 [32m178147[00m 0xfffd90000b70 [37mTRACE  [00m [00;34m          GST_TRACER :0::[00m element-latency, element-id=(string)0xaaaaf7a961f0, element=(string)nvvconv0, src=(string)src, time=(guint64)25183018, ts=(guint64)14723514507;
0:00:14.723662654 [32m178147[00m 0xfffd90000b70 [37mTRACE  [00m [00;34m          GST_TRACER :0::[00m element-latency, element-id=(string)0xaaaaf7b2ada0, element=(string)capsfilter1, src=(string)src, time=(guint64)131138, ts=(guint64)14723645645;
0:00:14.739989060 [32m178147[00m 0xfffd90000de0 [37mTRACE  [00m [00;34m          GST_TRACER :0::[00m element-latency, element-id=(string)0xaaaaf7b17c90, element=(string)nvv4l2h264enc0, src=(string)src, time=(guint64)16312925, ts=(guint64)14739958570;
0:00:14.740183698 [32m178147[00m 0xfffd90000de0 [37mTRACE  [00m [00;34m          GST_TRACER :0::[00m element-latency, element-id=(string)0xaaaaf7b1cb40, element=(string)h264parse0, src=(string)src, time=(guint64)210665, ts=(guint64)14740169235;
0:00:14.750453514 [32m178147[00m 0xfffd90000b70 [37mTRACE  [00m [00;34m          GST_TRACER :0::[00m element-latency, element-id=(string)0xaaaaf7b27740, element=(string)capsfilter0, src=(string)src, time=(guint64)57963, ts=(guint64)14750425023;
0:00:14.751353147 [32m178147[00m 0xfffd90000b70 [37mTRACE  [00m [00;34m          GST_TRACER :0::[00m element-latency, element-id=(string)0xaaaaf7959350, element=(string)jpegparse0, src=(string)src, time=(guint64)911142, ts=(guint64)14751336165;
0:00:14.766783707 [32m178147[00m 0xfffd90000b70 [37mTRACE  [00m [00;34m          GST_TRACER :0::[00m element-latency, element-id=(string)0xaaaaf7a8dbc0, element=(string)nvjpegdec0, src=(string)src, time=(guint64)15402597, ts=(guint64)14766738762;
0:00:14.792091001 [32m178147[00m 0xfffd90000b70 [37mTRACE  [00m [00;34m          GST_TRACER :0::[00m element-latency, element-id=(string)0xaaaaf7a961f0, element=(string)nvvconv0, src=(string)src, time=(guint64)25294165, ts=(guint64)14792032927;
0:00:14.792169954 [32m178147[00m 0xfffd90000b70 [37mTRACE  [00m [00;34m          GST_TRACER :0::[00m element-latency, element-id=(string)0xaaaaf7b2ada0, element=(string)capsfilter1, src=(string)src, time=(guint64)120166, ts=(guint64)14792153093;
0:00:14.811065688 [32m178147[00m 0xfffd90000de0 [37mTRACE  [00m [00;34m          GST_TRACER :0::[00m element-latency, element-id=(string)0xaaaaf7b17c90, element=(string)nvv4l2h264enc0, src=(string)src, time=(guint64)18884039, ts=(guint64)14811037132;
0:00:14.811536231 [32m178147[00m 0xfffd90000de0 [37mTRACE  [00m [00;34m          GST_TRACER :0::[00m element-latency, element-id=(string)0xaaaaf7b1cb40, element=(string)h264parse0, src=(string)src, time=(guint64)480404, ts=(guint64)14811517536;
0:00:14.814454795 [32m178147[00m 0xfffd90000b70 [37mTRACE  [00m [00;34m          GST_TRACER :0::[00m element-latency, element-id=(string)0xaaaaf7b27740, element=(string)capsfilter0, src=(string)src, time=(guint64)55008, ts=(guint64)14814428156;
0:00:14.815346633 [32m178147[00m 0xfffd90000b70 [37mTRACE  [00m [00;34m          GST_TRACER :0::[00m element-latency, element-id=(string)0xaaaaf7959350, element=(string)jpegparse0, src=(string)src, time=(guint64)901875, ts=(guint64)14815330031;
0:00:14.830289131 [32m178147[00m 0xfffd90000b70 [37mTRACE  [00m [00;34m          GST_TRACER :0::[00m element-latency, element-id=(string)0xaaaaf7a8dbc0, element=(string)nvjpegdec0, src=(string)src, time=(guint64)14926877, ts=(guint64)14830256908;
0:00:14.853928269 [32m178147[00m 0xfffd90000b70 [37mTRACE  [00m [00;34m          GST_TRACER :0::[00m element-latency, element-id=(string)0xaaaaf7a961f0, element=(string)nvvconv0, src=(string)src, time=(guint64)23606815, ts=(guint64)14853863723;
0:00:14.854017083 [32m178147[00m 0xfffd90000b70 [37mTRACE  [00m [00;34m          GST_TRACER :0::[00m element-latency, element-id=(string)0xaaaaf7b2ada0, element=(string)capsfilter1, src=(string)src, time=(guint64)136406, ts=(guint64)14854000129;
0:00:14.869216728 [32m178147[00m 0xfffd90000de0 [37mTRACE  [00m [00;34m          GST_TRACER :0::[00m element-latency, element-id=(string)0xaaaaf7b17c90, element=(string)nvv4l2h264enc0, src=(string)src, time=(guint64)15186210, ts=(guint64)14869186339;
0:00:14.869412717 [32m178147[00m 0xfffd90000de0 [37mTRACE  [00m [00;34m          GST_TRACER :0::[00m element-latency, element-id=(string)0xaaaaf7b1cb40, element=(string)h264parse0, src=(string)src, time=(guint64)212415, ts=(guint64)14869398754;
0:00:14.878480892 [32m178147[00m 0xfffd90000b70 [37mTRACE  [00m [00;34m          GST_TRACER :0::[00m element-latency, element-id=(string)0xaaaaf7b27740, element=(string)capsfilter0, src=(string)src, time=(guint64)66454, ts=(guint64)14878450022;
0:00:14.879412358 [32m178147[00m 0xfffd90000b70 [37mTRACE  [00m [00;34m          GST_TRACER :0::[00m element-latency, element-id=(string)0xaaaaf7959350, element=(string)jpegparse0, src=(string)src, time=(guint64)945809, ts=(guint64)14879395831;
0:00:14.894690105 [32m178147[00m 0xfffd90000b70 [37mTRACE  [00m [00;34m          GST_TRACER :0::[00m element-latency, element-id=(string)0xaaaaf7a8dbc0, element=(string)nvjpegdec0, src=(string)src, time=(guint64)15250237, ts=(guint64)14894646068;
0:00:14.920493027 [32m178147[00m 0xfffd90000b70 [37mTRACE  [00m [00;34m          GST_TRACER :0::[00m element-latency, element-id=(string)0xaaaaf7a961f0, element=(string)nvvconv0, src=(string)src, time=(guint64)25782145, ts=(guint64)14920428213;
0:00:14.920584814 [32m178147[00m 0xfffd90000b70 [37mTRACE  [00m [00;34m          GST_TRACER :0::[00m element-latency, element-id=(string)0xaaaaf7b2ada0, element=(string)capsfilter1, src=(string)src, time=(guint64)139508, ts=(guint64)14920567721;
0:00:14.933445020 [32m178147[00m 0xfffd90000de0 [37mTRACE  [00m [00;34m          GST_TRACER :0::[00m element-latency, element-id=(string)0xaaaaf7b17c90, element=(string)nvv4l2h264enc0, src=(string)src, time=(guint64)12840799, ts=(guint64)14933408520;
0:00:14.933686037 [32m178147[00m 0xfffd90000de0 [37mTRACE  [00m [00;34m          GST_TRACER :0::[00m element-latency, element-id=(string)0xaaaaf7b1cb40, element=(string)h264parse0, src=(string)src, time=(guint64)260295, ts=(guint64)14933668815;
0:00:14.942471344 [32m178147[00m 0xfffd90000b70 [37mTRACE  [00m [00;34m          GST_TRACER :0::[00m element-latency, element-id=(string)0xaaaaf7b27740, element=(string)capsfilter0, src=(string)src, time=(guint64)57917, ts=(guint64)14942444075;
0:00:14.943373875 [32m178147[00m 0xfffd90000b70 [37mTRACE  [00m [00;34m          GST_TRACER :0::[00m element-latency, element-id=(string)0xaaaaf7959350, element=(string)jpegparse0, src=(string)src, time=(guint64)912726, ts=(guint64)14943356801;
0:00:14.954847710 [32m178147[00m 0xfffd90000b70 [37mTRACE  [00m [00;34m          GST_TRACER :0::[00m element-latency, element-id=(string)0xaaaaf7a8dbc0, element=(string)nvjpegdec0, src=(string)src, time=(guint64)11455872, ts=(guint64)14954812673;
0:00:14.979828831 [32m178147[00m 0xfffd90000b70 [37mTRACE  [00m [00;34m          GST_TRACER :0::[00m element-latency, element-id=(string)0xaaaaf7a961f0, element=(string)nvvconv0, src=(string)src, time=(guint64)24978742, ts=(guint64)14979791415;
0:00:14.979885026 [32m178147[00m 0xfffd90000b70 [37mTRACE  [00m [00;34m          GST_TRACER :0::[00m element-latency, element-id=(string)0xaaaaf7b2ada0, element=(string)capsfilter1, src=(string)src, time=(guint64)80231, ts=(guint64)14979871646;
0:00:14.990491440 [32m178147[00m 0xfffd90000de0 [37mTRACE  [00m [00;34m          GST_TRACER :0::[00m element-latency, element-id=(string)0xaaaaf7b17c90, element=(string)nvv4l2h264enc0, src=(string)src, time=(guint64)10594016, ts=(guint64)14990465662;
0:00:14.990676143 [32m178147[00m 0xfffd90000de0 [37mTRACE  [00m [00;34m          GST_TRACER :0::[00m element-latency, element-id=(string)0xaaaaf7b1cb40, element=(string)h264parse0, src=(string)src, time=(guint64)196305, ts=(guint64)14990661967;
0:00:15.010211335 [32m178147[00m 0xfffd90000b70 [37mTRACE  [00m [00;34m          GST_TRACER :0::[00m element-latency, element-id=(string)0xaaaaf7b27740, element=(string)capsfilter0, src=(string)src, time=(guint64)29074, ts=(guint64)15010190345;
0:00:15.011041598 [32m178147[00m 0xfffd90000b70 [37mTRACE  [00m [00;34m          GST_TRACER :0::[00m element-latency, element-id=(string)0xaaaaf7959350, element=(string)jpegparse0, src=(string)src, time=(guint64)835448, ts=(guint64)15011025793;
0:00:15.020939824 [32m178147[00m 0xfffd90000b70 [37mTRACE  [00m [00;34m          GST_TRACER :0::[00m element-latency, element-id=(string)0xaaaaf7a8dbc0, element=(string)nvjpegdec0, src=(string)src, time=(guint64)9879947, ts=(guint64)15020905740;
0:00:15.044752499 [32m178147[00m 0xfffd90000b70 [37mTRACE  [00m [00;34m          GST_TRACER :0::[00m element-latency, element-id=(string)0xaaaaf7a961f0, element=(string)nvvconv0, src=(string)src, time=(guint64)23817027, ts=(guint64)15044722767;
0:00:15.044803666 [32m178147[00m 0xfffd90000b70 [37mTRACE  [00m [00;34m          GST_TRACER :0::[00m element-latency, element-id=(string)0xaaaaf7b2ada0, element=(string)capsfilter1, src=(string)src, time=(guint64)68028, ts=(guint64)15044790795;
0:00:15.054343782 [32m178147[00m 0xfffd90000de0 [37mTRACE  [00m [00;34m          GST_TRACER :0::[00m element-latency, element-id=(string)0xaaaaf7b17c90, element=(string)nvv4l2h264enc0, src=(string)src, time=(guint64)9521403, ts=(guint64)15054312198;
0:00:15.054563206 [32m178147[00m 0xfffd90000de0 [37mTRACE  [00m [00;34m          GST_TRACER :0::[00m element-latency, element-id=(string)0xaaaaf7b1cb40, element=(string)h264parse0, src=(string)src, time=(guint64)233971, ts=(guint64)15054546169;
0:00:15.074192055 [32m178147[00m 0xfffd90000b70 [37mTRACE  [00m [00;34m          GST_TRACER :0::[00m element-latency, element-id=(string)0xaaaaf7b27740, element=(string)capsfilter0, src=(string)src, time=(guint64)20815, ts=(guint64)15074177481;
0:00:15.075048133 [32m178147[00m 0xfffd90000b70 [37mTRACE  [00m [00;34m          GST_TRACER :0::[00m element-latency, element-id=(string)0xaaaaf7959350, element=(string)jpegparse0, src=(string)src, time=(guint64)856541, ts=(guint64)15075034022;
0:00:15.085663807 [32m178147[00m 0xfffd90000b70 [37mTRACE  [00m [00;34m          GST_TRACER :0::[00m element-latency, element-id=(string)0xaaaaf7a8dbc0, element=(string)nvjpegdec0, src=(string)src, time=(guint64)10599943, ts=(guint64)15085633965;
0:00:15.108599849 [32m178147[00m 0xfffd90000b70 [37mTRACE  [00m [00;34m          GST_TRACER :0::[00m element-latency, element-id=(string)0xaaaaf7a961f0, element=(string)nvvconv0, src=(string)src, time=(guint64)22937301, ts=(guint64)15108571266;
0:00:15.108646404 [32m178147[00m 0xfffd90000b70 [37mTRACE  [00m [00;34m          GST_TRACER :0::[00m element-latency, element-id=(string)0xaaaaf7b2ada0, element=(string)capsfilter1, src=(string)src, time=(guint64)63749, ts=(guint64)15108635015;
0:00:15.118190085 [32m178147[00m 0xfffd90000de0 [37mTRACE  [00m [00;34m          GST_TRACER :0::[00m element-latency, element-id=(string)0xaaaaf7b17c90, element=(string)nvv4l2h264enc0, src=(string)src, time=(guint64)9523015, ts=(guint64)15118158030;
0:00:15.118397797 [32m178147[00m 0xfffd90000de0 [37mTRACE  [00m [00;34m          GST_TRACER :0::[00m element-latency, element-id=(string)0xaaaaf7b1cb40, element=(string)h264parse0, src=(string)src, time=(guint64)223554, ts=(guint64)15118381584;
0:00:15.138228117 [32m178147[00m 0xfffd90000b70 [37mTRACE  [00m [00;34m          GST_TRACER :0::[00m element-latency, element-id=(string)0xaaaaf7b27740, element=(string)capsfilter0, src=(string)src, time=(guint64)25546, ts=(guint64)15138213960;
0:00:15.138715846 [32m178147[00m 0xfffd90000b70 [37mTRACE  [00m [00;34m          GST_TRACER :0::[00m element-latency, element-id=(string)0xaaaaf7959350, element=(string)jpegparse0, src=(string)src, time=(guint64)492303, ts=(guint64)15138706263;
0:00:15.148030435 [32m178147[00m 0xfffd90000b70 [37mTRACE  [00m [00;34m          GST_TRACER :0::[00m element-latency, element-id=(string)0xaaaaf7a8dbc0, element=(string)nvjpegdec0, src=(string)src, time=(guint64)9294608, ts=(guint64)15148000871;
0:00:15.171958998 [32m178147[00m 0xfffd90000b70 [37mTRACE  [00m [00;34m          GST_TRACER :0::[00m element-latency, element-id=(string)0xaaaaf7a961f0, element=(string)nvvconv0, src=(string)src, time=(guint64)23925711, ts=(guint64)15171926582;
0:00:15.172012637 [32m178147[00m 0xfffd90000b70 [37mTRACE  [00m [00;34m          GST_TRACER :0::[00m element-latency, element-id=(string)0xaaaaf7b2ada0, element=(string)capsfilter1, src=(string)src, time=(guint64)72194, ts=(guint64)15171998776;
0:00:15.181930418 [32m178147[00m 0xfffd90000de0 [37mTRACE  [00m [00;34m          GST_TRACER :0::[00m element-latency, element-id=(string)0xaaaaf7b17c90, element=(string)nvv4l2h264enc0, src=(string)src, time=(guint64)9891086, ts=(guint64)15181889862;
0:00:15.182130295 [32m178147[00m 0xfffd90000de0 [37mTRACE  [00m [00;34m          GST_TRACER :0::[00m element-latency, element-id=(string)0xaaaaf7b1cb40, element=(string)h264parse0, src=(string)src, time=(guint64)225332, ts=(guint64)15182115194;
0:00:15.202470011 [32m178147[00m 0xfffd90000b70 [37mTRACE  [00m [00;34m          GST_TRACER :0::[00m element-latency, element-id=(string)0xaaaaf7b27740, element=(string)capsfilter0, src=(string)src, time=(guint64)51250, ts=(guint64)15202444150;
0:00:15.203356746 [32m178147[00m 0xfffd90000b70 [37mTRACE  [00m [00;34m          GST_TRACER :0::[00m element-latency, element-id=(string)0xaaaaf7959350, element=(string)jpegparse0, src=(string)src, time=(guint64)896892, ts=(guint64)15203341042;
0:00:15.214445214 [32m178147[00m 0xfffd90000b70 [37mTRACE  [00m [00;34m          GST_TRACER :0::[00m element-latency, element-id=(string)0xaaaaf7a8dbc0, element=(string)nvjpegdec0, src=(string)src, time=(guint64)11063274, ts=(guint64)15214404316;
0:00:15.240498106 [32m178147[00m 0xfffd90000b70 [37mTRACE  [00m [00;34m          GST_TRACER :0::[00m element-latency, element-id=(string)0xaaaaf7a961f0, element=(string)nvvconv0, src=(string)src, time=(guint64)26036680, ts=(guint64)15240440996;
0:00:15.240582902 [32m178147[00m 0xfffd90000b70 [37mTRACE  [00m [00;34m          GST_TRACER :0::[00m element-latency, element-id=(string)0xaaaaf7b2ada0, element=(string)capsfilter1, src=(string)src, time=(guint64)124906, ts=(guint64)15240565902;
0:00:15.250667821 [32m178147[00m 0xfffd90000de0 [37mTRACE  [00m [00;34m          GST_TRACER :0::[00m element-latency, element-id=(string)0xaaaaf7b17c90, element=(string)nvv4l2h264enc0, src=(string)src, time=(guint64)10074252, ts=(guint64)15250640154;
0:00:15.250862532 [32m178147[00m 0xfffd90000de0 [37mTRACE  [00m [00;34m          GST_TRACER :0::[00m element-latency, element-id=(string)0xaaaaf7b1cb40, element=(string)h264parse0, src=(string)src, time=(guint64)207693, ts=(guint64)15250847847;
0:00:15.266474925 [32m178147[00m 0xfffd90000b70 [37mTRACE  [00m [00;34m          GST_TRACER :0::[00m element-latency, element-id=(string)0xaaaaf7b27740, element=(string)capsfilter0, src=(string)src, time=(guint64)44546, ts=(guint64)15266451573;
0:00:15.267358197 [32m178147[00m 0xfffd90000b70 [37mTRACE  [00m [00;34m          GST_TRACER :0::[00m element-latency, element-id=(string)0xaaaaf7959350, element=(string)jpegparse0, src=(string)src, time=(guint64)891115, ts=(guint64)15267342688;
0:00:15.278680201 [32m178147[00m 0xfffd90000b70 [37mTRACE  [00m [00;34m          GST_TRACER :0::[00m element-latency, element-id=(string)0xaaaaf7a8dbc0, element=(string)nvjpegdec0, src=(string)src, time=(guint64)11296624, ts=(guint64)15278639312;
0:00:15.302293034 [32m178147[00m 0xfffd90000b70 [37mTRACE  [00m [00;34m          GST_TRACER :0::[00m element-latency, element-id=(string)0xaaaaf7a961f0, element=(string)nvvconv0, src=(string)src, time=(guint64)23597287, ts=(guint64)15302236599;
0:00:15.302367311 [32m178147[00m 0xfffd90000b70 [37mTRACE  [00m [00;34m          GST_TRACER :0::[00m element-latency, element-id=(string)0xaaaaf7b2ada0, element=(string)capsfilter1, src=(string)src, time=(guint64)113092, ts=(guint64)15302349691;
0:00:15.312721542 [32m178147[00m 0xfffd90000de0 [37mTRACE  [00m [00;34m          GST_TRACER :0::[00m element-latency, element-id=(string)0xaaaaf7b17c90, element=(string)nvv4l2h264enc0, src=(string)src, time=(guint64)10342602, ts=(guint64)15312692293;
0:00:15.312916004 [32m178147[00m 0xfffd90000de0 [37mTRACE  [00m [00;34m          GST_TRACER :0::[00m element-latency, element-id=(string)0xaaaaf7b1cb40, element=(string)h264parse0, src=(string)src, time=(guint64)208276, ts=(guint64)15312900569;
0:00:15.334200196 [32m178147[00m 0xfffd90000b70 [37mTRACE  [00m [00;34m          GST_TRACER :0::[00m element-latency, element-id=(string)0xaaaaf7b27740, element=(string)capsfilter0, src=(string)src, time=(guint64)25120, ts=(guint64)15334183714;
0:00:15.335049042 [32m178147[00m 0xfffd90000b70 [37mTRACE  [00m [00;34m          GST_TRACER :0::[00m element-latency, element-id=(string)0xaaaaf7959350, element=(string)jpegparse0, src=(string)src, time=(guint64)850504, ts=(guint64)15335034218;
0:00:15.346051260 [32m178147[00m 0xfffd90000b70 [37mTRACE  [00m [00;34m          GST_TRACER :0::[00m element-latency, element-id=(string)0xaaaaf7a8dbc0, element=(string)nvjpegdec0, src=(string)src, time=(guint64)10987875, ts=(guint64)15346022093;
0:00:15.371811710 [32m178147[00m 0xfffd90000b70 [37mTRACE  [00m [00;34m          GST_TRACER :0::[00m element-latency, element-id=(string)0xaaaaf7a961f0, element=(string)nvvconv0, src=(string)src, time=(guint64)25759330, ts=(guint64)15371781423;
0:00:15.371862515 [32m178147[00m 0xfffd90000b70 [37mTRACE  [00m [00;34m          GST_TRACER :0::[00m element-latency, element-id=(string)0xaaaaf7b2ada0, element=(string)capsfilter1, src=(string)src, time=(guint64)68092, ts=(guint64)15371849515;
0:00:15.382935649 [32m178147[00m 0xfffd90000de0 [37mTRACE  [00m [00;34m          GST_TRACER :0::[00m element-latency, element-id=(string)0xaaaaf7b17c90, element=(string)nvv4l2h264enc0, src=(string)src, time=(guint64)11056273, ts=(guint64)15382905788;
0:00:15.383132324 [32m178147[00m 0xfffd90000de0 [37mTRACE  [00m [00;34m          GST_TRACER :0::[00m element-latency, element-id=(string)0xaaaaf7b1cb40, element=(string)h264parse0, src=(string)src, time=(guint64)212499, ts=(guint64)15383118287;
0:00:15.398471616 [32m178147[00m 0xfffd90000b70 [37mTRACE  [00m [00;34m          GST_TRACER :0::[00m element-latency, element-id=(string)0xaaaaf7b27740, element=(string)capsfilter0, src=(string)src, time=(guint64)65907, ts=(guint64)15398441996;
0:00:15.399415240 [32m178147[00m 0xfffd90000b70 [37mTRACE  [00m [00;34m          GST_TRACER :0::[00m element-latency, element-id=(string)0xaaaaf7959350, element=(string)jpegparse0, src=(string)src, time=(guint64)956883, ts=(guint64)15399398879;
0:00:15.411338229 [32m178147[00m 0xfffd90000b70 [37mTRACE  [00m [00;34m          GST_TRACER :0::[00m element-latency, element-id=(string)0xaaaaf7a8dbc0, element=(string)nvjpegdec0, src=(string)src, time=(guint64)11902341, ts=(guint64)15411301220;
0:00:15.435474179 [32m178147[00m 0xfffd90000b70 [37mTRACE  [00m [00;34m          GST_TRACER :0::[00m element-latency, element-id=(string)0xaaaaf7a961f0, element=(string)nvvconv0, src=(string)src, time=(guint64)24108246, ts=(guint64)15435409466;
0:00:15.435564188 [32m178147[00m 0xfffd90000b70 [37mTRACE  [00m [00;34m          GST_TRACER :0::[00m element-latency, element-id=(string)0xaaaaf7b2ada0, element=(string)capsfilter1, src=(string)src, time=(guint64)138231, ts=(guint64)15435547697;
0:00:15.449421832 [32m178147[00m 0xfffd90000de0 [37mTRACE  [00m [00;34m          GST_TRACER :0::[00m element-latency, element-id=(string)0xaaaaf7b17c90, element=(string)nvv4l2h264enc0, src=(string)src, time=(guint64)13841801, ts=(guint64)15449389498;
0:00:15.449934051 [32m178147[00m 0xfffd90000de0 [37mTRACE  [00m [00;34m          GST_TRACER :0::[00m element-latency, element-id=(string)0xaaaaf7b1cb40, element=(string)h264parse0, src=(string)src, time=(guint64)525118, ts=(guint64)15449914616;
0:00:15.462445009 [32m178147[00m 0xfffd90000b70 [37mTRACE  [00m [00;34m          GST_TRACER :0::[00m element-latency, element-id=(string)0xaaaaf7b27740, element=(string)capsfilter0, src=(string)src, time=(guint64)45759, ts=(guint64)15462420759;
0:00:15.463353679 [32m178147[00m 0xfffd90000b70 [37mTRACE  [00m [00;34m          GST_TRACER :0::[00m element-latency, element-id=(string)0xaaaaf7959350, element=(string)jpegparse0, src=(string)src, time=(guint64)917911, ts=(guint64)15463338670;
0:00:15.475071920 [32m178147[00m 0xfffd90000b70 [37mTRACE  [00m [00;34m          GST_TRACER :0::[00m element-latency, element-id=(string)0xaaaaf7a8dbc0, element=(string)nvjpegdec0, src=(string)src, time=(guint64)11700592, ts=(guint64)15475039262;
0:00:15.498600318 [32m178147[00m 0xfffd90000b70 [37mTRACE  [00m [00;34m          GST_TRACER :0::[00m element-latency, element-id=(string)0xaaaaf7a961f0, element=(string)nvvconv0, src=(string)src, time=(guint64)23498121, ts=(guint64)15498537383;
0:00:15.498689993 [32m178147[00m 0xfffd90000b70 [37mTRACE  [00m [00;34m          GST_TRACER :0::[00m element-latency, element-id=(string)0xaaaaf7b2ada0, element=(string)capsfilter1, src=(string)src, time=(guint64)136323, ts=(guint64)15498673706;
0:00:15.510334402 [32m178147[00m 0xfffd90000de0 [37mTRACE  [00m [00;34m          GST_TRACER :0::[00m element-latency, element-id=(string)0xaaaaf7b17c90, element=(string)nvv4l2h264enc0, src=(string)src, time=(guint64)11631733, ts=(guint64)15510305439;
0:00:15.510545392 [32m178147[00m 0xfffd90000de0 [37mTRACE  [00m [00;34m          GST_TRACER :0::[00m element-latency, element-id=(string)0xaaaaf7b1cb40, element=(string)h264parse0, src=(string)src, time=(guint64)224462, ts=(guint64)15510529901;
0:00:15.527243370 [32m178147[00m 0xfffd90000b70 [37mTRACE  [00m [00;34m          GST_TRACER :0::[00m element-latency, element-id=(string)0xaaaaf7b27740, element=(string)capsfilter0, src=(string)src, time=(guint64)47333, ts=(guint64)15527218907;
0:00:15.528129938 [32m178147[00m 0xfffd90000b70 [37mTRACE  [00m [00;34m          GST_TRACER :0::[00m element-latency, element-id=(string)0xaaaaf7959350, element=(string)jpegparse0, src=(string)src, time=(guint64)894727, ts=(guint64)15528113634;
0:00:15.540198863 [32m178147[00m 0xfffd90000b70 [37mTRACE  [00m [00;34m          GST_TRACER :0::[00m element-latency, element-id=(string)0xaaaaf7a8dbc0, element=(string)nvjpegdec0, src=(string)src, time=(guint64)12053794, ts=(guint64)15540167428;
0:00:15.564462637 [32m178147[00m 0xfffd90000b70 [37mTRACE  [00m [00;34m          GST_TRACER :0::[00m element-latency, element-id=(string)0xaaaaf7a961f0, element=(string)nvvconv0, src=(string)src, time=(guint64)24227348, ts=(guint64)15564394776;
0:00:15.564555951 [32m178147[00m 0xfffd90000b70 [37mTRACE  [00m [00;34m          GST_TRACER :0::[00m element-latency, element-id=(string)0xaaaaf7b2ada0, element=(string)capsfilter1, src=(string)src, time=(guint64)143935, ts=(guint64)15564538711;
0:00:15.576700570 [32m178147[00m 0xfffd90000de0 [37mTRACE  [00m [00;34m          GST_TRACER :0::[00m element-latency, element-id=(string)0xaaaaf7b17c90, element=(string)nvv4l2h264enc0, src=(string)src, time=(guint64)12128581, ts=(guint64)15576667292;
0:00:15.576896560 [32m178147[00m 0xfffd90000de0 [37mTRACE  [00m [00;34m          GST_TRACER :0::[00m element-latency, element-id=(string)0xaaaaf7b1cb40, element=(string)h264parse0, src=(string)src, time=(guint64)214666, ts=(guint64)15576881958;
0:00:15.594761067 [32m178147[00m 0xfffd90000b70 [37mTRACE  [00m [00;34m          GST_TRACER :0::[00m element-latency, element-id=(string)0xaaaaf7b27740, element=(string)capsfilter0, src=(string)src, time=(guint64)44166, ts=(guint64)15594736901;
0:00:15.595593146 [32m178147[00m 0xfffd90000b70 [37mTRACE  [00m [00;34m          GST_TRACER :0::[00m element-latency, element-id=(string)0xaaaaf7959350, element=(string)jpegparse0, src=(string)src, time=(guint64)841522, ts=(guint64)15595578423;
0:00:15.607947920 [32m178147[00m 0xfffd90000b70 [37mTRACE  [00m [00;34m          GST_TRACER :0::[00m element-latency, element-id=(string)0xaaaaf7a8dbc0, element=(string)nvjpegdec0, src=(string)src, time=(guint64)12337155, ts=(guint64)15607915578;
0:00:15.633744036 [32m178147[00m 0xfffd90000b70 [37mTRACE  [00m [00;34m          GST_TRACER :0::[00m element-latency, element-id=(string)0xaaaaf7a961f0, element=(string)nvvconv0, src=(string)src, time=(guint64)25789579, ts=(guint64)15633705157;
0:00:15.633800675 [32m178147[00m 0xfffd90000b70 [37mTRACE  [00m [00;34m          GST_TRACER :0::[00m element-latency, element-id=(string)0xaaaaf7b2ada0, element=(string)capsfilter1, src=(string)src, time=(guint64)81815, ts=(guint64)15633786972;
0:00:15.646247041 [32m178147[00m 0xfffd90000de0 [37mTRACE  [00m [00;34m          GST_TRACER :0::[00m element-latency, element-id=(string)0xaaaaf7b17c90, element=(string)nvv4l2h264enc0, src=(string)src, time=(guint64)12432524, ts=(guint64)15646219496;
0:00:15.646448827 [32m178147[00m 0xfffd90000de0 [37mTRACE  [00m [00;34m          GST_TRACER :0::[00m element-latency, element-id=(string)0xaaaaf7b1cb40, element=(string)h264parse0, src=(string)src, time=(guint64)213933, ts=(guint64)15646433429;
0:00:15.659346201 [32m178147[00m 0xfffd90000b70 [37mTRACE  [00m [00;34m          GST_TRACER :0::[00m element-latency, element-id=(string)0xaaaaf7b27740, element=(string)capsfilter0, src=(string)src, time=(guint64)53472, ts=(guint64)15659319997;
0:00:15.660244139 [32m178147[00m 0xfffd90000b70 [37mTRACE  [00m [00;34m          GST_TRACER :0::[00m element-latency, element-id=(string)0xaaaaf7959350, element=(string)jpegparse0, src=(string)src, time=(guint64)907226, ts=(guint64)15660227223;
0:00:15.673098743 [32m178147[00m 0xfffd90000b70 [37mTRACE  [00m [00;34m          GST_TRACER :0::[00m element-latency, element-id=(string)0xaaaaf7a8dbc0, element=(string)nvjpegdec0, src=(string)src, time=(guint64)12840548, ts=(guint64)15673067771;
0:00:15.696784022 [32m178147[00m 0xfffd90000b70 [37mTRACE  [00m [00;34m          GST_TRACER :0::[00m element-latency, element-id=(string)0xaaaaf7a961f0, element=(string)nvvconv0, src=(string)src, time=(guint64)23687649, ts=(guint64)15696755420;
0:00:15.696835272 [32m178147[00m 0xfffd90000b70 [37mTRACE  [00m [00;34m          GST_TRACER :0::[00m element-latency, element-id=(string)0xaaaaf7b2ada0, element=(string)capsfilter1, src=(string)src, time=(guint64)66852, ts=(guint64)15696822272;
0:00:15.709600080 [32m178147[00m 0xfffd90000de0 [37mTRACE  [00m [00;34m          GST_TRACER :0::[00m element-latency, element-id=(string)0xaaaaf7b17c90, element=(string)nvv4l2h264enc0, src=(string)src, time=(guint64)12727003, ts=(guint64)15709549275;
0:00:15.709797236 [32m178147[00m 0xfffd90000de0 [37mTRACE  [00m [00;34m          GST_TRACER :0::[00m element-latency, element-id=(string)0xaaaaf7b1cb40, element=(string)h264parse0, src=(string)src, time=(guint64)231294, ts=(guint64)15709780569;
0:00:15.722468305 [32m178147[00m 0xfffd90000b70 [37mTRACE  [00m [00;34m          GST_TRACER :0::[00m element-latency, element-id=(string)0xaaaaf7b27740, element=(string)capsfilter0, src=(string)src, time=(guint64)54870, ts=(guint64)15722441129;
0:00:15.723391003 [32m178147[00m 0xfffd90000b70 [37mTRACE  [00m [00;34m          GST_TRACER :0::[00m element-latency, element-id=(string)0xaaaaf7959350, element=(string)jpegparse0, src=(string)src, time=(guint64)932948, ts=(guint64)15723374077;
0:00:15.736447116 [32m178147[00m 0xfffd90000b70 [37mTRACE  [00m [00;34m          GST_TRACER :0::[00m element-latency, element-id=(string)0xaaaaf7a8dbc0, element=(string)nvjpegdec0, src=(string)src, time=(guint64)13035307, ts=(guint64)15736409384;
0:00:15.760085653 [32m178147[00m 0xfffd90000b70 [37mTRACE  [00m [00;34m          GST_TRACER :0::[00m element-latency, element-id=(string)0xaaaaf7a961f0, element=(string)nvvconv0, src=(string)src, time=(guint64)23628399, ts=(guint64)15760037783;
0:00:15.760157069 [32m178147[00m 0xfffd90000b70 [37mTRACE  [00m [00;34m          GST_TRACER :0::[00m element-latency, element-id=(string)0xaaaaf7b2ada0, element=(string)capsfilter1, src=(string)src, time=(guint64)103582, ts=(guint64)15760141365;
0:00:15.773153988 [32m178147[00m 0xfffd90000de0 [37mTRACE  [00m [00;34m          GST_TRACER :0::[00m element-latency, element-id=(string)0xaaaaf7b17c90, element=(string)nvv4l2h264enc0, src=(string)src, time=(guint64)12979919, ts=(guint64)15773121284;
0:00:15.773374162 [32m178147[00m 0xfffd90000de0 [37mTRACE  [00m [00;34m          GST_TRACER :0::[00m element-latency, element-id=(string)0xaaaaf7b1cb40, element=(string)h264parse0, src=(string)src, time=(guint64)235564, ts=(guint64)15773356848;
0:00:15.786222165 [32m178147[00m 0xfffd90000b70 [37mTRACE  [00m [00;34m          GST_TRACER :0::[00m element-latency, element-id=(string)0xaaaaf7b27740, element=(string)capsfilter0, src=(string)src, time=(guint64)24704, ts=(guint64)15786203702;
0:00:15.787085548 [32m178147[00m 0xfffd90000b70 [37mTRACE  [00m [00;34m          GST_TRACER :0::[00m element-latency, element-id=(string)0xaaaaf7959350, element=(string)jpegparse0, src=(string)src, time=(guint64)868032, ts=(guint64)15787071734;
0:00:15.800060143 [32m178147[00m 0xfffd90000b70 [37mTRACE  [00m [00;34m          GST_TRACER :0::[00m element-latency, element-id=(string)0xaaaaf7a8dbc0, element=(string)nvjpegdec0, src=(string)src, time=(guint64)12954002, ts=(guint64)15800025736;
0:00:15.824266835 [32m178147[00m 0xfffd90000b70 [37mTRACE  [00m [00;34m          GST_TRACER :0::[00m element-latency, element-id=(string)0xaaaaf7a961f0, element=(string)nvvconv0, src=(string)src, time=(guint64)24207136, ts=(guint64)15824232872;
0:00:15.824321982 [32m178147[00m 0xfffd90000b70 [37mTRACE  [00m [00;34m          GST_TRACER :0::[00m element-latency, element-id=(string)0xaaaaf7b2ada0, element=(string)capsfilter1, src=(string)src, time=(guint64)76555, ts=(guint64)15824309427;
0:00:15.837281327 [32m178147[00m 0xfffd90000de0 [37mTRACE  [00m [00;34m          GST_TRACER :0::[00m element-latency, element-id=(string)0xaaaaf7b17c90, element=(string)nvv4l2h264enc0, src=(string)src, time=(guint64)12941659, ts=(guint64)15837251086;
0:00:15.837487780 [32m178147[00m 0xfffd90000de0 [37mTRACE  [00m [00;34m          GST_TRACER :0::[00m element-latency, element-id=(string)0xaaaaf7b1cb40, element=(string)h264parse0, src=(string)src, time=(guint64)220379, ts=(guint64)15837471465;
0:00:15.854251749 [32m178147[00m 0xfffd90000b70 [37mTRACE  [00m [00;34m          GST_TRACER :0::[00m element-latency, element-id=(string)0xaaaaf7b27740, element=(string)capsfilter0, src=(string)src, time=(guint64)42407, ts=(guint64)15854228073;
0:00:15.855130160 [32m178147[00m 0xfffd90000b70 [37mTRACE  [00m [00;34m          GST_TRACER :0::[00m element-latency, element-id=(string)0xaaaaf7959350, element=(string)jpegparse0, src=(string)src, time=(guint64)885929, ts=(guint64)15855114002;
0:00:15.868115070 [32m178147[00m 0xfffd90000b70 [37mTRACE  [00m [00;34m          GST_TRACER :0::[00m element-latency, element-id=(string)0xaaaaf7a8dbc0, element=(string)nvjpegdec0, src=(string)src, time=(guint64)12969077, ts=(guint64)15868083079;
0:00:15.892284510 [32m178147[00m 0xfffd90000b70 [37mTRACE  [00m [00;34m          GST_TRACER :0::[00m element-latency, element-id=(string)0xaaaaf7a961f0, element=(string)nvvconv0, src=(string)src, time=(guint64)24169885, ts=(guint64)15892252964;
0:00:15.892333612 [32m178147[00m 0xfffd90000b70 [37mTRACE  [00m [00;34m          GST_TRACER :0::[00m element-latency, element-id=(string)0xaaaaf7b2ada0, element=(string)capsfilter1, src=(string)src, time=(guint64)68009, ts=(guint64)15892320973;
0:00:15.905254300 [32m178147[00m 0xfffd90000de0 [37mTRACE  [00m [00;34m          GST_TRACER :0::[00m element-latency, element-id=(string)0xaaaaf7b17c90, element=(string)nvv4l2h264enc0, src=(string)src, time=(guint64)12905086, ts=(guint64)15905226059;
0:00:15.905454049 [32m178147[00m 0xfffd90000de0 [37mTRACE  [00m [00;34m          GST_TRACER :0::[00m element-latency, element-id=(string)0xaaaaf7b1cb40, element=(string)h264parse0, src=(string)src, time=(guint64)211805, ts=(guint64)15905437864;
0:00:15.918208997 [32m178147[00m 0xfffd90000b70 [37mTRACE  [00m [00;34m          GST_TRACER :0::[00m element-latency, element-id=(string)0xaaaaf7b27740, element=(string)capsfilter0, src=(string)src, time=(guint64)26871, ts=(guint64)15918192997;
0:00:15.919065500 [32m178147[00m 0xfffd90000b70 [37mTRACE  [00m [00;34m          GST_TRACER :0::[00m element-latency, element-id=(string)0xaaaaf7959350, element=(string)jpegparse0, src=(string)src, time=(guint64)859031, ts=(guint64)15919052028;
0:00:15.932005827 [32m178147[00m 0xfffd90000b70 [37mTRACE  [00m [00;34m          GST_TRACER :0::[00m element-latency, element-id=(string)0xaaaaf7a8dbc0, element=(string)nvjpegdec0, src=(string)src, time=(guint64)12923457, ts=(guint64)15931975485;
0:00:15.956252536 [32m178147[00m 0xfffd90000b70 [37mTRACE  [00m [00;34m          GST_TRACER :0::[00m element-latency, element-id=(string)0xaaaaf7a961f0, element=(string)nvvconv0, src=(string)src, time=(guint64)24246145, ts=(guint64)15956221630;
0:00:15.956303730 [32m178147[00m 0xfffd90000b70 [37mTRACE  [00m [00;34m          GST_TRACER :0::[00m element-latency, element-id=(string)0xaaaaf7b2ada0, element=(string)capsfilter1, src=(string)src, time=(guint64)69573, ts=(guint64)15956291203;
0:00:15.969240872 [32m178147[00m 0xfffd90000de0 [37mTRACE  [00m [00;34m          GST_TRACER :0::[00m element-latency, element-id=(string)0xaaaaf7b17c90, element=(string)nvv4l2h264enc0, src=(string)src, time=(guint64)12917808, ts=(guint64)15969209011;
0:00:15.969454843 [32m178147[00m 0xfffd90000de0 [37mTRACE  [00m [00;34m          GST_TRACER :0::[00m element-latency, element-id=(string)0xaaaaf7b1cb40, element=(string)h264parse0, src=(string)src, time=(guint64)228341, ts=(guint64)15969437352;
0:00:15.982205207 [32m178147[00m 0xfffd90000b70 [37mTRACE  [00m [00;34m          GST_TRACER :0::[00m element-latency, element-id=(string)0xaaaaf7b27740, element=(string)capsfilter0, src=(string)src, time=(guint64)21731, ts=(guint64)15982188374;
0:00:15.983055683 [32m178147[00m 0xfffd90000b70 [37mTRACE  [00m [00;34m          GST_TRACER :0::[00m element-latency, element-id=(string)0xaaaaf7959350, element=(string)jpegparse0, src=(string)src, time=(guint64)852985, ts=(guint64)15983041359;
0:00:15.996004787 [32m178147[00m 0xfffd90000b70 [37mTRACE  [00m [00;34m          GST_TRACER :0::[00m element-latency, element-id=(string)0xaaaaf7a8dbc0, element=(string)nvjpegdec0, src=(string)src, time=(guint64)12932132, ts=(guint64)15995973491;
0:00:16.020458828 [32m178147[00m 0xfffd90000b70 [37mTRACE  [00m [00;34m          GST_TRACER :0::[00m element-latency, element-id=(string)0xaaaaf7a961f0, element=(string)nvvconv0, src=(string)src, time=(guint64)24447170, ts=(guint64)16020420661;
0:00:16.020540910 [32m178147[00m 0xfffd90000b70 [37mTRACE  [00m [00;34m          GST_TRACER :0::[00m element-latency, element-id=(string)0xaaaaf7b2ada0, element=(string)capsfilter1, src=(string)src, time=(guint64)105203, ts=(guint64)16020525864;
0:00:16.033666828 [32m178147[00m 0xfffd90000de0 [37mTRACE  [00m [00;34m          GST_TRACER :0::[00m element-latency, element-id=(string)0xaaaaf7b17c90, element=(string)nvv4l2h264enc0, src=(string)src, time=(guint64)13109677, ts=(guint64)16033635541;
0:00:16.033984585 [32m178147[00m 0xfffd90000de0 [37mTRACE  [00m [00;34m          GST_TRACER :0::[00m element-latency, element-id=(string)0xaaaaf7b1cb40, element=(string)h264parse0, src=(string)src, time=(guint64)330220, ts=(guint64)16033965761;
0:00:16.046235036 [32m178147[00m 0xfffd90000b70 [37mTRACE  [00m [00;34m          GST_TRACER :0::[00m element-latency, element-id=(string)0xaaaaf7b27740, element=(string)capsfilter0, src=(string)src, time=(guint64)22305, ts=(guint64)16046217582;
0:00:16.047081799 [32m178147[00m 0xfffd90000b70 [37mTRACE  [00m [00;34m          GST_TRACER :0::[00m element-latency, element-id=(string)0xaaaaf7959350, element=(string)jpegparse0, src=(string)src, time=(guint64)849763, ts=(guint64)16047067345;
0:00:16.060297503 [32m178147[00m 0xfffd90000b70 [37mTRACE  [00m [00;34m          GST_TRACER :0::[00m element-latency, element-id=(string)0xaaaaf7a8dbc0, element=(string)nvjpegdec0, src=(string)src, time=(guint64)13200528, ts=(guint64)16060267873;
0:00:16.084725682 [32m178147[00m 0xfffd90000b70 [37mTRACE  [00m [00;34m          GST_TRACER :0::[00m element-latency, element-id=(string)0xaaaaf7a961f0, element=(string)nvvconv0, src=(string)src, time=(guint64)24424235, ts=(guint64)16084692108;
0:00:16.084772636 [32m178147[00m 0xfffd90000b70 [37mTRACE  [00m [00;34m          GST_TRACER :0::[00m element-latency, element-id=(string)0xaaaaf7b2ada0, element=(string)capsfilter1, src=(string)src, time=(guint64)68120, ts=(guint64)16084760228;
0:00:16.101550410 [32m178147[00m 0xfffd90000de0 [37mTRACE  [00m [00;34m          GST_TRACER :0::[00m element-latency, element-id=(string)0xaaaaf7b17c90, element=(string)nvv4l2h264enc0, src=(string)src, time=(guint64)16760765, ts=(guint64)16101520993;
0:00:16.102061739 [32m178147[00m 0xfffd90000de0 [37mTRACE  [00m [00;34m          GST_TRACER :0::[00m element-latency, element-id=(string)0xaaaaf7b1cb40, element=(string)h264parse0, src=(string)src, time=(guint64)520331, ts=(guint64)16102041324;
0:00:16.110233781 [32m178147[00m 0xfffd90000b70 [37mTRACE  [00m [00;34m          GST_TRACER :0::[00m element-latency, element-id=(string)0xaaaaf7b27740, element=(string)capsfilter0, src=(string)src, time=(guint64)19369, ts=(guint64)16110219401;
0:00:16.111069655 [32m178147[00m 0xfffd90000b70 [37mTRACE  [00m [00;34m          GST_TRACER :0::[00m element-latency, element-id=(string)0xaaaaf7959350, element=(string)jpegparse0, src=(string)src, time=(guint64)836717, ts=(guint64)16111056118;
0:00:16.124468728 [32m178147[00m 0xfffd90000b70 [37mTRACE  [00m [00;34m          GST_TRACER :0::[00m element-latency, element-id=(string)0xaaaaf7a8dbc0, element=(string)nvjpegdec0, src=(string)src, time=(guint64)13385073, ts=(guint64)16124441191;
0:00:16.149907578 [32m178147[00m 0xfffd90000b70 [37mTRACE  [00m [00;34m          GST_TRACER :0::[00m element-latency, element-id=(string)0xaaaaf7a961f0, element=(string)nvvconv0, src=(string)src, time=(guint64)25436738, ts=(guint64)16149877929;
0:00:16.149955706 [32m178147[00m 0xfffd90000b70 [37mTRACE  [00m [00;34m          GST_TRACER :0::[00m element-latency, element-id=(string)0xaaaaf7b2ada0, element=(string)capsfilter1, src=(string)src, time=(guint64)64990, ts=(guint64)16149942919;
0:00:16.163644194 [32m178147[00m 0xfffd90000de0 [37mTRACE  [00m [00;34m          GST_TRACER :0::[00m element-latency, element-id=(string)0xaaaaf7b17c90, element=(string)nvv4l2h264enc0, src=(string)src, time=(guint64)13670906, ts=(guint64)16163613825;
0:00:16.163858591 [32m178147[00m 0xfffd90000de0 [37mTRACE  [00m [00;34m          GST_TRACER :0::[00m element-latency, element-id=(string)0xaaaaf7b1cb40, element=(string)h264parse0, src=(string)src, time=(guint64)228238, ts=(guint64)16163842063;
0:00:16.178221149 [32m178147[00m 0xfffd90000b70 [37mTRACE  [00m [00;34m          GST_TRACER :0::[00m element-latency, element-id=(string)0xaaaaf7b27740, element=(string)capsfilter0, src=(string)src, time=(guint64)32805, ts=(guint64)16178198704;
0:00:16.179083857 [32m178147[00m 0xfffd90000b70 [37mTRACE  [00m [00;34m          GST_TRACER :0::[00m element-latency, element-id=(string)0xaaaaf7959350, element=(string)jpegparse0, src=(string)src, time=(guint64)870310, ts=(guint64)16179069014;
0:00:16.193582580 [32m178147[00m 0xfffd90000b70 [37mTRACE  [00m [00;34m          GST_TRACER :0::[00m element-latency, element-id=(string)0xaaaaf7a8dbc0, element=(string)nvjpegdec0, src=(string)src, time=(guint64)14455890, ts=(guint64)16193524904;
0:00:16.218722977 [32m178147[00m 0xfffd90000b70 [37mTRACE  [00m [00;34m          GST_TRACER :0::[00m element-latency, element-id=(string)0xaaaaf7a961f0, element=(string)nvvconv0, src=(string)src, time=(guint64)25133814, ts=(guint64)16218658718;
0:00:16.218811606 [32m178147[00m 0xfffd90000b70 [37mTRACE  [00m [00;34m          GST_TRACER :0::[00m element-latency, element-id=(string)0xaaaaf7b2ada0, element=(string)capsfilter1, src=(string)src, time=(guint64)136287, ts=(guint64)16218795005;
0:00:16.233230645 [32m178147[00m 0xfffd90000de0 [37mTRACE  [00m [00;34m          GST_TRACER :0::[00m element-latency, element-id=(string)0xaaaaf7b17c90, element=(string)nvv4l2h264enc0, src=(string)src, time=(guint64)14401048, ts=(guint64)16233196053;
0:00:16.233438356 [32m178147[00m 0xfffd90000de0 [37mTRACE  [00m [00;34m          GST_TRACER :0::[00m element-latency, element-id=(string)0xaaaaf7b1cb40, element=(string)h264parse0, src=(string)src, time=(guint64)225933, ts=(guint64)16233421986;
0:00:16.242449596 [32m178147[00m 0xfffd90000b70 [37mTRACE  [00m [00;34m          GST_TRACER :0::[00m element-latency, element-id=(string)0xaaaaf7b27740, element=(string)capsfilter0, src=(string)src, time=(guint64)56259, ts=(guint64)16242421976;
0:00:16.243348174 [32m178147[00m 0xfffd90000b70 [37mTRACE  [00m [00;34m          GST_TRACER :0::[00m element-latency, element-id=(string)0xaaaaf7959350, element=(string)jpegparse0, src=(string)src, time=(guint64)909809, ts=(guint64)16243331785;
0:00:16.258323996 [32m178147[00m 0xfffd90000b70 [37mTRACE  [00m [00;34m          GST_TRACER :0::[00m element-latency, element-id=(string)0xaaaaf7a8dbc0, element=(string)nvjpegdec0, src=(string)src, time=(guint64)14946637, ts=(guint64)16258278422;
0:00:16.283344330 [32m178147[00m 0xfffd90000b70 [37mTRACE  [00m [00;34m          GST_TRACER :0::[00m element-latency, element-id=(string)0xaaaaf7a961f0, element=(string)nvvconv0, src=(string)src, time=(guint64)25026955, ts=(guint64)16283305377;
0:00:16.283406016 [32m178147[00m 0xfffd90000b70 [37mTRACE  [00m [00;34m          GST_TRACER :0::[00m element-latency, element-id=(string)0xaaaaf7b2ada0, element=(string)capsfilter1, src=(string)src, time=(guint64)85814, ts=(guint64)16283391191;
0:00:16.298545393 [32m178147[00m 0xfffd90000de0 [37mTRACE  [00m [00;34m          GST_TRACER :0::[00m element-latency, element-id=(string)0xaaaaf7b17c90, element=(string)nvv4l2h264enc0, src=(string)src, time=(guint64)15118628, ts=(guint64)16298509819;
0:00:16.298753687 [32m178147[00m 0xfffd90000de0 [37mTRACE  [00m [00;34m          GST_TRACER :0::[00m element-latency, element-id=(string)0xaaaaf7b1cb40, element=(string)h264parse0, src=(string)src, time=(guint64)227128, ts=(guint64)16298736947;
0:00:16.306437778 [32m178147[00m 0xfffd90000b70 [37mTRACE  [00m [00;34m          GST_TRACER :0::[00m element-latency, element-id=(string)0xaaaaf7b27740, element=(string)capsfilter0, src=(string)src, time=(guint64)46194, ts=(guint64)16306414047;
0:00:16.307316412 [32m178147[00m 0xfffd90000b70 [37mTRACE  [00m [00;34m          GST_TRACER :0::[00m element-latency, element-id=(string)0xaaaaf7959350, element=(string)jpegparse0, src=(string)src, time=(guint64)886800, ts=(guint64)16307300847;
0:00:16.322912999 [32m178147[00m 0xfffd90000b70 [37mTRACE  [00m [00;34m          GST_TRACER :0::[00m element-latency, element-id=(string)0xaaaaf7a8dbc0, element=(string)nvjpegdec0, src=(string)src, time=(guint64)15570199, ts=(guint64)16322871046;
0:00:16.346517722 [32m178147[00m 0xfffd90000b70 [37mTRACE  [00m [00;34m          GST_TRACER :0::[00m element-latency, element-id=(string)0xaaaaf7a961f0, element=(string)nvvconv0, src=(string)src, time=(guint64)23587057, ts=(guint64)16346458103;
0:00:16.346605805 [32m178147[00m 0xfffd90000b70 [37mTRACE  [00m [00;34m          GST_TRACER :0::[00m element-latency, element-id=(string)0xaaaaf7b2ada0, element=(string)capsfilter1, src=(string)src, time=(guint64)130619, ts=(guint64)16346588722;
0:00:16.361969986 [32m178147[00m 0xfffd90000de0 [37mTRACE  [00m [00;34m          GST_TRACER :0::[00m element-latency, element-id=(string)0xaaaaf7b17c90, element=(string)nvv4l2h264enc0, src=(string)src, time=(guint64)15349273, ts=(guint64)16361937995;
0:00:16.362167467 [32m178147[00m 0xfffd90000de0 [37mTRACE  [00m [00;34m          GST_TRACER :0::[00m element-latency, element-id=(string)0xaaaaf7b1cb40, element=(string)h264parse0, src=(string)src, time=(guint64)214999, ts=(guint64)16362152994;
0:00:16.370454609 [32m178147[00m 0xfffd90000b70 [37mTRACE  [00m [00;34m          GST_TRACER :0::[00m element-latency, element-id=(string)0xaaaaf7b27740, element=(string)capsfilter0, src=(string)src, time=(guint64)58499, ts=(guint64)16370427350;
0:00:16.371371381 [32m178147[00m 0xfffd90000b70 [37mTRACE  [00m [00;34m          GST_TRACER :0::[00m element-latency, element-id=(string)0xaaaaf7959350, element=(string)jpegparse0, src=(string)src, time=(guint64)926688, ts=(guint64)16371354038;
0:00:16.388190063 [32m178147[00m 0xfffd90000b70 [37mTRACE  [00m [00;34m          GST_TRACER :0::[00m element-latency, element-id=(string)0xaaaaf7a8dbc0, element=(string)nvjpegdec0, src=(string)src, time=(guint64)16795988, ts=(guint64)16388150026;
0:00:16.413872551 [32m178147[00m 0xfffd90000b70 [37mTRACE  [00m [00;34m          GST_TRACER :0::[00m element-latency, element-id=(string)0xaaaaf7a961f0, element=(string)nvvconv0, src=(string)src, time=(guint64)25687089, ts=(guint64)16413837115;
0:00:16.413930180 [32m178147[00m 0xfffd90000b70 [37mTRACE  [00m [00;34m          GST_TRACER :0::[00m element-latency, element-id=(string)0xaaaaf7b2ada0, element=(string)capsfilter1, src=(string)src, time=(guint64)79167, ts=(guint64)16413916282;
0:00:16.429133233 [32m178147[00m 0xfffd90000de0 [37mTRACE  [00m [00;34m          GST_TRACER :0::[00m element-latency, element-id=(string)0xaaaaf7b17c90, element=(string)nvv4l2h264enc0, src=(string)src, time=(guint64)15186275, ts=(guint64)16429102557;
0:00:16.429355306 [32m178147[00m 0xfffd90000de0 [37mTRACE  [00m [00;34m          GST_TRACER :0::[00m element-latency, element-id=(string)0xaaaaf7b1cb40, element=(string)h264parse0, src=(string)src, time=(guint64)235758, ts=(guint64)16429338315;
0:00:16.438187843 [32m178147[00m 0xfffd90000b70 [37mTRACE  [00m [00;34m          GST_TRACER :0::[00m element-latency, element-id=(string)0xaaaaf7b27740, element=(string)capsfilter0, src=(string)src, time=(guint64)22296, ts=(guint64)16438172519;
0:00:16.439033846 [32m178147[00m 0xfffd90000b70 [37mTRACE  [00m [00;34m          GST_TRACER :0::[00m element-latency, element-id=(string)0xaaaaf7959350, element=(string)jpegparse0, src=(string)src, time=(guint64)846985, ts=(guint64)16439019504;
0:00:16.453957041 [32m178147[00m 0xfffd90000b70 [37mTRACE  [00m [00;34m          GST_TRACER :0::[00m element-latency, element-id=(string)0xaaaaf7a8dbc0, element=(string)nvjpegdec0, src=(string)src, time=(guint64)14906333, ts=(guint64)16453925837;
0:00:16.478149074 [32m178147[00m 0xfffd90000b70 [37mTRACE  [00m [00;34m          GST_TRACER :0::[00m element-latency, element-id=(string)0xaaaaf7a961f0, element=(string)nvvconv0, src=(string)src, time=(guint64)24158783, ts=(guint64)16478084620;
0:00:16.478254564 [32m178147[00m 0xfffd90000b70 [37mTRACE  [00m [00;34m          GST_TRACER :0::[00m element-latency, element-id=(string)0xaaaaf7b2ada0, element=(string)capsfilter1, src=(string)src, time=(guint64)151203, ts=(guint64)16478235823;
0:00:16.493654422 [32m178147[00m 0xfffd90000de0 [37mTRACE  [00m [00;34m          GST_TRACER :0::[00m element-latency, element-id=(string)0xaaaaf7b17c90, element=(string)nvv4l2h264enc0, src=(string)src, time=(guint64)15384997, ts=(guint64)16493620820;
0:00:16.493861161 [32m178147[00m 0xfffd90000de0 [37mTRACE  [00m [00;34m          GST_TRACER :0::[00m element-latency, element-id=(string)0xaaaaf7b1cb40, element=(string)h264parse0, src=(string)src, time=(guint64)224443, ts=(guint64)16493845263;
0:00:16.502535681 [32m178147[00m 0xfffd90000b70 [37mTRACE  [00m [00;34m          GST_TRACER :0::[00m element-latency, element-id=(string)0xaaaaf7b27740, element=(string)capsfilter0, src=(string)src, time=(guint64)63814, ts=(guint64)16502506125;
0:00:16.503391481 [32m178147[00m 0xfffd90000b70 [37mTRACE  [00m [00;34m          GST_TRACER :0::[00m element-latency, element-id=(string)0xaaaaf7959350, element=(string)jpegparse0, src=(string)src, time=(guint64)868060, ts=(guint64)16503374185;
0:00:16.518915208 [32m178147[00m 0xfffd90000b70 [37mTRACE  [00m [00;34m          GST_TRACER :0::[00m element-latency, element-id=(string)0xaaaaf7a8dbc0, element=(string)nvjpegdec0, src=(string)src, time=(guint64)15494718, ts=(guint64)16518868903;
0:00:16.543731321 [32m178147[00m 0xfffd90000b70 [37mTRACE  [00m [00;34m          GST_TRACER :0::[00m element-latency, element-id=(string)0xaaaaf7a961f0, element=(string)nvvconv0, src=(string)src, time=(guint64)24825029, ts=(guint64)16543693932;
0:00:16.543791266 [32m178147[00m 0xfffd90000b70 [37mTRACE  [00m [00;34m          GST_TRACER :0::[00m element-latency, element-id=(string)0xaaaaf7b2ada0, element=(string)capsfilter1, src=(string)src, time=(guint64)83167, ts=(guint64)16543777099;
0:00:16.559176289 [32m178147[00m 0xfffd90000de0 [37mTRACE  [00m [00;34m          GST_TRACER :0::[00m element-latency, element-id=(string)0xaaaaf7b17c90, element=(string)nvv4l2h264enc0, src=(string)src, time=(guint64)15366588, ts=(guint64)16559143687;
0:00:16.559397371 [32m178147[00m 0xfffd90000de0 [37mTRACE  [00m [00;34m          GST_TRACER :0::[00m element-latency, element-id=(string)0xaaaaf7b1cb40, element=(string)h264parse0, src=(string)src, time=(guint64)236268, ts=(guint64)16559379955;
0:00:16.566197467 [32m178147[00m 0xfffd90000b70 [37mTRACE  [00m [00;34m          GST_TRACER :0::[00m element-latency, element-id=(string)0xaaaaf7b27740, element=(string)capsfilter0, src=(string)src, time=(guint64)21841, ts=(guint64)16566181041;
0:00:16.567053249 [32m178147[00m 0xfffd90000b70 [37mTRACE  [00m [00;34m          GST_TRACER :0::[00m element-latency, element-id=(string)0xaaaaf7959350, element=(string)jpegparse0, src=(string)src, time=(guint64)857819, ts=(guint64)16567038860;
0:00:16.582239821 [32m178147[00m 0xfffd90000b70 [37mTRACE  [00m [00;34m          GST_TRACER :0::[00m element-latency, element-id=(string)0xaaaaf7a8dbc0, element=(string)nvjpegdec0, src=(string)src, time=(guint64)15156498, ts=(guint64)16582195358;
0:00:16.606202514 [32m178147[00m 0xfffd90000b70 [37mTRACE  [00m [00;34m          GST_TRACER :0::[00m element-latency, element-id=(string)0xaaaaf7a961f0, element=(string)nvvconv0, src=(string)src, time=(guint64)23971545, ts=(guint64)16606166903;
0:00:16.606262337 [32m178147[00m 0xfffd90000b70 [37mTRACE  [00m [00;34m          GST_TRACER :0::[00m element-latency, element-id=(string)0xaaaaf7b2ada0, element=(string)capsfilter1, src=(string)src, time=(guint64)81490, ts=(guint64)16606248393;
0:00:16.621691945 [32m178147[00m 0xfffd90000de0 [37mTRACE  [00m [00;34m          GST_TRACER :0::[00m element-latency, element-id=(string)0xaaaaf7b17c90, element=(string)nvv4l2h264enc0, src=(string)src, time=(guint64)15409737, ts=(guint64)16621658130;
0:00:16.621931656 [32m178147[00m 0xfffd90000de0 [37mTRACE  [00m [00;34m          GST_TRACER :0::[00m element-latency, element-id=(string)0xaaaaf7b1cb40, element=(string)h264parse0, src=(string)src, time=(guint64)257007, ts=(guint64)16621915137;
0:00:16.630456547 [32m178147[00m 0xfffd90000b70 [37mTRACE  [00m [00;34m          GST_TRACER :0::[00m element-latency, element-id=(string)0xaaaaf7b27740, element=(string)capsfilter0, src=(string)src, time=(guint64)58630, ts=(guint64)16630427927;
0:00:16.631310282 [32m178147[00m 0xfffd90000b70 [37mTRACE  [00m [00;34m          GST_TRACER :0::[00m element-latency, element-id=(string)0xaaaaf7959350, element=(string)jpegparse0, src=(string)src, time=(guint64)864892, ts=(guint64)16631292819;
0:00:16.646158161 [32m178147[00m 0xfffd90000b70 [37mTRACE  [00m [00;34m          GST_TRACER :0::[00m element-latency, element-id=(string)0xaaaaf7a8dbc0, element=(string)nvjpegdec0, src=(string)src, time=(guint64)14832648, ts=(guint64)16646125467;
0:00:16.669930003 [32m178147[00m 0xfffd90000b70 [37mTRACE  [00m [00;34m          GST_TRACER :0::[00m element-latency, element-id=(string)0xaaaaf7a961f0, element=(string)nvvconv0, src=(string)src, time=(guint64)23766481, ts=(guint64)16669891948;
0:00:16.669988828 [32m178147[00m 0xfffd90000b70 [37mTRACE  [00m [00;34m          GST_TRACER :0::[00m element-latency, element-id=(string)0xaaaaf7b2ada0, element=(string)capsfilter1, src=(string)src, time=(guint64)81333, ts=(guint64)16669973281;
0:00:16.685183269 [32m178147[00m 0xfffd90000de0 [37mTRACE  [00m [00;34m          GST_TRACER :0::[00m element-latency, element-id=(string)0xaaaaf7b17c90, element=(string)nvv4l2h264enc0, src=(string)src, time=(guint64)15195053, ts=(guint64)16685168334;
0:00:16.685345416 [32m178147[00m 0xfffd90000de0 [37mTRACE  [00m [00;34m          GST_TRACER :0::[00m element-latency, element-id=(string)0xaaaaf7b1cb40, element=(string)h264parse0, src=(string)src, time=(guint64)164100, ts=(guint64)16685332434;
0:00:16.698231216 [32m178147[00m 0xfffd90000b70 [37mTRACE  [00m [00;34m          GST_TRACER :0::[00m element-latency, element-id=(string)0xaaaaf7b27740, element=(string)capsfilter0, src=(string)src, time=(guint64)40240, ts=(guint64)16698208354;
0:00:16.699102339 [32m178147[00m 0xfffd90000b70 [37mTRACE  [00m [00;34m          GST_TRACER :0::[00m element-latency, element-id=(string)0xaaaaf7959350, element=(string)jpegparse0, src=(string)src, time=(guint64)879800, ts=(guint64)16699088154;
0:00:16.713996543 [32m178147[00m 0xfffd90000b70 [37mTRACE  [00m [00;34m          GST_TRACER :0::[00m element-latency, element-id=(string)0xaaaaf7a8dbc0, element=(string)nvjpegdec0, src=(string)src, time=(guint64)14876259, ts=(guint64)16713964413;
0:00:16.737718949 [32m178147[00m 0xfffd90000b70 [37mTRACE  [00m [00;34m          GST_TRACER :0::[00m element-latency, element-id=(string)0xaaaaf7a961f0, element=(string)nvvconv0, src=(string)src, time=(guint64)23718601, ts=(guint64)16737683014;
0:00:16.737774940 [32m178147[00m 0xfffd90000b70 [37mTRACE  [00m [00;34m          GST_TRACER :0::[00m element-latency, element-id=(string)0xaaaaf7b2ada0, element=(string)capsfilter1, src=(string)src, time=(guint64)78121, ts=(guint64)16737761135;
0:00:16.756737599 [32m178147[00m 0xfffd90000de0 [37mTRACE  [00m [00;34m          GST_TRACER :0::[00m element-latency, element-id=(string)0xaaaaf7b17c90, element=(string)nvv4l2h264enc0, src=(string)src, time=(guint64)18949760, ts=(guint64)16756710895;
0:00:16.757230226 [32m178147[00m 0xfffd90000de0 [37mTRACE  [00m [00;34m          GST_TRACER :0::[00m element-latency, element-id=(string)0xaaaaf7b1cb40, element=(string)h264parse0, src=(string)src, time=(guint64)500812, ts=(guint64)16757211707;
0:00:16.762212204 [32m178147[00m 0xfffd90000b70 [37mTRACE  [00m [00;34m          GST_TRACER :0::[00m element-latency, element-id=(string)0xaaaaf7b27740, element=(string)capsfilter0, src=(string)src, time=(guint64)30806, ts=(guint64)16762192686;
0:00:16.763090152 [32m178147[00m 0xfffd90000b70 [37mTRACE  [00m [00;34m          GST_TRACER :0::[00m element-latency, element-id=(string)0xaaaaf7959350, element=(string)jpegparse0, src=(string)src, time=(guint64)882984, ts=(guint64)16763075670;
0:00:16.777992050 [32m178147[00m 0xfffd90000b70 [37mTRACE  [00m [00;34m          GST_TRACER :0::[00m element-latency, element-id=(string)0xaaaaf7a8dbc0, element=(string)nvjpegdec0, src=(string)src, time=(guint64)14884028, ts=(guint64)16777959698;
0:00:16.801282098 [32m178147[00m 0xfffd90000b70 [37mTRACE  [00m [00;34m          GST_TRACER :0::[00m element-latency, element-id=(string)0xaaaaf7a961f0, element=(string)nvvconv0, src=(string)src, time=(guint64)23287298, ts=(guint64)16801246996;
0:00:16.801336228 [32m178147[00m 0xfffd90000b70 [37mTRACE  [00m [00;34m          GST_TRACER :0::[00m element-latency, element-id=(string)0xaaaaf7b2ada0, element=(string)capsfilter1, src=(string)src, time=(guint64)76843, ts=(guint64)16801323839;
0:00:16.814482062 [32m178147[00m 0xfffd90000de0 [37mTRACE  [00m [00;34m          GST_TRACER :0::[00m element-latency, element-id=(string)0xaaaaf7b17c90, element=(string)nvv4l2h264enc0, src=(string)src, time=(guint64)13126204, ts=(guint64)16814450043;
0:00:16.814708616 [32m178147[00m 0xfffd90000de0 [37mTRACE  [00m [00;34m          GST_TRACER :0::[00m element-latency, element-id=(string)0xaaaaf7b1cb40, element=(string)h264parse0, src=(string)src, time=(guint64)241981, ts=(guint64)16814692024;
0:00:16.826245109 [32m178147[00m 0xfffd90000b70 [37mTRACE  [00m [00;34m          GST_TRACER :0::[00m element-latency, element-id=(string)0xaaaaf7b27740, element=(string)capsfilter0, src=(string)src, time=(guint64)42917, ts=(guint64)16826220804;
0:00:16.827131020 [32m178147[00m 0xfffd90000b70 [37mTRACE  [00m [00;34m          GST_TRACER :0::[00m element-latency, element-id=(string)0xaaaaf7959350, element=(string)jpegparse0, src=(string)src, time=(guint64)894429, ts=(guint64)16827115233;
0:00:16.840145476 [32m178147[00m 0xfffd90000b70 [37mTRACE  [00m [00;34m          GST_TRACER :0::[00m element-latency, element-id=(string)0xaaaaf7a8dbc0, element=(string)nvjpegdec0, src=(string)src, time=(guint64)12998965, ts=(guint64)16840114198;
0:00:16.864716063 [32m178147[00m 0xfffd90000b70 [37mTRACE  [00m [00;34m          GST_TRACER :0::[00m element-latency, element-id=(string)0xaaaaf7a961f0, element=(string)nvvconv0, src=(string)src, time=(guint64)24560050, ts=(guint64)16864674248;
0:00:16.864776618 [32m178147[00m 0xfffd90000b70 [37mTRACE  [00m [00;34m          GST_TRACER :0::[00m element-latency, element-id=(string)0xaaaaf7b2ada0, element=(string)capsfilter1, src=(string)src, time=(guint64)88536, ts=(guint64)16864762784;
0:00:16.876443591 [32m178147[00m 0xfffd90000de0 [37mTRACE  [00m [00;34m          GST_TRACER :0::[00m element-latency, element-id=(string)0xaaaaf7b17c90, element=(string)nvv4l2h264enc0, src=(string)src, time=(guint64)11650900, ts=(guint64)16876413684;
0:00:16.876657405 [32m178147[00m 0xfffd90000de0 [37mTRACE  [00m [00;34m          GST_TRACER :0::[00m element-latency, element-id=(string)0xaaaaf7b1cb40, element=(string)h264parse0, src=(string)src, time=(guint64)228045, ts=(guint64)16876641729;
0:00:16.890249181 [32m178147[00m 0xfffd90000b70 [37mTRACE  [00m [00;34m          GST_TRACER :0::[00m element-latency, element-id=(string)0xaaaaf7b27740, element=(string)capsfilter0, src=(string)src, time=(guint64)42398, ts=(guint64)16890224422;
0:00:16.891083101 [32m178147[00m 0xfffd90000b70 [37mTRACE  [00m [00;34m          GST_TRACER :0::[00m element-latency, element-id=(string)0xaaaaf7959350, element=(string)jpegparse0, src=(string)src, time=(guint64)843336, ts=(guint64)16891067758;
0:00:16.904059594 [32m178147[00m 0xfffd90000b70 [37mTRACE  [00m [00;34m          GST_TRACER :0::[00m element-latency, element-id=(string)0xaaaaf7a8dbc0, element=(string)nvjpegdec0, src=(string)src, time=(guint64)12948642, ts=(guint64)16904016400;
0:00:16.928625764 [32m178147[00m 0xfffd90000b70 [37mTRACE  [00m [00;34m          GST_TRACER :0::[00m element-latency, element-id=(string)0xaaaaf7a961f0, element=(string)nvvconv0, src=(string)src, time=(guint64)24557735, ts=(guint64)16928574135;
0:00:16.928725300 [32m178147[00m 0xfffd90000b70 [37mTRACE  [00m [00;34m          GST_TRACER :0::[00m element-latency, element-id=(string)0xaaaaf7b2ada0, element=(string)capsfilter1, src=(string)src, time=(guint64)133139, ts=(guint64)16928707274;
0:00:16.940329673 [32m178147[00m 0xfffd90000de0 [37mTRACE  [00m [00;34m          GST_TRACER :0::[00m element-latency, element-id=(string)0xaaaaf7b17c90, element=(string)nvv4l2h264enc0, src=(string)src, time=(guint64)11591492, ts=(guint64)16940298766;
0:00:16.940539181 [32m178147[00m 0xfffd90000de0 [37mTRACE  [00m [00;34m          GST_TRACER :0::[00m element-latency, element-id=(string)0xaaaaf7b1cb40, element=(string)h264parse0, src=(string)src, time=(guint64)224100, ts=(guint64)16940522866;
0:00:16.954268392 [32m178147[00m 0xfffd90000b70 [37mTRACE  [00m [00;34m          GST_TRACER :0::[00m element-latency, element-id=(string)0xaaaaf7b27740, element=(string)capsfilter0, src=(string)src, time=(guint64)32621, ts=(guint64)16954247031;
0:00:16.955139201 [32m178147[00m 0xfffd90000b70 [37mTRACE  [00m [00;34m          GST_TRACER :0::[00m element-latency, element-id=(string)0xaaaaf7959350, element=(string)jpegparse0, src=(string)src, time=(guint64)877521, ts=(guint64)16955124552;
0:00:16.966974840 [32m178147[00m 0xfffd90000b70 [37mTRACE  [00m [00;34m          GST_TRACER :0::[00m element-latency, element-id=(string)0xaaaaf7a8dbc0, element=(string)nvjpegdec0, src=(string)src, time=(guint64)11811584, ts=(guint64)16966936136;
0:00:16.990697830 [32m178147[00m 0xfffd90000b70 [37mTRACE  [00m [00;34m          GST_TRACER :0::[00m element-latency, element-id=(string)0xaaaaf7a961f0, element=(string)nvvconv0, src=(string)src, time=(guint64)23729084, ts=(guint64)16990665220;
0:00:16.990755089 [32m178147[00m 0xfffd90000b70 [37mTRACE  [00m [00;34m          GST_TRACER :0::[00m element-latency, element-id=(string)0xaaaaf7b2ada0, element=(string)capsfilter1, src=(string)src, time=(guint64)75841, ts=(guint64)16990741061;
0:00:17.002475729 [32m178147[00m 0xfffd90000de0 [37mTRACE  [00m [00;34m          GST_TRACER :0::[00m element-latency, element-id=(string)0xaaaaf7b17c90, element=(string)nvv4l2h264enc0, src=(string)src, time=(guint64)11703279, ts=(guint64)17002444340;
0:00:17.002699051 [32m178147[00m 0xfffd90000de0 [37mTRACE  [00m [00;34m          GST_TRACER :0::[00m element-latency, element-id=(string)0xaaaaf7b1cb40, element=(string)h264parse0, src=(string)src, time=(guint64)237007, ts=(guint64)17002681347;
0:00:17.022231022 [32m178147[00m 0xfffd90000b70 [37mTRACE  [00m [00;34m          GST_TRACER :0::[00m element-latency, element-id=(string)0xaaaaf7b27740, element=(string)capsfilter0, src=(string)src, time=(guint64)30750, ts=(guint64)17022210272;
0:00:17.023091747 [32m178147[00m 0xfffd90000b70 [37mTRACE  [00m [00;34m          GST_TRACER :0::[00m element-latency, element-id=(string)0xaaaaf7959350, element=(string)jpegparse0, src=(string)src, time=(guint64)866439, ts=(guint64)17023076711;
0:00:17.037080096 [32m178147[00m 0xfffd90000b70 [37mTRACE  [00m [00;34m          GST_TRACER :0::[00m element-latency, element-id=(string)0xaaaaf7a8dbc0, element=(string)nvjpegdec0, src=(string)src, time=(guint64)13974542, ts=(guint64)17037051253;
0:00:17.062034439 [32m178147[00m 0xfffd90000b70 [37mTRACE  [00m [00;34m          GST_TRACER :0::[00m element-latency, element-id=(string)0xaaaaf7a961f0, element=(string)nvvconv0, src=(string)src, time=(guint64)24954511, ts=(guint64)17062005764;
0:00:17.062083837 [32m178147[00m 0xfffd90000b70 [37mTRACE  [00m [00;34m          GST_TRACER :0::[00m element-latency, element-id=(string)0xaaaaf7b2ada0, element=(string)capsfilter1, src=(string)src, time=(guint64)65175, ts=(guint64)17062070939;
0:00:17.074025634 [32m178147[00m 0xfffd90000de0 [37mTRACE  [00m [00;34m          GST_TRACER :0::[00m element-latency, element-id=(string)0xaaaaf7b17c90, element=(string)nvv4l2h264enc0, src=(string)src, time=(guint64)11925852, ts=(guint64)17073996791;
0:00:17.074261122 [32m178147[00m 0xfffd90000de0 [37mTRACE  [00m [00;34m          GST_TRACER :0::[00m element-latency, element-id=(string)0xaaaaf7b1cb40, element=(string)h264parse0, src=(string)src, time=(guint64)246822, ts=(guint64)17074243613;
0:00:17.086224946 [32m178147[00m 0xfffd90000b70 [37mTRACE  [00m [00;34m          GST_TRACER :0::[00m element-latency, element-id=(string)0xaaaaf7b27740, element=(string)capsfilter0, src=(string)src, time=(guint64)34149, ts=(guint64)17086202807;
0:00:17.087117236 [32m178147[00m 0xfffd90000b70 [37mTRACE  [00m [00;34m          GST_TRACER :0::[00m element-latency, element-id=(string)0xaaaaf7959350, element=(string)jpegparse0, src=(string)src, time=(guint64)900300, ts=(guint64)17087103107;
0:00:17.101178796 [32m178147[00m 0xfffd90000b70 [37mTRACE  [00m [00;34m          GST_TRACER :0::[00m element-latency, element-id=(string)0xaaaaf7a8dbc0, element=(string)nvjpegdec0, src=(string)src, time=(guint64)14036468, ts=(guint64)17101139575;
0:00:17.126580637 [32m178147[00m 0xfffd90000b70 [37mTRACE  [00m [00;34m          GST_TRACER :0::[00m element-latency, element-id=(string)0xaaaaf7a961f0, element=(string)nvvconv0, src=(string)src, time=(guint64)25407147, ts=(guint64)17126546722;
0:00:17.126636396 [32m178147[00m 0xfffd90000b70 [37mTRACE  [00m [00;34m          GST_TRACER :0::[00m element-latency, element-id=(string)0xaaaaf7b2ada0, element=(string)capsfilter1, src=(string)src, time=(guint64)75924, ts=(guint64)17126622646;
0:00:17.138855551 [32m178147[00m 0xfffd90000de0 [37mTRACE  [00m [00;34m          GST_TRACER :0::[00m element-latency, element-id=(string)0xaaaaf7b17c90, element=(string)nvv4l2h264enc0, src=(string)src, time=(guint64)12199747, ts=(guint64)17138822393;
0:00:17.139075364 [32m178147[00m 0xfffd90000de0 [37mTRACE  [00m [00;34m          GST_TRACER :0::[00m element-latency, element-id=(string)0xaaaaf7b1cb40, element=(string)h264parse0, src=(string)src, time=(guint64)236925, ts=(guint64)17139059318;
0:00:17.150199100 [32m178147[00m 0xfffd90000b70 [37mTRACE  [00m [00;34m          GST_TRACER :0::[00m element-latency, element-id=(string)0xaaaaf7b27740, element=(string)capsfilter0, src=(string)src, time=(guint64)21296, ts=(guint64)17150183414;
0:00:17.151070780 [32m178147[00m 0xfffd90000b70 [37mTRACE  [00m [00;34m          GST_TRACER :0::[00m element-latency, element-id=(string)0xaaaaf7959350, element=(string)jpegparse0, src=(string)src, time=(guint64)872292, ts=(guint64)17151055706;
0:00:17.163311823 [32m178147[00m 0xfffd90000b70 [37mTRACE  [00m [00;34m          GST_TRACER :0::[00m element-latency, element-id=(string)0xaaaaf7a8dbc0, element=(string)nvjpegdec0, src=(string)src, time=(guint64)12224987, ts=(guint64)17163280693;
0:00:17.187989038 [32m178147[00m 0xfffd90000b70 [37mTRACE  [00m [00;34m          GST_TRACER :0::[00m element-latency, element-id=(string)0xaaaaf7a961f0, element=(string)nvvconv0, src=(string)src, time=(guint64)24678308, ts=(guint64)17187959001;
0:00:17.188039741 [32m178147[00m 0xfffd90000b70 [37mTRACE  [00m [00;34m          GST_TRACER :0::[00m element-latency, element-id=(string)0xaaaaf7b2ada0, element=(string)capsfilter1, src=(string)src, time=(guint64)67499, ts=(guint64)17188026500;
0:00:17.200048647 [32m178147[00m 0xfffd90000de0 [37mTRACE  [00m [00;34m          GST_TRACER :0::[00m element-latency, element-id=(string)0xaaaaf7b17c90, element=(string)nvv4l2h264enc0, src=(string)src, time=(guint64)12005869, ts=(guint64)17200032369;
0:00:17.200217452 [32m178147[00m 0xfffd90000de0 [37mTRACE  [00m [00;34m          GST_TRACER :0::[00m element-latency, element-id=(string)0xaaaaf7b1cb40, element=(string)h264parse0, src=(string)src, time=(guint64)171231, ts=(guint64)17200203600;
0:00:17.214202679 [32m178147[00m 0xfffd90000b70 [37mTRACE  [00m [00;34m          GST_TRACER :0::[00m element-latency, element-id=(string)0xaaaaf7b27740, element=(string)capsfilter0, src=(string)src, time=(guint64)25435, ts=(guint64)17214185781;
0:00:17.215062599 [32m178147[00m 0xfffd90000b70 [37mTRACE  [00m [00;34m          GST_TRACER :0::[00m element-latency, element-id=(string)0xaaaaf7959350, element=(string)jpegparse0, src=(string)src, time=(guint64)861873, ts=(guint64)17215047654;
0:00:17.228684068 [32m178147[00m 0xfffd90000b70 [37mTRACE  [00m [00;34m          GST_TRACER :0::[00m element-latency, element-id=(string)0xaaaaf7a8dbc0, element=(string)nvjpegdec0, src=(string)src, time=(guint64)13599526, ts=(guint64)17228647180;
0:00:17.252305791 [32m178147[00m 0xfffd90000b70 [37mTRACE  [00m [00;34m          GST_TRACER :0::[00m element-latency, element-id=(string)0xaaaaf7a961f0, element=(string)nvvconv0, src=(string)src, time=(guint64)23602416, ts=(guint64)17252249596;
0:00:17.252374743 [32m178147[00m 0xfffd90000b70 [37mTRACE  [00m [00;34m          GST_TRACER :0::[00m element-latency, element-id=(string)0xaaaaf7b2ada0, element=(string)capsfilter1, src=(string)src, time=(guint64)110527, ts=(guint64)17252360123;
0:00:17.265011516 [32m178147[00m 0xfffd90000de0 [37mTRACE  [00m [00;34m          GST_TRACER :0::[00m element-latency, element-id=(string)0xaaaaf7b17c90, element=(string)nvv4l2h264enc0, src=(string)src, time=(guint64)12615570, ts=(guint64)17264975693;
0:00:17.265234238 [32m178147[00m 0xfffd90000de0 [37mTRACE  [00m [00;34m          GST_TRACER :0::[00m element-latency, element-id=(string)0xaaaaf7b1cb40, element=(string)h264parse0, src=(string)src, time=(guint64)241906, ts=(guint64)17265217599;
0:00:17.282275853 [32m178147[00m 0xfffd90000b70 [37mTRACE  [00m [00;34m          GST_TRACER :0::[00m element-latency, element-id=(string)0xaaaaf7b27740, element=(string)capsfilter0, src=(string)src, time=(guint64)51741, ts=(guint64)17282248372;
0:00:17.283162069 [32m178147[00m 0xfffd90000b70 [37mTRACE  [00m [00;34m          GST_TRACER :0::[00m element-latency, element-id=(string)0xaaaaf7959350, element=(string)jpegparse0, src=(string)src, time=(guint64)897438, ts=(guint64)17283145810;
0:00:17.295865824 [32m178147[00m 0xfffd90000b70 [37mTRACE  [00m [00;34m          GST_TRACER :0::[00m element-latency, element-id=(string)0xaaaaf7a8dbc0, element=(string)nvjpegdec0, src=(string)src, time=(guint64)12685032, ts=(guint64)17295830842;
0:00:17.321559154 [32m178147[00m 0xfffd90000b70 [37mTRACE  [00m [00;34m          GST_TRACER :0::[00m element-latency, element-id=(string)0xaaaaf7a961f0, element=(string)nvvconv0, src=(string)src, time=(guint64)25687608, ts=(guint64)17321518450;
0:00:17.321656579 [32m178147[00m 0xfffd90000b70 [37mTRACE  [00m [00;34m          GST_TRACER :0::[00m element-latency, element-id=(string)0xaaaaf7b2ada0, element=(string)capsfilter1, src=(string)src, time=(guint64)127406, ts=(guint64)17321645856;
0:00:17.334409878 [32m178147[00m 0xfffd90000de0 [37mTRACE  [00m [00;34m          GST_TRACER :0::[00m element-latency, element-id=(string)0xaaaaf7b17c90, element=(string)nvv4l2h264enc0, src=(string)src, time=(guint64)12734810, ts=(guint64)17334380666;
0:00:17.334669461 [32m178147[00m 0xfffd90000de0 [37mTRACE  [00m [00;34m          GST_TRACER :0::[00m element-latency, element-id=(string)0xaaaaf7b1cb40, element=(string)h264parse0, src=(string)src, time=(guint64)272434, ts=(guint64)17334653100;
0:00:17.346249480 [32m178147[00m 0xfffd90000b70 [37mTRACE  [00m [00;34m          GST_TRACER :0::[00m element-latency, element-id=(string)0xaaaaf7b27740, element=(string)capsfilter0, src=(string)src, time=(guint64)51657, ts=(guint64)17346228055;
0:00:17.346898060 [32m178147[00m 0xfffd90000b70 [37mTRACE  [00m [00;34m          GST_TRACER :0::[00m element-latency, element-id=(string)0xaaaaf7959350, element=(string)jpegparse0, src=(string)src, time=(guint64)657857, ts=(guint64)17346885912;
0:00:17.359100502 [32m178147[00m 0xfffd90000b70 [37mTRACE  [00m [00;34m          GST_TRACER :0::[00m element-latency, element-id=(string)0xaaaaf7a8dbc0, element=(string)nvjpegdec0, src=(string)src, time=(guint64)12191183, ts=(guint64)17359077095;
0:00:17.384864766 [32m178147[00m 0xfffd90000b70 [37mTRACE  [00m [00;34m          GST_TRACER :0::[00m element-latency, element-id=(string)0xaaaaf7a961f0, element=(string)nvvconv0, src=(string)src, time=(guint64)25748543, ts=(guint64)17384825638;
0:00:17.384949137 [32m178147[00m 0xfffd90000b70 [37mTRACE  [00m [00;34m          GST_TRACER :0::[00m element-latency, element-id=(string)0xaaaaf7b2ada0, element=(string)capsfilter1, src=(string)src, time=(guint64)108397, ts=(guint64)17384934035;
0:00:17.401125785 [32m178147[00m 0xfffd90000de0 [37mTRACE  [00m [00;34m          GST_TRACER :0::[00m element-latency, element-id=(string)0xaaaaf7b17c90, element=(string)nvv4l2h264enc0, src=(string)src, time=(guint64)16165612, ts=(guint64)17401099647;
0:00:17.401623180 [32m178147[00m 0xfffd90000de0 [37mTRACE  [00m [00;34m          GST_TRACER :0::[00m element-latency, element-id=(string)0xaaaaf7b1cb40, element=(string)h264parse0, src=(string)src, time=(guint64)504579, ts=(guint64)17401604226;
0:00:17.410241728 [32m178147[00m 0xfffd90000b70 [37mTRACE  [00m [00;34m          GST_TRACER :0::[00m element-latency, element-id=(string)0xaaaaf7b27740, element=(string)capsfilter0, src=(string)src, time=(guint64)43407, ts=(guint64)17410219349;
0:00:17.411086260 [32m178147[00m 0xfffd90000b70 [37mTRACE  [00m [00;34m          GST_TRACER :0::[00m element-latency, element-id=(string)0xaaaaf7959350, element=(string)jpegparse0, src=(string)src, time=(guint64)852272, ts=(guint64)17411071621;
0:00:17.423943875 [32m178147[00m 0xfffd90000b70 [37mTRACE  [00m [00;34m          GST_TRACER :0::[00m element-latency, element-id=(string)0xaaaaf7a8dbc0, element=(string)nvjpegdec0, src=(string)src, time=(guint64)12844022, ts=(guint64)17423915643;
0:00:17.449714398 [32m178147[00m 0xfffd90000b70 [37mTRACE  [00m [00;34m          GST_TRACER :0::[00m element-latency, element-id=(string)0xaaaaf7a961f0, element=(string)nvvconv0, src=(string)src, time=(guint64)25740181, ts=(guint64)17449655824;
0:00:17.449790101 [32m178147[00m 0xfffd90000b70 [37mTRACE  [00m [00;34m          GST_TRACER :0::[00m element-latency, element-id=(string)0xaaaaf7b2ada0, element=(string)capsfilter1, src=(string)src, time=(guint64)117435, ts=(guint64)17449773259;
0:00:17.462934186 [32m178147[00m 0xfffd90000de0 [37mTRACE  [00m [00;34m          GST_TRACER :0::[00m element-latency, element-id=(string)0xaaaaf7b17c90, element=(string)nvv4l2h264enc0, src=(string)src, time=(guint64)13137584, ts=(guint64)17462910843;
0:00:17.463103685 [32m178147[00m 0xfffd90000de0 [37mTRACE  [00m [00;34m          GST_TRACER :0::[00m element-latency, element-id=(string)0xaaaaf7b1cb40, element=(string)h264parse0, src=(string)src, time=(guint64)180823, ts=(guint64)17463091666;
0:00:17.474212236 [32m178147[00m 0xfffd90000b70 [37mTRACE  [00m [00;34m          GST_TRACER :0::[00m element-latency, element-id=(string)0xaaaaf7b27740, element=(string)capsfilter0, src=(string)src, time=(guint64)27037, ts=(guint64)17474194143;
0:00:17.475069425 [32m178147[00m 0xfffd90000b70 [37mTRACE  [00m [00;34m          GST_TRACER :0::[00m element-latency, element-id=(string)0xaaaaf7959350, element=(string)jpegparse0, src=(string)src, time=(guint64)857902, ts=(guint64)17475052045;
0:00:17.488240944 [32m178147[00m 0xfffd90000b70 [37mTRACE  [00m [00;34m          GST_TRACER :0::[00m element-latency, element-id=(string)0xaaaaf7a8dbc0, element=(string)nvjpegdec0, src=(string)src, time=(guint64)13159001, ts=(guint64)17488211046;
0:00:17.512231350 [32m178147[00m 0xfffd90000b70 [37mTRACE  [00m [00;34m          GST_TRACER :0::[00m element-latency, element-id=(string)0xaaaaf7a961f0, element=(string)nvvconv0, src=(string)src, time=(guint64)23989378, ts=(guint64)17512200424;
0:00:17.512283025 [32m178147[00m 0xfffd90000b70 [37mTRACE  [00m [00;34m          GST_TRACER :0::[00m element-latency, element-id=(string)0xaaaaf7b2ada0, element=(string)capsfilter1, src=(string)src, time=(guint64)68786, ts=(guint64)17512269210;
0:00:17.525532887 [32m178147[00m 0xfffd90000de0 [37mTRACE  [00m [00;34m          GST_TRACER :0::[00m element-latency, element-id=(string)0xaaaaf7b17c90, element=(string)nvv4l2h264enc0, src=(string)src, time=(guint64)13235825, ts=(guint64)17525505035;
0:00:17.525780201 [32m178147[00m 0xfffd90000de0 [37mTRACE  [00m [00;34m          GST_TRACER :0::[00m element-latency, element-id=(string)0xaaaaf7b1cb40, element=(string)h264parse0, src=(string)src, time=(guint64)258804, ts=(guint64)17525763839;
0:00:17.542195903 [32m178147[00m 0xfffd90000b70 [37mTRACE  [00m [00;34m          GST_TRACER :0::[00m element-latency, element-id=(string)0xaaaaf7b27740, element=(string)capsfilter0, src=(string)src, time=(guint64)23722, ts=(guint64)17542176746;
0:00:17.543068110 [32m178147[00m 0xfffd90000b70 [37mTRACE  [00m [00;34m          GST_TRACER :0::[00m element-latency, element-id=(string)0xaaaaf7959350, element=(string)jpegparse0, src=(string)src, time=(guint64)876790, ts=(guint64)17543053536;
0:00:17.558669662 [32m178147[00m 0xfffd90000b70 [37mTRACE  [00m [00;34m          GST_TRACER :0::[00m element-latency, element-id=(string)0xaaaaf7a8dbc0, element=(string)nvjpegdec0, src=(string)src, time=(guint64)15580218, ts=(guint64)17558633754;
0:00:17.584110474 [32m178147[00m 0xfffd90000b70 [37mTRACE  [00m [00;34m          GST_TRACER :0::[00m element-latency, element-id=(string)0xaaaaf7a961f0, element=(string)nvvconv0, src=(string)src, time=(guint64)25446535, ts=(guint64)17584080289;
0:00:17.584160631 [32m178147[00m 0xfffd90000b70 [37mTRACE  [00m [00;34m          GST_TRACER :0::[00m element-latency, element-id=(string)0xaaaaf7b2ada0, element=(string)capsfilter1, src=(string)src, time=(guint64)67148, ts=(guint64)17584147437;
0:00:17.598133090 [32m178147[00m 0xfffd90000de0 [37mTRACE  [00m [00;34m          GST_TRACER :0::[00m element-latency, element-id=(string)0xaaaaf7b17c90, element=(string)nvv4l2h264enc0, src=(string)src, time=(guint64)13956163, ts=(guint64)17598103600;
0:00:17.598336154 [32m178147[00m 0xfffd90000de0 [37mTRACE  [00m [00;34m          GST_TRACER :0::[00m element-latency, element-id=(string)0xaaaaf7b1cb40, element=(string)h264parse0, src=(string)src, time=(guint64)215544, ts=(guint64)17598319144;
0:00:17.606191457 [32m178147[00m 0xfffd90000b70 [37mTRACE  [00m [00;34m          GST_TRACER :0::[00m element-latency, element-id=(string)0xaaaaf7b27740, element=(string)capsfilter0, src=(string)src, time=(guint64)26454, ts=(guint64)17606174253;
0:00:17.607070664 [32m178147[00m 0xfffd90000b70 [37mTRACE  [00m [00;34m          GST_TRACER :0::[00m element-latency, element-id=(string)0xaaaaf7959350, element=(string)jpegparse0, src=(string)src, time=(guint64)881429, ts=(guint64)17607055682;
0:00:17.621177965 [32m178147[00m 0xfffd90000b70 [37mTRACE  [00m [00;34m          GST_TRACER :0::[00m element-latency, element-id=(string)0xaaaaf7a8dbc0, element=(string)nvjpegdec0, src=(string)src, time=(guint64)14090903, ts=(guint64)17621146585;
0:00:17.645995661 [32m178147[00m 0xfffd90000b70 [37mTRACE  [00m [00;34m          GST_TRACER :0::[00m element-latency, element-id=(string)0xaaaaf7a961f0, element=(string)nvvconv0, src=(string)src, time=(guint64)24809113, ts=(guint64)17645955698;
0:00:17.646054910 [32m178147[00m 0xfffd90000b70 [37mTRACE  [00m [00;34m          GST_TRACER :0::[00m element-latency, element-id=(string)0xaaaaf7b2ada0, element=(string)capsfilter1, src=(string)src, time=(guint64)83406, ts=(guint64)17646039104;
0:00:17.661355878 [32m178147[00m 0xfffd90000de0 [37mTRACE  [00m [00;34m          GST_TRACER :0::[00m element-latency, element-id=(string)0xaaaaf7b17c90, element=(string)nvv4l2h264enc0, src=(string)src, time=(guint64)15284431, ts=(guint64)17661323535;
0:00:17.661595784 [32m178147[00m 0xfffd90000de0 [37mTRACE  [00m [00;34m          GST_TRACER :0::[00m element-latency, element-id=(string)0xaaaaf7b1cb40, element=(string)h264parse0, src=(string)src, time=(guint64)236055, ts=(guint64)17661559590;
0:00:17.670191915 [32m178147[00m 0xfffd90000b70 [37mTRACE  [00m [00;34m          GST_TRACER :0::[00m element-latency, element-id=(string)0xaaaaf7b27740, element=(string)capsfilter0, src=(string)src, time=(guint64)23019, ts=(guint64)17670174832;
0:00:17.671063327 [32m178147[00m 0xfffd90000b70 [37mTRACE  [00m [00;34m          GST_TRACER :0::[00m element-latency, element-id=(string)0xaaaaf7959350, element=(string)jpegparse0, src=(string)src, time=(guint64)873588, ts=(guint64)17671048420;
0:00:17.685796993 [32m178147[00m 0xfffd90000b70 [37mTRACE  [00m [00;34m          GST_TRACER :0::[00m element-latency, element-id=(string)0xaaaaf7a8dbc0, element=(string)nvjpegdec0, src=(string)src, time=(guint64)14716295, ts=(guint64)17685764715;
0:00:17.710837103 [32m178147[00m 0xfffd90000b70 [37mTRACE  [00m [00;34m          GST_TRACER :0::[00m element-latency, element-id=(string)0xaaaaf7a961f0, element=(string)nvvconv0, src=(string)src, time=(guint64)24998139, ts=(guint64)17710762854;
0:00:17.710916687 [32m178147[00m 0xfffd90000b70 [37mTRACE  [00m [00;34m          GST_TRACER :0::[00m element-latency, element-id=(string)0xaaaaf7b2ada0, element=(string)capsfilter1, src=(string)src, time=(guint64)137999, ts=(guint64)17710900853;
0:00:17.726083258 [32m178147[00m 0xfffd90000de0 [37mTRACE  [00m [00;34m          GST_TRACER :0::[00m element-latency, element-id=(string)0xaaaaf7b17c90, element=(string)nvv4l2h264enc0, src=(string)src, time=(guint64)15150155, ts=(guint64)17726051008;
0:00:17.726298303 [32m178147[00m 0xfffd90000de0 [37mTRACE  [00m [00;34m          GST_TRACER :0::[00m element-latency, element-id=(string)0xaaaaf7b1cb40, element=(string)h264parse0, src=(string)src, time=(guint64)229564, ts=(guint64)17726280572;
0:00:17.734207966 [32m178147[00m 0xfffd90000b70 [37mTRACE  [00m [00;34m          GST_TRACER :0::[00m element-latency, element-id=(string)0xaaaaf7b27740, element=(string)capsfilter0, src=(string)src, time=(guint64)25908, ts=(guint64)17734188670;
0:00:17.735090739 [32m178147[00m 0xfffd90000b70 [37mTRACE  [00m [00;34m          GST_TRACER :0::[00m element-latency, element-id=(string)0xaaaaf7959350, element=(string)jpegparse0, src=(string)src, time=(guint64)886439, ts=(guint64)17735075109;
0:00:17.750096986 [32m178147[00m 0xfffd90000b70 [37mTRACE  [00m [00;34m          GST_TRACER :0::[00m element-latency, element-id=(string)0xaaaaf7a8dbc0, element=(string)nvjpegdec0, src=(string)src, time=(guint64)14981091, ts=(guint64)17750056200;
0:00:17.773756431 [32m178147[00m 0xfffd90000b70 [37mTRACE  [00m [00;34m          GST_TRACER :0::[00m element-latency, element-id=(string)0xaaaaf7a961f0, element=(string)nvvconv0, src=(string)src, time=(guint64)23657852, ts=(guint64)17773714052;
0:00:17.773817718 [32m178147[00m 0xfffd90000b70 [37mTRACE  [00m [00;34m          GST_TRACER :0::[00m element-latency, element-id=(string)0xaaaaf7b2ada0, element=(string)capsfilter1, src=(string)src, time=(guint64)89092, ts=(guint64)17773803144;
0:00:17.789088659 [32m178147[00m 0xfffd90000de0 [37mTRACE  [00m [00;34m          GST_TRACER :0::[00m element-latency, element-id=(string)0xaaaaf7b17c90, element=(string)nvv4l2h264enc0, src=(string)src, time=(guint64)15256617, ts=(guint64)17789059761;
0:00:17.789305612 [32m178147[00m 0xfffd90000de0 [37mTRACE  [00m [00;34m          GST_TRACER :0::[00m element-latency, element-id=(string)0xaaaaf7b1cb40, element=(string)h264parse0, src=(string)src, time=(guint64)228665, ts=(guint64)17789288426;
0:00:17.802172532 [32m178147[00m 0xfffd90000b70 [37mTRACE  [00m [00;34m          GST_TRACER :0::[00m element-latency, element-id=(string)0xaaaaf7b27740, element=(string)capsfilter0, src=(string)src, time=(guint64)25935, ts=(guint64)17802153939;
0:00:17.803034942 [32m178147[00m 0xfffd90000b70 [37mTRACE  [00m [00;34m          GST_TRACER :0::[00m element-latency, element-id=(string)0xaaaaf7959350, element=(string)jpegparse0, src=(string)src, time=(guint64)865624, ts=(guint64)17803019563;
0:00:17.818115431 [32m178147[00m 0xfffd90000b70 [37mTRACE  [00m [00;34m          GST_TRACER :0::[00m element-latency, element-id=(string)0xaaaaf7a8dbc0, element=(string)nvjpegdec0, src=(string)src, time=(guint64)15063147, ts=(guint64)17818082710;
0:00:17.843588726 [32m178147[00m 0xfffd90000b70 [37mTRACE  [00m [00;34m          GST_TRACER :0::[00m element-latency, element-id=(string)0xaaaaf7a961f0, element=(string)nvvconv0, src=(string)src, time=(guint64)25455645, ts=(guint64)17843538355;
0:00:17.843648800 [32m178147[00m 0xfffd90000b70 [37mTRACE  [00m [00;34m          GST_TRACER :0::[00m element-latency, element-id=(string)0xaaaaf7b2ada0, element=(string)capsfilter1, src=(string)src, time=(guint64)96306, ts=(guint64)17843634661;
0:00:17.859368766 [32m178147[00m 0xfffd90000de0 [37mTRACE  [00m [00;34m          GST_TRACER :0::[00m element-latency, element-id=(string)0xaaaaf7b17c90, element=(string)nvv4l2h264enc0, src=(string)src, time=(guint64)15701271, ts=(guint64)17859335932;
0:00:17.859593867 [32m178147[00m 0xfffd90000de0 [37mTRACE  [00m [00;34m          GST_TRACER :0::[00m element-latency, element-id=(string)0xaaaaf7b1cb40, element=(string)h264parse0, src=(string)src, time=(guint64)240194, ts=(guint64)17859576126;
0:00:17.866186881 [32m178147[00m 0xfffd90000b70 [37mTRACE  [00m [00;34m          GST_TRACER :0::[00m element-latency, element-id=(string)0xaaaaf7b27740, element=(string)capsfilter0, src=(string)src, time=(guint64)24027, ts=(guint64)17866170381;
0:00:17.867068949 [32m178147[00m 0xfffd90000b70 [37mTRACE  [00m [00;34m          GST_TRACER :0::[00m element-latency, element-id=(string)0xaaaaf7959350, element=(string)jpegparse0, src=(string)src, time=(guint64)883717, ts=(guint64)17867054098;
0:00:17.882453678 [32m178147[00m 0xfffd90000b70 [37mTRACE  [00m [00;34m          GST_TRACER :0::[00m element-latency, element-id=(string)0xaaaaf7a8dbc0, element=(string)nvjpegdec0, src=(string)src, time=(guint64)15368302, ts=(guint64)17882422400;
0:00:17.906324296 [32m178147[00m 0xfffd90000b70 [37mTRACE  [00m [00;34m          GST_TRACER :0::[00m element-latency, element-id=(string)0xaaaaf7a961f0, element=(string)nvvconv0, src=(string)src, time=(guint64)23846870, ts=(guint64)17906269270;
0:00:17.906392759 [32m178147[00m 0xfffd90000b70 [37mTRACE  [00m [00;34m          GST_TRACER :0::[00m element-latency, element-id=(string)0xaaaaf7b2ada0, element=(string)capsfilter1, src=(string)src, time=(guint64)107313, ts=(guint64)17906376583;
0:00:17.922072485 [32m178147[00m 0xfffd90000de0 [37mTRACE  [00m [00;34m          GST_TRACER :0::[00m element-latency, element-id=(string)0xaaaaf7b17c90, element=(string)nvv4l2h264enc0, src=(string)src, time=(guint64)15665365, ts=(guint64)17922041948;
0:00:17.922292622 [32m178147[00m 0xfffd90000de0 [37mTRACE  [00m [00;34m          GST_TRACER :0::[00m element-latency, element-id=(string)0xaaaaf7b1cb40, element=(string)h264parse0, src=(string)src, time=(guint64)233110, ts=(guint64)17922275058;
0:00:17.930238573 [32m178147[00m 0xfffd90000b70 [37mTRACE  [00m [00;34m          GST_TRACER :0::[00m element-latency, element-id=(string)0xaaaaf7b27740, element=(string)capsfilter0, src=(string)src, time=(guint64)46454, ts=(guint64)17930215157;
0:00:17.931130873 [32m178147[00m 0xfffd90000b70 [37mTRACE  [00m [00;34m          GST_TRACER :0::[00m element-latency, element-id=(string)0xaaaaf7959350, element=(string)jpegparse0, src=(string)src, time=(guint64)901031, ts=(guint64)17931116188;
0:00:17.946531481 [32m178147[00m 0xfffd90000b70 [37mTRACE  [00m [00;34m          GST_TRACER :0::[00m element-latency, element-id=(string)0xaaaaf7a8dbc0, element=(string)nvjpegdec0, src=(string)src, time=(guint64)15374876, ts=(guint64)17946491064;
0:00:17.970478183 [32m178147[00m 0xfffd90000b70 [37mTRACE  [00m [00;34m          GST_TRACER :0::[00m element-latency, element-id=(string)0xaaaaf7a961f0, element=(string)nvvconv0, src=(string)src, time=(guint64)23938313, ts=(guint64)17970429377;
0:00:17.970554506 [32m178147[00m 0xfffd90000b70 [37mTRACE  [00m [00;34m          GST_TRACER :0::[00m element-latency, element-id=(string)0xaaaaf7b2ada0, element=(string)capsfilter1, src=(string)src, time=(guint64)109323, ts=(guint64)17970538700;
0:00:17.986084048 [32m178147[00m 0xfffd90000de0 [37mTRACE  [00m [00;34m          GST_TRACER :0::[00m element-latency, element-id=(string)0xaaaaf7b17c90, element=(string)nvv4l2h264enc0, src=(string)src, time=(guint64)15515820, ts=(guint64)17986054520;
0:00:17.986329482 [32m178147[00m 0xfffd90000de0 [37mTRACE  [00m [00;34m          GST_TRACER :0::[00m element-latency, element-id=(string)0xaaaaf7b1cb40, element=(string)h264parse0, src=(string)src, time=(guint64)257703, ts=(guint64)17986312223;
0:00:17.994221349 [32m178147[00m 0xfffd90000b70 [37mTRACE  [00m [00;34m          GST_TRACER :0::[00m element-latency, element-id=(string)0xaaaaf7b27740, element=(string)capsfilter0, src=(string)src, time=(guint64)35295, ts=(guint64)17994199849;
0:00:17.995106011 [32m178147[00m 0xfffd90000b70 [37mTRACE  [00m [00;34m          GST_TRACER :0::[00m element-latency, element-id=(string)0xaaaaf7959350, element=(string)jpegparse0, src=(string)src, time=(guint64)891273, ts=(guint64)17995091122;
0:00:18.010472414 [32m178147[00m 0xfffd90000b70 [37mTRACE  [00m [00;34m          GST_TRACER :0::[00m element-latency, element-id=(string)0xaaaaf7a8dbc0, element=(string)nvjpegdec0, src=(string)src, time=(guint64)15347709, ts=(guint64)18010438831;
0:00:18.036153689 [32m178147[00m 0xfffd90000b70 [37mTRACE  [00m [00;34m          GST_TRACER :0::[00m element-latency, element-id=(string)0xaaaaf7a961f0, element=(string)nvvconv0, src=(string)src, time=(guint64)25675469, ts=(guint64)18036114300;
0:00:18.036206318 [32m178147[00m 0xfffd90000b70 [37mTRACE  [00m [00;34m          GST_TRACER :0::[00m element-latency, element-id=(string)0xaaaaf7b2ada0, element=(string)capsfilter1, src=(string)src, time=(guint64)78462, ts=(guint64)18036192762;
0:00:18.055971120 [32m178147[00m 0xfffd90000de0 [37mTRACE  [00m [00;34m          GST_TRACER :0::[00m element-latency, element-id=(string)0xaaaaf7b17c90, element=(string)nvv4l2h264enc0, src=(string)src, time=(guint64)19748739, ts=(guint64)18055941501;
0:00:18.056463423 [32m178147[00m 0xfffd90000de0 [37mTRACE  [00m [00;34m          GST_TRACER :0::[00m element-latency, element-id=(string)0xaaaaf7b1cb40, element=(string)h264parse0, src=(string)src, time=(guint64)502514, ts=(guint64)18056444015;
0:00:18.058496031 [32m178147[00m 0xfffd90000b70 [37mTRACE  [00m [00;34m          GST_TRACER :0::[00m element-latency, element-id=(string)0xaaaaf7b27740, element=(string)capsfilter0, src=(string)src, time=(guint64)38703, ts=(guint64)18058474114;
0:00:18.059393006 [32m178147[00m 0xfffd90000b70 [37mTRACE  [00m [00;34m          GST_TRACER :0::[00m element-latency, element-id=(string)0xaaaaf7959350, element=(string)jpegparse0, src=(string)src, time=(guint64)904096, ts=(guint64)18059378210;
0:00:18.076486696 [32m178147[00m 0xfffd90000b70 [37mTRACE  [00m [00;34m          GST_TRACER :0::[00m element-latency, element-id=(string)0xaaaaf7a8dbc0, element=(string)nvjpegdec0, src=(string)src, time=(guint64)17078745, ts=(guint64)18076456955;
0:00:18.101921130 [32m178147[00m 0xfffd90000b70 [37mTRACE  [00m [00;34m          GST_TRACER :0::[00m element-latency, element-id=(string)0xaaaaf7a961f0, element=(string)nvvconv0, src=(string)src, time=(guint64)25427564, ts=(guint64)18101884519;
0:00:18.101981944 [32m178147[00m 0xfffd90000b70 [37mTRACE  [00m [00;34m          GST_TRACER :0::[00m element-latency, element-id=(string)0xaaaaf7b2ada0, element=(string)capsfilter1, src=(string)src, time=(guint64)83203, ts=(guint64)18101967722;
0:00:18.115479397 [32m178147[00m 0xfffd90000de0 [37mTRACE  [00m [00;34m          GST_TRACER :0::[00m element-latency, element-id=(string)0xaaaaf7b17c90, element=(string)nvv4l2h264enc0, src=(string)src, time=(guint64)13479110, ts=(guint64)18115446832;
0:00:18.115705007 [32m178147[00m 0xfffd90000de0 [37mTRACE  [00m [00;34m          GST_TRACER :0::[00m element-latency, element-id=(string)0xaaaaf7b1cb40, element=(string)h264parse0, src=(string)src, time=(guint64)240221, ts=(guint64)18115687053;
0:00:18.126188996 [32m178147[00m 0xfffd90000b70 [37mTRACE  [00m [00;34m          GST_TRACER :0::[00m element-latency, element-id=(string)0xaaaaf7b27740, element=(string)capsfilter0, src=(string)src, time=(guint64)29482, ts=(guint64)18126170015;
0:00:18.127065953 [32m178147[00m 0xfffd90000b70 [37mTRACE  [00m [00;34m          GST_TRACER :0::[00m element-latency, element-id=(string)0xaaaaf7959350, element=(string)jpegparse0, src=(string)src, time=(guint64)880338, ts=(guint64)18127050353;
0:00:18.138665817 [32m178147[00m 0xfffd90000b70 [37mTRACE  [00m [00;34m          GST_TRACER :0::[00m element-latency, element-id=(string)0xaaaaf7a8dbc0, element=(string)nvjpegdec0, src=(string)src, time=(guint64)11584417, ts=(guint64)18138634770;
0:00:18.163534781 [32m178147[00m 0xfffd90000b70 [37mTRACE  [00m [00;34m          GST_TRACER :0::[00m element-latency, element-id=(string)0xaaaaf7a961f0, element=(string)nvvconv0, src=(string)src, time=(guint64)24860771, ts=(guint64)18163495541;
0:00:18.163596652 [32m178147[00m 0xfffd90000b70 [37mTRACE  [00m [00;34m          GST_TRACER :0::[00m element-latency, element-id=(string)0xaaaaf7b2ada0, element=(string)capsfilter1, src=(string)src, time=(guint64)87398, ts=(guint64)18163582939;
0:00:18.174414908 [32m178147[00m 0xfffd90000de0 [37mTRACE  [00m [00;34m          GST_TRACER :0::[00m element-latency, element-id=(string)0xaaaaf7b17c90, element=(string)nvv4l2h264enc0, src=(string)src, time=(guint64)10804321, ts=(guint64)18174387260;
0:00:18.174637961 [32m178147[00m 0xfffd90000de0 [37mTRACE  [00m [00;34m          GST_TRACER :0::[00m element-latency, element-id=(string)0xaaaaf7b1cb40, element=(string)h264parse0, src=(string)src, time=(guint64)233554, ts=(guint64)18174620814;
0:00:18.190232198 [32m178147[00m 0xfffd90000b70 [37mTRACE  [00m [00;34m          GST_TRACER :0::[00m element-latency, element-id=(string)0xaaaaf7b27740, element=(string)capsfilter0, src=(string)src, time=(guint64)42944, ts=(guint64)18190209383;
0:00:18.191070434 [32m178147[00m 0xfffd90000b70 [37mTRACE  [00m [00;34m          GST_TRACER :0::[00m element-latency, element-id=(string)0xaaaaf7959350, element=(string)jpegparse0, src=(string)src, time=(guint64)845217, ts=(guint64)18191054600;
0:00:18.201059093 [32m178147[00m 0xfffd90000b70 [37mTRACE  [00m [00;34m          GST_TRACER :0::[00m element-latency, element-id=(string)0xaaaaf7a8dbc0, element=(string)nvjpegdec0, src=(string)src, time=(guint64)9976965, ts=(guint64)18201031565;
0:00:18.225482431 [32m178147[00m 0xfffd90000b70 [37mTRACE  [00m [00;34m          GST_TRACER :0::[00m element-latency, element-id=(string)0xaaaaf7a961f0, element=(string)nvvconv0, src=(string)src, time=(guint64)24413543, ts=(guint64)18225445108;
0:00:18.225537709 [32m178147[00m 0xfffd90000b70 [37mTRACE  [00m [00;34m          GST_TRACER :0::[00m element-latency, element-id=(string)0xaaaaf7b2ada0, element=(string)capsfilter1, src=(string)src, time=(guint64)78665, ts=(guint64)18225523773;
0:00:18.235091223 [32m178147[00m 0xfffd90000de0 [37mTRACE  [00m [00;34m          GST_TRACER :0::[00m element-latency, element-id=(string)0xaaaaf7b17c90, element=(string)nvv4l2h264enc0, src=(string)src, time=(guint64)9540663, ts=(guint64)18235064436;
0:00:18.235295185 [32m178147[00m 0xfffd90000de0 [37mTRACE  [00m [00;34m          GST_TRACER :0::[00m element-latency, element-id=(string)0xaaaaf7b1cb40, element=(string)h264parse0, src=(string)src, time=(guint64)213832, ts=(guint64)18235278268;
0:00:18.254208288 [32m178147[00m 0xfffd90000b70 [37mTRACE  [00m [00;34m          GST_TRACER :0::[00m element-latency, element-id=(string)0xaaaaf7b27740, element=(string)capsfilter0, src=(string)src, time=(guint64)29407, ts=(guint64)18254188372;
0:00:18.255063385 [32m178147[00m 0xfffd90000b70 [37mTRACE  [00m [00;34m          GST_TRACER :0::[00m element-latency, element-id=(string)0xaaaaf7959350, element=(string)jpegparse0, src=(string)src, time=(guint64)859309, ts=(guint64)18255047681;
0:00:18.265519866 [32m178147[00m 0xfffd90000b70 [37mTRACE  [00m [00;34m          GST_TRACER :0::[00m element-latency, element-id=(string)0xaaaaf7a8dbc0, element=(string)nvjpegdec0, src=(string)src, time=(guint64)10439240, ts=(guint64)18265486921;
0:00:18.290613809 [32m178147[00m 0xfffd90000b70 [37mTRACE  [00m [00;34m          GST_TRACER :0::[00m element-latency, element-id=(string)0xaaaaf7a961f0, element=(string)nvvconv0, src=(string)src, time=(guint64)25093037, ts=(guint64)18290579958;
0:00:18.290666031 [32m178147[00m 0xfffd90000b70 [37mTRACE  [00m [00;34m          GST_TRACER :0::[00m element-latency, element-id=(string)0xaaaaf7b2ada0, element=(string)capsfilter1, src=(string)src, time=(guint64)71823, ts=(guint64)18290651781;
0:00:18.300295082 [32m178147[00m 0xfffd90000de0 [37mTRACE  [00m [00;34m          GST_TRACER :0::[00m element-latency, element-id=(string)0xaaaaf7b17c90, element=(string)nvv4l2h264enc0, src=(string)src, time=(guint64)9618541, ts=(guint64)18300270322;
0:00:18.300483979 [32m178147[00m 0xfffd90000de0 [37mTRACE  [00m [00;34m          GST_TRACER :0::[00m element-latency, element-id=(string)0xaaaaf7b1cb40, element=(string)h264parse0, src=(string)src, time=(guint64)197694, ts=(guint64)18300468016;
0:00:18.318210951 [32m178147[00m 0xfffd90000b70 [37mTRACE  [00m [00;34m          GST_TRACER :0::[00m element-latency, element-id=(string)0xaaaaf7b27740, element=(string)capsfilter0, src=(string)src, time=(guint64)30565, ts=(guint64)18318192210;
0:00:18.319014214 [32m178147[00m 0xfffd90000b70 [37mTRACE  [00m [00;34m          GST_TRACER :0::[00m element-latency, element-id=(string)0xaaaaf7959350, element=(string)jpegparse0, src=(string)src, time=(guint64)806486, ts=(guint64)18318998696;
0:00:18.329280158 [32m178147[00m 0xfffd90000b70 [37mTRACE  [00m [00;34m          GST_TRACER :0::[00m element-latency, element-id=(string)0xaaaaf7a8dbc0, element=(string)nvjpegdec0, src=(string)src, time=(guint64)10244491, ts=(guint64)18329243187;
0:00:18.354086752 [32m178147[00m 0xfffd90000b70 [37mTRACE  [00m [00;34m          GST_TRACER :0::[00m element-latency, element-id=(string)0xaaaaf7a961f0, element=(string)nvvconv0, src=(string)src, time=(guint64)24797065, ts=(guint64)18354040252;
0:00:18.354149326 [32m178147[00m 0xfffd90000b70 [37mTRACE  [00m [00;34m          GST_TRACER :0::[00m element-latency, element-id=(string)0xaaaaf7b2ada0, element=(string)capsfilter1, src=(string)src, time=(guint64)94667, ts=(guint64)18354134919;
0:00:18.364110319 [32m178147[00m 0xfffd90000de0 [37mTRACE  [00m [00;34m          GST_TRACER :0::[00m element-latency, element-id=(string)0xaaaaf7b17c90, element=(string)nvv4l2h264enc0, src=(string)src, time=(guint64)9946391, ts=(guint64)18364081310;
0:00:18.364319456 [32m178147[00m 0xfffd90000de0 [37mTRACE  [00m [00;34m          GST_TRACER :0::[00m element-latency, element-id=(string)0xaaaaf7b1cb40, element=(string)h264parse0, src=(string)src, time=(guint64)221424, ts=(guint64)18364302734;
0:00:18.386192393 [32m178147[00m 0xfffd90000b70 [37mTRACE  [00m [00;34m          GST_TRACER :0::[00m element-latency, element-id=(string)0xaaaaf7b27740, element=(string)capsfilter0, src=(string)src, time=(guint64)29028, ts=(guint64)18386171921;
0:00:18.386995064 [32m178147[00m 0xfffd90000b70 [37mTRACE  [00m [00;34m          GST_TRACER :0::[00m element-latency, element-id=(string)0xaaaaf7959350, element=(string)jpegparse0, src=(string)src, time=(guint64)806717, ts=(guint64)18386978638;
0:00:18.397465823 [32m178147[00m 0xfffd90000b70 [37mTRACE  [00m [00;34m          GST_TRACER :0::[00m element-latency, element-id=(string)0xaaaaf7a8dbc0, element=(string)nvjpegdec0, src=(string)src, time=(guint64)10458611, ts=(guint64)18397437249;
0:00:18.422192428 [32m178147[00m 0xfffd90000b70 [37mTRACE  [00m [00;34m          GST_TRACER :0::[00m element-latency, element-id=(string)0xaaaaf7a961f0, element=(string)nvvconv0, src=(string)src, time=(guint64)24726753, ts=(guint64)18422164002;
0:00:18.422239983 [32m178147[00m 0xfffd90000b70 [37mTRACE  [00m [00;34m          GST_TRACER :0::[00m element-latency, element-id=(string)0xaaaaf7b2ada0, element=(string)capsfilter1, src=(string)src, time=(guint64)61971, ts=(guint64)18422225973;
0:00:18.432485780 [32m178147[00m 0xfffd90000de0 [37mTRACE  [00m [00;34m          GST_TRACER :0::[00m element-latency, element-id=(string)0xaaaaf7b17c90, element=(string)nvv4l2h264enc0, src=(string)src, time=(guint64)10239510, ts=(guint64)18432465483;
0:00:18.432641834 [32m178147[00m 0xfffd90000de0 [37mTRACE  [00m [00;34m          GST_TRACER :0::[00m element-latency, element-id=(string)0xaaaaf7b1cb40, element=(string)h264parse0, src=(string)src, time=(guint64)163861, ts=(guint64)18432629344;
0:00:18.450215845 [32m178147[00m 0xfffd90000b70 [37mTRACE  [00m [00;34m          GST_TRACER :0::[00m element-latency, element-id=(string)0xaaaaf7b27740, element=(string)capsfilter0, src=(string)src, time=(guint64)37666, ts=(guint64)18450192540;
0:00:18.451081229 [32m178147[00m 0xfffd90000b70 [37mTRACE  [00m [00;34m          GST_TRACER :0::[00m element-latency, element-id=(string)0xaaaaf7959350, element=(string)jpegparse0, src=(string)src, time=(guint64)872578, ts=(guint64)18451065118;
0:00:18.463237005 [32m178147[00m 0xfffd90000b70 [37mTRACE  [00m [00;34m          GST_TRACER :0::[00m element-latency, element-id=(string)0xaaaaf7a8dbc0, element=(string)nvjpegdec0, src=(string)src, time=(guint64)12135063, ts=(guint64)18463200181;
0:00:18.487568695 [32m178147[00m 0xfffd90000b70 [37mTRACE  [00m [00;34m          GST_TRACER :0::[00m element-latency, element-id=(string)0xaaaaf7a961f0, element=(string)nvvconv0, src=(string)src, time=(guint64)24332014, ts=(guint64)18487532195;
0:00:18.487628380 [32m178147[00m 0xfffd90000b70 [37mTRACE  [00m [00;34m          GST_TRACER :0::[00m element-latency, element-id=(string)0xaaaaf7b2ada0, element=(string)capsfilter1, src=(string)src, time=(guint64)82481, ts=(guint64)18487614676;
0:00:18.498287785 [32m178147[00m 0xfffd90000de0 [37mTRACE  [00m [00;34m          GST_TRACER :0::[00m element-latency, element-id=(string)0xaaaaf7b17c90, element=(string)nvv4l2h264enc0, src=(string)src, time=(guint64)10657480, ts=(guint64)18498272156;
0:00:18.498455978 [32m178147[00m 0xfffd90000de0 [37mTRACE  [00m [00;34m          GST_TRACER :0::[00m element-latency, element-id=(string)0xaaaaf7b1cb40, element=(string)h264parse0, src=(string)src, time=(guint64)169740, ts=(guint64)18498441896;
0:00:18.514210306 [32m178147[00m 0xfffd90000b70 [37mTRACE  [00m [00;34m          GST_TRACER :0::[00m element-latency, element-id=(string)0xaaaaf7b27740, element=(string)capsfilter0, src=(string)src, time=(guint64)32472, ts=(guint64)18514188695;
0:00:18.515102893 [32m178147[00m 0xfffd90000b70 [37mTRACE  [00m [00;34m          GST_TRACER :0::[00m element-latency, element-id=(string)0xaaaaf7959350, element=(string)jpegparse0, src=(string)src, time=(guint64)898355, ts=(guint64)18515087050;
0:00:18.526415989 [32m178147[00m 0xfffd90000b70 [37mTRACE  [00m [00;34m          GST_TRACER :0::[00m element-latency, element-id=(string)0xaaaaf7a8dbc0, element=(string)nvjpegdec0, src=(string)src, time=(guint64)11298652, ts=(guint64)18526385702;
0:00:18.549452252 [32m178147[00m 0xfffd90000b70 [37mTRACE  [00m [00;34m          GST_TRACER :0::[00m element-latency, element-id=(string)0xaaaaf7a961f0, element=(string)nvvconv0, src=(string)src, time=(guint64)23023671, ts=(guint64)18549409373;
0:00:18.549511252 [32m178147[00m 0xfffd90000b70 [37mTRACE  [00m [00;34m          GST_TRACER :0::[00m element-latency, element-id=(string)0xaaaaf7b2ada0, element=(string)capsfilter1, src=(string)src, time=(guint64)86870, ts=(guint64)18549496243;
0:00:18.560600784 [32m178147[00m 0xfffd90000de0 [37mTRACE  [00m [00;34m          GST_TRACER :0::[00m element-latency, element-id=(string)0xaaaaf7b17c90, element=(string)nvv4l2h264enc0, src=(string)src, time=(guint64)11075190, ts=(guint64)18560571433;
0:00:18.560816570 [32m178147[00m 0xfffd90000de0 [37mTRACE  [00m [00;34m          GST_TRACER :0::[00m element-latency, element-id=(string)0xaaaaf7b1cb40, element=(string)h264parse0, src=(string)src, time=(guint64)228230, ts=(guint64)18560799663;
0:00:18.578205175 [32m178147[00m 0xfffd90000b70 [37mTRACE  [00m [00;34m          GST_TRACER :0::[00m element-latency, element-id=(string)0xaaaaf7b27740, element=(string)capsfilter0, src=(string)src, time=(guint64)29111, ts=(guint64)18578186489;
0:00:18.579079346 [32m178147[00m 0xfffd90000b70 [37mTRACE  [00m [00;34m          GST_TRACER :0::[00m element-latency, element-id=(string)0xaaaaf7959350, element=(string)jpegparse0, src=(string)src, time=(guint64)879412, ts=(guint64)18579065901;
0:00:18.590592163 [32m178147[00m 0xfffd90000b70 [37mTRACE  [00m [00;34m          GST_TRACER :0::[00m element-latency, element-id=(string)0xaaaaf7a8dbc0, element=(string)nvjpegdec0, src=(string)src, time=(guint64)11493576, ts=(guint64)18590559477;
0:00:18.614510531 [32m178147[00m 0xfffd90000b70 [37mTRACE  [00m [00;34m          GST_TRACER :0::[00m element-latency, element-id=(string)0xaaaaf7a961f0, element=(string)nvvconv0, src=(string)src, time=(guint64)23909925, ts=(guint64)18614469402;
0:00:18.614563402 [32m178147[00m 0xfffd90000b70 [37mTRACE  [00m [00;34m          GST_TRACER :0::[00m element-latency, element-id=(string)0xaaaaf7b2ada0, element=(string)capsfilter1, src=(string)src, time=(guint64)81027, ts=(guint64)18614550429;
0:00:18.626083458 [32m178147[00m 0xfffd90000de0 [37mTRACE  [00m [00;34m          GST_TRACER :0::[00m element-latency, element-id=(string)0xaaaaf7b17c90, element=(string)nvv4l2h264enc0, src=(string)src, time=(guint64)11502335, ts=(guint64)18626052764;
0:00:18.626299244 [32m178147[00m 0xfffd90000de0 [37mTRACE  [00m [00;34m          GST_TRACER :0::[00m element-latency, element-id=(string)0xaaaaf7b1cb40, element=(string)h264parse0, src=(string)src, time=(guint64)229906, ts=(guint64)18626282670;
0:00:18.646188194 [32m178147[00m 0xfffd90000b70 [37mTRACE  [00m [00;34m          GST_TRACER :0::[00m element-latency, element-id=(string)0xaaaaf7b27740, element=(string)capsfilter0, src=(string)src, time=(guint64)29147, ts=(guint64)18646168805;
0:00:18.647044411 [32m178147[00m 0xfffd90000b70 [37mTRACE  [00m [00;34m          GST_TRACER :0::[00m element-latency, element-id=(string)0xaaaaf7959350, element=(string)jpegparse0, src=(string)src, time=(guint64)860680, ts=(guint64)18647029485;
0:00:18.658918152 [32m178147[00m 0xfffd90000b70 [37mTRACE  [00m [00;34m          GST_TRACER :0::[00m element-latency, element-id=(string)0xaaaaf7a8dbc0, element=(string)nvjpegdec0, src=(string)src, time=(guint64)11860148, ts=(guint64)18658889633;
0:00:18.684461668 [32m178147[00m 0xfffd90000b70 [37mTRACE  [00m [00;34m          GST_TRACER :0::[00m element-latency, element-id=(string)0xaaaaf7a961f0, element=(string)nvvconv0, src=(string)src, time=(guint64)25532452, ts=(guint64)18684422085;
0:00:18.684519797 [32m178147[00m 0xfffd90000b70 [37mTRACE  [00m [00;34m          GST_TRACER :0::[00m element-latency, element-id=(string)0xaaaaf7b2ada0, element=(string)capsfilter1, src=(string)src, time=(guint64)82767, ts=(guint64)18684504852;
0:00:18.699512731 [32m178147[00m 0xfffd90000de0 [37mTRACE  [00m [00;34m          GST_TRACER :0::[00m element-latency, element-id=(string)0xaaaaf7b17c90, element=(string)nvv4l2h264enc0, src=(string)src, time=(guint64)14979694, ts=(guint64)18699484546;
0:00:18.700003607 [32m178147[00m 0xfffd90000de0 [37mTRACE  [00m [00;34m          GST_TRACER :0::[00m element-latency, element-id=(string)0xaaaaf7b1cb40, element=(string)h264parse0, src=(string)src, time=(guint64)499877, ts=(guint64)18699984423;
0:00:18.710245284 [32m178147[00m 0xfffd90000b70 [37mTRACE  [00m [00;34m          GST_TRACER :0::[00m element-latency, element-id=(string)0xaaaaf7b27740, element=(string)capsfilter0, src=(string)src, time=(guint64)50462, ts=(guint64)18710218812;
0:00:18.711098381 [32m178147[00m 0xfffd90000b70 [37mTRACE  [00m [00;34m          GST_TRACER :0::[00m element-latency, element-id=(string)0xaaaaf7959350, element=(string)jpegparse0, src=(string)src, time=(guint64)864097, ts=(guint64)18711082909;
0:00:18.723224333 [32m178147[00m 0xfffd90000b70 [37mTRACE  [00m [00;34m          GST_TRACER :0::[00m element-latency, element-id=(string)0xaaaaf7a8dbc0, element=(string)nvjpegdec0, src=(string)src, time=(guint64)12108609, ts=(guint64)18723191518;
0:00:18.747308043 [32m178147[00m 0xfffd90000b70 [37mTRACE  [00m [00;34m          GST_TRACER :0::[00m element-latency, element-id=(string)0xaaaaf7a961f0, element=(string)nvvconv0, src=(string)src, time=(guint64)24073146, ts=(guint64)18747264664;
0:00:18.747370071 [32m178147[00m 0xfffd90000b70 [37mTRACE  [00m [00;34m          GST_TRACER :0::[00m element-latency, element-id=(string)0xaaaaf7b2ada0, element=(string)capsfilter1, src=(string)src, time=(guint64)90286, ts=(guint64)18747354950;
0:00:18.759648660 [32m178147[00m 0xfffd90000de0 [37mTRACE  [00m [00;34m          GST_TRACER :0::[00m element-latency, element-id=(string)0xaaaaf7b17c90, element=(string)nvv4l2h264enc0, src=(string)src, time=(guint64)12263701, ts=(guint64)18759618651;
0:00:18.759872622 [32m178147[00m 0xfffd90000de0 [37mTRACE  [00m [00;34m          GST_TRACER :0::[00m element-latency, element-id=(string)0xaaaaf7b1cb40, element=(string)h264parse0, src=(string)src, time=(guint64)235990, ts=(guint64)18759854641;
0:00:18.774204643 [32m178147[00m 0xfffd90000b70 [37mTRACE  [00m [00;34m          GST_TRACER :0::[00m element-latency, element-id=(string)0xaaaaf7b27740, element=(string)capsfilter0, src=(string)src, time=(guint64)30639, ts=(guint64)18774183402;
0:00:18.775060767 [32m178147[00m 0xfffd90000b70 [37mTRACE  [00m [00;34m          GST_TRACER :0::[00m element-latency, element-id=(string)0xaaaaf7959350, element=(string)jpegparse0, src=(string)src, time=(guint64)861893, ts=(guint64)18775045295;
0:00:18.787542282 [32m178147[00m 0xfffd90000b70 [37mTRACE  [00m [00;34m          GST_TRACER :0::[00m element-latency, element-id=(string)0xaaaaf7a8dbc0, element=(string)nvjpegdec0, src=(string)src, time=(guint64)12465375, ts=(guint64)18787510670;
0:00:18.812888427 [32m178147[00m 0xfffd90000b70 [37mTRACE  [00m [00;34m          GST_TRACER :0::[00m element-latency, element-id=(string)0xaaaaf7a961f0, element=(string)nvvconv0, src=(string)src, time=(guint64)25335192, ts=(guint64)18812845862;
0:00:18.812944011 [32m178147[00m 0xfffd90000b70 [37mTRACE  [00m [00;34m          GST_TRACER :0::[00m element-latency, element-id=(string)0xaaaaf7b2ada0, element=(string)capsfilter1, src=(string)src, time=(guint64)84815, ts=(guint64)18812930677;
0:00:18.825500135 [32m178147[00m 0xfffd90000de0 [37mTRACE  [00m [00;34m          GST_TRACER :0::[00m element-latency, element-id=(string)0xaaaaf7b17c90, element=(string)nvv4l2h264enc0, src=(string)src, time=(guint64)12538486, ts=(guint64)18825469163;
0:00:18.825733338 [32m178147[00m 0xfffd90000de0 [37mTRACE  [00m [00;34m          GST_TRACER :0::[00m element-latency, element-id=(string)0xaaaaf7b1cb40, element=(string)h264parse0, src=(string)src, time=(guint64)246665, ts=(guint64)18825715828;
0:00:18.838196630 [32m178147[00m 0xfffd90000b70 [37mTRACE  [00m [00;34m          GST_TRACER :0::[00m element-latency, element-id=(string)0xaaaaf7b27740, element=(string)capsfilter0, src=(string)src, time=(guint64)27028, ts=(guint64)18838177278;
0:00:18.839072864 [32m178147[00m 0xfffd90000b70 [37mTRACE  [00m [00;34m          GST_TRACER :0::[00m element-latency, element-id=(string)0xaaaaf7959350, element=(string)jpegparse0, src=(string)src, time=(guint64)882364, ts=(guint64)18839059642;
0:00:18.851975098 [32m178147[00m 0xfffd90000b70 [37mTRACE  [00m [00;34m          GST_TRACER :0::[00m element-latency, element-id=(string)0xaaaaf7a8dbc0, element=(string)nvjpegdec0, src=(string)src, time=(guint64)12882096, ts=(guint64)18851941738;
0:00:18.874805436 [32m178147[00m 0xfffd90000b70 [37mTRACE  [00m [00;34m          GST_TRACER :0::[00m element-latency, element-id=(string)0xaaaaf7a961f0, element=(string)nvvconv0, src=(string)src, time=(guint64)22827347, ts=(guint64)18874769085;
0:00:18.874860917 [32m178147[00m 0xfffd90000b70 [37mTRACE  [00m [00;34m          GST_TRACER :0::[00m element-latency, element-id=(string)0xaaaaf7b2ada0, element=(string)capsfilter1, src=(string)src, time=(guint64)78221, ts=(guint64)18874847306;
0:00:18.887787873 [32m178147[00m 0xfffd90000de0 [37mTRACE  [00m [00;34m          GST_TRACER :0::[00m element-latency, element-id=(string)0xaaaaf7b17c90, element=(string)nvv4l2h264enc0, src=(string)src, time=(guint64)12909243, ts=(guint64)18887756549;
0:00:18.888010576 [32m178147[00m 0xfffd90000de0 [37mTRACE  [00m [00;34m          GST_TRACER :0::[00m element-latency, element-id=(string)0xaaaaf7b1cb40, element=(string)h264parse0, src=(string)src, time=(guint64)237008, ts=(guint64)18887993557;
0:00:18.903182453 [32m178147[00m 0xfffd90000b70 [37mTRACE  [00m [00;34m          GST_TRACER :0::[00m element-latency, element-id=(string)0xaaaaf7b27740, element=(string)capsfilter0, src=(string)src, time=(guint64)43907, ts=(guint64)18903160166;
0:00:18.904056512 [32m178147[00m 0xfffd90000b70 [37mTRACE  [00m [00;34m          GST_TRACER :0::[00m element-latency, element-id=(string)0xaaaaf7959350, element=(string)jpegparse0, src=(string)src, time=(guint64)880717, ts=(guint64)18904040883;
0:00:18.916996858 [32m178147[00m 0xfffd90000b70 [37mTRACE  [00m [00;34m          GST_TRACER :0::[00m element-latency, element-id=(string)0xaaaaf7a8dbc0, element=(string)nvjpegdec0, src=(string)src, time=(guint64)12923947, ts=(guint64)18916964830;
0:00:18.942549300 [32m178147[00m 0xfffd90000b70 [37mTRACE  [00m [00;34m          GST_TRACER :0::[00m element-latency, element-id=(string)0xaaaaf7a961f0, element=(string)nvvconv0, src=(string)src, time=(guint64)25546479, ts=(guint64)18942511309;
0:00:18.942607188 [32m178147[00m 0xfffd90000b70 [37mTRACE  [00m [00;34m          GST_TRACER :0::[00m element-latency, element-id=(string)0xaaaaf7b2ada0, element=(string)capsfilter1, src=(string)src, time=(guint64)81593, ts=(guint64)18942592902;
0:00:18.955736115 [32m178147[00m 0xfffd90000de0 [37mTRACE  [00m [00;34m          GST_TRACER :0::[00m element-latency, element-id=(string)0xaaaaf7b17c90, element=(string)nvv4l2h264enc0, src=(string)src, time=(guint64)13111139, ts=(guint64)18955704041;
0:00:18.955949068 [32m178147[00m 0xfffd90000de0 [37mTRACE  [00m [00;34m          GST_TRACER :0::[00m element-latency, element-id=(string)0xaaaaf7b1cb40, element=(string)h264parse0, src=(string)src, time=(guint64)227583, ts=(guint64)18955931624;
0:00:18.970209914 [32m178147[00m 0xfffd90000b70 [37mTRACE  [00m [00;34m          GST_TRACER :0::[00m element-latency, element-id=(string)0xaaaaf7b27740, element=(string)capsfilter0, src=(string)src, time=(guint64)38657, ts=(guint64)18970187368;
0:00:18.971021632 [32m178147[00m 0xfffd90000b70 [37mTRACE  [00m [00;34m          GST_TRACER :0::[00m element-latency, element-id=(string)0xaaaaf7959350, element=(string)jpegparse0, src=(string)src, time=(guint64)818227, ts=(guint64)18971005595;
0:00:18.984148502 [32m178147[00m 0xfffd90000b70 [37mTRACE  [00m [00;34m          GST_TRACER :0::[00m element-latency, element-id=(string)0xaaaaf7a8dbc0, element=(string)nvjpegdec0, src=(string)src, time=(guint64)13104557, ts=(guint64)18984110152;
0:00:19.007847419 [32m178147[00m 0xfffd90000b70 [37mTRACE  [00m [00;34m          GST_TRACER :0::[00m element-latency, element-id=(string)0xaaaaf7a961f0, element=(string)nvvconv0, src=(string)src, time=(guint64)23698434, ts=(guint64)19007808586;
0:00:19.007903077 [32m178147[00m 0xfffd90000b70 [37mTRACE  [00m [00;34m          GST_TRACER :0::[00m element-latency, element-id=(string)0xaaaaf7b2ada0, element=(string)capsfilter1, src=(string)src, time=(guint64)79954, ts=(guint64)19007888540;
0:00:19.021371512 [32m178147[00m 0xfffd90000de0 [37mTRACE  [00m [00;34m          GST_TRACER :0::[00m element-latency, element-id=(string)0xaaaaf7b17c90, element=(string)nvv4l2h264enc0, src=(string)src, time=(guint64)13452527, ts=(guint64)19021341067;
0:00:19.021608861 [32m178147[00m 0xfffd90000de0 [37mTRACE  [00m [00;34m          GST_TRACER :0::[00m element-latency, element-id=(string)0xaaaaf7b1cb40, element=(string)h264parse0, src=(string)src, time=(guint64)249017, ts=(guint64)19021590084;
0:00:19.034194458 [32m178147[00m 0xfffd90000b70 [37mTRACE  [00m [00;34m          GST_TRACER :0::[00m element-latency, element-id=(string)0xaaaaf7b27740, element=(string)capsfilter0, src=(string)src, time=(guint64)31018, ts=(guint64)19034174745;
0:00:19.035047861 [32m178147[00m 0xfffd90000b70 [37mTRACE  [00m [00;34m          GST_TRACER :0::[00m element-latency, element-id=(string)0xaaaaf7959350, element=(string)jpegparse0, src=(string)src, time=(guint64)859560, ts=(guint64)19035034305;
0:00:19.048628063 [32m178147[00m 0xfffd90000b70 [37mTRACE  [00m [00;34m          GST_TRACER :0::[00m element-latency, element-id=(string)0xaaaaf7a8dbc0, element=(string)nvjpegdec0, src=(string)src, time=(guint64)13562323, ts=(guint64)19048596628;
0:00:19.073123253 [32m178147[00m 0xfffd90000b70 [37mTRACE  [00m [00;34m          GST_TRACER :0::[00m element-latency, element-id=(string)0xaaaaf7a961f0, element=(string)nvvconv0, src=(string)src, time=(guint64)24493791, ts=(guint64)19073090419;
0:00:19.073174632 [32m178147[00m 0xfffd90000b70 [37mTRACE  [00m [00;34m          GST_TRACER :0::[00m element-latency, element-id=(string)0xaaaaf7b2ada0, element=(string)capsfilter1, src=(string)src, time=(guint64)71760, ts=(guint64)19073162179;
0:00:19.087007360 [32m178147[00m 0xfffd90000de0 [37mTRACE  [00m [00;34m          GST_TRACER :0::[00m element-latency, element-id=(string)0xaaaaf7b17c90, element=(string)nvv4l2h264enc0, src=(string)src, time=(guint64)13814792, ts=(guint64)19086976971;
0:00:19.087216711 [32m178147[00m 0xfffd90000de0 [37mTRACE  [00m [00;34m          GST_TRACER :0::[00m element-latency, element-id=(string)0xaaaaf7b1cb40, element=(string)h264parse0, src=(string)src, time=(guint64)223120, ts=(guint64)19087200091;
0:00:19.098227976 [32m178147[00m 0xfffd90000b70 [37mTRACE  [00m [00;34m          GST_TRACER :0::[00m element-latency, element-id=(string)0xaaaaf7b27740, element=(string)capsfilter0, src=(string)src, time=(guint64)44824, ts=(guint64)19098203550;
0:00:19.099065044 [32m178147[00m 0xfffd90000b70 [37mTRACE  [00m [00;34m          GST_TRACER :0::[00m element-latency, element-id=(string)0xaaaaf7959350, element=(string)jpegparse0, src=(string)src, time=(guint64)846754, ts=(guint64)19099050304;
0:00:19.113826285 [32m178147[00m 0xfffd90000b70 [37mTRACE  [00m [00;34m          GST_TRACER :0::[00m element-latency, element-id=(string)0xaaaaf7a8dbc0, element=(string)nvjpegdec0, src=(string)src, time=(guint64)14724916, ts=(guint64)19113775220;
0:00:19.139066202 [32m178147[00m 0xfffd90000b70 [37mTRACE  [00m [00;34m          GST_TRACER :0::[00m element-latency, element-id=(string)0xaaaaf7a961f0, element=(string)nvvconv0, src=(string)src, time=(guint64)25239343, ts=(guint64)19139014563;
0:00:19.139143840 [32m178147[00m 0xfffd90000b70 [37mTRACE  [00m [00;34m          GST_TRACER :0::[00m element-latency, element-id=(string)0xaaaaf7b2ada0, element=(string)capsfilter1, src=(string)src, time=(guint64)112176, ts=(guint64)19139126739;
0:00:19.153046920 [32m178147[00m 0xfffd90000de0 [37mTRACE  [00m [00;34m          GST_TRACER :0::[00m element-latency, element-id=(string)0xaaaaf7b17c90, element=(string)nvv4l2h264enc0, src=(string)src, time=(guint64)13890542, ts=(guint64)19153017281;
0:00:19.153263344 [32m178147[00m 0xfffd90000de0 [37mTRACE  [00m [00;34m          GST_TRACER :0::[00m element-latency, element-id=(string)0xaaaaf7b1cb40, element=(string)h264parse0, src=(string)src, time=(guint64)228267, ts=(guint64)19153245548;
0:00:19.162215390 [32m178147[00m 0xfffd90000b70 [37mTRACE  [00m [00;34m          GST_TRACER :0::[00m element-latency, element-id=(string)0xaaaaf7b27740, element=(string)capsfilter0, src=(string)src, time=(guint64)32758, ts=(guint64)19162193344;
0:00:19.163078885 [32m178147[00m 0xfffd90000b70 [37mTRACE  [00m [00;34m          GST_TRACER :0::[00m element-latency, element-id=(string)0xaaaaf7959350, element=(string)jpegparse0, src=(string)src, time=(guint64)871356, ts=(guint64)19163064700;
0:00:19.176854096 [32m178147[00m 0xfffd90000b70 [37mTRACE  [00m [00;34m          GST_TRACER :0::[00m element-latency, element-id=(string)0xaaaaf7a8dbc0, element=(string)nvjpegdec0, src=(string)src, time=(guint64)13741497, ts=(guint64)19176806197;
0:00:19.201336508 [32m178147[00m 0xfffd90000b70 [37mTRACE  [00m [00;34m          GST_TRACER :0::[00m element-latency, element-id=(string)0xaaaaf7a961f0, element=(string)nvvconv0, src=(string)src, time=(guint64)24496051, ts=(guint64)19201302248;
0:00:19.201397081 [32m178147[00m 0xfffd90000b70 [37mTRACE  [00m [00;34m          GST_TRACER :0::[00m element-latency, element-id=(string)0xaaaaf7b2ada0, element=(string)capsfilter1, src=(string)src, time=(guint64)79925, ts=(guint64)19201382173;
0:00:19.215199902 [32m178147[00m 0xfffd90000de0 [37mTRACE  [00m [00;34m          GST_TRACER :0::[00m element-latency, element-id=(string)0xaaaaf7b17c90, element=(string)nvv4l2h264enc0, src=(string)src, time=(guint64)13788775, ts=(guint64)19215170948;
0:00:19.215406596 [32m178147[00m 0xfffd90000de0 [37mTRACE  [00m [00;34m          GST_TRACER :0::[00m element-latency, element-id=(string)0xaaaaf7b1cb40, element=(string)h264parse0, src=(string)src, time=(guint64)218305, ts=(guint64)19215389253;
0:00:19.230234864 [32m178147[00m 0xfffd90000b70 [37mTRACE  [00m [00;34m          GST_TRACER :0::[00m element-latency, element-id=(string)0xaaaaf7b27740, element=(string)capsfilter0, src=(string)src, time=(guint64)50111, ts=(guint64)19230206484;
0:00:19.231204330 [32m178147[00m 0xfffd90000b70 [37mTRACE  [00m [00;34m          GST_TRACER :0::[00m element-latency, element-id=(string)0xaaaaf7959350, element=(string)jpegparse0, src=(string)src, time=(guint64)979707, ts=(guint64)19231186191;
0:00:19.245742387 [32m178147[00m 0xfffd90000b70 [37mTRACE  [00m [00;34m          GST_TRACER :0::[00m element-latency, element-id=(string)0xaaaaf7a8dbc0, element=(string)nvjpegdec0, src=(string)src, time=(guint64)14518317, ts=(guint64)19245704508;
0:00:19.269689858 [32m178147[00m 0xfffd90000b70 [37mTRACE  [00m [00;34m          GST_TRACER :0::[00m element-latency, element-id=(string)0xaaaaf7a961f0, element=(string)nvvconv0, src=(string)src, time=(guint64)23953887, ts=(guint64)19269658395;
0:00:19.269746710 [32m178147[00m 0xfffd90000b70 [37mTRACE  [00m [00;34m          GST_TRACER :0::[00m element-latency, element-id=(string)0xaaaaf7b2ada0, element=(string)capsfilter1, src=(string)src, time=(guint64)73620, ts=(guint64)19269732015;
0:00:19.283587114 [32m178147[00m 0xfffd90000de0 [37mTRACE  [00m [00;34m          GST_TRACER :0::[00m element-latency, element-id=(string)0xaaaaf7b17c90, element=(string)nvv4l2h264enc0, src=(string)src, time=(guint64)13826534, ts=(guint64)19283558549;
0:00:19.283801298 [32m178147[00m 0xfffd90000de0 [37mTRACE  [00m [00;34m          GST_TRACER :0::[00m element-latency, element-id=(string)0xaaaaf7b1cb40, element=(string)h264parse0, src=(string)src, time=(guint64)225119, ts=(guint64)19283783668;
0:00:19.294184150 [32m178147[00m 0xfffd90000b70 [37mTRACE  [00m [00;34m          GST_TRACER :0::[00m element-latency, element-id=(string)0xaaaaf7b27740, element=(string)capsfilter0, src=(string)src, time=(guint64)28305, ts=(guint64)19294165214;
0:00:19.295036514 [32m178147[00m 0xfffd90000b70 [37mTRACE  [00m [00;34m          GST_TRACER :0::[00m element-latency, element-id=(string)0xaaaaf7959350, element=(string)jpegparse0, src=(string)src, time=(guint64)856754, ts=(guint64)19295021968;
0:00:19.308756197 [32m178147[00m 0xfffd90000b70 [37mTRACE  [00m [00;34m          GST_TRACER :0::[00m element-latency, element-id=(string)0xaaaaf7a8dbc0, element=(string)nvjpegdec0, src=(string)src, time=(guint64)13701563, ts=(guint64)19308723531;
0:00:19.334084307 [32m178147[00m 0xfffd90000b70 [37mTRACE  [00m [00;34m          GST_TRACER :0::[00m element-latency, element-id=(string)0xaaaaf7a961f0, element=(string)nvvconv0, src=(string)src, time=(guint64)25320489, ts=(guint64)19334044020;
0:00:19.334147667 [32m178147[00m 0xfffd90000b70 [37mTRACE  [00m [00;34m          GST_TRACER :0::[00m element-latency, element-id=(string)0xaaaaf7b2ada0, element=(string)capsfilter1, src=(string)src, time=(guint64)89713, ts=(guint64)19334133733;
0:00:19.351714577 [32m178147[00m 0xfffd90000de0 [37mTRACE  [00m [00;34m          GST_TRACER :0::[00m element-latency, element-id=(string)0xaaaaf7b17c90, element=(string)nvv4l2h264enc0, src=(string)src, time=(guint64)17552187, ts=(guint64)19351685920;
0:00:19.352193639 [32m178147[00m 0xfffd90000de0 [37mTRACE  [00m [00;34m          GST_TRACER :0::[00m element-latency, element-id=(string)0xaaaaf7b1cb40, element=(string)h264parse0, src=(string)src, time=(guint64)487756, ts=(guint64)19352173676;
0:00:19.358208925 [32m178147[00m 0xfffd90000b70 [37mTRACE  [00m [00;34m          GST_TRACER :0::[00m element-latency, element-id=(string)0xaaaaf7b27740, element=(string)capsfilter0, src=(string)src, time=(guint64)36092, ts=(guint64)19358186462;
0:00:19.359116215 [32m178147[00m 0xfffd90000b70 [37mTRACE  [00m [00;34m          GST_TRACER :0::[00m element-latency, element-id=(string)0xaaaaf7959350, element=(string)jpegparse0, src=(string)src, time=(guint64)915077, ts=(guint64)19359101539;
0:00:19.372888167 [32m178147[00m 0xfffd90000b70 [37mTRACE  [00m [00;34m          GST_TRACER :0::[00m element-latency, element-id=(string)0xaaaaf7a8dbc0, element=(string)nvjpegdec0, src=(string)src, time=(guint64)13755063, ts=(guint64)19372856602;
0:00:19.398270886 [32m178147[00m 0xfffd90000b70 [37mTRACE  [00m [00;34m          GST_TRACER :0::[00m element-latency, element-id=(string)0xaaaaf7a961f0, element=(string)nvvconv0, src=(string)src, time=(guint64)25382210, ts=(guint64)19398238812;
0:00:19.398322646 [32m178147[00m 0xfffd90000b70 [37mTRACE  [00m [00;34m          GST_TRACER :0::[00m element-latency, element-id=(string)0xaaaaf7b2ada0, element=(string)capsfilter1, src=(string)src, time=(guint64)71241, ts=(guint64)19398310053;
0:00:19.412139022 [32m178147[00m 0xfffd90000de0 [37mTRACE  [00m [00;34m          GST_TRACER :0::[00m element-latency, element-id=(string)0xaaaaf7b17c90, element=(string)nvv4l2h264enc0, src=(string)src, time=(guint64)13798414, ts=(guint64)19412108467;
0:00:19.412366113 [32m178147[00m 0xfffd90000de0 [37mTRACE  [00m [00;34m          GST_TRACER :0::[00m element-latency, element-id=(string)0xaaaaf7b1cb40, element=(string)h264parse0, src=(string)src, time=(guint64)238627, ts=(guint64)19412347094;
0:00:19.422205671 [32m178147[00m 0xfffd90000b70 [37mTRACE  [00m [00;34m          GST_TRACER :0::[00m element-latency, element-id=(string)0xaaaaf7b27740, element=(string)capsfilter0, src=(string)src, time=(guint64)30342, ts=(guint64)19422185042;
0:00:19.423092851 [32m178147[00m 0xfffd90000b70 [37mTRACE  [00m [00;34m          GST_TRACER :0::[00m element-latency, element-id=(string)0xaaaaf7959350, element=(string)jpegparse0, src=(string)src, time=(guint64)891809, ts=(guint64)19423076851;
0:00:19.438915890 [32m178147[00m 0xfffd90000b70 [37mTRACE  [00m [00;34m          GST_TRACER :0::[00m element-latency, element-id=(string)0xaaaaf7a8dbc0, element=(string)nvjpegdec0, src=(string)src, time=(guint64)15805280, ts=(guint64)19438882131;
0:00:19.462441113 [32m178147[00m 0xfffd90000b70 [37mTRACE  [00m [00;34m          GST_TRACER :0::[00m element-latency, element-id=(string)0xaaaaf7a961f0, element=(string)nvvconv0, src=(string)src, time=(guint64)23518908, ts=(guint64)19462401039;
0:00:19.462499251 [32m178147[00m 0xfffd90000b70 [37mTRACE  [00m [00;34m          GST_TRACER :0::[00m element-latency, element-id=(string)0xaaaaf7b2ada0, element=(string)capsfilter1, src=(string)src, time=(guint64)84388, ts=(guint64)19462485427;
0:00:19.476338905 [32m178147[00m 0xfffd90000de0 [37mTRACE  [00m [00;34m          GST_TRACER :0::[00m element-latency, element-id=(string)0xaaaaf7b17c90, element=(string)nvv4l2h264enc0, src=(string)src, time=(guint64)13824284, ts=(guint64)19476309711;
0:00:19.476562236 [32m178147[00m 0xfffd90000de0 [37mTRACE  [00m [00;34m          GST_TRACER :0::[00m element-latency, element-id=(string)0xaaaaf7b1cb40, element=(string)h264parse0, src=(string)src, time=(guint64)234618, ts=(guint64)19476544329;
0:00:19.490208484 [32m178147[00m 0xfffd90000b70 [37mTRACE  [00m [00;34m          GST_TRACER :0::[00m element-latency, element-id=(string)0xaaaaf7b27740, element=(string)capsfilter0, src=(string)src, time=(guint64)35787, ts=(guint64)19490187003;
0:00:19.491088322 [32m178147[00m 0xfffd90000b70 [37mTRACE  [00m [00;34m          GST_TRACER :0::[00m element-latency, element-id=(string)0xaaaaf7959350, element=(string)jpegparse0, src=(string)src, time=(guint64)887097, ts=(guint64)19491074100;
0:00:19.504801060 [32m178147[00m 0xfffd90000b70 [37mTRACE  [00m [00;34m          GST_TRACER :0::[00m element-latency, element-id=(string)0xaaaaf7a8dbc0, element=(string)nvjpegdec0, src=(string)src, time=(guint64)13698136, ts=(guint64)19504772236;
0:00:19.529276240 [32m178147[00m 0xfffd90000b70 [37mTRACE  [00m [00;34m          GST_TRACER :0::[00m element-latency, element-id=(string)0xaaaaf7a961f0, element=(string)nvvconv0, src=(string)src, time=(guint64)24465264, ts=(guint64)19529237500;
0:00:19.529337878 [32m178147[00m 0xfffd90000b70 [37mTRACE  [00m [00;34m          GST_TRACER :0::[00m element-latency, element-id=(string)0xaaaaf7b2ada0, element=(string)capsfilter1, src=(string)src, time=(guint64)85813, ts=(guint64)19529323313;
0:00:19.543347032 [32m178147[00m 0xfffd90000de0 [37mTRACE  [00m [00;34m          GST_TRACER :0::[00m element-latency, element-id=(string)0xaaaaf7b17c90, element=(string)nvv4l2h264enc0, src=(string)src, time=(guint64)13996506, ts=(guint64)19543319819;
0:00:19.543561521 [32m178147[00m 0xfffd90000de0 [37mTRACE  [00m [00;34m          GST_TRACER :0::[00m element-latency, element-id=(string)0xaaaaf7b1cb40, element=(string)h264parse0, src=(string)src, time=(guint64)225267, ts=(guint64)19543545086;
0:00:19.554235176 [32m178147[00m 0xfffd90000b70 [37mTRACE  [00m [00;34m          GST_TRACER :0::[00m element-latency, element-id=(string)0xaaaaf7b27740, element=(string)capsfilter0, src=(string)src, time=(guint64)48185, ts=(guint64)19554208344;
0:00:19.555115125 [32m178147[00m 0xfffd90000b70 [37mTRACE  [00m [00;34m          GST_TRACER :0::[00m element-latency, element-id=(string)0xaaaaf7959350, element=(string)jpegparse0, src=(string)src, time=(guint64)890142, ts=(guint64)19555098486;
0:00:19.568863419 [32m178147[00m 0xfffd90000b70 [37mTRACE  [00m [00;34m          GST_TRACER :0::[00m element-latency, element-id=(string)0xaaaaf7a8dbc0, element=(string)nvjpegdec0, src=(string)src, time=(guint64)13726720, ts=(guint64)19568825206;
0:00:19.594602286 [32m178147[00m 0xfffd90000b70 [37mTRACE  [00m [00;34m          GST_TRACER :0::[00m element-latency, element-id=(string)0xaaaaf7a961f0, element=(string)nvvconv0, src=(string)src, time=(guint64)25736182, ts=(guint64)19594561388;
0:00:19.594651776 [32m178147[00m 0xfffd90000b70 [37mTRACE  [00m [00;34m          GST_TRACER :0::[00m element-latency, element-id=(string)0xaaaaf7b2ada0, element=(string)capsfilter1, src=(string)src, time=(guint64)79111, ts=(guint64)19594640499;
0:00:19.608398301 [32m178147[00m 0xfffd90000de0 [37mTRACE  [00m [00;34m          GST_TRACER :0::[00m element-latency, element-id=(string)0xaaaaf7b17c90, element=(string)nvv4l2h264enc0, src=(string)src, time=(guint64)13734164, ts=(guint64)19608374663;
0:00:19.608551273 [32m178147[00m 0xfffd90000de0 [37mTRACE  [00m [00;34m          GST_TRACER :0::[00m element-latency, element-id=(string)0xaaaaf7b1cb40, element=(string)h264parse0, src=(string)src, time=(guint64)164730, ts=(guint64)19608539393;
0:00:19.618212240 [32m178147[00m 0xfffd90000b70 [37mTRACE  [00m [00;34m          GST_TRACER :0::[00m element-latency, element-id=(string)0xaaaaf7b27740, element=(string)capsfilter0, src=(string)src, time=(guint64)39574, ts=(guint64)19618190379;
0:00:19.619110299 [32m178147[00m 0xfffd90000b70 [37mTRACE  [00m [00;34m          GST_TRACER :0::[00m element-latency, element-id=(string)0xaaaaf7959350, element=(string)jpegparse0, src=(string)src, time=(guint64)904967, ts=(guint64)19619095346;
0:00:19.632844806 [32m178147[00m 0xfffd90000b70 [37mTRACE  [00m [00;34m          GST_TRACER :0::[00m element-latency, element-id=(string)0xaaaaf7a8dbc0, element=(string)nvjpegdec0, src=(string)src, time=(guint64)13715016, ts=(guint64)19632810362;
0:00:19.657805725 [32m178147[00m 0xfffd90000b70 [37mTRACE  [00m [00;34m          GST_TRACER :0::[00m element-latency, element-id=(string)0xaaaaf7a961f0, element=(string)nvvconv0, src=(string)src, time=(guint64)24965788, ts=(guint64)19657776150;
0:00:19.657857279 [32m178147[00m 0xfffd90000b70 [37mTRACE  [00m [00;34m          GST_TRACER :0::[00m element-latency, element-id=(string)0xaaaaf7b2ada0, element=(string)capsfilter1, src=(string)src, time=(guint64)67407, ts=(guint64)19657843557;
0:00:19.671884886 [32m178147[00m 0xfffd90000de0 [37mTRACE  [00m [00;34m          GST_TRACER :0::[00m element-latency, element-id=(string)0xaaaaf7b17c90, element=(string)nvv4l2h264enc0, src=(string)src, time=(guint64)14012395, ts=(guint64)19671855952;
0:00:19.672098449 [32m178147[00m 0xfffd90000de0 [37mTRACE  [00m [00;34m          GST_TRACER :0::[00m element-latency, element-id=(string)0xaaaaf7b1cb40, element=(string)h264parse0, src=(string)src, time=(guint64)225248, ts=(guint64)19672081200;
0:00:19.682204238 [32m178147[00m 0xfffd90000b70 [37mTRACE  [00m [00;34m          GST_TRACER :0::[00m element-latency, element-id=(string)0xaaaaf7b27740, element=(string)capsfilter0, src=(string)src, time=(guint64)23889, ts=(guint64)19682184655;
0:00:19.683078955 [32m178147[00m 0xfffd90000b70 [37mTRACE  [00m [00;34m          GST_TRACER :0::[00m element-latency, element-id=(string)0xaaaaf7959350, element=(string)jpegparse0, src=(string)src, time=(guint64)879940, ts=(guint64)19683064595;
0:00:19.697027321 [32m178147[00m 0xfffd90000b70 [37mTRACE  [00m [00;34m          GST_TRACER :0::[00m element-latency, element-id=(string)0xaaaaf7a8dbc0, element=(string)nvjpegdec0, src=(string)src, time=(guint64)13930338, ts=(guint64)19696994933;
0:00:19.720972588 [32m178147[00m 0xfffd90000b70 [37mTRACE  [00m [00;34m          GST_TRACER :0::[00m element-latency, element-id=(string)0xaaaaf7a961f0, element=(string)nvvconv0, src=(string)src, time=(guint64)23920471, ts=(guint64)19720915404;
0:00:19.721046690 [32m178147[00m 0xfffd90000b70 [37mTRACE  [00m [00;34m          GST_TRACER :0::[00m element-latency, element-id=(string)0xaaaaf7b2ada0, element=(string)capsfilter1, src=(string)src, time=(guint64)116740, ts=(guint64)19721032144;
0:00:19.735291574 [32m178147[00m 0xfffd90000de0 [37mTRACE  [00m [00;34m          GST_TRACER :0::[00m element-latency, element-id=(string)0xaaaaf7b17c90, element=(string)nvv4l2h264enc0, src=(string)src, time=(guint64)14229513, ts=(guint64)19735261657;
0:00:19.735514118 [32m178147[00m 0xfffd90000de0 [37mTRACE  [00m [00;34m          GST_TRACER :0::[00m element-latency, element-id=(string)0xaaaaf7b1cb40, element=(string)h264parse0, src=(string)src, time=(guint64)234553, ts=(guint64)19735496210;
0:00:19.746204245 [32m178147[00m 0xfffd90000b70 [37mTRACE  [00m [00;34m          GST_TRACER :0::[00m element-latency, element-id=(string)0xaaaaf7b27740, element=(string)capsfilter0, src=(string)src, time=(guint64)27444, ts=(guint64)19746184598;
0:00:19.747072592 [32m178147[00m 0xfffd90000b70 [37mTRACE  [00m [00;34m          GST_TRACER :0::[00m element-latency, element-id=(string)0xaaaaf7959350, element=(string)jpegparse0, src=(string)src, time=(guint64)871642, ts=(guint64)19747056240;
0:00:19.761332244 [32m178147[00m 0xfffd90000b70 [37mTRACE  [00m [00;34m          GST_TRACER :0::[00m element-latency, element-id=(string)0xaaaaf7a8dbc0, element=(string)nvjpegdec0, src=(string)src, time=(guint64)14246199, ts=(guint64)19761302439;
0:00:19.784923670 [32m178147[00m 0xfffd90000b70 [37mTRACE  [00m [00;34m          GST_TRACER :0::[00m element-latency, element-id=(string)0xaaaaf7a961f0, element=(string)nvvconv0, src=(string)src, time=(guint64)23587796, ts=(guint64)19784890235;
0:00:19.784998578 [32m178147[00m 0xfffd90000b70 [37mTRACE  [00m [00;34m          GST_TRACER :0::[00m element-latency, element-id=(string)0xaaaaf7b2ada0, element=(string)capsfilter1, src=(string)src, time=(guint64)94269, ts=(guint64)19784984504;
0:00:19.799653792 [32m178147[00m 0xfffd90000de0 [37mTRACE  [00m [00;34m          GST_TRACER :0::[00m element-latency, element-id=(string)0xaaaaf7b17c90, element=(string)nvv4l2h264enc0, src=(string)src, time=(guint64)14639149, ts=(guint64)19799623653;
0:00:19.799862050 [32m178147[00m 0xfffd90000de0 [37mTRACE  [00m [00;34m          GST_TRACER :0::[00m element-latency, element-id=(string)0xaaaaf7b1cb40, element=(string)h264parse0, src=(string)src, time=(guint64)221212, ts=(guint64)19799844865;
0:00:19.814177941 [32m178147[00m 0xfffd90000b70 [37mTRACE  [00m [00;34m          GST_TRACER :0::[00m element-latency, element-id=(string)0xaaaaf7b27740, element=(string)capsfilter0, src=(string)src, time=(guint64)29027, ts=(guint64)19814158756;
0:00:19.815037390 [32m178147[00m 0xfffd90000b70 [37mTRACE  [00m [00;34m          GST_TRACER :0::[00m element-latency, element-id=(string)0xaaaaf7959350, element=(string)jpegparse0, src=(string)src, time=(guint64)863542, ts=(guint64)19815022298;
0:00:19.829325485 [32m178147[00m 0xfffd90000b70 [37mTRACE  [00m [00;34m          GST_TRACER :0::[00m element-latency, element-id=(string)0xaaaaf7a8dbc0, element=(string)nvjpegdec0, src=(string)src, time=(guint64)14270846, ts=(guint64)19829293144;
0:00:19.853214022 [32m178147[00m 0xfffd90000b70 [37mTRACE  [00m [00;34m          GST_TRACER :0::[00m element-latency, element-id=(string)0xaaaaf7a961f0, element=(string)nvvconv0, src=(string)src, time=(guint64)23892637, ts=(guint64)19853185781;
0:00:19.853261226 [32m178147[00m 0xfffd90000b70 [37mTRACE  [00m [00;34m          GST_TRACER :0::[00m element-latency, element-id=(string)0xaaaaf7b2ada0, element=(string)capsfilter1, src=(string)src, time=(guint64)62732, ts=(guint64)19853248513;
0:00:19.867766227 [32m178147[00m 0xfffd90000de0 [37mTRACE  [00m [00;34m          GST_TRACER :0::[00m element-latency, element-id=(string)0xaaaaf7b17c90, element=(string)nvv4l2h264enc0, src=(string)src, time=(guint64)14485344, ts=(guint64)19867733857;
0:00:19.867977254 [32m178147[00m 0xfffd90000de0 [37mTRACE  [00m [00;34m          GST_TRACER :0::[00m element-latency, element-id=(string)0xaaaaf7b1cb40, element=(string)h264parse0, src=(string)src, time=(guint64)226406, ts=(guint64)19867960263;
0:00:19.878182320 [32m178147[00m 0xfffd90000b70 [37mTRACE  [00m [00;34m          GST_TRACER :0::[00m element-latency, element-id=(string)0xaaaaf7b27740, element=(string)capsfilter0, src=(string)src, time=(guint64)26722, ts=(guint64)19878163338;
0:00:19.878996204 [32m178147[00m 0xfffd90000b70 [37mTRACE  [00m [00;34m          GST_TRACER :0::[00m element-latency, element-id=(string)0xaaaaf7959350, element=(string)jpegparse0, src=(string)src, time=(guint64)817310, ts=(guint64)19878980648;
0:00:19.893268161 [32m178147[00m 0xfffd90000b70 [37mTRACE  [00m [00;34m          GST_TRACER :0::[00m element-latency, element-id=(string)0xaaaaf7a8dbc0, element=(string)nvjpegdec0, src=(string)src, time=(guint64)14238393, ts=(guint64)19893219041;
0:00:19.918758270 [32m178147[00m 0xfffd90000b70 [37mTRACE  [00m [00;34m          GST_TRACER :0::[00m element-latency, element-id=(string)0xaaaaf7a961f0, element=(string)nvvconv0, src=(string)src, time=(guint64)25479924, ts=(guint64)19918698965;
0:00:19.918836427 [32m178147[00m 0xfffd90000b70 [37mTRACE  [00m [00;34m          GST_TRACER :0::[00m element-latency, element-id=(string)0xaaaaf7b2ada0, element=(string)capsfilter1, src=(string)src, time=(guint64)122925, ts=(guint64)19918821890;
0:00:19.933323836 [32m178147[00m 0xfffd90000de0 [37mTRACE  [00m [00;34m          GST_TRACER :0::[00m element-latency, element-id=(string)0xaaaaf7b17c90, element=(string)nvv4l2h264enc0, src=(string)src, time=(guint64)14468928, ts=(guint64)19933290818;
0:00:19.933544780 [32m178147[00m 0xfffd90000de0 [37mTRACE  [00m [00;34m          GST_TRACER :0::[00m element-latency, element-id=(string)0xaaaaf7b1cb40, element=(string)h264parse0, src=(string)src, time=(guint64)236666, ts=(guint64)19933527484;
0:00:19.942210780 [32m178147[00m 0xfffd90000b70 [37mTRACE  [00m [00;34m          GST_TRACER :0::[00m element-latency, element-id=(string)0xaaaaf7b27740, element=(string)capsfilter0, src=(string)src, time=(guint64)34824, ts=(guint64)19942189170;
0:00:19.943074544 [32m178147[00m 0xfffd90000b70 [37mTRACE  [00m [00;34m          GST_TRACER :0::[00m element-latency, element-id=(string)0xaaaaf7959350, element=(string)jpegparse0, src=(string)src, time=(guint64)870587, ts=(guint64)19943059757;
0:00:19.957369918 [32m178147[00m 0xfffd90000b70 [37mTRACE  [00m [00;34m          GST_TRACER :0::[00m element-latency, element-id=(string)0xaaaaf7a8dbc0, element=(string)nvjpegdec0, src=(string)src, time=(guint64)14279689, ts=(guint64)19957339446;
0:00:19.981586164 [32m178147[00m 0xfffd90000b70 [37mTRACE  [00m [00;34m          GST_TRACER :0::[00m element-latency, element-id=(string)0xaaaaf7a961f0, element=(string)nvvconv0, src=(string)src, time=(guint64)24198914, ts=(guint64)19981538360;
0:00:19.981640479 [32m178147[00m 0xfffd90000b70 [37mTRACE  [00m [00;34m          GST_TRACER :0::[00m element-latency, element-id=(string)0xaaaaf7b2ada0, element=(string)capsfilter1, src=(string)src, time=(guint64)88203, ts=(guint64)19981626563;
0:00:19.999643812 [32m178147[00m 0xfffd90000de0 [37mTRACE  [00m [00;34m          GST_TRACER :0::[00m element-latency, element-id=(string)0xaaaaf7b17c90, element=(string)nvv4l2h264enc0, src=(string)src, time=(guint64)17985064, ts=(guint64)19999611627;
0:00:20.000138263 [32m178147[00m 0xfffd90000de0 [37mTRACE  [00m [00;34m          GST_TRACER :0::[00m element-latency, element-id=(string)0xaaaaf7b1cb40, element=(string)h264parse0, src=(string)src, time=(guint64)506432, ts=(guint64)20000118059;
0:00:20.006193502 [32m178147[00m 0xfffd90000b70 [37mTRACE  [00m [00;34m          GST_TRACER :0::[00m element-latency, element-id=(string)0xaaaaf7b27740, element=(string)capsfilter0, src=(string)src, time=(guint64)24176, ts=(guint64)20006175706;
0:00:20.007093116 [32m178147[00m 0xfffd90000b70 [37mTRACE  [00m [00;34m          GST_TRACER :0::[00m element-latency, element-id=(string)0xaaaaf7959350, element=(string)jpegparse0, src=(string)src, time=(guint64)902540, ts=(guint64)20007078246;
0:00:20.020606688 [32m178147[00m 0xfffd90000b70 [37mTRACE  [00m [00;34m          GST_TRACER :0::[00m element-latency, element-id=(string)0xaaaaf7a8dbc0, element=(string)nvjpegdec0, src=(string)src, time=(guint64)13496823, ts=(guint64)20020575069;
0:00:20.045057915 [32m178147[00m 0xfffd90000b70 [37mTRACE  [00m [00;34m          GST_TRACER :0::[00m element-latency, element-id=(string)0xaaaaf7a961f0, element=(string)nvvconv0, src=(string)src, time=(guint64)24442180, ts=(guint64)20045017249;
0:00:20.045114275 [32m178147[00m 0xfffd90000b70 [37mTRACE  [00m [00;34m          GST_TRACER :0::[00m element-latency, element-id=(string)0xaaaaf7b2ada0, element=(string)capsfilter1, src=(string)src, time=(guint64)83943, ts=(guint64)20045101192;
0:00:20.057759576 [32m178147[00m 0xfffd90000de0 [37mTRACE  [00m [00;34m          GST_TRACER :0::[00m element-latency, element-id=(string)0xaaaaf7b17c90, element=(string)nvv4l2h264enc0, src=(string)src, time=(guint64)12629282, ts=(guint64)20057730474;
0:00:20.057981260 [32m178147[00m 0xfffd90000de0 [37mTRACE  [00m [00;34m          GST_TRACER :0::[00m element-latency, element-id=(string)0xaaaaf7b1cb40, element=(string)h264parse0, src=(string)src, time=(guint64)233286, ts=(guint64)20057963760;
0:00:20.074205231 [32m178147[00m 0xfffd90000b70 [37mTRACE  [00m [00;34m          GST_TRACER :0::[00m element-latency, element-id=(string)0xaaaaf7b27740, element=(string)capsfilter0, src=(string)src, time=(guint64)39065, ts=(guint64)20074180796;
0:00:20.075081411 [32m178147[00m 0xfffd90000b70 [37mTRACE  [00m [00;34m          GST_TRACER :0::[00m element-latency, element-id=(string)0xaaaaf7959350, element=(string)jpegparse0, src=(string)src, time=(guint64)884810, ts=(guint64)20075065606;
0:00:20.087778637 [32m178147[00m 0xfffd90000b70 [37mTRACE  [00m [00;34m          GST_TRACER :0::[00m element-latency, element-id=(string)0xaaaaf7a8dbc0, element=(string)nvjpegdec0, src=(string)src, time=(guint64)12680569, ts=(guint64)20087746175;
0:00:20.112219160 [32m178147[00m 0xfffd90000b70 [37mTRACE  [00m [00;34m          GST_TRACER :0::[00m element-latency, element-id=(string)0xaaaaf7a961f0, element=(string)nvvconv0, src=(string)src, time=(guint64)24433577, ts=(guint64)20112179752;
0:00:20.112278585 [32m178147[00m 0xfffd90000b70 [37mTRACE  [00m [00;34m          GST_TRACER :0::[00m element-latency, element-id=(string)0xaaaaf7b2ada0, element=(string)capsfilter1, src=(string)src, time=(guint64)85138, ts=(guint64)20112264890;
0:00:20.125357539 [32m178147[00m 0xfffd90000de0 [37mTRACE  [00m [00;34m          GST_TRACER :0::[00m element-latency, element-id=(string)0xaaaaf7b17c90, element=(string)nvv4l2h264enc0, src=(string)src, time=(guint64)13063686, ts=(guint64)20125328576;
0:00:20.125601298 [32m178147[00m 0xfffd90000de0 [37mTRACE  [00m [00;34m          GST_TRACER :0::[00m element-latency, element-id=(string)0xaaaaf7b1cb40, element=(string)h264parse0, src=(string)src, time=(guint64)235268, ts=(guint64)20125563844;
0:00:20.138230033 [32m178147[00m 0xfffd90000b70 [37mTRACE  [00m [00;34m          GST_TRACER :0::[00m element-latency, element-id=(string)0xaaaaf7b27740, element=(string)capsfilter0, src=(string)src, time=(guint64)47574, ts=(guint64)20138203329;
0:00:20.139115166 [32m178147[00m 0xfffd90000b70 [37mTRACE  [00m [00;34m          GST_TRACER :0::[00m element-latency, element-id=(string)0xaaaaf7959350, element=(string)jpegparse0, src=(string)src, time=(guint64)897392, ts=(guint64)20139100721;
0:00:20.151788197 [32m178147[00m 0xfffd90000b70 [37mTRACE  [00m [00;34m          GST_TRACER :0::[00m element-latency, element-id=(string)0xaaaaf7a8dbc0, element=(string)nvjpegdec0, src=(string)src, time=(guint64)12655967, ts=(guint64)20151756688;
0:00:20.176897484 [32m178147[00m 0xfffd90000b70 [37mTRACE  [00m [00;34m          GST_TRACER :0::[00m element-latency, element-id=(string)0xaaaaf7a961f0, element=(string)nvvconv0, src=(string)src, time=(guint64)25104703, ts=(guint64)20176861391;
0:00:20.176950095 [32m178147[00m 0xfffd90000b70 [37mTRACE  [00m [00;34m          GST_TRACER :0::[00m element-latency, element-id=(string)0xaaaaf7b2ada0, element=(string)capsfilter1, src=(string)src, time=(guint64)76084, ts=(guint64)20176937475;
0:00:20.189619607 [32m178147[00m 0xfffd90000de0 [37mTRACE  [00m [00;34m          GST_TRACER :0::[00m element-latency, element-id=(string)0xaaaaf7b17c90, element=(string)nvv4l2h264enc0, src=(string)src, time=(guint64)12653559, ts=(guint64)20189591034;
0:00:20.189831440 [32m178147[00m 0xfffd90000de0 [37mTRACE  [00m [00;34m          GST_TRACER :0::[00m element-latency, element-id=(string)0xaaaaf7b1cb40, element=(string)h264parse0, src=(string)src, time=(guint64)222322, ts=(guint64)20189813356;
0:00:20.202206909 [32m178147[00m 0xfffd90000b70 [37mTRACE  [00m [00;34m          GST_TRACER :0::[00m element-latency, element-id=(string)0xaaaaf7b27740, element=(string)capsfilter0, src=(string)src, time=(guint64)36639, ts=(guint64)20202185214;
0:00:20.203084912 [32m178147[00m 0xfffd90000b70 [37mTRACE  [00m [00;34m          GST_TRACER :0::[00m element-latency, element-id=(string)0xaaaaf7959350, element=(string)jpegparse0, src=(string)src, time=(guint64)884559, ts=(guint64)20203069773;
0:00:20.215736166 [32m178147[00m 0xfffd90000b70 [37mTRACE  [00m [00;34m          GST_TRACER :0::[00m element-latency, element-id=(string)0xaaaaf7a8dbc0, element=(string)nvjpegdec0, src=(string)src, time=(guint64)12635661, ts=(guint64)20215705434;
0:00:20.240270030 [32m178147[00m 0xfffd90000b70 [37mTRACE  [00m [00;34m          GST_TRACER :0::[00m element-latency, element-id=(string)0xaaaaf7a961f0, element=(string)nvvconv0, src=(string)src, time=(guint64)24536624, ts=(guint64)20240242058;
0:00:20.240343928 [32m178147[00m 0xfffd90000b70 [37mTRACE  [00m [00;34m          GST_TRACER :0::[00m element-latency, element-id=(string)0xaaaaf7b2ada0, element=(string)capsfilter1, src=(string)src, time=(guint64)87370, ts=(guint64)20240329428;
0:00:20.252948340 [32m178147[00m 0xfffd90000de0 [37mTRACE  [00m [00;34m          GST_TRACER :0::[00m element-latency, element-id=(string)0xaaaaf7b17c90, element=(string)nvv4l2h264enc0, src=(string)src, time=(guint64)12588857, ts=(guint64)20252918285;
0:00:20.253162847 [32m178147[00m 0xfffd90000de0 [37mTRACE  [00m [00;34m          GST_TRACER :0::[00m element-latency, element-id=(string)0xaaaaf7b1cb40, element=(string)h264parse0, src=(string)src, time=(guint64)226942, ts=(guint64)20253145227;
0:00:20.266184470 [32m178147[00m 0xfffd90000b70 [37mTRACE  [00m [00;34m          GST_TRACER :0::[00m element-latency, element-id=(string)0xaaaaf7b27740, element=(string)capsfilter0, src=(string)src, time=(guint64)22510, ts=(guint64)20266165378;
0:00:20.267028475 [32m178147[00m 0xfffd90000b70 [37mTRACE  [00m [00;34m          GST_TRACER :0::[00m element-latency, element-id=(string)0xaaaaf7959350, element=(string)jpegparse0, src=(string)src, time=(guint64)847893, ts=(guint64)20267013271;
0:00:20.279653609 [32m178147[00m 0xfffd90000b70 [37mTRACE  [00m [00;34m          GST_TRACER :0::[00m element-latency, element-id=(string)0xaaaaf7a8dbc0, element=(string)nvjpegdec0, src=(string)src, time=(guint64)12602569, ts=(guint64)20279615840;
0:00:20.302788538 [32m178147[00m 0xfffd90000b70 [37mTRACE  [00m [00;34m          GST_TRACER :0::[00m element-latency, element-id=(string)0xaaaaf7a961f0, element=(string)nvvconv0, src=(string)src, time=(guint64)23138216, ts=(guint64)20302754056;
0:00:20.302840361 [32m178147[00m 0xfffd90000b70 [37mTRACE  [00m [00;34m          GST_TRACER :0::[00m element-latency, element-id=(string)0xaaaaf7b2ada0, element=(string)capsfilter1, src=(string)src, time=(guint64)73231, ts=(guint64)20302827287;
0:00:20.315835262 [32m178147[00m 0xfffd90000de0 [37mTRACE  [00m [00;34m          GST_TRACER :0::[00m element-latency, element-id=(string)0xaaaaf7b17c90, element=(string)nvv4l2h264enc0, src=(string)src, time=(guint64)12976253, ts=(guint64)20315803540;
0:00:20.316052140 [32m178147[00m 0xfffd90000de0 [37mTRACE  [00m [00;34m          GST_TRACER :0::[00m element-latency, element-id=(string)0xaaaaf7b1cb40, element=(string)h264parse0, src=(string)src, time=(guint64)230989, ts=(guint64)20316034529;
0:00:20.334174287 [32m178147[00m 0xfffd90000b70 [37mTRACE  [00m [00;34m          GST_TRACER :0::[00m element-latency, element-id=(string)0xaaaaf7b27740, element=(string)capsfilter0, src=(string)src, time=(guint64)28732, ts=(guint64)20334154500;
0:00:20.335076077 [32m178147[00m 0xfffd90000b70 [37mTRACE  [00m [00;34m          GST_TRACER :0::[00m element-latency, element-id=(string)0xaaaaf7959350, element=(string)jpegparse0, src=(string)src, time=(guint64)906271, ts=(guint64)20335060771;
0:00:20.348021302 [32m178147[00m 0xfffd90000b70 [37mTRACE  [00m [00;34m          GST_TRACER :0::[00m element-latency, element-id=(string)0xaaaaf7a8dbc0, element=(string)nvjpegdec0, src=(string)src, time=(guint64)12930531, ts=(guint64)20347991302;
0:00:20.370762938 [32m178147[00m 0xfffd90000b70 [37mTRACE  [00m [00;34m          GST_TRACER :0::[00m element-latency, element-id=(string)0xaaaaf7a961f0, element=(string)nvvconv0, src=(string)src, time=(guint64)22737043, ts=(guint64)20370728345;
0:00:20.370813160 [32m178147[00m 0xfffd90000b70 [37mTRACE  [00m [00;34m          GST_TRACER :0::[00m element-latency, element-id=(string)0xaaaaf7b2ada0, element=(string)capsfilter1, src=(string)src, time=(guint64)71935, ts=(guint64)20370800280;
0:00:20.384120326 [32m178147[00m 0xfffd90000de0 [37mTRACE  [00m [00;34m          GST_TRACER :0::[00m element-latency, element-id=(string)0xaaaaf7b17c90, element=(string)nvv4l2h264enc0, src=(string)src, time=(guint64)13287324, ts=(guint64)20384087604;
0:00:20.384362075 [32m178147[00m 0xfffd90000de0 [37mTRACE  [00m [00;34m          GST_TRACER :0::[00m element-latency, element-id=(string)0xaaaaf7b1cb40, element=(string)h264parse0, src=(string)src, time=(guint64)256591, ts=(guint64)20384344195;
0:00:20.398169155 [32m178147[00m 0xfffd90000b70 [37mTRACE  [00m [00;34m          GST_TRACER :0::[00m element-latency, element-id=(string)0xaaaaf7b27740, element=(string)capsfilter0, src=(string)src, time=(guint64)25444, ts=(guint64)20398151284;
0:00:20.399026492 [32m178147[00m 0xfffd90000b70 [37mTRACE  [00m [00;34m          GST_TRACER :0::[00m element-latency, element-id=(string)0xaaaaf7959350, element=(string)jpegparse0, src=(string)src, time=(guint64)861431, ts=(guint64)20399012715;
0:00:20.412341733 [32m178147[00m 0xfffd90000b70 [37mTRACE  [00m [00;34m          GST_TRACER :0::[00m element-latency, element-id=(string)0xaaaaf7a8dbc0, element=(string)nvjpegdec0, src=(string)src, time=(guint64)13282824, ts=(guint64)20412295539;
0:00:20.438175757 [32m178147[00m 0xfffd90000b70 [37mTRACE  [00m [00;34m          GST_TRACER :0::[00m element-latency, element-id=(string)0xaaaaf7a961f0, element=(string)nvvconv0, src=(string)src, time=(guint64)25821247, ts=(guint64)20438116786;
0:00:20.438255970 [32m178147[00m 0xfffd90000b70 [37mTRACE  [00m [00;34m          GST_TRACER :0::[00m element-latency, element-id=(string)0xaaaaf7b2ada0, element=(string)capsfilter1, src=(string)src, time=(guint64)122230, ts=(guint64)20438239016;
0:00:20.451765635 [32m178147[00m 0xfffd90000de0 [37mTRACE  [00m [00;34m          GST_TRACER :0::[00m element-latency, element-id=(string)0xaaaaf7b17c90, element=(string)nvv4l2h264enc0, src=(string)src, time=(guint64)13493583, ts=(guint64)20451732599;
0:00:20.451986764 [32m178147[00m 0xfffd90000de0 [37mTRACE  [00m [00;34m          GST_TRACER :0::[00m element-latency, element-id=(string)0xaaaaf7b1cb40, element=(string)h264parse0, src=(string)src, time=(guint64)235683, ts=(guint64)20451968282;
0:00:20.462196403 [32m178147[00m 0xfffd90000b70 [37mTRACE  [00m [00;34m          GST_TRACER :0::[00m element-latency, element-id=(string)0xaaaaf7b27740, element=(string)capsfilter0, src=(string)src, time=(guint64)32482, ts=(guint64)20462173422;
0:00:20.463008454 [32m178147[00m 0xfffd90000b70 [37mTRACE  [00m [00;34m          GST_TRACER :0::[00m element-latency, element-id=(string)0xaaaaf7959350, element=(string)jpegparse0, src=(string)src, time=(guint64)819347, ts=(guint64)20462992769;
0:00:20.476353833 [32m178147[00m 0xfffd90000b70 [37mTRACE  [00m [00;34m          GST_TRACER :0::[00m element-latency, element-id=(string)0xaaaaf7a8dbc0, element=(string)nvjpegdec0, src=(string)src, time=(guint64)13323611, ts=(guint64)20476316380;
0:00:20.500977588 [32m178147[00m 0xfffd90000b70 [37mTRACE  [00m [00;34m          GST_TRACER :0::[00m element-latency, element-id=(string)0xaaaaf7a961f0, element=(string)nvvconv0, src=(string)src, time=(guint64)24623273, ts=(guint64)20500939653;
0:00:20.501034800 [32m178147[00m 0xfffd90000b70 [37mTRACE  [00m [00;34m          GST_TRACER :0::[00m element-latency, element-id=(string)0xaaaaf7b2ada0, element=(string)capsfilter1, src=(string)src, time=(guint64)81332, ts=(guint64)20501020985;
0:00:20.514486984 [32m178147[00m 0xfffd90000de0 [37mTRACE  [00m [00;34m          GST_TRACER :0::[00m element-latency, element-id=(string)0xaaaaf7b17c90, element=(string)nvv4l2h264enc0, src=(string)src, time=(guint64)13434620, ts=(guint64)20514455605;
0:00:20.514711400 [32m178147[00m 0xfffd90000de0 [37mTRACE  [00m [00;34m          GST_TRACER :0::[00m element-latency, element-id=(string)0xaaaaf7b1cb40, element=(string)h264parse0, src=(string)src, time=(guint64)237304, ts=(guint64)20514692909;
0:00:20.526232152 [32m178147[00m 0xfffd90000b70 [37mTRACE  [00m [00;34m          GST_TRACER :0::[00m element-latency, element-id=(string)0xaaaaf7b27740, element=(string)capsfilter0, src=(string)src, time=(guint64)45824, ts=(guint64)20526206819;
0:00:20.527126304 [32m178147[00m 0xfffd90000b70 [37mTRACE  [00m [00;34m          GST_TRACER :0::[00m element-latency, element-id=(string)0xaaaaf7959350, element=(string)jpegparse0, src=(string)src, time=(guint64)903235, ts=(guint64)20527110054;
0:00:20.540912699 [32m178147[00m 0xfffd90000b70 [37mTRACE  [00m [00;34m          GST_TRACER :0::[00m element-latency, element-id=(string)0xaaaaf7a8dbc0, element=(string)nvjpegdec0, src=(string)src, time=(guint64)13761127, ts=(guint64)20540871181;
0:00:20.566191319 [32m178147[00m 0xfffd90000b70 [37mTRACE  [00m [00;34m          GST_TRACER :0::[00m element-latency, element-id=(string)0xaaaaf7a961f0, element=(string)nvvconv0, src=(string)src, time=(guint64)25270083, ts=(guint64)20566141264;
0:00:20.566257661 [32m178147[00m 0xfffd90000b70 [37mTRACE  [00m [00;34m          GST_TRACER :0::[00m element-latency, element-id=(string)0xaaaaf7b2ada0, element=(string)capsfilter1, src=(string)src, time=(guint64)101369, ts=(guint64)20566242633;
0:00:20.580393045 [32m178147[00m 0xfffd90000de0 [37mTRACE  [00m [00;34m          GST_TRACER :0::[00m element-latency, element-id=(string)0xaaaaf7b17c90, element=(string)nvv4l2h264enc0, src=(string)src, time=(guint64)14118792, ts=(guint64)20580361425;
0:00:20.580645117 [32m178147[00m 0xfffd90000de0 [37mTRACE  [00m [00;34m          GST_TRACER :0::[00m element-latency, element-id=(string)0xaaaaf7b1cb40, element=(string)h264parse0, src=(string)src, time=(guint64)266461, ts=(guint64)20580627886;
