[0.009s] Invoking command in '/home/eierobot/ROS/teleop_ws/src/teleop_robot_bridge/build/teleop_robot_bridge': CMAKE_PREFIX_PATH=${CMAKE_PREFIX_PATH}:/opt/ros/jazzy DEBUGINFOD_URLS=https://debuginfod.ubuntu.com /usr/bin/cmake --build /home/eierobot/ROS/teleop_ws/src/teleop_robot_bridge/build/teleop_robot_bridge -- -j14 -l14
[0.068s] -- Found ament_cmake: 2.5.6 (/opt/ros/jazzy/share/ament_cmake/cmake)
[0.181s] -- Found rosidl_default_generators: 1.6.0 (/opt/ros/jazzy/share/rosidl_default_generators/cmake)
[0.184s] -- Using all available rosidl_typesupport_c: rosidl_typesupport_fastrtps_c;rosidl_typesupport_introspection_c
[0.223s] -- Using all available rosidl_typesupport_cpp: rosidl_typesupport_fastrtps_cpp;rosidl_typesupport_introspection_cpp
[0.250s] -- Found rosidl_adapter: 4.6.7 (/opt/ros/jazzy/share/rosidl_adapter/cmake)
[0.251s] -- Found rclcpp: 28.1.18 (/opt/ros/jazzy/share/rclcpp/cmake)
[0.293s] -- Found rmw_implementation_cmake: 7.3.3 (/opt/ros/jazzy/share/rmw_implementation_cmake/cmake)
[0.294s] -- Found rmw_fastrtps_cpp: 8.4.3 (/opt/ros/jazzy/share/rmw_fastrtps_cpp/cmake)
[0.355s] -- Using RMW implementation 'rmw_fastrtps_cpp' as default
[0.399s] -- Found rclpy: 7.1.11 (/opt/ros/jazzy/share/rclpy/cmake)
[0.399s] -- Found std_msgs: 5.3.7 (/opt/ros/jazzy/share/std_msgs/cmake)
[0.407s] -- Found sensor_msgs: 5.3.7 (/opt/ros/jazzy/share/sensor_msgs/cmake)
[0.479s] -- Found CUDA Toolkit for video CUDA converter
[0.479s] -- Found GStreamer audio development packages
[0.521s] -- Found RE2 via pkg-config.
[0.522s] -- Found Jetson Multimedia API at /usr/src/jetson_multimedia_api
[0.523s] -- Using Jetson JPEG headers: /usr/src/jetson_multimedia_api/include/libjpeg-9f
[1.061s] -- Found ament_cmake_ros: 0.12.0 (/opt/ros/jazzy/share/ament_cmake_ros/cmake)
[1.332s] -- Using all available rosidl_typesupport_c: rosidl_typesupport_fastrtps_c;rosidl_typesupport_introspection_c
[1.668s] -- Using all available rosidl_typesupport_cpp: rosidl_typesupport_fastrtps_cpp;rosidl_typesupport_introspection_cpp
[1.670s] -- Found python_cmake_module: 0.11.1 (/opt/ros/jazzy/share/python_cmake_module/cmake)
[1.975s] -- Found Python3: /usr/bin/python3 (found version "3.12.3") found components: Interpreter Development NumPy Development.Module Development.Embed 
[2.161s] -- Found Python3: /usr/bin/python3 (found version "3.12.3") found components: Interpreter 
[2.169s] -- Found ament_lint_auto: 0.17.5 (/opt/ros/jazzy/share/ament_lint_auto/cmake)
[2.181s] -- Added test 'copyright' to check source files copyright and LICENSE
[2.300s] -- Added test 'cppcheck' to perform static code analysis on C / C++ code
[2.301s] -- Configured cppcheck include dirs: /home/eierobot/ROS/teleop_ws/src/teleop_robot_bridge/build/teleop_robot_bridge/generated;$<BUILD_INTERFACE:/home/eierobot/ROS/teleop_ws/src/teleop_robot_bridge/include>;$<BUILD_INTERFACE:/home/eierobot/ROS/teleop_ws/src/teleop_robot_bridge/build/teleop_robot_bridge/rosidl_generator_c>;$<BUILD_INTERFACE:/home/eierobot/ROS/teleop_ws/src/teleop_robot_bridge/build/teleop_robot_bridge/rosidl_typesupport_fastrtps_c>;$<BUILD_INTERFACE:/home/eierobot/ROS/teleop_ws/src/teleop_robot_bridge/build/teleop_robot_bridge/rosidl_typesupport_introspection_c>;$<BUILD_INTERFACE:/home/eierobot/ROS/teleop_ws/src/teleop_robot_bridge/build/teleop_robot_bridge/rosidl_generator_cpp>;$<BUILD_INTERFACE:/home/eierobot/ROS/teleop_ws/src/teleop_robot_bridge/build/teleop_robot_bridge/rosidl_typesupport_fastrtps_cpp>;$<BUILD_INTERFACE:/home/eierobot/ROS/teleop_ws/src/teleop_robot_bridge/build/teleop_robot_bridge/rosidl_typesupport_introspection_cpp>;/home/eierobot/ROS/teleop_ws/src/teleop_robot_bridge/build/teleop_robot_bridge/rosidl_generator_c;/home/eierobot/ROS/teleop_ws/src/teleop_robot_bridge/build/teleop_robot_bridge/rosidl_generator_py
[2.301s] -- Configured cppcheck exclude dirs and/or files: 
[2.398s] -- Added test 'cpplint' to check C / C++ code against the Google style
[2.398s] -- Configured cpplint exclude dirs and/or files: 
[2.410s] -- Added test 'flake8' to check Python code syntax and style conventions
[2.410s] -- Configured 'flake8' exclude dirs and/or files: 
[2.434s] -- Added test 'lint_cmake' to check CMake code style
[2.446s] -- Added test 'pep257' to check Python code against some of the docstring style conventions in PEP 257
[2.540s] -- Added test 'uncrustify' to check C / C++ code style
[2.540s] -- Configured uncrustify additional arguments: 
[2.551s] -- Added test 'xmllint' to check XML markup files
[2.553s] -- Configuring done (2.5s)
[2.714s] -- Generating done (0.1s)
[2.742s] -- Build files have been written to: /home/eierobot/ROS/teleop_ws/src/teleop_robot_bridge/build/teleop_robot_bridge
[2.798s] [  0%] Built target teleop_robot_bridge__rosidl_generator_type_description
[2.800s] [  0%] Built target teleop_robot_bridge__rs
[2.803s] [  1%] Built target video_v4l2_capturer
[2.810s] [  2%] Built target teleop_robot_bridge_grpc_proto
[2.812s] [  2%] Built target ament_cmake_python_copy_teleop_robot_bridge
[2.825s] [  2%] Built target teleop_robot_bridge__cpp
[2.829s] [  4%] Built target video_encoder
[2.830s] [  4%] Building CXX object CMakeFiles/video_converter.dir/src/video/video_converter.cpp.o
[2.892s] [ 29%] Built target teleop_robot_bridge__rosidl_generator_c
[2.950s] [ 37%] Built target teleop_robot_bridge__rosidl_typesupport_introspection_c
[2.954s] [ 46%] Built target teleop_robot_bridge__rosidl_typesupport_c
[2.970s] running egg_info
[2.982s] writing teleop_robot_bridge.egg-info/PKG-INFO
[2.982s] writing dependency_links to teleop_robot_bridge.egg-info/dependency_links.txt
[2.982s] writing top-level names to teleop_robot_bridge.egg-info/top_level.txt
[2.990s] [ 55%] Built target teleop_robot_bridge__rosidl_typesupport_introspection_cpp
[2.990s] [ 63%] Built target teleop_robot_bridge__rosidl_typesupport_cpp
[3.001s] [ 81%] Built target teleop_robot_bridge__rosidl_typesupport_fastrtps_cpp
[3.001s] [ 81%] Built target teleop_robot_bridge__rosidl_typesupport_fastrtps_c
[3.015s] reading manifest file 'teleop_robot_bridge.egg-info/SOURCES.txt'
[3.016s] writing manifest file 'teleop_robot_bridge.egg-info/SOURCES.txt'
[3.025s] [ 81%] Built target teleop_robot_bridge
[3.051s] [ 81%] Built target ament_cmake_python_build_teleop_robot_bridge_egg
[3.051s] [ 81%] Built target teleop_robot_bridge__py
[3.136s] [ 90%] Built target teleop_robot_bridge__rosidl_generator_py
[3.171s] [ 91%] Built target teleop_robot_bridge_s__rosidl_typesupport_c
[3.171s] [ 92%] Built target teleop_robot_bridge_s__rosidl_typesupport_introspection_c
[3.171s] [ 92%] Built target teleop_robot_bridge_s__rosidl_typesupport_fastrtps_c
[6.308s] [ 93%] Linking CXX shared library libvideo_converter.so
[6.462s] [ 95%] Built target video_converter
[6.489s] [ 95%] Building CXX object CMakeFiles/cuda_yuv422_converter_bench.dir/src/video/cuda_yuv422_converter_bench.cpp.o
[6.592s] [ 95%] Linking CXX executable teleop_robot_bridge
[7.250s] [ 95%] Linking CXX executable cuda_yuv422_converter_bench
[7.372s] [ 95%] Built target cuda_yuv422_converter_bench
[7.869s] [100%] Built target teleop_robot_bridge_node
[7.889s] Invoked command in '/home/eierobot/ROS/teleop_ws/src/teleop_robot_bridge/build/teleop_robot_bridge' returned '0': CMAKE_PREFIX_PATH=${CMAKE_PREFIX_PATH}:/opt/ros/jazzy DEBUGINFOD_URLS=https://debuginfod.ubuntu.com /usr/bin/cmake --build /home/eierobot/ROS/teleop_ws/src/teleop_robot_bridge/build/teleop_robot_bridge -- -j14 -l14
[7.903s] Invoking command in '/home/eierobot/ROS/teleop_ws/src/teleop_robot_bridge/build/teleop_robot_bridge': CMAKE_PREFIX_PATH=${CMAKE_PREFIX_PATH}:/opt/ros/jazzy DEBUGINFOD_URLS=https://debuginfod.ubuntu.com /usr/bin/cmake --install /home/eierobot/ROS/teleop_ws/src/teleop_robot_bridge/build/teleop_robot_bridge
[7.914s] -- Install configuration: "RelWithDebInfo"
[7.915s] -- Up-to-date: /home/eierobot/ROS/teleop_ws/src/teleop_robot_bridge/install/teleop_robot_bridge/share/ament_index/resource_index/rosidl_interfaces/teleop_robot_bridge
[7.916s] -- Up-to-date: /home/eierobot/ROS/teleop_ws/src/teleop_robot_bridge/install/teleop_robot_bridge/share/teleop_robot_bridge/msg/AgvBatteryState.json
[7.916s] -- Up-to-date: /home/eierobot/ROS/teleop_ws/src/teleop_robot_bridge/install/teleop_robot_bridge/share/teleop_robot_bridge/msg/AgvCmdVel.json
[7.917s] -- Up-to-date: /home/eierobot/ROS/teleop_ws/src/teleop_robot_bridge/install/teleop_robot_bridge/share/teleop_robot_bridge/msg/AgvDeviceState.json
[7.917s] -- Up-to-date: /home/eierobot/ROS/teleop_ws/src/teleop_robot_bridge/install/teleop_robot_bridge/share/teleop_robot_bridge/msg/AgvImu.json
[7.917s] -- Up-to-date: /home/eierobot/ROS/teleop_ws/src/teleop_robot_bridge/install/teleop_robot_bridge/share/teleop_robot_bridge/msg/AgvJointFeedback.json
[7.918s] -- Up-to-date: /home/eierobot/ROS/teleop_ws/src/teleop_robot_bridge/install/teleop_robot_bridge/share/teleop_robot_bridge/msg/AgvJointStatus.json
[7.918s] -- Up-to-date: /home/eierobot/ROS/teleop_ws/src/teleop_robot_bridge/install/teleop_robot_bridge/share/teleop_robot_bridge/msg/AgvMotionCtrl.json
[7.918s] -- Up-to-date: /home/eierobot/ROS/teleop_ws/src/teleop_robot_bridge/install/teleop_robot_bridge/share/teleop_robot_bridge/msg/AgvUltrasonic.json
[7.919s] -- Up-to-date: /home/eierobot/ROS/teleop_ws/src/teleop_robot_bridge/install/teleop_robot_bridge/share/teleop_robot_bridge/msg/AgvVda5050State.json
[7.920s] -- Up-to-date: /home/eierobot/ROS/teleop_ws/src/teleop_robot_bridge/install/teleop_robot_bridge/share/teleop_robot_bridge/msg/AgvVel.json
[7.920s] -- Up-to-date: /home/eierobot/ROS/teleop_ws/src/teleop_robot_bridge/install/teleop_robot_bridge/share/teleop_robot_bridge/msg/ArmJointCommand.json
[7.920s] -- Up-to-date: /home/eierobot/ROS/teleop_ws/src/teleop_robot_bridge/install/teleop_robot_bridge/share/teleop_robot_bridge/msg/ArmJointFeedback.json
[7.921s] -- Up-to-date: /home/eierobot/ROS/teleop_ws/src/teleop_robot_bridge/install/teleop_robot_bridge/share/teleop_robot_bridge/msg/ArmJointStatus.json
[7.921s] -- Up-to-date: /home/eierobot/ROS/teleop_ws/src/teleop_robot_bridge/install/teleop_robot_bridge/share/teleop_robot_bridge/msg/ArmMotionCtrl.json
[7.922s] -- Up-to-date: /home/eierobot/ROS/teleop_ws/src/teleop_robot_bridge/install/teleop_robot_bridge/share/teleop_robot_bridge/msg/EeTcpCommand.json
[7.922s] -- Up-to-date: /home/eierobot/ROS/teleop_ws/src/teleop_robot_bridge/install/teleop_robot_bridge/share/teleop_robot_bridge/msg/GripperDeviceState.json
[7.922s] -- Up-to-date: /home/eierobot/ROS/teleop_ws/src/teleop_robot_bridge/install/teleop_robot_bridge/share/teleop_robot_bridge/msg/GripperMove.json
[7.923s] -- Up-to-date: /home/eierobot/ROS/teleop_ws/src/teleop_robot_bridge/install/teleop_robot_bridge/share/teleop_robot_bridge/msg/GripperStatus.json
[7.924s] -- Up-to-date: /home/eierobot/ROS/teleop_ws/src/teleop_robot_bridge/install/teleop_robot_bridge/share/teleop_robot_bridge/msg/GripperTactile.json
[7.924s] -- Up-to-date: /home/eierobot/ROS/teleop_ws/src/teleop_robot_bridge/install/teleop_robot_bridge/share/teleop_robot_bridge/msg/HandTactile.json
[7.924s] -- Up-to-date: /home/eierobot/ROS/teleop_ws/src/teleop_robot_bridge/install/teleop_robot_bridge/share/teleop_robot_bridge/msg/HeadJointCommand.json
[7.925s] -- Up-to-date: /home/eierobot/ROS/teleop_ws/src/teleop_robot_bridge/install/teleop_robot_bridge/share/teleop_robot_bridge/msg/HeadJointFeedback.json
[7.925s] -- Up-to-date: /home/eierobot/ROS/teleop_ws/src/teleop_robot_bridge/install/teleop_robot_bridge/share/teleop_robot_bridge/msg/HeadJointStatus.json
[7.926s] -- Up-to-date: /home/eierobot/ROS/teleop_ws/src/teleop_robot_bridge/install/teleop_robot_bridge/share/teleop_robot_bridge/msg/HeadMotionCtrl.json
[7.926s] -- Up-to-date: /home/eierobot/ROS/teleop_ws/src/teleop_robot_bridge/install/teleop_robot_bridge/share/teleop_robot_bridge/msg/JointStatus.json
[7.926s] -- Up-to-date: /home/eierobot/ROS/teleop_ws/src/teleop_robot_bridge/install/teleop_robot_bridge/share/teleop_robot_bridge/msg/JoyState.json
[7.926s] -- Up-to-date: /home/eierobot/ROS/teleop_ws/src/teleop_robot_bridge/install/teleop_robot_bridge/share/teleop_robot_bridge/msg/SingleDeviceState.json
[7.927s] -- Up-to-date: /home/eierobot/ROS/teleop_ws/src/teleop_robot_bridge/install/teleop_robot_bridge/share/teleop_robot_bridge/msg/SingleGripperMove.json
[7.928s] -- Up-to-date: /home/eierobot/ROS/teleop_ws/src/teleop_robot_bridge/install/teleop_robot_bridge/share/teleop_robot_bridge/msg/SingleGripperStatus.json
[7.928s] -- Up-to-date: /home/eierobot/ROS/teleop_ws/src/teleop_robot_bridge/install/teleop_robot_bridge/share/teleop_robot_bridge/msg/Temperature.json
[7.928s] -- Up-to-date: /home/eierobot/ROS/teleop_ws/src/teleop_robot_bridge/install/teleop_robot_bridge/share/teleop_robot_bridge/msg/UpperBodyDeviceState.json
[7.928s] -- Up-to-date: /home/eierobot/ROS/teleop_ws/src/teleop_robot_bridge/install/teleop_robot_bridge/share/teleop_robot_bridge/msg/WaistJointCommand.json
[7.929s] -- Up-to-date: /home/eierobot/ROS/teleop_ws/src/teleop_robot_bridge/install/teleop_robot_bridge/share/teleop_robot_bridge/msg/WaistJointFeedback.json
[7.929s] -- Up-to-date: /home/eierobot/ROS/teleop_ws/src/teleop_robot_bridge/install/teleop_robot_bridge/share/teleop_robot_bridge/msg/WaistJointStatus.json
[7.929s] -- Up-to-date: /home/eierobot/ROS/teleop_ws/src/teleop_robot_bridge/install/teleop_robot_bridge/share/teleop_robot_bridge/msg/WaistMotionCtrl.json
[7.930s] -- Up-to-date: /home/eierobot/ROS/teleop_ws/src/teleop_robot_bridge/install/teleop_robot_bridge/share/teleop_robot_bridge/msg/WaistTcpCommand.json
[7.930s] -- Up-to-date: /home/eierobot/ROS/teleop_ws/src/teleop_robot_bridge/install/teleop_robot_bridge/include/teleop_robot_bridge/teleop_robot_bridge
[7.930s] -- Up-to-date: /home/eierobot/ROS/teleop_ws/src/teleop_robot_bridge/install/teleop_robot_bridge/include/teleop_robot_bridge/teleop_robot_bridge/msg
[7.930s] -- Up-to-date: /home/eierobot/ROS/teleop_ws/src/teleop_robot_bridge/install/teleop_robot_bridge/include/teleop_robot_bridge/teleop_robot_bridge/msg/agv_cmd_vel.h
[7.931s] -- Up-to-date: /home/eierobot/ROS/teleop_ws/src/teleop_robot_bridge/install/teleop_robot_bridge/include/teleop_robot_bridge/teleop_robot_bridge/msg/joy_state.h
[7.931s] -- Up-to-date: /home/eierobot/ROS/teleop_ws/src/teleop_robot_bridge/install/teleop_robot_bridge/include/teleop_robot_bridge/teleop_robot_bridge/msg/arm_joint_status.h
[7.931s] -- Up-to-date: /home/eierobot/ROS/teleop_ws/src/teleop_robot_bridge/install/teleop_robot_bridge/include/teleop_robot_bridge/teleop_robot_bridge/msg/head_joint_status.h
[7.931s] -- Up-to-date: /home/eierobot/ROS/teleop_ws/src/teleop_robot_bridge/install/teleop_robot_bridge/include/teleop_robot_bridge/teleop_robot_bridge/msg/gripper_status.h
[7.931s] -- Up-to-date: /home/eierobot/ROS/teleop_ws/src/teleop_robot_bridge/install/teleop_robot_bridge/include/teleop_robot_bridge/teleop_robot_bridge/msg/head_joint_feedback.h
[7.932s] -- Up-to-date: /home/eierobot/ROS/teleop_ws/src/teleop_robot_bridge/install/teleop_robot_bridge/include/teleop_robot_bridge/teleop_robot_bridge/msg/single_gripper_status.h
[7.932s] -- Up-to-date: /home/eierobot/ROS/teleop_ws/src/teleop_robot_bridge/install/teleop_robot_bridge/include/teleop_robot_bridge/teleop_robot_bridge/msg/temperature.h
[7.933s] -- Up-to-date: /home/eierobot/ROS/teleop_ws/src/teleop_robot_bridge/install/teleop_robot_bridge/include/teleop_robot_bridge/teleop_robot_bridge/msg/waist_joint_feedback.h
[7.934s] -- Up-to-date: /home/eierobot/ROS/teleop_ws/src/teleop_robot_bridge/install/teleop_robot_bridge/include/teleop_robot_bridge/teleop_robot_bridge/msg/single_gripper_move.h
[7.935s] -- Up-to-date: /home/eierobot/ROS/teleop_ws/src/teleop_robot_bridge/install/teleop_robot_bridge/include/teleop_robot_bridge/teleop_robot_bridge/msg/arm_motion_ctrl.h
[7.935s] -- Up-to-date: /home/eierobot/ROS/teleop_ws/src/teleop_robot_bridge/install/teleop_robot_bridge/include/teleop_robot_bridge/teleop_robot_bridge/msg/agv_device_state.h
[7.936s] -- Up-to-date: /home/eierobot/ROS/teleop_ws/src/teleop_robot_bridge/install/teleop_robot_bridge/include/teleop_robot_bridge/teleop_robot_bridge/msg/gripper_move.h
[7.936s] -- Up-to-date: /home/eierobot/ROS/teleop_ws/src/teleop_robot_bridge/install/teleop_robot_bridge/include/teleop_robot_bridge/teleop_robot_bridge/msg/arm_joint_command.h
[7.936s] -- Up-to-date: /home/eierobot/ROS/teleop_ws/src/teleop_robot_bridge/install/teleop_robot_bridge/include/teleop_robot_bridge/teleop_robot_bridge/msg/agv_imu.h
[7.936s] -- Up-to-date: /home/eierobot/ROS/teleop_ws/src/teleop_robot_bridge/install/teleop_robot_bridge/include/teleop_robot_bridge/teleop_robot_bridge/msg/ee_tcp_command.h
[7.938s] -- Up-to-date: /home/eierobot/ROS/teleop_ws/src/teleop_robot_bridge/install/teleop_robot_bridge/include/teleop_robot_bridge/teleop_robot_bridge/msg/agv_motion_ctrl.h
[7.938s] -- Up-to-date: /home/eierobot/ROS/teleop_ws/src/teleop_robot_bridge/install/teleop_robot_bridge/include/teleop_robot_bridge/teleop_robot_bridge/msg/joint_status.h
[7.938s] -- Up-to-date: /home/eierobot/ROS/teleop_ws/src/teleop_robot_bridge/install/teleop_robot_bridge/include/teleop_robot_bridge/teleop_robot_bridge/msg/agv_vda5050_state.h
[7.938s] -- Up-to-date: /home/eierobot/ROS/teleop_ws/src/teleop_robot_bridge/install/teleop_robot_bridge/include/teleop_robot_bridge/teleop_robot_bridge/msg/gripper_device_state.h
[7.939s] -- Up-to-date: /home/eierobot/ROS/teleop_ws/src/teleop_robot_bridge/install/teleop_robot_bridge/include/teleop_robot_bridge/teleop_robot_bridge/msg/arm_joint_feedback.h
[7.939s] -- Up-to-date: /home/eierobot/ROS/teleop_ws/src/teleop_robot_bridge/install/teleop_robot_bridge/include/teleop_robot_bridge/teleop_robot_bridge/msg/agv_battery_state.h
[7.939s] -- Up-to-date: /home/eierobot/ROS/teleop_ws/src/teleop_robot_bridge/install/teleop_robot_bridge/include/teleop_robot_bridge/teleop_robot_bridge/msg/waist_joint_status.h
[7.939s] -- Up-to-date: /home/eierobot/ROS/teleop_ws/src/teleop_robot_bridge/install/teleop_robot_bridge/include/teleop_robot_bridge/teleop_robot_bridge/msg/agv_vel.h
[7.940s] -- Up-to-date: /home/eierobot/ROS/teleop_ws/src/teleop_robot_bridge/install/teleop_robot_bridge/include/teleop_robot_bridge/teleop_robot_bridge/msg/rosidl_generator_c__visibility_control.h
[7.941s] -- Up-to-date: /home/eierobot/ROS/teleop_ws/src/teleop_robot_bridge/install/teleop_robot_bridge/include/teleop_robot_bridge/teleop_robot_bridge/msg/single_device_state.h
[7.941s] -- Up-to-date: /home/eierobot/ROS/teleop_ws/src/teleop_robot_bridge/install/teleop_robot_bridge/include/teleop_robot_bridge/teleop_robot_bridge/msg/head_motion_ctrl.h
[7.941s] -- Up-to-date: /home/eierobot/ROS/teleop_ws/src/teleop_robot_bridge/install/teleop_robot_bridge/include/teleop_robot_bridge/teleop_robot_bridge/msg/gripper_tactile.h
[7.941s] -- Up-to-date: /home/eierobot/ROS/teleop_ws/src/teleop_robot_bridge/install/teleop_robot_bridge/include/teleop_robot_bridge/teleop_robot_bridge/msg/waist_joint_command.h
[7.941s] -- Up-to-date: /home/eierobot/ROS/teleop_ws/src/teleop_robot_bridge/install/teleop_robot_bridge/include/teleop_robot_bridge/teleop_robot_bridge/msg/hand_tactile.h
[7.941s] -- Up-to-date: /home/eierobot/ROS/teleop_ws/src/teleop_robot_bridge/install/teleop_robot_bridge/include/teleop_robot_bridge/teleop_robot_bridge/msg/agv_ultrasonic.h
[7.942s] -- Up-to-date: /home/eierobot/ROS/teleop_ws/src/teleop_robot_bridge/install/teleop_robot_bridge/include/teleop_robot_bridge/teleop_robot_bridge/msg/waist_motion_ctrl.h
[7.942s] -- Up-to-date: /home/eierobot/ROS/teleop_ws/src/teleop_robot_bridge/install/teleop_robot_bridge/include/teleop_robot_bridge/teleop_robot_bridge/msg/upper_body_device_state.h
[7.942s] -- Up-to-date: /home/eierobot/ROS/teleop_ws/src/teleop_robot_bridge/install/teleop_robot_bridge/include/teleop_robot_bridge/teleop_robot_bridge/msg/detail
[7.942s] -- Up-to-date: /home/eierobot/ROS/teleop_ws/src/teleop_robot_bridge/install/teleop_robot_bridge/include/teleop_robot_bridge/teleop_robot_bridge/msg/detail/agv_joint_feedback__type_support.h
[7.942s] -- Up-to-date: /home/eierobot/ROS/teleop_ws/src/teleop_robot_bridge/install/teleop_robot_bridge/include/teleop_robot_bridge/teleop_robot_bridge/msg/detail/agv_cmd_vel__struct.h
[7.942s] -- Up-to-date: /home/eierobot/ROS/teleop_ws/src/teleop_robot_bridge/install/teleop_robot_bridge/include/teleop_robot_bridge/teleop_robot_bridge/msg/detail/arm_joint_command__description.c
[7.942s] -- Up-to-date: /home/eierobot/ROS/teleop_ws/src/teleop_robot_bridge/install/teleop_robot_bridge/include/teleop_robot_bridge/teleop_robot_bridge/msg/detail/head_joint_command__functions.h
[7.942s] -- Up-to-date: /home/eierobot/ROS/teleop_ws/src/teleop_robot_bridge/install/teleop_robot_bridge/include/teleop_robot_bridge/teleop_robot_bridge/msg/detail/head_joint_status__functions.h
[7.943s] -- Up-to-date: /home/eierobot/ROS/teleop_ws/src/teleop_robot_bridge/install/teleop_robot_bridge/include/teleop_robot_bridge/teleop_robot_bridge/msg/detail/arm_joint_feedback__functions.c
[7.943s] -- Installing: /home/eierobot/ROS/teleop_ws/src/teleop_robot_bridge/install/teleop_robot_bridge/include/teleop_robot_bridge/teleop_robot_bridge/msg/detail/agv_battery_state__type_support.c
[7.943s] -- Up-to-date: /home/eierobot/ROS/teleop_ws/src/teleop_robot_bridge/install/teleop_robot_bridge/include/teleop_robot_bridge/teleop_robot_bridge/msg/detail/ee_tcp_command__type_support.h
[7.943s] -- Up-to-date: /home/eierobot/ROS/teleop_ws/src/teleop_robot_bridge/install/teleop_robot_bridge/include/teleop_robot_bridge/teleop_robot_bridge/msg/detail/waist_tcp_command__struct.h
[7.943s] -- Installing: /home/eierobot/ROS/teleop_ws/src/teleop_robot_bridge/install/teleop_robot_bridge/include/teleop_robot_bridge/teleop_robot_bridge/msg/detail/hand_tactile__type_support.c
[7.943s] -- Up-to-date: /home/eierobot/ROS/teleop_ws/src/teleop_robot_bridge/install/teleop_robot_bridge/include/teleop_robot_bridge/teleop_robot_bridge/msg/detail/single_device_state__functions.c
[7.943s] -- Up-to-date: /home/eierobot/ROS/teleop_ws/src/teleop_robot_bridge/install/teleop_robot_bridge/include/teleop_robot_bridge/teleop_robot_bridge/msg/detail/agv_battery_state__description.c
[7.943s] -- Up-to-date: /home/eierobot/ROS/teleop_ws/src/teleop_robot_bridge/install/teleop_robot_bridge/include/teleop_robot_bridge/teleop_robot_bridge/msg/detail/agv_imu__description.c
[7.943s] -- Installing: /home/eierobot/ROS/teleop_ws/src/teleop_robot_bridge/install/teleop_robot_bridge/include/teleop_robot_bridge/teleop_robot_bridge/msg/detail/waist_tcp_command__type_support.c
[7.944s] -- Up-to-date: /home/eierobot/ROS/teleop_ws/src/teleop_robot_bridge/install/teleop_robot_bridge/include/teleop_robot_bridge/teleop_robot_bridge/msg/detail/single_device_state__type_support.h
[7.944s] -- Installing: /home/eierobot/ROS/teleop_ws/src/teleop_robot_bridge/install/teleop_robot_bridge/include/teleop_robot_bridge/teleop_robot_bridge/msg/detail/waist_joint_command__type_support.c
[7.944s] -- Up-to-date: /home/eierobot/ROS/teleop_ws/src/teleop_robot_bridge/install/teleop_robot_bridge/include/teleop_robot_bridge/teleop_robot_bridge/msg/detail/head_motion_ctrl__functions.h
[7.944s] -- Installing: /home/eierobot/ROS/teleop_ws/src/teleop_robot_bridge/install/teleop_robot_bridge/include/teleop_robot_bridge/teleop_robot_bridge/msg/detail/agv_joint_status__type_support.c
[7.944s] -- Up-to-date: /home/eierobot/ROS/teleop_ws/src/teleop_robot_bridge/install/teleop_robot_bridge/include/teleop_robot_bridge/teleop_robot_bridge/msg/detail/gripper_device_state__functions.h
[7.944s] -- Up-to-date: /home/eierobot/ROS/teleop_ws/src/teleop_robot_bridge/install/teleop_robot_bridge/include/teleop_robot_bridge/teleop_robot_bridge/msg/detail/joy_state__functions.h
[7.944s] -- Up-to-date: /home/eierobot/ROS/teleop_ws/src/teleop_robot_bridge/install/teleop_robot_bridge/include/teleop_robot_bridge/teleop_robot_bridge/msg/detail/ee_tcp_command__functions.c
[7.944s] -- Up-to-date: /home/eierobot/ROS/teleop_ws/src/teleop_robot_bridge/install/teleop_robot_bridge/include/teleop_robot_bridge/teleop_robot_bridge/msg/detail/head_joint_feedback__type_support.h
[7.945s] -- Up-to-date: /home/eierobot/ROS/teleop_ws/src/teleop_robot_bridge/install/teleop_robot_bridge/include/teleop_robot_bridge/teleop_robot_bridge/msg/detail/agv_joint_status__struct.h
[7.945s] -- Up-to-date: /home/eierobot/ROS/teleop_ws/src/teleop_robot_bridge/install/teleop_robot_bridge/include/teleop_robot_bridge/teleop_robot_bridge/msg/detail/gripper_move__struct.h
[7.945s] -- Up-to-date: /home/eierobot/ROS/teleop_ws/src/teleop_robot_bridge/install/teleop_robot_bridge/include/teleop_robot_bridge/teleop_robot_bridge/msg/detail/waist_joint_command__description.c
[7.945s] -- Up-to-date: /home/eierobot/ROS/teleop_ws/src/teleop_robot_bridge/install/teleop_robot_bridge/include/teleop_robot_bridge/teleop_robot_bridge/msg/detail/gripper_tactile__struct.h
[7.945s] -- Installing: /home/eierobot/ROS/teleop_ws/src/teleop_robot_bridge/install/teleop_robot_bridge/include/teleop_robot_bridge/teleop_robot_bridge/msg/detail/arm_motion_ctrl__type_support.c
[7.945s] -- Up-to-date: /home/eierobot/ROS/teleop_ws/src/teleop_robot_bridge/install/teleop_robot_bridge/include/teleop_robot_bridge/teleop_robot_bridge/msg/detail/temperature__type_support.h
[7.945s] -- Up-to-date: /home/eierobot/ROS/teleop_ws/src/teleop_robot_bridge/install/teleop_robot_bridge/include/teleop_robot_bridge/teleop_robot_bridge/msg/detail/agv_motion_ctrl__functions.c
[7.945s] -- Installing: /home/eierobot/ROS/teleop_ws/src/teleop_robot_bridge/install/teleop_robot_bridge/include/teleop_robot_bridge/teleop_robot_bridge/msg/detail/agv_cmd_vel__type_support.c
[7.946s] -- Up-to-date: /home/eierobot/ROS/teleop_ws/src/teleop_robot_bridge/install/teleop_robot_bridge/include/teleop_robot_bridge/teleop_robot_bridge/msg/detail/waist_joint_status__functions.h
[7.946s] -- Up-to-date: /home/eierobot/ROS/teleop_ws/src/teleop_robot_bridge/install/teleop_robot_bridge/include/teleop_robot_bridge/teleop_robot_bridge/msg/detail/arm_joint_feedback__type_support.h
[7.946s] -- Installing: /home/eierobot/ROS/teleop_ws/src/teleop_robot_bridge/install/teleop_robot_bridge/include/teleop_robot_bridge/teleop_robot_bridge/msg/detail/agv_vda5050_state__type_support.c
[7.946s] -- Up-to-date: /home/eierobot/ROS/teleop_ws/src/teleop_robot_bridge/install/teleop_robot_bridge/include/teleop_robot_bridge/teleop_robot_bridge/msg/detail/arm_joint_command__struct.h
[7.946s] -- Up-to-date: /home/eierobot/ROS/teleop_ws/src/teleop_robot_bridge/install/teleop_robot_bridge/include/teleop_robot_bridge/teleop_robot_bridge/msg/detail/joy_state__description.c
[7.946s] -- Up-to-date: /home/eierobot/ROS/teleop_ws/src/teleop_robot_bridge/install/teleop_robot_bridge/include/teleop_robot_bridge/teleop_robot_bridge/msg/detail/agv_vel__struct.h
[7.946s] -- Up-to-date: /home/eierobot/ROS/teleop_ws/src/teleop_robot_bridge/install/teleop_robot_bridge/include/teleop_robot_bridge/teleop_robot_bridge/msg/detail/upper_body_device_state__functions.c
[7.946s] -- Up-to-date: /home/eierobot/ROS/teleop_ws/src/teleop_robot_bridge/install/teleop_robot_bridge/include/teleop_robot_bridge/teleop_robot_bridge/msg/detail/gripper_tactile__functions.h
[7.947s] -- Up-to-date: /home/eierobot/ROS/teleop_ws/src/teleop_robot_bridge/install/teleop_robot_bridge/include/teleop_robot_bridge/teleop_robot_bridge/msg/detail/agv_joint_feedback__struct.h
[7.947s] -- Up-to-date: /home/eierobot/ROS/teleop_ws/src/teleop_robot_bridge/install/teleop_robot_bridge/include/teleop_robot_bridge/teleop_robot_bridge/msg/detail/head_joint_feedback__struct.h
[7.947s] -- Up-to-date: /home/eierobot/ROS/teleop_ws/src/teleop_robot_bridge/install/teleop_robot_bridge/include/teleop_robot_bridge/teleop_robot_bridge/msg/detail/ee_tcp_command__functions.h
[7.947s] -- Up-to-date: /home/eierobot/ROS/teleop_ws/src/teleop_robot_bridge/install/teleop_robot_bridge/include/teleop_robot_bridge/teleop_robot_bridge/msg/detail/joint_status__functions.c
[7.947s] -- Up-to-date: /home/eierobot/ROS/teleop_ws/src/teleop_robot_bridge/install/teleop_robot_bridge/include/teleop_robot_bridge/teleop_robot_bridge/msg/detail/waist_joint_command__type_support.h
[7.947s] -- Up-to-date: /home/eierobot/ROS/teleop_ws/src/teleop_robot_bridge/install/teleop_robot_bridge/include/teleop_robot_bridge/teleop_robot_bridge/msg/detail/head_joint_status__description.c
[7.947s] -- Up-to-date: /home/eierobot/ROS/teleop_ws/src/teleop_robot_bridge/install/teleop_robot_bridge/include/teleop_robot_bridge/teleop_robot_bridge/msg/detail/agv_cmd_vel__description.c
[7.947s] -- Up-to-date: /home/eierobot/ROS/teleop_ws/src/teleop_robot_bridge/install/teleop_robot_bridge/include/teleop_robot_bridge/teleop_robot_bridge/msg/detail/agv_ultrasonic__type_support.h
[7.948s] -- Up-to-date: /home/eierobot/ROS/teleop_ws/src/teleop_robot_bridge/install/teleop_robot_bridge/include/teleop_robot_bridge/teleop_robot_bridge/msg/detail/agv_vel__description.c
[7.948s] -- Up-to-date: /home/eierobot/ROS/teleop_ws/src/teleop_robot_bridge/install/teleop_robot_bridge/include/teleop_robot_bridge/teleop_robot_bridge/msg/detail/waist_joint_command__functions.c
[7.948s] -- Up-to-date: /home/eierobot/ROS/teleop_ws/src/teleop_robot_bridge/install/teleop_robot_bridge/include/teleop_robot_bridge/teleop_robot_bridge/msg/detail/agv_imu__functions.c
[7.948s] -- Installing: /home/eierobot/ROS/teleop_ws/src/teleop_robot_bridge/install/teleop_robot_bridge/include/teleop_robot_bridge/teleop_robot_bridge/msg/detail/head_joint_status__type_support.c
[7.948s] -- Up-to-date: /home/eierobot/ROS/teleop_ws/src/teleop_robot_bridge/install/teleop_robot_bridge/include/teleop_robot_bridge/teleop_robot_bridge/msg/detail/agv_device_state__struct.h
[7.948s] -- Installing: /home/eierobot/ROS/teleop_ws/src/teleop_robot_bridge/install/teleop_robot_bridge/include/teleop_robot_bridge/teleop_robot_bridge/msg/detail/head_motion_ctrl__type_support.c
[7.948s] -- Up-to-date: /home/eierobot/ROS/teleop_ws/src/teleop_robot_bridge/install/teleop_robot_bridge/include/teleop_robot_bridge/teleop_robot_bridge/msg/detail/agv_device_state__functions.h
[7.948s] -- Up-to-date: /home/eierobot/ROS/teleop_ws/src/teleop_robot_bridge/install/teleop_robot_bridge/include/teleop_robot_bridge/teleop_robot_bridge/msg/detail/arm_joint_status__type_support.h
[7.949s] -- Up-to-date: /home/eierobot/ROS/teleop_ws/src/teleop_robot_bridge/install/teleop_robot_bridge/include/teleop_robot_bridge/teleop_robot_bridge/msg/detail/gripper_move__functions.c
[7.949s] -- Up-to-date: /home/eierobot/ROS/teleop_ws/src/teleop_robot_bridge/install/teleop_robot_bridge/include/teleop_robot_bridge/teleop_robot_bridge/msg/detail/head_joint_status__struct.h
[7.949s] -- Up-to-date: /home/eierobot/ROS/teleop_ws/src/teleop_robot_bridge/install/teleop_robot_bridge/include/teleop_robot_bridge/teleop_robot_bridge/msg/detail/agv_vda5050_state__description.c
[7.949s] -- Up-to-date: /home/eierobot/ROS/teleop_ws/src/teleop_robot_bridge/install/teleop_robot_bridge/include/teleop_robot_bridge/teleop_robot_bridge/msg/detail/temperature__functions.h
[7.949s] -- Up-to-date: /home/eierobot/ROS/teleop_ws/src/teleop_robot_bridge/install/teleop_robot_bridge/include/teleop_robot_bridge/teleop_robot_bridge/msg/detail/ee_tcp_command__description.c
[7.949s] -- Up-to-date: /home/eierobot/ROS/teleop_ws/src/teleop_robot_bridge/install/teleop_robot_bridge/include/teleop_robot_bridge/teleop_robot_bridge/msg/detail/waist_motion_ctrl__description.c
[7.949s] -- Up-to-date: /home/eierobot/ROS/teleop_ws/src/teleop_robot_bridge/install/teleop_robot_bridge/include/teleop_robot_bridge/teleop_robot_bridge/msg/detail/upper_body_device_state__functions.h
[7.949s] -- Up-to-date: /home/eierobot/ROS/teleop_ws/src/teleop_robot_bridge/install/teleop_robot_bridge/include/teleop_robot_bridge/teleop_robot_bridge/msg/detail/temperature__struct.h
[7.950s] -- Up-to-date: /home/eierobot/ROS/teleop_ws/src/teleop_robot_bridge/install/teleop_robot_bridge/include/teleop_robot_bridge/teleop_robot_bridge/msg/detail/joint_status__type_support.h
[7.950s] -- Up-to-date: /home/eierobot/ROS/teleop_ws/src/teleop_robot_bridge/install/teleop_robot_bridge/include/teleop_robot_bridge/teleop_robot_bridge/msg/detail/temperature__functions.c
[7.950s] -- Up-to-date: /home/eierobot/ROS/teleop_ws/src/teleop_robot_bridge/install/teleop_robot_bridge/include/teleop_robot_bridge/teleop_robot_bridge/msg/detail/gripper_move__description.c
[7.950s] -- Up-to-date: /home/eierobot/ROS/teleop_ws/src/teleop_robot_bridge/install/teleop_robot_bridge/include/teleop_robot_bridge/teleop_robot_bridge/msg/detail/waist_joint_feedback__functions.c
[7.950s] -- Up-to-date: /home/eierobot/ROS/teleop_ws/src/teleop_robot_bridge/install/teleop_robot_bridge/include/teleop_robot_bridge/teleop_robot_bridge/msg/detail/joy_state__type_support.h
[7.950s] -- Up-to-date: /home/eierobot/ROS/teleop_ws/src/teleop_robot_bridge/install/teleop_robot_bridge/include/teleop_robot_bridge/teleop_robot_bridge/msg/detail/agv_ultrasonic__functions.h
[7.950s] -- Up-to-date: /home/eierobot/ROS/teleop_ws/src/teleop_robot_bridge/install/teleop_robot_bridge/include/teleop_robot_bridge/teleop_robot_bridge/msg/detail/single_gripper_move__functions.h
[7.950s] -- Installing: /home/eierobot/ROS/teleop_ws/src/teleop_robot_bridge/install/teleop_robot_bridge/include/teleop_robot_bridge/teleop_robot_bridge/msg/detail/agv_motion_ctrl__type_support.c
[7.951s] -- Up-to-date: /home/eierobot/ROS/teleop_ws/src/teleop_robot_bridge/install/teleop_robot_bridge/include/teleop_robot_bridge/teleop_robot_bridge/msg/detail/agv_vda5050_state__struct.h
[7.951s] -- Up-to-date: /home/eierobot/ROS/teleop_ws/src/teleop_robot_bridge/install/teleop_robot_bridge/include/teleop_robot_bridge/teleop_robot_bridge/msg/detail/agv_joint_feedback__functions.h
[7.951s] -- Up-to-date: /home/eierobot/ROS/teleop_ws/src/teleop_robot_bridge/install/teleop_robot_bridge/include/teleop_robot_bridge/teleop_robot_bridge/msg/detail/gripper_move__functions.h
[7.951s] -- Up-to-date: /home/eierobot/ROS/teleop_ws/src/teleop_robot_bridge/install/teleop_robot_bridge/include/teleop_robot_bridge/teleop_robot_bridge/msg/detail/agv_vda5050_state__type_support.h
[7.951s] -- Installing: /home/eierobot/ROS/teleop_ws/src/teleop_robot_bridge/install/teleop_robot_bridge/include/teleop_robot_bridge/teleop_robot_bridge/msg/detail/gripper_status__type_support.c
[7.951s] -- Up-to-date: /home/eierobot/ROS/teleop_ws/src/teleop_robot_bridge/install/teleop_robot_bridge/include/teleop_robot_bridge/teleop_robot_bridge/msg/detail/agv_joint_status__functions.c
[7.951s] -- Up-to-date: /home/eierobot/ROS/teleop_ws/src/teleop_robot_bridge/install/teleop_robot_bridge/include/teleop_robot_bridge/teleop_robot_bridge/msg/detail/gripper_status__functions.h
[7.951s] -- Up-to-date: /home/eierobot/ROS/teleop_ws/src/teleop_robot_bridge/install/teleop_robot_bridge/include/teleop_robot_bridge/teleop_robot_bridge/msg/detail/gripper_device_state__struct.h
[7.951s] -- Up-to-date: /home/eierobot/ROS/teleop_ws/src/teleop_robot_bridge/install/teleop_robot_bridge/include/teleop_robot_bridge/teleop_robot_bridge/msg/detail/waist_tcp_command__functions.c
[7.952s] -- Up-to-date: /home/eierobot/ROS/teleop_ws/src/teleop_robot_bridge/install/teleop_robot_bridge/include/teleop_robot_bridge/teleop_robot_bridge/msg/detail/gripper_device_state__functions.c
[7.952s] -- Up-to-date: /home/eierobot/ROS/teleop_ws/src/teleop_robot_bridge/install/teleop_robot_bridge/include/teleop_robot_bridge/teleop_robot_bridge/msg/detail/agv_joint_status__description.c
[7.952s] -- Up-to-date: /home/eierobot/ROS/teleop_ws/src/teleop_robot_bridge/install/teleop_robot_bridge/include/teleop_robot_bridge/teleop_robot_bridge/msg/detail/waist_tcp_command__type_support.h
[7.952s] -- Up-to-date: /home/eierobot/ROS/teleop_ws/src/teleop_robot_bridge/install/teleop_robot_bridge/include/teleop_robot_bridge/teleop_robot_bridge/msg/detail/single_gripper_status__type_support.h
[7.952s] -- Up-to-date: /home/eierobot/ROS/teleop_ws/src/teleop_robot_bridge/install/teleop_robot_bridge/include/teleop_robot_bridge/teleop_robot_bridge/msg/detail/agv_vel__functions.c
[7.952s] -- Up-to-date: /home/eierobot/ROS/teleop_ws/src/teleop_robot_bridge/install/teleop_robot_bridge/include/teleop_robot_bridge/teleop_robot_bridge/msg/detail/agv_ultrasonic__description.c
[7.952s] -- Up-to-date: /home/eierobot/ROS/teleop_ws/src/teleop_robot_bridge/install/teleop_robot_bridge/include/teleop_robot_bridge/teleop_robot_bridge/msg/detail/hand_tactile__functions.c
[7.952s] -- Up-to-date: /home/eierobot/ROS/teleop_ws/src/teleop_robot_bridge/install/teleop_robot_bridge/include/teleop_robot_bridge/teleop_robot_bridge/msg/detail/upper_body_device_state__struct.h
[7.953s] -- Up-to-date: /home/eierobot/ROS/teleop_ws/src/teleop_robot_bridge/install/teleop_robot_bridge/include/teleop_robot_bridge/teleop_robot_bridge/msg/detail/waist_joint_status__struct.h
[7.953s] -- Up-to-date: /home/eierobot/ROS/teleop_ws/src/teleop_robot_bridge/install/teleop_robot_bridge/include/teleop_robot_bridge/teleop_robot_bridge/msg/detail/waist_motion_ctrl__functions.h
[7.953s] -- Up-to-date: /home/eierobot/ROS/teleop_ws/src/teleop_robot_bridge/install/teleop_robot_bridge/include/teleop_robot_bridge/teleop_robot_bridge/msg/detail/single_gripper_move__struct.h
[7.953s] -- Up-to-date: /home/eierobot/ROS/teleop_ws/src/teleop_robot_bridge/install/teleop_robot_bridge/include/teleop_robot_bridge/teleop_robot_bridge/msg/detail/arm_joint_command__type_support.h
[7.953s] -- Installing: /home/eierobot/ROS/teleop_ws/src/teleop_robot_bridge/install/teleop_robot_bridge/include/teleop_robot_bridge/teleop_robot_bridge/msg/detail/temperature__type_support.c
[7.953s] -- Up-to-date: /home/eierobot/ROS/teleop_ws/src/teleop_robot_bridge/install/teleop_robot_bridge/include/teleop_robot_bridge/teleop_robot_bridge/msg/detail/gripper_tactile__description.c
[7.953s] -- Installing: /home/eierobot/ROS/teleop_ws/src/teleop_robot_bridge/install/teleop_robot_bridge/include/teleop_robot_bridge/teleop_robot_bridge/msg/detail/single_gripper_status__type_support.c
[7.953s] -- Installing: /home/eierobot/ROS/teleop_ws/src/teleop_robot_bridge/install/teleop_robot_bridge/include/teleop_robot_bridge/teleop_robot_bridge/msg/detail/joy_state__type_support.c
[7.954s] -- Up-to-date: /home/eierobot/ROS/teleop_ws/src/teleop_robot_bridge/install/teleop_robot_bridge/include/teleop_robot_bridge/teleop_robot_bridge/msg/detail/arm_motion_ctrl__description.c
[7.954s] -- Installing: /home/eierobot/ROS/teleop_ws/src/teleop_robot_bridge/install/teleop_robot_bridge/include/teleop_robot_bridge/teleop_robot_bridge/msg/detail/arm_joint_status__type_support.c
[7.954s] -- Installing: /home/eierobot/ROS/teleop_ws/src/teleop_robot_bridge/install/teleop_robot_bridge/include/teleop_robot_bridge/teleop_robot_bridge/msg/detail/gripper_move__type_support.c
[7.954s] -- Up-to-date: /home/eierobot/ROS/teleop_ws/src/teleop_robot_bridge/install/teleop_robot_bridge/include/teleop_robot_bridge/teleop_robot_bridge/msg/detail/waist_joint_feedback__functions.h
[7.954s] -- Up-to-date: /home/eierobot/ROS/teleop_ws/src/teleop_robot_bridge/install/teleop_robot_bridge/include/teleop_robot_bridge/teleop_robot_bridge/msg/detail/gripper_status__functions.c
[7.954s] -- Up-to-date: /home/eierobot/ROS/teleop_ws/src/teleop_robot_bridge/install/teleop_robot_bridge/include/teleop_robot_bridge/teleop_robot_bridge/msg/detail/agv_imu__type_support.h
[7.954s] -- Up-to-date: /home/eierobot/ROS/teleop_ws/src/teleop_robot_bridge/install/teleop_robot_bridge/include/teleop_robot_bridge/teleop_robot_bridge/msg/detail/agv_joint_status__functions.h
[7.954s] -- Up-to-date: /home/eierobot/ROS/teleop_ws/src/teleop_robot_bridge/install/teleop_robot_bridge/include/teleop_robot_bridge/teleop_robot_bridge/msg/detail/head_motion_ctrl__functions.c
[7.954s] -- Up-to-date: /home/eierobot/ROS/teleop_ws/src/teleop_robot_bridge/install/teleop_robot_bridge/include/teleop_robot_bridge/teleop_robot_bridge/msg/detail/waist_tcp_command__description.c
[7.955s] -- Up-to-date: /home/eierobot/ROS/teleop_ws/src/teleop_robot_bridge/install/teleop_robot_bridge/include/teleop_robot_bridge/teleop_robot_bridge/msg/detail/gripper_move__type_support.h
[7.955s] -- Up-to-date: /home/eierobot/ROS/teleop_ws/src/teleop_robot_bridge/install/teleop_robot_bridge/include/teleop_robot_bridge/teleop_robot_bridge/msg/detail/waist_joint_feedback__description.c
[7.955s] -- Up-to-date: /home/eierobot/ROS/teleop_ws/src/teleop_robot_bridge/install/teleop_robot_bridge/include/teleop_robot_bridge/teleop_robot_bridge/msg/detail/joint_status__struct.h
[7.955s] -- Up-to-date: /home/eierobot/ROS/teleop_ws/src/teleop_robot_bridge/install/teleop_robot_bridge/include/teleop_robot_bridge/teleop_robot_bridge/msg/detail/head_joint_command__description.c
[7.955s] -- Up-to-date: /home/eierobot/ROS/teleop_ws/src/teleop_robot_bridge/install/teleop_robot_bridge/include/teleop_robot_bridge/teleop_robot_bridge/msg/detail/agv_motion_ctrl__type_support.h
[7.955s] -- Up-to-date: /home/eierobot/ROS/teleop_ws/src/teleop_robot_bridge/install/teleop_robot_bridge/include/teleop_robot_bridge/teleop_robot_bridge/msg/detail/agv_motion_ctrl__functions.h
[7.955s] -- Installing: /home/eierobot/ROS/teleop_ws/src/teleop_robot_bridge/install/teleop_robot_bridge/include/teleop_robot_bridge/teleop_robot_bridge/msg/detail/ee_tcp_command__type_support.c
[7.955s] -- Up-to-date: /home/eierobot/ROS/teleop_ws/src/teleop_robot_bridge/install/teleop_robot_bridge/include/teleop_robot_bridge/teleop_robot_bridge/msg/detail/arm_joint_command__functions.c
[7.956s] -- Up-to-date: /home/eierobot/ROS/teleop_ws/src/teleop_robot_bridge/install/teleop_robot_bridge/include/teleop_robot_bridge/teleop_robot_bridge/msg/detail/agv_cmd_vel__functions.h
[7.956s] -- Installing: /home/eierobot/ROS/teleop_ws/src/teleop_robot_bridge/install/teleop_robot_bridge/include/teleop_robot_bridge/teleop_robot_bridge/msg/detail/agv_device_state__type_support.c
[7.956s] -- Up-to-date: /home/eierobot/ROS/teleop_ws/src/teleop_robot_bridge/install/teleop_robot_bridge/include/teleop_robot_bridge/teleop_robot_bridge/msg/detail/agv_ultrasonic__functions.c
[7.956s] -- Installing: /home/eierobot/ROS/teleop_ws/src/teleop_robot_bridge/install/teleop_robot_bridge/include/teleop_robot_bridge/teleop_robot_bridge/msg/detail/arm_joint_feedback__type_support.c
[7.956s] -- Up-to-date: /home/eierobot/ROS/teleop_ws/src/teleop_robot_bridge/install/teleop_robot_bridge/include/teleop_robot_bridge/teleop_robot_bridge/msg/detail/agv_motion_ctrl__description.c
[7.956s] -- Up-to-date: /home/eierobot/ROS/teleop_ws/src/teleop_robot_bridge/install/teleop_robot_bridge/include/teleop_robot_bridge/teleop_robot_bridge/msg/detail/arm_joint_status__functions.h
[7.956s] -- Up-to-date: /home/eierobot/ROS/teleop_ws/src/teleop_robot_bridge/install/teleop_robot_bridge/include/teleop_robot_bridge/teleop_robot_bridge/msg/detail/single_gripper_move__description.c
[7.956s] -- Up-to-date: /home/eierobot/ROS/teleop_ws/src/teleop_robot_bridge/install/teleop_robot_bridge/include/teleop_robot_bridge/teleop_robot_bridge/msg/detail/hand_tactile__functions.h
[7.956s] -- Up-to-date: /home/eierobot/ROS/teleop_ws/src/teleop_robot_bridge/install/teleop_robot_bridge/include/teleop_robot_bridge/teleop_robot_bridge/msg/detail/agv_imu__struct.h
[7.957s] -- Up-to-date: /home/eierobot/ROS/teleop_ws/src/teleop_robot_bridge/install/teleop_robot_bridge/include/teleop_robot_bridge/teleop_robot_bridge/msg/detail/agv_device_state__type_support.h
[7.957s] -- Up-to-date: /home/eierobot/ROS/teleop_ws/src/teleop_robot_bridge/install/teleop_robot_bridge/include/teleop_robot_bridge/teleop_robot_bridge/msg/detail/head_motion_ctrl__type_support.h
[7.957s] -- Up-to-date: /home/eierobot/ROS/teleop_ws/src/teleop_robot_bridge/install/teleop_robot_bridge/include/teleop_robot_bridge/teleop_robot_bridge/msg/detail/agv_device_state__description.c
[7.957s] -- Up-to-date: /home/eierobot/ROS/teleop_ws/src/teleop_robot_bridge/install/teleop_robot_bridge/include/teleop_robot_bridge/teleop_robot_bridge/msg/detail/waist_joint_status__functions.c
[7.957s] -- Up-to-date: /home/eierobot/ROS/teleop_ws/src/teleop_robot_bridge/install/teleop_robot_bridge/include/teleop_robot_bridge/teleop_robot_bridge/msg/detail/arm_joint_feedback__description.c
[7.957s] -- Up-to-date: /home/eierobot/ROS/teleop_ws/src/teleop_robot_bridge/install/teleop_robot_bridge/include/teleop_robot_bridge/teleop_robot_bridge/msg/detail/agv_joint_status__type_support.h
[7.957s] -- Up-to-date: /home/eierobot/ROS/teleop_ws/src/teleop_robot_bridge/install/teleop_robot_bridge/include/teleop_robot_bridge/teleop_robot_bridge/msg/detail/agv_joint_feedback__description.c
[7.958s] -- Up-to-date: /home/eierobot/ROS/teleop_ws/src/teleop_robot_bridge/install/teleop_robot_bridge/include/teleop_robot_bridge/teleop_robot_bridge/msg/detail/agv_motion_ctrl__struct.h
[7.958s] -- Up-to-date: /home/eierobot/ROS/teleop_ws/src/teleop_robot_bridge/install/teleop_robot_bridge/include/teleop_robot_bridge/teleop_robot_bridge/msg/detail/agv_device_state__functions.c
[7.958s] -- Up-to-date: /home/eierobot/ROS/teleop_ws/src/teleop_robot_bridge/install/teleop_robot_bridge/include/teleop_robot_bridge/teleop_robot_bridge/msg/detail/ee_tcp_command__struct.h
[7.958s] -- Installing: /home/eierobot/ROS/teleop_ws/src/teleop_robot_bridge/install/teleop_robot_bridge/include/teleop_robot_bridge/teleop_robot_bridge/msg/detail/agv_imu__type_support.c
[7.958s] -- Up-to-date: /home/eierobot/ROS/teleop_ws/src/teleop_robot_bridge/install/teleop_robot_bridge/include/teleop_robot_bridge/teleop_robot_bridge/msg/detail/head_joint_command__struct.h
[7.958s] -- Up-to-date: /home/eierobot/ROS/teleop_ws/src/teleop_robot_bridge/install/teleop_robot_bridge/include/teleop_robot_bridge/teleop_robot_bridge/msg/detail/gripper_status__type_support.h
[7.958s] -- Up-to-date: /home/eierobot/ROS/teleop_ws/src/teleop_robot_bridge/install/teleop_robot_bridge/include/teleop_robot_bridge/teleop_robot_bridge/msg/detail/arm_joint_feedback__struct.h
[7.958s] -- Up-to-date: /home/eierobot/ROS/teleop_ws/src/teleop_robot_bridge/install/teleop_robot_bridge/include/teleop_robot_bridge/teleop_robot_bridge/msg/detail/single_gripper_move__functions.c
[7.959s] -- Up-to-date: /home/eierobot/ROS/teleop_ws/src/teleop_robot_bridge/install/teleop_robot_bridge/include/teleop_robot_bridge/teleop_robot_bridge/msg/detail/hand_tactile__struct.h
[7.959s] -- Up-to-date: /home/eierobot/ROS/teleop_ws/src/teleop_robot_bridge/install/teleop_robot_bridge/include/teleop_robot_bridge/teleop_robot_bridge/msg/detail/joy_state__functions.c
[7.959s] -- Installing: /home/eierobot/ROS/teleop_ws/src/teleop_robot_bridge/install/teleop_robot_bridge/include/teleop_robot_bridge/teleop_robot_bridge/msg/detail/single_gripper_move__type_support.c
[7.959s] -- Up-to-date: /home/eierobot/ROS/teleop_ws/src/teleop_robot_bridge/install/teleop_robot_bridge/include/teleop_robot_bridge/teleop_robot_bridge/msg/detail/agv_vel__type_support.h
[7.959s] -- Up-to-date: /home/eierobot/ROS/teleop_ws/src/teleop_robot_bridge/install/teleop_robot_bridge/include/teleop_robot_bridge/teleop_robot_bridge/msg/detail/waist_joint_command__struct.h
[7.959s] -- Up-to-date: /home/eierobot/ROS/teleop_ws/src/teleop_robot_bridge/install/teleop_robot_bridge/include/teleop_robot_bridge/teleop_robot_bridge/msg/detail/waist_motion_ctrl__functions.c
[7.959s] -- Installing: /home/eierobot/ROS/teleop_ws/src/teleop_robot_bridge/install/teleop_robot_bridge/include/teleop_robot_bridge/teleop_robot_bridge/msg/detail/upper_body_device_state__type_support.c
[7.959s] -- Up-to-date: /home/eierobot/ROS/teleop_ws/src/teleop_robot_bridge/install/teleop_robot_bridge/include/teleop_robot_bridge/teleop_robot_bridge/msg/detail/head_motion_ctrl__description.c
[7.960s] -- Up-to-date: /home/eierobot/ROS/teleop_ws/src/teleop_robot_bridge/install/teleop_robot_bridge/include/teleop_robot_bridge/teleop_robot_bridge/msg/detail/temperature__description.c
[7.960s] -- Up-to-date: /home/eierobot/ROS/teleop_ws/src/teleop_robot_bridge/install/teleop_robot_bridge/include/teleop_robot_bridge/teleop_robot_bridge/msg/detail/single_device_state__struct.h
[7.960s] -- Up-to-date: /home/eierobot/ROS/teleop_ws/src/teleop_robot_bridge/install/teleop_robot_bridge/include/teleop_robot_bridge/teleop_robot_bridge/msg/detail/upper_body_device_state__type_support.h
[7.960s] -- Up-to-date: /home/eierobot/ROS/teleop_ws/src/teleop_robot_bridge/install/teleop_robot_bridge/include/teleop_robot_bridge/teleop_robot_bridge/msg/detail/single_device_state__functions.h
[7.960s] -- Up-to-date: /home/eierobot/ROS/teleop_ws/src/teleop_robot_bridge/install/teleop_robot_bridge/include/teleop_robot_bridge/teleop_robot_bridge/msg/detail/arm_joint_feedback__functions.h
[7.960s] -- Up-to-date: /home/eierobot/ROS/teleop_ws/src/teleop_robot_bridge/install/teleop_robot_bridge/include/teleop_robot_bridge/teleop_robot_bridge/msg/detail/arm_motion_ctrl__functions.c
[7.960s] -- Up-to-date: /home/eierobot/ROS/teleop_ws/src/teleop_robot_bridge/install/teleop_robot_bridge/include/teleop_robot_bridge/teleop_robot_bridge/msg/detail/head_joint_feedback__functions.c
[7.960s] -- Installing: /home/eierobot/ROS/teleop_ws/src/teleop_robot_bridge/install/teleop_robot_bridge/include/teleop_robot_bridge/teleop_robot_bridge/msg/detail/joint_status__type_support.c
[7.961s] -- Up-to-date: /home/eierobot/ROS/teleop_ws/src/teleop_robot_bridge/install/teleop_robot_bridge/include/teleop_robot_bridge/teleop_robot_bridge/msg/detail/waist_joint_feedback__struct.h
[7.961s] -- Installing: /home/eierobot/ROS/teleop_ws/src/teleop_robot_bridge/install/teleop_robot_bridge/include/teleop_robot_bridge/teleop_robot_bridge/msg/detail/gripper_tactile__type_support.c
[7.961s] -- Up-to-date: /home/eierobot/ROS/teleop_ws/src/teleop_robot_bridge/install/teleop_robot_bridge/include/teleop_robot_bridge/teleop_robot_bridge/msg/detail/arm_motion_ctrl__struct.h
[7.961s] -- Up-to-date: /home/eierobot/ROS/teleop_ws/src/teleop_robot_bridge/install/teleop_robot_bridge/include/teleop_robot_bridge/teleop_robot_bridge/msg/detail/gripper_status__struct.h
[7.961s] -- Up-to-date: /home/eierobot/ROS/teleop_ws/src/teleop_robot_bridge/install/teleop_robot_bridge/include/teleop_robot_bridge/teleop_robot_bridge/msg/detail/agv_cmd_vel__functions.c
[7.961s] -- Up-to-date: /home/eierobot/ROS/teleop_ws/src/teleop_robot_bridge/install/teleop_robot_bridge/include/teleop_robot_bridge/teleop_robot_bridge/msg/detail/agv_battery_state__functions.h
[7.961s] -- Up-to-date: /home/eierobot/ROS/teleop_ws/src/teleop_robot_bridge/install/teleop_robot_bridge/include/teleop_robot_bridge/teleop_robot_bridge/msg/detail/agv_battery_state__type_support.h
[7.961s] -- Up-to-date: /home/eierobot/ROS/teleop_ws/src/teleop_robot_bridge/install/teleop_robot_bridge/include/teleop_robot_bridge/teleop_robot_bridge/msg/detail/head_joint_status__functions.c
[7.962s] -- Up-to-date: /home/eierobot/ROS/teleop_ws/src/teleop_robot_bridge/install/teleop_robot_bridge/include/teleop_robot_bridge/teleop_robot_bridge/msg/detail/agv_cmd_vel__type_support.h
[7.962s] -- Installing: /home/eierobot/ROS/teleop_ws/src/teleop_robot_bridge/install/teleop_robot_bridge/include/teleop_robot_bridge/teleop_robot_bridge/msg/detail/single_device_state__type_support.c
[7.962s] -- Up-to-date: /home/eierobot/ROS/teleop_ws/src/teleop_robot_bridge/install/teleop_robot_bridge/include/teleop_robot_bridge/teleop_robot_bridge/msg/detail/single_device_state__description.c
[7.962s] -- Up-to-date: /home/eierobot/ROS/teleop_ws/src/teleop_robot_bridge/install/teleop_robot_bridge/include/teleop_robot_bridge/teleop_robot_bridge/msg/detail/gripper_device_state__description.c
[7.962s] -- Up-to-date: /home/eierobot/ROS/teleop_ws/src/teleop_robot_bridge/install/teleop_robot_bridge/include/teleop_robot_bridge/teleop_robot_bridge/msg/detail/gripper_status__description.c
[7.962s] -- Up-to-date: /home/eierobot/ROS/teleop_ws/src/teleop_robot_bridge/install/teleop_robot_bridge/include/teleop_robot_bridge/teleop_robot_bridge/msg/detail/upper_body_device_state__description.c
[7.962s] -- Installing: /home/eierobot/ROS/teleop_ws/src/teleop_robot_bridge/install/teleop_robot_bridge/include/teleop_robot_bridge/teleop_robot_bridge/msg/detail/gripper_device_state__type_support.c
[7.962s] -- Installing: /home/eierobot/ROS/teleop_ws/src/teleop_robot_bridge/install/teleop_robot_bridge/include/teleop_robot_bridge/teleop_robot_bridge/msg/detail/agv_vel__type_support.c
[7.962s] -- Up-to-date: /home/eierobot/ROS/teleop_ws/src/teleop_robot_bridge/install/teleop_robot_bridge/include/teleop_robot_bridge/teleop_robot_bridge/msg/detail/agv_vel__functions.h
[7.963s] -- Installing: /home/eierobot/ROS/teleop_ws/src/teleop_robot_bridge/install/teleop_robot_bridge/include/teleop_robot_bridge/teleop_robot_bridge/msg/detail/arm_joint_command__type_support.c
[7.963s] -- Up-to-date: /home/eierobot/ROS/teleop_ws/src/teleop_robot_bridge/install/teleop_robot_bridge/include/teleop_robot_bridge/teleop_robot_bridge/msg/detail/agv_battery_state__functions.c
[7.963s] -- Up-to-date: /home/eierobot/ROS/teleop_ws/src/teleop_robot_bridge/install/teleop_robot_bridge/include/teleop_robot_bridge/teleop_robot_bridge/msg/detail/head_joint_command__type_support.h
[7.963s] -- Up-to-date: /home/eierobot/ROS/teleop_ws/src/teleop_robot_bridge/install/teleop_robot_bridge/include/teleop_robot_bridge/teleop_robot_bridge/msg/detail/single_gripper_status__description.c
[7.963s] -- Up-to-date: /home/eierobot/ROS/teleop_ws/src/teleop_robot_bridge/install/teleop_robot_bridge/include/teleop_robot_bridge/teleop_robot_bridge/msg/detail/agv_ultrasonic__struct.h
[7.963s] -- Up-to-date: /home/eierobot/ROS/teleop_ws/src/teleop_robot_bridge/install/teleop_robot_bridge/include/teleop_robot_bridge/teleop_robot_bridge/msg/detail/gripper_device_state__type_support.h
[7.963s] -- Up-to-date: /home/eierobot/ROS/teleop_ws/src/teleop_robot_bridge/install/teleop_robot_bridge/include/teleop_robot_bridge/teleop_robot_bridge/msg/detail/agv_vda5050_state__functions.c
[7.963s] -- Installing: /home/eierobot/ROS/teleop_ws/src/teleop_robot_bridge/install/teleop_robot_bridge/include/teleop_robot_bridge/teleop_robot_bridge/msg/detail/agv_ultrasonic__type_support.c
[7.964s] -- Installing: /home/eierobot/ROS/teleop_ws/src/teleop_robot_bridge/install/teleop_robot_bridge/include/teleop_robot_bridge/teleop_robot_bridge/msg/detail/head_joint_feedback__type_support.c
[7.964s] -- Up-to-date: /home/eierobot/ROS/teleop_ws/src/teleop_robot_bridge/install/teleop_robot_bridge/include/teleop_robot_bridge/teleop_robot_bridge/msg/detail/head_joint_command__functions.c
[7.964s] -- Up-to-date: /home/eierobot/ROS/teleop_ws/src/teleop_robot_bridge/install/teleop_robot_bridge/include/teleop_robot_bridge/teleop_robot_bridge/msg/detail/agv_joint_feedback__functions.c
[7.964s] -- Installing: /home/eierobot/ROS/teleop_ws/src/teleop_robot_bridge/install/teleop_robot_bridge/include/teleop_robot_bridge/teleop_robot_bridge/msg/detail/waist_joint_status__type_support.c
[7.964s] -- Up-to-date: /home/eierobot/ROS/teleop_ws/src/teleop_robot_bridge/install/teleop_robot_bridge/include/teleop_robot_bridge/teleop_robot_bridge/msg/detail/waist_joint_status__description.c
[7.964s] -- Installing: /home/eierobot/ROS/teleop_ws/src/teleop_robot_bridge/install/teleop_robot_bridge/include/teleop_robot_bridge/teleop_robot_bridge/msg/detail/waist_joint_feedback__type_support.c
[7.964s] -- Up-to-date: /home/eierobot/ROS/teleop_ws/src/teleop_robot_bridge/install/teleop_robot_bridge/include/teleop_robot_bridge/teleop_robot_bridge/msg/detail/joint_status__functions.h
[7.964s] -- Up-to-date: /home/eierobot/ROS/teleop_ws/src/teleop_robot_bridge/install/teleop_robot_bridge/include/teleop_robot_bridge/teleop_robot_bridge/msg/detail/single_gripper_move__type_support.h
[7.964s] -- Up-to-date: /home/eierobot/ROS/teleop_ws/src/teleop_robot_bridge/install/teleop_robot_bridge/include/teleop_robot_bridge/teleop_robot_bridge/msg/detail/single_gripper_status__functions.h
[7.965s] -- Up-to-date: /home/eierobot/ROS/teleop_ws/src/teleop_robot_bridge/install/teleop_robot_bridge/include/teleop_robot_bridge/teleop_robot_bridge/msg/detail/head_joint_status__type_support.h
[7.965s] -- Up-to-date: /home/eierobot/ROS/teleop_ws/src/teleop_robot_bridge/install/teleop_robot_bridge/include/teleop_robot_bridge/teleop_robot_bridge/msg/detail/joy_state__struct.h
[7.965s] -- Up-to-date: /home/eierobot/ROS/teleop_ws/src/teleop_robot_bridge/install/teleop_robot_bridge/include/teleop_robot_bridge/teleop_robot_bridge/msg/detail/waist_tcp_command__functions.h
[7.965s] -- Up-to-date: /home/eierobot/ROS/teleop_ws/src/teleop_robot_bridge/install/teleop_robot_bridge/include/teleop_robot_bridge/teleop_robot_bridge/msg/detail/agv_vda5050_state__functions.h
[7.965s] -- Up-to-date: /home/eierobot/ROS/teleop_ws/src/teleop_robot_bridge/install/teleop_robot_bridge/include/teleop_robot_bridge/teleop_robot_bridge/msg/detail/arm_motion_ctrl__type_support.h
[7.965s] -- Up-to-date: /home/eierobot/ROS/teleop_ws/src/teleop_robot_bridge/install/teleop_robot_bridge/include/teleop_robot_bridge/teleop_robot_bridge/msg/detail/waist_joint_status__type_support.h
[7.965s] -- Installing: /home/eierobot/ROS/teleop_ws/src/teleop_robot_bridge/install/teleop_robot_bridge/include/teleop_robot_bridge/teleop_robot_bridge/msg/detail/head_joint_command__type_support.c
[7.966s] -- Up-to-date: /home/eierobot/ROS/teleop_ws/src/teleop_robot_bridge/install/teleop_robot_bridge/include/teleop_robot_bridge/teleop_robot_bridge/msg/detail/arm_joint_command__functions.h
[7.966s] -- Up-to-date: /home/eierobot/ROS/teleop_ws/src/teleop_robot_bridge/install/teleop_robot_bridge/include/teleop_robot_bridge/teleop_robot_bridge/msg/detail/hand_tactile__description.c
[7.966s] -- Up-to-date: /home/eierobot/ROS/teleop_ws/src/teleop_robot_bridge/install/teleop_robot_bridge/include/teleop_robot_bridge/teleop_robot_bridge/msg/detail/waist_joint_command__functions.h
[7.966s] -- Installing: /home/eierobot/ROS/teleop_ws/src/teleop_robot_bridge/install/teleop_robot_bridge/include/teleop_robot_bridge/teleop_robot_bridge/msg/detail/agv_joint_feedback__type_support.c
[7.966s] -- Up-to-date: /home/eierobot/ROS/teleop_ws/src/teleop_robot_bridge/install/teleop_robot_bridge/include/teleop_robot_bridge/teleop_robot_bridge/msg/detail/waist_joint_feedback__type_support.h
[7.966s] -- Up-to-date: /home/eierobot/ROS/teleop_ws/src/teleop_robot_bridge/install/teleop_robot_bridge/include/teleop_robot_bridge/teleop_robot_bridge/msg/detail/arm_joint_status__struct.h
[7.966s] -- Up-to-date: /home/eierobot/ROS/teleop_ws/src/teleop_robot_bridge/install/teleop_robot_bridge/include/teleop_robot_bridge/teleop_robot_bridge/msg/detail/agv_battery_state__struct.h
[7.966s] -- Up-to-date: /home/eierobot/ROS/teleop_ws/src/teleop_robot_bridge/install/teleop_robot_bridge/include/teleop_robot_bridge/teleop_robot_bridge/msg/detail/single_gripper_status__functions.c
[7.966s] -- Up-to-date: /home/eierobot/ROS/teleop_ws/src/teleop_robot_bridge/install/teleop_robot_bridge/include/teleop_robot_bridge/teleop_robot_bridge/msg/detail/waist_motion_ctrl__struct.h
[7.967s] -- Up-to-date: /home/eierobot/ROS/teleop_ws/src/teleop_robot_bridge/install/teleop_robot_bridge/include/teleop_robot_bridge/teleop_robot_bridge/msg/detail/head_joint_feedback__description.c
[7.967s] -- Up-to-date: /home/eierobot/ROS/teleop_ws/src/teleop_robot_bridge/install/teleop_robot_bridge/include/teleop_robot_bridge/teleop_robot_bridge/msg/detail/agv_imu__functions.h
[7.967s] -- Up-to-date: /home/eierobot/ROS/teleop_ws/src/teleop_robot_bridge/install/teleop_robot_bridge/include/teleop_robot_bridge/teleop_robot_bridge/msg/detail/head_joint_feedback__functions.h
[7.967s] -- Installing: /home/eierobot/ROS/teleop_ws/src/teleop_robot_bridge/install/teleop_robot_bridge/include/teleop_robot_bridge/teleop_robot_bridge/msg/detail/waist_motion_ctrl__type_support.c
[7.967s] -- Up-to-date: /home/eierobot/ROS/teleop_ws/src/teleop_robot_bridge/install/teleop_robot_bridge/include/teleop_robot_bridge/teleop_robot_bridge/msg/detail/waist_motion_ctrl__type_support.h
[7.967s] -- Up-to-date: /home/eierobot/ROS/teleop_ws/src/teleop_robot_bridge/install/teleop_robot_bridge/include/teleop_robot_bridge/teleop_robot_bridge/msg/detail/arm_joint_status__functions.c
[7.967s] -- Up-to-date: /home/eierobot/ROS/teleop_ws/src/teleop_robot_bridge/install/teleop_robot_bridge/include/teleop_robot_bridge/teleop_robot_bridge/msg/detail/hand_tactile__type_support.h
[7.967s] -- Up-to-date: /home/eierobot/ROS/teleop_ws/src/teleop_robot_bridge/install/teleop_robot_bridge/include/teleop_robot_bridge/teleop_robot_bridge/msg/detail/arm_motion_ctrl__functions.h
[7.968s] -- Up-to-date: /home/eierobot/ROS/teleop_ws/src/teleop_robot_bridge/install/teleop_robot_bridge/include/teleop_robot_bridge/teleop_robot_bridge/msg/detail/arm_joint_status__description.c
[7.968s] -- Up-to-date: /home/eierobot/ROS/teleop_ws/src/teleop_robot_bridge/install/teleop_robot_bridge/include/teleop_robot_bridge/teleop_robot_bridge/msg/detail/gripper_tactile__type_support.h
[7.968s] -- Up-to-date: /home/eierobot/ROS/teleop_ws/src/teleop_robot_bridge/install/teleop_robot_bridge/include/teleop_robot_bridge/teleop_robot_bridge/msg/detail/gripper_tactile__functions.c
[7.968s] -- Up-to-date: /home/eierobot/ROS/teleop_ws/src/teleop_robot_bridge/install/teleop_robot_bridge/include/teleop_robot_bridge/teleop_robot_bridge/msg/detail/single_gripper_status__struct.h
[7.968s] -- Up-to-date: /home/eierobot/ROS/teleop_ws/src/teleop_robot_bridge/install/teleop_robot_bridge/include/teleop_robot_bridge/teleop_robot_bridge/msg/detail/joint_status__description.c
[7.968s] -- Up-to-date: /home/eierobot/ROS/teleop_ws/src/teleop_robot_bridge/install/teleop_robot_bridge/include/teleop_robot_bridge/teleop_robot_bridge/msg/detail/head_motion_ctrl__struct.h
[7.968s] -- Up-to-date: /home/eierobot/ROS/teleop_ws/src/teleop_robot_bridge/install/teleop_robot_bridge/include/teleop_robot_bridge/teleop_robot_bridge/msg/waist_tcp_command.h
[7.968s] -- Up-to-date: /home/eierobot/ROS/teleop_ws/src/teleop_robot_bridge/install/teleop_robot_bridge/include/teleop_robot_bridge/teleop_robot_bridge/msg/head_joint_command.h
[7.969s] -- Up-to-date: /home/eierobot/ROS/teleop_ws/src/teleop_robot_bridge/install/teleop_robot_bridge/include/teleop_robot_bridge/teleop_robot_bridge/msg/agv_joint_status.h
[7.969s] -- Up-to-date: /home/eierobot/ROS/teleop_ws/src/teleop_robot_bridge/install/teleop_robot_bridge/include/teleop_robot_bridge/teleop_robot_bridge/msg/agv_joint_feedback.h
[7.969s] -- Up-to-date: /home/eierobot/ROS/teleop_ws/src/teleop_robot_bridge/install/teleop_robot_bridge/share/teleop_robot_bridge/environment/library_path.sh
[7.969s] -- Up-to-date: /home/eierobot/ROS/teleop_ws/src/teleop_robot_bridge/install/teleop_robot_bridge/share/teleop_robot_bridge/environment/library_path.dsv
[7.969s] -- Up-to-date: /home/eierobot/ROS/teleop_ws/src/teleop_robot_bridge/install/teleop_robot_bridge/lib/libteleop_robot_bridge__rosidl_generator_c.so
[7.969s] -- Up-to-date: /home/eierobot/ROS/teleop_ws/src/teleop_robot_bridge/install/teleop_robot_bridge/include/teleop_robot_bridge/teleop_robot_bridge
[7.969s] -- Up-to-date: /home/eierobot/ROS/teleop_ws/src/teleop_robot_bridge/install/teleop_robot_bridge/include/teleop_robot_bridge/teleop_robot_bridge/msg
[7.969s] -- Up-to-date: /home/eierobot/ROS/teleop_ws/src/teleop_robot_bridge/install/teleop_robot_bridge/include/teleop_robot_bridge/teleop_robot_bridge/msg/rosidl_typesupport_fastrtps_c__visibility_control.h
[7.969s] -- Up-to-date: /home/eierobot/ROS/teleop_ws/src/teleop_robot_bridge/install/teleop_robot_bridge/include/teleop_robot_bridge/teleop_robot_bridge/msg/detail
[7.970s] -- Up-to-date: /home/eierobot/ROS/teleop_ws/src/teleop_robot_bridge/install/teleop_robot_bridge/include/teleop_robot_bridge/teleop_robot_bridge/msg/detail/single_gripper_move__rosidl_typesupport_fastrtps_c.h
[7.970s] -- Up-to-date: /home/eierobot/ROS/teleop_ws/src/teleop_robot_bridge/install/teleop_robot_bridge/include/teleop_robot_bridge/teleop_robot_bridge/msg/detail/arm_joint_status__rosidl_typesupport_fastrtps_c.h
[7.970s] -- Up-to-date: /home/eierobot/ROS/teleop_ws/src/teleop_robot_bridge/install/teleop_robot_bridge/include/teleop_robot_bridge/teleop_robot_bridge/msg/detail/agv_joint_status__rosidl_typesupport_fastrtps_c.h
[7.970s] -- Up-to-date: /home/eierobot/ROS/teleop_ws/src/teleop_robot_bridge/install/teleop_robot_bridge/include/teleop_robot_bridge/teleop_robot_bridge/msg/detail/gripper_move__rosidl_typesupport_fastrtps_c.h
[7.970s] -- Up-to-date: /home/eierobot/ROS/teleop_ws/src/teleop_robot_bridge/install/teleop_robot_bridge/include/teleop_robot_bridge/teleop_robot_bridge/msg/detail/joint_status__rosidl_typesupport_fastrtps_c.h
[7.970s] -- Up-to-date: /home/eierobot/ROS/teleop_ws/src/teleop_robot_bridge/install/teleop_robot_bridge/include/teleop_robot_bridge/teleop_robot_bridge/msg/detail/arm_joint_command__rosidl_typesupport_fastrtps_c.h
[7.970s] -- Up-to-date: /home/eierobot/ROS/teleop_ws/src/teleop_robot_bridge/install/teleop_robot_bridge/include/teleop_robot_bridge/teleop_robot_bridge/msg/detail/arm_joint_feedback__rosidl_typesupport_fastrtps_c.h
[7.970s] -- Up-to-date: /home/eierobot/ROS/teleop_ws/src/teleop_robot_bridge/install/teleop_robot_bridge/include/teleop_robot_bridge/teleop_robot_bridge/msg/detail/gripper_status__rosidl_typesupport_fastrtps_c.h
[7.971s] -- Up-to-date: /home/eierobot/ROS/teleop_ws/src/teleop_robot_bridge/install/teleop_robot_bridge/include/teleop_robot_bridge/teleop_robot_bridge/msg/detail/agv_motion_ctrl__rosidl_typesupport_fastrtps_c.h
[7.971s] -- Up-to-date: /home/eierobot/ROS/teleop_ws/src/teleop_robot_bridge/install/teleop_robot_bridge/include/teleop_robot_bridge/teleop_robot_bridge/msg/detail/joy_state__rosidl_typesupport_fastrtps_c.h
[7.971s] -- Up-to-date: /home/eierobot/ROS/teleop_ws/src/teleop_robot_bridge/install/teleop_robot_bridge/include/teleop_robot_bridge/teleop_robot_bridge/msg/detail/arm_motion_ctrl__rosidl_typesupport_fastrtps_c.h
[7.971s] -- Up-to-date: /home/eierobot/ROS/teleop_ws/src/teleop_robot_bridge/install/teleop_robot_bridge/include/teleop_robot_bridge/teleop_robot_bridge/msg/detail/waist_tcp_command__rosidl_typesupport_fastrtps_c.h
[7.971s] -- Up-to-date: /home/eierobot/ROS/teleop_ws/src/teleop_robot_bridge/install/teleop_robot_bridge/include/teleop_robot_bridge/teleop_robot_bridge/msg/detail/waist_joint_status__rosidl_typesupport_fastrtps_c.h
[7.971s] -- Up-to-date: /home/eierobot/ROS/teleop_ws/src/teleop_robot_bridge/install/teleop_robot_bridge/include/teleop_robot_bridge/teleop_robot_bridge/msg/detail/waist_motion_ctrl__rosidl_typesupport_fastrtps_c.h
[7.971s] -- Up-to-date: /home/eierobot/ROS/teleop_ws/src/teleop_robot_bridge/install/teleop_robot_bridge/include/teleop_robot_bridge/teleop_robot_bridge/msg/detail/head_joint_command__rosidl_typesupport_fastrtps_c.h
[7.971s] -- Up-to-date: /home/eierobot/ROS/teleop_ws/src/teleop_robot_bridge/install/teleop_robot_bridge/include/teleop_robot_bridge/teleop_robot_bridge/msg/detail/ee_tcp_command__rosidl_typesupport_fastrtps_c.h
[7.972s] -- Up-to-date: /home/eierobot/ROS/teleop_ws/src/teleop_robot_bridge/install/teleop_robot_bridge/include/teleop_robot_bridge/teleop_robot_bridge/msg/detail/agv_battery_state__rosidl_typesupport_fastrtps_c.h
[7.972s] -- Up-to-date: /home/eierobot/ROS/teleop_ws/src/teleop_robot_bridge/install/teleop_robot_bridge/include/teleop_robot_bridge/teleop_robot_bridge/msg/detail/agv_vda5050_state__rosidl_typesupport_fastrtps_c.h
[7.972s] -- Up-to-date: /home/eierobot/ROS/teleop_ws/src/teleop_robot_bridge/install/teleop_robot_bridge/include/teleop_robot_bridge/teleop_robot_bridge/msg/detail/agv_device_state__rosidl_typesupport_fastrtps_c.h
[7.972s] -- Up-to-date: /home/eierobot/ROS/teleop_ws/src/teleop_robot_bridge/install/teleop_robot_bridge/include/teleop_robot_bridge/teleop_robot_bridge/msg/detail/agv_ultrasonic__rosidl_typesupport_fastrtps_c.h
[7.972s] -- Up-to-date: /home/eierobot/ROS/teleop_ws/src/teleop_robot_bridge/install/teleop_robot_bridge/include/teleop_robot_bridge/teleop_robot_bridge/msg/detail/gripper_device_state__rosidl_typesupport_fastrtps_c.h
[7.972s] -- Up-to-date: /home/eierobot/ROS/teleop_ws/src/teleop_robot_bridge/install/teleop_robot_bridge/include/teleop_robot_bridge/teleop_robot_bridge/msg/detail/agv_imu__rosidl_typesupport_fastrtps_c.h
[7.972s] -- Up-to-date: /home/eierobot/ROS/teleop_ws/src/teleop_robot_bridge/install/teleop_robot_bridge/include/teleop_robot_bridge/teleop_robot_bridge/msg/detail/head_joint_feedback__rosidl_typesupport_fastrtps_c.h
[7.972s] -- Up-to-date: /home/eierobot/ROS/teleop_ws/src/teleop_robot_bridge/install/teleop_robot_bridge/include/teleop_robot_bridge/teleop_robot_bridge/msg/detail/agv_vel__rosidl_typesupport_fastrtps_c.h
[7.972s] -- Up-to-date: /home/eierobot/ROS/teleop_ws/src/teleop_robot_bridge/install/teleop_robot_bridge/include/teleop_robot_bridge/teleop_robot_bridge/msg/detail/agv_joint_feedback__rosidl_typesupport_fastrtps_c.h
[7.973s] -- Up-to-date: /home/eierobot/ROS/teleop_ws/src/teleop_robot_bridge/install/teleop_robot_bridge/include/teleop_robot_bridge/teleop_robot_bridge/msg/detail/single_device_state__rosidl_typesupport_fastrtps_c.h
[7.973s] -- Up-to-date: /home/eierobot/ROS/teleop_ws/src/teleop_robot_bridge/install/teleop_robot_bridge/include/teleop_robot_bridge/teleop_robot_bridge/msg/detail/hand_tactile__rosidl_typesupport_fastrtps_c.h
[7.973s] -- Up-to-date: /home/eierobot/ROS/teleop_ws/src/teleop_robot_bridge/install/teleop_robot_bridge/include/teleop_robot_bridge/teleop_robot_bridge/msg/detail/waist_joint_feedback__rosidl_typesupport_fastrtps_c.h
[7.973s] -- Up-to-date: /home/eierobot/ROS/teleop_ws/src/teleop_robot_bridge/install/teleop_robot_bridge/include/teleop_robot_bridge/teleop_robot_bridge/msg/detail/single_gripper_status__rosidl_typesupport_fastrtps_c.h
[7.973s] -- Up-to-date: /home/eierobot/ROS/teleop_ws/src/teleop_robot_bridge/install/teleop_robot_bridge/include/teleop_robot_bridge/teleop_robot_bridge/msg/detail/agv_cmd_vel__rosidl_typesupport_fastrtps_c.h
[7.973s] -- Up-to-date: /home/eierobot/ROS/teleop_ws/src/teleop_robot_bridge/install/teleop_robot_bridge/include/teleop_robot_bridge/teleop_robot_bridge/msg/detail/gripper_tactile__rosidl_typesupport_fastrtps_c.h
[7.973s] -- Up-to-date: /home/eierobot/ROS/teleop_ws/src/teleop_robot_bridge/install/teleop_robot_bridge/include/teleop_robot_bridge/teleop_robot_bridge/msg/detail/head_joint_status__rosidl_typesupport_fastrtps_c.h
[7.973s] -- Up-to-date: /home/eierobot/ROS/teleop_ws/src/teleop_robot_bridge/install/teleop_robot_bridge/include/teleop_robot_bridge/teleop_robot_bridge/msg/detail/upper_body_device_state__rosidl_typesupport_fastrtps_c.h
[7.974s] -- Up-to-date: /home/eierobot/ROS/teleop_ws/src/teleop_robot_bridge/install/teleop_robot_bridge/include/teleop_robot_bridge/teleop_robot_bridge/msg/detail/temperature__rosidl_typesupport_fastrtps_c.h
[7.974s] -- Up-to-date: /home/eierobot/ROS/teleop_ws/src/teleop_robot_bridge/install/teleop_robot_bridge/include/teleop_robot_bridge/teleop_robot_bridge/msg/detail/head_motion_ctrl__rosidl_typesupport_fastrtps_c.h
[7.974s] -- Up-to-date: /home/eierobot/ROS/teleop_ws/src/teleop_robot_bridge/install/teleop_robot_bridge/include/teleop_robot_bridge/teleop_robot_bridge/msg/detail/waist_joint_command__rosidl_typesupport_fastrtps_c.h
[7.974s] -- Up-to-date: /home/eierobot/ROS/teleop_ws/src/teleop_robot_bridge/install/teleop_robot_bridge/lib/libteleop_robot_bridge__rosidl_typesupport_fastrtps_c.so
[7.974s] -- Up-to-date: /home/eierobot/ROS/teleop_ws/src/teleop_robot_bridge/install/teleop_robot_bridge/include/teleop_robot_bridge/teleop_robot_bridge
[7.974s] -- Up-to-date: /home/eierobot/ROS/teleop_ws/src/teleop_robot_bridge/install/teleop_robot_bridge/include/teleop_robot_bridge/teleop_robot_bridge/msg
[7.974s] -- Up-to-date: /home/eierobot/ROS/teleop_ws/src/teleop_robot_bridge/install/teleop_robot_bridge/include/teleop_robot_bridge/teleop_robot_bridge/msg/rosidl_typesupport_introspection_c__visibility_control.h
[7.974s] -- Up-to-date: /home/eierobot/ROS/teleop_ws/src/teleop_robot_bridge/install/teleop_robot_bridge/include/teleop_robot_bridge/teleop_robot_bridge/msg/detail
[7.974s] -- Up-to-date: /home/eierobot/ROS/teleop_ws/src/teleop_robot_bridge/install/teleop_robot_bridge/include/teleop_robot_bridge/teleop_robot_bridge/msg/detail/upper_body_device_state__rosidl_typesupport_introspection_c.h
[7.975s] -- Up-to-date: /home/eierobot/ROS/teleop_ws/src/teleop_robot_bridge/install/teleop_robot_bridge/include/teleop_robot_bridge/teleop_robot_bridge/msg/detail/waist_motion_ctrl__rosidl_typesupport_introspection_c.h
[7.975s] -- Up-to-date: /home/eierobot/ROS/teleop_ws/src/teleop_robot_bridge/install/teleop_robot_bridge/include/teleop_robot_bridge/teleop_robot_bridge/msg/detail/single_gripper_move__rosidl_typesupport_introspection_c.h
[7.975s] -- Up-to-date: /home/eierobot/ROS/teleop_ws/src/teleop_robot_bridge/install/teleop_robot_bridge/include/teleop_robot_bridge/teleop_robot_bridge/msg/detail/head_joint_feedback__rosidl_typesupport_introspection_c.h
[7.975s] -- Up-to-date: /home/eierobot/ROS/teleop_ws/src/teleop_robot_bridge/install/teleop_robot_bridge/include/teleop_robot_bridge/teleop_robot_bridge/msg/detail/head_joint_command__rosidl_typesupport_introspection_c.h
[7.975s] -- Installing: /home/eierobot/ROS/teleop_ws/src/teleop_robot_bridge/install/teleop_robot_bridge/include/teleop_robot_bridge/teleop_robot_bridge/msg/detail/agv_battery_state__type_support.c
[7.975s] -- Installing: /home/eierobot/ROS/teleop_ws/src/teleop_robot_bridge/install/teleop_robot_bridge/include/teleop_robot_bridge/teleop_robot_bridge/msg/detail/hand_tactile__type_support.c
[7.975s] -- Installing: /home/eierobot/ROS/teleop_ws/src/teleop_robot_bridge/install/teleop_robot_bridge/include/teleop_robot_bridge/teleop_robot_bridge/msg/detail/waist_tcp_command__type_support.c
[7.975s] -- Installing: /home/eierobot/ROS/teleop_ws/src/teleop_robot_bridge/install/teleop_robot_bridge/include/teleop_robot_bridge/teleop_robot_bridge/msg/detail/waist_joint_command__type_support.c
[7.976s] -- Up-to-date: /home/eierobot/ROS/teleop_ws/src/teleop_robot_bridge/install/teleop_robot_bridge/include/teleop_robot_bridge/teleop_robot_bridge/msg/detail/arm_joint_command__rosidl_typesupport_introspection_c.h
[7.976s] -- Installing: /home/eierobot/ROS/teleop_ws/src/teleop_robot_bridge/install/teleop_robot_bridge/include/teleop_robot_bridge/teleop_robot_bridge/msg/detail/agv_joint_status__type_support.c
[7.976s] -- Up-to-date: /home/eierobot/ROS/teleop_ws/src/teleop_robot_bridge/install/teleop_robot_bridge/include/teleop_robot_bridge/teleop_robot_bridge/msg/detail/single_device_state__rosidl_typesupport_introspection_c.h
[7.976s] -- Up-to-date: /home/eierobot/ROS/teleop_ws/src/teleop_robot_bridge/install/teleop_robot_bridge/include/teleop_robot_bridge/teleop_robot_bridge/msg/detail/joy_state__rosidl_typesupport_introspection_c.h
[7.976s] -- Installing: /home/eierobot/ROS/teleop_ws/src/teleop_robot_bridge/install/teleop_robot_bridge/include/teleop_robot_bridge/teleop_robot_bridge/msg/detail/arm_motion_ctrl__type_support.c
[7.976s] -- Up-to-date: /home/eierobot/ROS/teleop_ws/src/teleop_robot_bridge/install/teleop_robot_bridge/include/teleop_robot_bridge/teleop_robot_bridge/msg/detail/agv_vel__rosidl_typesupport_introspection_c.h
[7.976s] -- Up-to-date: /home/eierobot/ROS/teleop_ws/src/teleop_robot_bridge/install/teleop_robot_bridge/include/teleop_robot_bridge/teleop_robot_bridge/msg/detail/arm_joint_status__rosidl_typesupport_introspection_c.h
[7.976s] -- Installing: /home/eierobot/ROS/teleop_ws/src/teleop_robot_bridge/install/teleop_robot_bridge/include/teleop_robot_bridge/teleop_robot_bridge/msg/detail/agv_cmd_vel__type_support.c
[7.976s] -- Installing: /home/eierobot/ROS/teleop_ws/src/teleop_robot_bridge/install/teleop_robot_bridge/include/teleop_robot_bridge/teleop_robot_bridge/msg/detail/agv_vda5050_state__type_support.c
[7.977s] -- Up-to-date: /home/eierobot/ROS/teleop_ws/src/teleop_robot_bridge/install/teleop_robot_bridge/include/teleop_robot_bridge/teleop_robot_bridge/msg/detail/head_joint_status__rosidl_typesupport_introspection_c.h
[7.977s] -- Up-to-date: /home/eierobot/ROS/teleop_ws/src/teleop_robot_bridge/install/teleop_robot_bridge/include/teleop_robot_bridge/teleop_robot_bridge/msg/detail/gripper_tactile__rosidl_typesupport_introspection_c.h
[7.977s] -- Up-to-date: /home/eierobot/ROS/teleop_ws/src/teleop_robot_bridge/install/teleop_robot_bridge/include/teleop_robot_bridge/teleop_robot_bridge/msg/detail/agv_joint_feedback__rosidl_typesupport_introspection_c.h
[7.977s] -- Up-to-date: /home/eierobot/ROS/teleop_ws/src/teleop_robot_bridge/install/teleop_robot_bridge/include/teleop_robot_bridge/teleop_robot_bridge/msg/detail/gripper_status__rosidl_typesupport_introspection_c.h
[7.977s] -- Up-to-date: /home/eierobot/ROS/teleop_ws/src/teleop_robot_bridge/install/teleop_robot_bridge/include/teleop_robot_bridge/teleop_robot_bridge/msg/detail/single_gripper_status__rosidl_typesupport_introspection_c.h
[7.977s] -- Installing: /home/eierobot/ROS/teleop_ws/src/teleop_robot_bridge/install/teleop_robot_bridge/include/teleop_robot_bridge/teleop_robot_bridge/msg/detail/head_joint_status__type_support.c
[7.977s] -- Installing: /home/eierobot/ROS/teleop_ws/src/teleop_robot_bridge/install/teleop_robot_bridge/include/teleop_robot_bridge/teleop_robot_bridge/msg/detail/head_motion_ctrl__type_support.c
[7.977s] -- Up-to-date: /home/eierobot/ROS/teleop_ws/src/teleop_robot_bridge/install/teleop_robot_bridge/include/teleop_robot_bridge/teleop_robot_bridge/msg/detail/arm_joint_feedback__rosidl_typesupport_introspection_c.h
[7.977s] -- Up-to-date: /home/eierobot/ROS/teleop_ws/src/teleop_robot_bridge/install/teleop_robot_bridge/include/teleop_robot_bridge/teleop_robot_bridge/msg/detail/waist_joint_feedback__rosidl_typesupport_introspection_c.h
[7.978s] -- Installing: /home/eierobot/ROS/teleop_ws/src/teleop_robot_bridge/install/teleop_robot_bridge/include/teleop_robot_bridge/teleop_robot_bridge/msg/detail/agv_motion_ctrl__type_support.c
[7.978s] -- Installing: /home/eierobot/ROS/teleop_ws/src/teleop_robot_bridge/install/teleop_robot_bridge/include/teleop_robot_bridge/teleop_robot_bridge/msg/detail/gripper_status__type_support.c
[7.978s] -- Up-to-date: /home/eierobot/ROS/teleop_ws/src/teleop_robot_bridge/install/teleop_robot_bridge/include/teleop_robot_bridge/teleop_robot_bridge/msg/detail/ee_tcp_command__rosidl_typesupport_introspection_c.h
[7.978s] -- Up-to-date: /home/eierobot/ROS/teleop_ws/src/teleop_robot_bridge/install/teleop_robot_bridge/include/teleop_robot_bridge/teleop_robot_bridge/msg/detail/agv_cmd_vel__rosidl_typesupport_introspection_c.h
[7.978s] -- Up-to-date: /home/eierobot/ROS/teleop_ws/src/teleop_robot_bridge/install/teleop_robot_bridge/include/teleop_robot_bridge/teleop_robot_bridge/msg/detail/waist_joint_command__rosidl_typesupport_introspection_c.h
[7.978s] -- Installing: /home/eierobot/ROS/teleop_ws/src/teleop_robot_bridge/install/teleop_robot_bridge/include/teleop_robot_bridge/teleop_robot_bridge/msg/detail/temperature__type_support.c
[7.978s] -- Installing: /home/eierobot/ROS/teleop_ws/src/teleop_robot_bridge/install/teleop_robot_bridge/include/teleop_robot_bridge/teleop_robot_bridge/msg/detail/single_gripper_status__type_support.c
[7.978s] -- Installing: /home/eierobot/ROS/teleop_ws/src/teleop_robot_bridge/install/teleop_robot_bridge/include/teleop_robot_bridge/teleop_robot_bridge/msg/detail/joy_state__type_support.c
[7.978s] -- Installing: /home/eierobot/ROS/teleop_ws/src/teleop_robot_bridge/install/teleop_robot_bridge/include/teleop_robot_bridge/teleop_robot_bridge/msg/detail/arm_joint_status__type_support.c
[7.979s] -- Installing: /home/eierobot/ROS/teleop_ws/src/teleop_robot_bridge/install/teleop_robot_bridge/include/teleop_robot_bridge/teleop_robot_bridge/msg/detail/gripper_move__type_support.c
[7.979s] -- Up-to-date: /home/eierobot/ROS/teleop_ws/src/teleop_robot_bridge/install/teleop_robot_bridge/include/teleop_robot_bridge/teleop_robot_bridge/msg/detail/waist_joint_status__rosidl_typesupport_introspection_c.h
[7.979s] -- Up-to-date: /home/eierobot/ROS/teleop_ws/src/teleop_robot_bridge/install/teleop_robot_bridge/include/teleop_robot_bridge/teleop_robot_bridge/msg/detail/agv_vda5050_state__rosidl_typesupport_introspection_c.h
[7.979s] -- Installing: /home/eierobot/ROS/teleop_ws/src/teleop_robot_bridge/install/teleop_robot_bridge/include/teleop_robot_bridge/teleop_robot_bridge/msg/detail/ee_tcp_command__type_support.c
[7.979s] -- Installing: /home/eierobot/ROS/teleop_ws/src/teleop_robot_bridge/install/teleop_robot_bridge/include/teleop_robot_bridge/teleop_robot_bridge/msg/detail/agv_device_state__type_support.c
[7.979s] -- Up-to-date: /home/eierobot/ROS/teleop_ws/src/teleop_robot_bridge/install/teleop_robot_bridge/include/teleop_robot_bridge/teleop_robot_bridge/msg/detail/waist_tcp_command__rosidl_typesupport_introspection_c.h
[7.979s] -- Installing: /home/eierobot/ROS/teleop_ws/src/teleop_robot_bridge/install/teleop_robot_bridge/include/teleop_robot_bridge/teleop_robot_bridge/msg/detail/arm_joint_feedback__type_support.c
[7.979s] -- Up-to-date: /home/eierobot/ROS/teleop_ws/src/teleop_robot_bridge/install/teleop_robot_bridge/include/teleop_robot_bridge/teleop_robot_bridge/msg/detail/hand_tactile__rosidl_typesupport_introspection_c.h
[7.979s] -- Up-to-date: /home/eierobot/ROS/teleop_ws/src/teleop_robot_bridge/install/teleop_robot_bridge/include/teleop_robot_bridge/teleop_robot_bridge/msg/detail/arm_motion_ctrl__rosidl_typesupport_introspection_c.h
[7.979s] -- Up-to-date: /home/eierobot/ROS/teleop_ws/src/teleop_robot_bridge/install/teleop_robot_bridge/include/teleop_robot_bridge/teleop_robot_bridge/msg/detail/agv_joint_status__rosidl_typesupport_introspection_c.h
[7.980s] -- Installing: /home/eierobot/ROS/teleop_ws/src/teleop_robot_bridge/install/teleop_robot_bridge/include/teleop_robot_bridge/teleop_robot_bridge/msg/detail/agv_imu__type_support.c
[7.980s] -- Installing: /home/eierobot/ROS/teleop_ws/src/teleop_robot_bridge/install/teleop_robot_bridge/include/teleop_robot_bridge/teleop_robot_bridge/msg/detail/single_gripper_move__type_support.c
[7.980s] -- Installing: /home/eierobot/ROS/teleop_ws/src/teleop_robot_bridge/install/teleop_robot_bridge/include/teleop_robot_bridge/teleop_robot_bridge/msg/detail/upper_body_device_state__type_support.c
[7.980s] -- Installing: /home/eierobot/ROS/teleop_ws/src/teleop_robot_bridge/install/teleop_robot_bridge/include/teleop_robot_bridge/teleop_robot_bridge/msg/detail/joint_status__type_support.c
[7.980s] -- Installing: /home/eierobot/ROS/teleop_ws/src/teleop_robot_bridge/install/teleop_robot_bridge/include/teleop_robot_bridge/teleop_robot_bridge/msg/detail/gripper_tactile__type_support.c
[7.980s] -- Installing: /home/eierobot/ROS/teleop_ws/src/teleop_robot_bridge/install/teleop_robot_bridge/include/teleop_robot_bridge/teleop_robot_bridge/msg/detail/single_device_state__type_support.c
[7.980s] -- Up-to-date: /home/eierobot/ROS/teleop_ws/src/teleop_robot_bridge/install/teleop_robot_bridge/include/teleop_robot_bridge/teleop_robot_bridge/msg/detail/head_motion_ctrl__rosidl_typesupport_introspection_c.h
[7.980s] -- Up-to-date: /home/eierobot/ROS/teleop_ws/src/teleop_robot_bridge/install/teleop_robot_bridge/include/teleop_robot_bridge/teleop_robot_bridge/msg/detail/agv_battery_state__rosidl_typesupport_introspection_c.h
[7.980s] -- Installing: /home/eierobot/ROS/teleop_ws/src/teleop_robot_bridge/install/teleop_robot_bridge/include/teleop_robot_bridge/teleop_robot_bridge/msg/detail/gripper_device_state__type_support.c
[7.980s] -- Installing: /home/eierobot/ROS/teleop_ws/src/teleop_robot_bridge/install/teleop_robot_bridge/include/teleop_robot_bridge/teleop_robot_bridge/msg/detail/agv_vel__type_support.c
[7.981s] -- Installing: /home/eierobot/ROS/teleop_ws/src/teleop_robot_bridge/install/teleop_robot_bridge/include/teleop_robot_bridge/teleop_robot_bridge/msg/detail/arm_joint_command__type_support.c
[7.981s] -- Up-to-date: /home/eierobot/ROS/teleop_ws/src/teleop_robot_bridge/install/teleop_robot_bridge/include/teleop_robot_bridge/teleop_robot_bridge/msg/detail/gripper_device_state__rosidl_typesupport_introspection_c.h
[7.981s] -- Up-to-date: /home/eierobot/ROS/teleop_ws/src/teleop_robot_bridge/install/teleop_robot_bridge/include/teleop_robot_bridge/teleop_robot_bridge/msg/detail/joint_status__rosidl_typesupport_introspection_c.h
[7.981s] -- Up-to-date: /home/eierobot/ROS/teleop_ws/src/teleop_robot_bridge/install/teleop_robot_bridge/include/teleop_robot_bridge/teleop_robot_bridge/msg/detail/agv_device_state__rosidl_typesupport_introspection_c.h
[7.981s] -- Up-to-date: /home/eierobot/ROS/teleop_ws/src/teleop_robot_bridge/install/teleop_robot_bridge/include/teleop_robot_bridge/teleop_robot_bridge/msg/detail/temperature__rosidl_typesupport_introspection_c.h
[7.982s] -- Up-to-date: /home/eierobot/ROS/teleop_ws/src/teleop_robot_bridge/install/teleop_robot_bridge/include/teleop_robot_bridge/teleop_robot_bridge/msg/detail/agv_imu__rosidl_typesupport_introspection_c.h
[7.982s] -- Installing: /home/eierobot/ROS/teleop_ws/src/teleop_robot_bridge/install/teleop_robot_bridge/include/teleop_robot_bridge/teleop_robot_bridge/msg/detail/agv_ultrasonic__type_support.c
[7.983s] -- Installing: /home/eierobot/ROS/teleop_ws/src/teleop_robot_bridge/install/teleop_robot_bridge/include/teleop_robot_bridge/teleop_robot_bridge/msg/detail/head_joint_feedback__type_support.c
[7.983s] -- Installing: /home/eierobot/ROS/teleop_ws/src/teleop_robot_bridge/install/teleop_robot_bridge/include/teleop_robot_bridge/teleop_robot_bridge/msg/detail/waist_joint_status__type_support.c
[7.983s] -- Installing: /home/eierobot/ROS/teleop_ws/src/teleop_robot_bridge/install/teleop_robot_bridge/include/teleop_robot_bridge/teleop_robot_bridge/msg/detail/waist_joint_feedback__type_support.c
[7.983s] -- Up-to-date: /home/eierobot/ROS/teleop_ws/src/teleop_robot_bridge/install/teleop_robot_bridge/include/teleop_robot_bridge/teleop_robot_bridge/msg/detail/agv_ultrasonic__rosidl_typesupport_introspection_c.h
[7.983s] -- Installing: /home/eierobot/ROS/teleop_ws/src/teleop_robot_bridge/install/teleop_robot_bridge/include/teleop_robot_bridge/teleop_robot_bridge/msg/detail/head_joint_command__type_support.c
[7.983s] -- Installing: /home/eierobot/ROS/teleop_ws/src/teleop_robot_bridge/install/teleop_robot_bridge/include/teleop_robot_bridge/teleop_robot_bridge/msg/detail/agv_joint_feedback__type_support.c
[7.984s] -- Up-to-date: /home/eierobot/ROS/teleop_ws/src/teleop_robot_bridge/install/teleop_robot_bridge/include/teleop_robot_bridge/teleop_robot_bridge/msg/detail/gripper_move__rosidl_typesupport_introspection_c.h
[7.984s] -- Installing: /home/eierobot/ROS/teleop_ws/src/teleop_robot_bridge/install/teleop_robot_bridge/include/teleop_robot_bridge/teleop_robot_bridge/msg/detail/waist_motion_ctrl__type_support.c
[7.984s] -- Up-to-date: /home/eierobot/ROS/teleop_ws/src/teleop_robot_bridge/install/teleop_robot_bridge/include/teleop_robot_bridge/teleop_robot_bridge/msg/detail/agv_motion_ctrl__rosidl_typesupport_introspection_c.h
[7.984s] -- Up-to-date: /home/eierobot/ROS/teleop_ws/src/teleop_robot_bridge/install/teleop_robot_bridge/lib/libteleop_robot_bridge__rosidl_typesupport_introspection_c.so
[7.984s] -- Up-to-date: /home/eierobot/ROS/teleop_ws/src/teleop_robot_bridge/install/teleop_robot_bridge/lib/libteleop_robot_bridge__rosidl_typesupport_c.so
[7.984s] -- Up-to-date: /home/eierobot/ROS/teleop_ws/src/teleop_robot_bridge/install/teleop_robot_bridge/include/teleop_robot_bridge/teleop_robot_bridge
[7.984s] -- Up-to-date: /home/eierobot/ROS/teleop_ws/src/teleop_robot_bridge/install/teleop_robot_bridge/include/teleop_robot_bridge/teleop_robot_bridge/msg
[7.984s] -- Up-to-date: /home/eierobot/ROS/teleop_ws/src/teleop_robot_bridge/install/teleop_robot_bridge/include/teleop_robot_bridge/teleop_robot_bridge/msg/gripper_move.hpp
[7.984s] -- Up-to-date: /home/eierobot/ROS/teleop_ws/src/teleop_robot_bridge/install/teleop_robot_bridge/include/teleop_robot_bridge/teleop_robot_bridge/msg/arm_joint_command.hpp
[7.984s] -- Up-to-date: /home/eierobot/ROS/teleop_ws/src/teleop_robot_bridge/install/teleop_robot_bridge/include/teleop_robot_bridge/teleop_robot_bridge/msg/ee_tcp_command.hpp
[7.985s] -- Up-to-date: /home/eierobot/ROS/teleop_ws/src/teleop_robot_bridge/install/teleop_robot_bridge/include/teleop_robot_bridge/teleop_robot_bridge/msg/head_joint_feedback.hpp
[7.985s] -- Up-to-date: /home/eierobot/ROS/teleop_ws/src/teleop_robot_bridge/install/teleop_robot_bridge/include/teleop_robot_bridge/teleop_robot_bridge/msg/arm_joint_status.hpp
[7.985s] -- Up-to-date: /home/eierobot/ROS/teleop_ws/src/teleop_robot_bridge/install/teleop_robot_bridge/include/teleop_robot_bridge/teleop_robot_bridge/msg/agv_vda5050_state.hpp
[7.985s] -- Up-to-date: /home/eierobot/ROS/teleop_ws/src/teleop_robot_bridge/install/teleop_robot_bridge/include/teleop_robot_bridge/teleop_robot_bridge/msg/agv_ultrasonic.hpp
[7.985s] -- Up-to-date: /home/eierobot/ROS/teleop_ws/src/teleop_robot_bridge/install/teleop_robot_bridge/include/teleop_robot_bridge/teleop_robot_bridge/msg/waist_tcp_command.hpp
[7.985s] -- Up-to-date: /home/eierobot/ROS/teleop_ws/src/teleop_robot_bridge/install/teleop_robot_bridge/include/teleop_robot_bridge/teleop_robot_bridge/msg/waist_joint_status.hpp
[7.985s] -- Up-to-date: /home/eierobot/ROS/teleop_ws/src/teleop_robot_bridge/install/teleop_robot_bridge/include/teleop_robot_bridge/teleop_robot_bridge/msg/single_device_state.hpp
[7.985s] -- Up-to-date: /home/eierobot/ROS/teleop_ws/src/teleop_robot_bridge/install/teleop_robot_bridge/include/teleop_robot_bridge/teleop_robot_bridge/msg/upper_body_device_state.hpp
[7.985s] -- Up-to-date: /home/eierobot/ROS/teleop_ws/src/teleop_robot_bridge/install/teleop_robot_bridge/include/teleop_robot_bridge/teleop_robot_bridge/msg/head_joint_status.hpp
[7.985s] -- Up-to-date: /home/eierobot/ROS/teleop_ws/src/teleop_robot_bridge/install/teleop_robot_bridge/include/teleop_robot_bridge/teleop_robot_bridge/msg/agv_vel.hpp
[7.986s] -- Up-to-date: /home/eierobot/ROS/teleop_ws/src/teleop_robot_bridge/install/teleop_robot_bridge/include/teleop_robot_bridge/teleop_robot_bridge/msg/waist_motion_ctrl.hpp
[7.986s] -- Up-to-date: /home/eierobot/ROS/teleop_ws/src/teleop_robot_bridge/install/teleop_robot_bridge/include/teleop_robot_bridge/teleop_robot_bridge/msg/head_motion_ctrl.hpp
[7.986s] -- Up-to-date: /home/eierobot/ROS/teleop_ws/src/teleop_robot_bridge/install/teleop_robot_bridge/include/teleop_robot_bridge/teleop_robot_bridge/msg/gripper_device_state.hpp
[7.986s] -- Up-to-date: /home/eierobot/ROS/teleop_ws/src/teleop_robot_bridge/install/teleop_robot_bridge/include/teleop_robot_bridge/teleop_robot_bridge/msg/single_gripper_move.hpp
[7.986s] -- Up-to-date: /home/eierobot/ROS/teleop_ws/src/teleop_robot_bridge/install/teleop_robot_bridge/include/teleop_robot_bridge/teleop_robot_bridge/msg/agv_cmd_vel.hpp
[7.986s] -- Up-to-date: /home/eierobot/ROS/teleop_ws/src/teleop_robot_bridge/install/teleop_robot_bridge/include/teleop_robot_bridge/teleop_robot_bridge/msg/arm_joint_feedback.hpp
[7.986s] -- Up-to-date: /home/eierobot/ROS/teleop_ws/src/teleop_robot_bridge/install/teleop_robot_bridge/include/teleop_robot_bridge/teleop_robot_bridge/msg/agv_imu.hpp
[7.986s] -- Up-to-date: /home/eierobot/ROS/teleop_ws/src/teleop_robot_bridge/install/teleop_robot_bridge/include/teleop_robot_bridge/teleop_robot_bridge/msg/head_joint_command.hpp
[7.986s] -- Up-to-date: /home/eierobot/ROS/teleop_ws/src/teleop_robot_bridge/install/teleop_robot_bridge/include/teleop_robot_bridge/teleop_robot_bridge/msg/arm_motion_ctrl.hpp
[7.986s] -- Up-to-date: /home/eierobot/ROS/teleop_ws/src/teleop_robot_bridge/install/teleop_robot_bridge/include/teleop_robot_bridge/teleop_robot_bridge/msg/hand_tactile.hpp
[7.986s] -- Up-to-date: /home/eierobot/ROS/teleop_ws/src/teleop_robot_bridge/install/teleop_robot_bridge/include/teleop_robot_bridge/teleop_robot_bridge/msg/joint_status.hpp
[7.987s] -- Up-to-date: /home/eierobot/ROS/teleop_ws/src/teleop_robot_bridge/install/teleop_robot_bridge/include/teleop_robot_bridge/teleop_robot_bridge/msg/gripper_status.hpp
[7.987s] -- Up-to-date: /home/eierobot/ROS/teleop_ws/src/teleop_robot_bridge/install/teleop_robot_bridge/include/teleop_robot_bridge/teleop_robot_bridge/msg/joy_state.hpp
[7.987s] -- Up-to-date: /home/eierobot/ROS/teleop_ws/src/teleop_robot_bridge/install/teleop_robot_bridge/include/teleop_robot_bridge/teleop_robot_bridge/msg/detail
[7.987s] -- Up-to-date: /home/eierobot/ROS/teleop_ws/src/teleop_robot_bridge/install/teleop_robot_bridge/include/teleop_robot_bridge/teleop_robot_bridge/msg/detail/head_joint_command__builder.hpp
[7.987s] -- Up-to-date: /home/eierobot/ROS/teleop_ws/src/teleop_robot_bridge/install/teleop_robot_bridge/include/teleop_robot_bridge/teleop_robot_bridge/msg/detail/agv_joint_status__builder.hpp
[7.987s] -- Up-to-date: /home/eierobot/ROS/teleop_ws/src/teleop_robot_bridge/install/teleop_robot_bridge/include/teleop_robot_bridge/teleop_robot_bridge/msg/detail/hand_tactile__struct.hpp
[7.987s] -- Up-to-date: /home/eierobot/ROS/teleop_ws/src/teleop_robot_bridge/install/teleop_robot_bridge/include/teleop_robot_bridge/teleop_robot_bridge/msg/detail/joint_status__type_support.hpp
[7.987s] -- Up-to-date: /home/eierobot/ROS/teleop_ws/src/teleop_robot_bridge/install/teleop_robot_bridge/include/teleop_robot_bridge/teleop_robot_bridge/msg/detail/arm_joint_feedback__traits.hpp
[7.987s] -- Up-to-date: /home/eierobot/ROS/teleop_ws/src/teleop_robot_bridge/install/teleop_robot_bridge/include/teleop_robot_bridge/teleop_robot_bridge/msg/detail/agv_imu__traits.hpp
[7.988s] -- Up-to-date: /home/eierobot/ROS/teleop_ws/src/teleop_robot_bridge/install/teleop_robot_bridge/include/teleop_robot_bridge/teleop_robot_bridge/msg/detail/agv_battery_state__builder.hpp
[7.988s] -- Up-to-date: /home/eierobot/ROS/teleop_ws/src/teleop_robot_bridge/install/teleop_robot_bridge/include/teleop_robot_bridge/teleop_robot_bridge/msg/detail/agv_joint_status__traits.hpp
[7.988s] -- Up-to-date: /home/eierobot/ROS/teleop_ws/src/teleop_robot_bridge/install/teleop_robot_bridge/include/teleop_robot_bridge/teleop_robot_bridge/msg/detail/joy_state__type_support.hpp
[7.988s] -- Up-to-date: /home/eierobot/ROS/teleop_ws/src/teleop_robot_bridge/install/teleop_robot_bridge/include/teleop_robot_bridge/teleop_robot_bridge/msg/detail/agv_motion_ctrl__builder.hpp
[7.988s] -- Up-to-date: /home/eierobot/ROS/teleop_ws/src/teleop_robot_bridge/install/teleop_robot_bridge/include/teleop_robot_bridge/teleop_robot_bridge/msg/detail/head_joint_feedback__type_support.hpp
[7.988s] -- Up-to-date: /home/eierobot/ROS/teleop_ws/src/teleop_robot_bridge/install/teleop_robot_bridge/include/teleop_robot_bridge/teleop_robot_bridge/msg/detail/gripper_status__builder.hpp
[7.988s] -- Up-to-date: /home/eierobot/ROS/teleop_ws/src/teleop_robot_bridge/install/teleop_robot_bridge/include/teleop_robot_bridge/teleop_robot_bridge/msg/detail/gripper_tactile__struct.hpp
[7.988s] -- Up-to-date: /home/eierobot/ROS/teleop_ws/src/teleop_robot_bridge/install/teleop_robot_bridge/include/teleop_robot_bridge/teleop_robot_bridge/msg/detail/head_motion_ctrl__builder.hpp
[7.988s] -- Up-to-date: /home/eierobot/ROS/teleop_ws/src/teleop_robot_bridge/install/teleop_robot_bridge/include/teleop_robot_bridge/teleop_robot_bridge/msg/detail/head_joint_command__struct.hpp
[7.988s] -- Up-to-date: /home/eierobot/ROS/teleop_ws/src/teleop_robot_bridge/install/teleop_robot_bridge/include/teleop_robot_bridge/teleop_robot_bridge/msg/detail/arm_motion_ctrl__struct.hpp
[7.989s] -- Up-to-date: /home/eierobot/ROS/teleop_ws/src/teleop_robot_bridge/install/teleop_robot_bridge/include/teleop_robot_bridge/teleop_robot_bridge/msg/detail/waist_joint_status__struct.hpp
[7.989s] -- Up-to-date: /home/eierobot/ROS/teleop_ws/src/teleop_robot_bridge/install/teleop_robot_bridge/include/teleop_robot_bridge/teleop_robot_bridge/msg/detail/head_joint_status__type_support.hpp
[7.989s] -- Up-to-date: /home/eierobot/ROS/teleop_ws/src/teleop_robot_bridge/install/teleop_robot_bridge/include/teleop_robot_bridge/teleop_robot_bridge/msg/detail/agv_imu__builder.hpp
[7.989s] -- Up-to-date: /home/eierobot/ROS/teleop_ws/src/teleop_robot_bridge/install/teleop_robot_bridge/include/teleop_robot_bridge/teleop_robot_bridge/msg/detail/single_gripper_status__traits.hpp
[7.989s] -- Up-to-date: /home/eierobot/ROS/teleop_ws/src/teleop_robot_bridge/install/teleop_robot_bridge/include/teleop_robot_bridge/teleop_robot_bridge/msg/detail/arm_joint_command__type_support.hpp
[7.989s] -- Up-to-date: /home/eierobot/ROS/teleop_ws/src/teleop_robot_bridge/install/teleop_robot_bridge/include/teleop_robot_bridge/teleop_robot_bridge/msg/detail/temperature__type_support.hpp
[7.989s] -- Up-to-date: /home/eierobot/ROS/teleop_ws/src/teleop_robot_bridge/install/teleop_robot_bridge/include/teleop_robot_bridge/teleop_robot_bridge/msg/detail/hand_tactile__type_support.hpp
[7.989s] -- Up-to-date: /home/eierobot/ROS/teleop_ws/src/teleop_robot_bridge/install/teleop_robot_bridge/include/teleop_robot_bridge/teleop_robot_bridge/msg/detail/agv_battery_state__traits.hpp
[7.990s] -- Up-to-date: /home/eierobot/ROS/teleop_ws/src/teleop_robot_bridge/install/teleop_robot_bridge/include/teleop_robot_bridge/teleop_robot_bridge/msg/detail/head_joint_command__traits.hpp
[7.990s] -- Up-to-date: /home/eierobot/ROS/teleop_ws/src/teleop_robot_bridge/install/teleop_robot_bridge/include/teleop_robot_bridge/teleop_robot_bridge/msg/detail/waist_joint_feedback__builder.hpp
[7.990s] -- Up-to-date: /home/eierobot/ROS/teleop_ws/src/teleop_robot_bridge/install/teleop_robot_bridge/include/teleop_robot_bridge/teleop_robot_bridge/msg/detail/agv_vda5050_state__traits.hpp
[7.990s] -- Up-to-date: /home/eierobot/ROS/teleop_ws/src/teleop_robot_bridge/install/teleop_robot_bridge/include/teleop_robot_bridge/teleop_robot_bridge/msg/detail/gripper_move__builder.hpp
[7.990s] -- Up-to-date: /home/eierobot/ROS/teleop_ws/src/teleop_robot_bridge/install/teleop_robot_bridge/include/teleop_robot_bridge/teleop_robot_bridge/msg/detail/single_device_state__struct.hpp
[7.990s] -- Up-to-date: /home/eierobot/ROS/teleop_ws/src/teleop_robot_bridge/install/teleop_robot_bridge/include/teleop_robot_bridge/teleop_robot_bridge/msg/detail/agv_vda5050_state__type_support.hpp
[7.990s] -- Up-to-date: /home/eierobot/ROS/teleop_ws/src/teleop_robot_bridge/install/teleop_robot_bridge/include/teleop_robot_bridge/teleop_robot_bridge/msg/detail/agv_ultrasonic__struct.hpp
[7.991s] -- Up-to-date: /home/eierobot/ROS/teleop_ws/src/teleop_robot_bridge/install/teleop_robot_bridge/include/teleop_robot_bridge/teleop_robot_bridge/msg/detail/agv_vda5050_state__struct.hpp
[7.991s] -- Up-to-date: /home/eierobot/ROS/teleop_ws/src/teleop_robot_bridge/install/teleop_robot_bridge/include/teleop_robot_bridge/teleop_robot_bridge/msg/detail/waist_motion_ctrl__traits.hpp
[7.991s] -- Up-to-date: /home/eierobot/ROS/teleop_ws/src/teleop_robot_bridge/install/teleop_robot_bridge/include/teleop_robot_bridge/teleop_robot_bridge/msg/detail/agv_cmd_vel__struct.hpp
[7.991s] -- Up-to-date: /home/eierobot/ROS/teleop_ws/src/teleop_robot_bridge/install/teleop_robot_bridge/include/teleop_robot_bridge/teleop_robot_bridge/msg/detail/waist_joint_command__struct.hpp
[7.991s] -- Up-to-date: /home/eierobot/ROS/teleop_ws/src/teleop_robot_bridge/install/teleop_robot_bridge/include/teleop_robot_bridge/teleop_robot_bridge/msg/detail/head_joint_feedback__struct.hpp
[7.991s] -- Up-to-date: /home/eierobot/ROS/teleop_ws/src/teleop_robot_bridge/install/teleop_robot_bridge/include/teleop_robot_bridge/teleop_robot_bridge/msg/detail/agv_joint_feedback__struct.hpp
[7.991s] -- Up-to-date: /home/eierobot/ROS/teleop_ws/src/teleop_robot_bridge/install/teleop_robot_bridge/include/teleop_robot_bridge/teleop_robot_bridge/msg/detail/joy_state__builder.hpp
[7.991s] -- Up-to-date: /home/eierobot/ROS/teleop_ws/src/teleop_robot_bridge/install/teleop_robot_bridge/include/teleop_robot_bridge/teleop_robot_bridge/msg/detail/agv_device_state__traits.hpp
[7.991s] -- Up-to-date: /home/eierobot/ROS/teleop_ws/src/teleop_robot_bridge/install/teleop_robot_bridge/include/teleop_robot_bridge/teleop_robot_bridge/msg/detail/hand_tactile__builder.hpp
[7.992s] -- Up-to-date: /home/eierobot/ROS/teleop_ws/src/teleop_robot_bridge/install/teleop_robot_bridge/include/teleop_robot_bridge/teleop_robot_bridge/msg/detail/ee_tcp_command__builder.hpp
[7.992s] -- Up-to-date: /home/eierobot/ROS/teleop_ws/src/teleop_robot_bridge/install/teleop_robot_bridge/include/teleop_robot_bridge/teleop_robot_bridge/msg/detail/agv_ultrasonic__traits.hpp
[7.992s] -- Up-to-date: /home/eierobot/ROS/teleop_ws/src/teleop_robot_bridge/install/teleop_robot_bridge/include/teleop_robot_bridge/teleop_robot_bridge/msg/detail/upper_body_device_state__traits.hpp
[7.992s] -- Up-to-date: /home/eierobot/ROS/teleop_ws/src/teleop_robot_bridge/install/teleop_robot_bridge/include/teleop_robot_bridge/teleop_robot_bridge/msg/detail/head_joint_status__struct.hpp
[7.992s] -- Up-to-date: /home/eierobot/ROS/teleop_ws/src/teleop_robot_bridge/install/teleop_robot_bridge/include/teleop_robot_bridge/teleop_robot_bridge/msg/detail/gripper_device_state__builder.hpp
[7.992s] -- Up-to-date: /home/eierobot/ROS/teleop_ws/src/teleop_robot_bridge/install/teleop_robot_bridge/include/teleop_robot_bridge/teleop_robot_bridge/msg/detail/arm_joint_feedback__builder.hpp
[7.992s] -- Up-to-date: /home/eierobot/ROS/teleop_ws/src/teleop_robot_bridge/install/teleop_robot_bridge/include/teleop_robot_bridge/teleop_robot_bridge/msg/detail/gripper_device_state__traits.hpp
[7.992s] -- Up-to-date: /home/eierobot/ROS/teleop_ws/src/teleop_robot_bridge/install/teleop_robot_bridge/include/teleop_robot_bridge/teleop_robot_bridge/msg/detail/gripper_tactile__builder.hpp
[7.992s] -- Up-to-date: /home/eierobot/ROS/teleop_ws/src/teleop_robot_bridge/install/teleop_robot_bridge/include/teleop_robot_bridge/teleop_robot_bridge/msg/detail/gripper_status__struct.hpp
[7.992s] -- Up-to-date: /home/eierobot/ROS/teleop_ws/src/teleop_robot_bridge/install/teleop_robot_bridge/include/teleop_robot_bridge/teleop_robot_bridge/msg/detail/waist_joint_status__builder.hpp
[7.993s] -- Up-to-date: /home/eierobot/ROS/teleop_ws/src/teleop_robot_bridge/install/teleop_robot_bridge/include/teleop_robot_bridge/teleop_robot_bridge/msg/detail/head_motion_ctrl__struct.hpp
[7.993s] -- Up-to-date: /home/eierobot/ROS/teleop_ws/src/teleop_robot_bridge/install/teleop_robot_bridge/include/teleop_robot_bridge/teleop_robot_bridge/msg/detail/gripper_tactile__traits.hpp
[7.993s] -- Up-to-date: /home/eierobot/ROS/teleop_ws/src/teleop_robot_bridge/install/teleop_robot_bridge/include/teleop_robot_bridge/teleop_robot_bridge/msg/detail/arm_joint_status__builder.hpp
[7.993s] -- Up-to-date: /home/eierobot/ROS/teleop_ws/src/teleop_robot_bridge/install/teleop_robot_bridge/include/teleop_robot_bridge/teleop_robot_bridge/msg/detail/agv_joint_feedback__builder.hpp
[7.993s] -- Up-to-date: /home/eierobot/ROS/teleop_ws/src/teleop_robot_bridge/install/teleop_robot_bridge/include/teleop_robot_bridge/teleop_robot_bridge/msg/detail/arm_joint_status__type_support.hpp
[7.993s] -- Up-to-date: /home/eierobot/ROS/teleop_ws/src/teleop_robot_bridge/install/teleop_robot_bridge/include/teleop_robot_bridge/teleop_robot_bridge/msg/detail/agv_vel__struct.hpp
[7.993s] -- Up-to-date: /home/eierobot/ROS/teleop_ws/src/teleop_robot_bridge/install/teleop_robot_bridge/include/teleop_robot_bridge/teleop_robot_bridge/msg/detail/joint_status__traits.hpp
[7.993s] -- Up-to-date: /home/eierobot/ROS/teleop_ws/src/teleop_robot_bridge/install/teleop_robot_bridge/include/teleop_robot_bridge/teleop_robot_bridge/msg/detail/agv_vda5050_state__builder.hpp
[7.993s] -- Up-to-date: /home/eierobot/ROS/teleop_ws/src/teleop_robot_bridge/install/teleop_robot_bridge/include/teleop_robot_bridge/teleop_robot_bridge/msg/detail/waist_joint_feedback__type_support.hpp
[7.994s] -- Up-to-date: /home/eierobot/ROS/teleop_ws/src/teleop_robot_bridge/install/teleop_robot_bridge/include/teleop_robot_bridge/teleop_robot_bridge/msg/detail/agv_device_state__builder.hpp
[7.994s] -- Up-to-date: /home/eierobot/ROS/teleop_ws/src/teleop_robot_bridge/install/teleop_robot_bridge/include/teleop_robot_bridge/teleop_robot_bridge/msg/detail/arm_joint_command__builder.hpp
[7.994s] -- Up-to-date: /home/eierobot/ROS/teleop_ws/src/teleop_robot_bridge/install/teleop_robot_bridge/include/teleop_robot_bridge/teleop_robot_bridge/msg/detail/head_motion_ctrl__traits.hpp
[7.994s] -- Up-to-date: /home/eierobot/ROS/teleop_ws/src/teleop_robot_bridge/install/teleop_robot_bridge/include/teleop_robot_bridge/teleop_robot_bridge/msg/detail/agv_battery_state__struct.hpp
[7.994s] -- Up-to-date: /home/eierobot/ROS/teleop_ws/src/teleop_robot_bridge/install/teleop_robot_bridge/include/teleop_robot_bridge/teleop_robot_bridge/msg/detail/temperature__struct.hpp
[7.994s] -- Up-to-date: /home/eierobot/ROS/teleop_ws/src/teleop_robot_bridge/install/teleop_robot_bridge/include/teleop_robot_bridge/teleop_robot_bridge/msg/detail/ee_tcp_command__struct.hpp
[7.994s] -- Up-to-date: /home/eierobot/ROS/teleop_ws/src/teleop_robot_bridge/install/teleop_robot_bridge/include/teleop_robot_bridge/teleop_robot_bridge/msg/detail/gripper_device_state__struct.hpp
[7.994s] -- Up-to-date: /home/eierobot/ROS/teleop_ws/src/teleop_robot_bridge/install/teleop_robot_bridge/include/teleop_robot_bridge/teleop_robot_bridge/msg/detail/head_joint_command__type_support.hpp
[7.995s] -- Up-to-date: /home/eierobot/ROS/teleop_ws/src/teleop_robot_bridge/install/teleop_robot_bridge/include/teleop_robot_bridge/teleop_robot_bridge/msg/detail/upper_body_device_state__type_support.hpp
[7.995s] -- Up-to-date: /home/eierobot/ROS/teleop_ws/src/teleop_robot_bridge/install/teleop_robot_bridge/include/teleop_robot_bridge/teleop_robot_bridge/msg/detail/upper_body_device_state__struct.hpp
[7.995s] -- Up-to-date: /home/eierobot/ROS/teleop_ws/src/teleop_robot_bridge/install/teleop_robot_bridge/include/teleop_robot_bridge/teleop_robot_bridge/msg/detail/waist_motion_ctrl__type_support.hpp
[7.995s] -- Up-to-date: /home/eierobot/ROS/teleop_ws/src/teleop_robot_bridge/install/teleop_robot_bridge/include/teleop_robot_bridge/teleop_robot_bridge/msg/detail/single_gripper_move__struct.hpp
[7.995s] -- Up-to-date: /home/eierobot/ROS/teleop_ws/src/teleop_robot_bridge/install/teleop_robot_bridge/include/teleop_robot_bridge/teleop_robot_bridge/msg/detail/agv_vel__builder.hpp
[7.995s] -- Up-to-date: /home/eierobot/ROS/teleop_ws/src/teleop_robot_bridge/install/teleop_robot_bridge/include/teleop_robot_bridge/teleop_robot_bridge/msg/detail/ee_tcp_command__type_support.hpp
[7.996s] -- Up-to-date: /home/eierobot/ROS/teleop_ws/src/teleop_robot_bridge/install/teleop_robot_bridge/include/teleop_robot_bridge/teleop_robot_bridge/msg/detail/waist_joint_feedback__struct.hpp
[7.996s] -- Up-to-date: /home/eierobot/ROS/teleop_ws/src/teleop_robot_bridge/install/teleop_robot_bridge/include/teleop_robot_bridge/teleop_robot_bridge/msg/detail/agv_cmd_vel__builder.hpp
[7.996s] -- Up-to-date: /home/eierobot/ROS/teleop_ws/src/teleop_robot_bridge/install/teleop_robot_bridge/include/teleop_robot_bridge/teleop_robot_bridge/msg/detail/agv_device_state__type_support.hpp
[7.996s] -- Up-to-date: /home/eierobot/ROS/teleop_ws/src/teleop_robot_bridge/install/teleop_robot_bridge/include/teleop_robot_bridge/teleop_robot_bridge/msg/detail/head_joint_feedback__traits.hpp
[7.996s] -- Up-to-date: /home/eierobot/ROS/teleop_ws/src/teleop_robot_bridge/install/teleop_robot_bridge/include/teleop_robot_bridge/teleop_robot_bridge/msg/detail/arm_joint_feedback__type_support.hpp
[7.997s] -- Up-to-date: /home/eierobot/ROS/teleop_ws/src/teleop_robot_bridge/install/teleop_robot_bridge/include/teleop_robot_bridge/teleop_robot_bridge/msg/detail/temperature__traits.hpp
[7.997s] -- Up-to-date: /home/eierobot/ROS/teleop_ws/src/teleop_robot_bridge/install/teleop_robot_bridge/include/teleop_robot_bridge/teleop_robot_bridge/msg/detail/single_gripper_move__builder.hpp
[7.997s] -- Up-to-date: /home/eierobot/ROS/teleop_ws/src/teleop_robot_bridge/install/teleop_robot_bridge/include/teleop_robot_bridge/teleop_robot_bridge/msg/detail/arm_joint_command__traits.hpp
[7.997s] -- Up-to-date: /home/eierobot/ROS/teleop_ws/src/teleop_robot_bridge/install/teleop_robot_bridge/include/teleop_robot_bridge/teleop_robot_bridge/msg/detail/agv_joint_feedback__traits.hpp
[7.998s] -- Up-to-date: /home/eierobot/ROS/teleop_ws/src/teleop_robot_bridge/install/teleop_robot_bridge/include/teleop_robot_bridge/teleop_robot_bridge/msg/detail/agv_battery_state__type_support.hpp
[7.998s] -- Up-to-date: /home/eierobot/ROS/teleop_ws/src/teleop_robot_bridge/install/teleop_robot_bridge/include/teleop_robot_bridge/teleop_robot_bridge/msg/detail/waist_joint_command__type_support.hpp
[7.998s] -- Up-to-date: /home/eierobot/ROS/teleop_ws/src/teleop_robot_bridge/install/teleop_robot_bridge/include/teleop_robot_bridge/teleop_robot_bridge/msg/detail/head_joint_feedback__builder.hpp
[7.998s] -- Up-to-date: /home/eierobot/ROS/teleop_ws/src/teleop_robot_bridge/install/teleop_robot_bridge/include/teleop_robot_bridge/teleop_robot_bridge/msg/detail/single_device_state__builder.hpp
[7.999s] -- Up-to-date: /home/eierobot/ROS/teleop_ws/src/teleop_robot_bridge/install/teleop_robot_bridge/include/teleop_robot_bridge/teleop_robot_bridge/msg/detail/agv_joint_feedback__type_support.hpp
[7.999s] -- Up-to-date: /home/eierobot/ROS/teleop_ws/src/teleop_robot_bridge/install/teleop_robot_bridge/include/teleop_robot_bridge/teleop_robot_bridge/msg/detail/agv_joint_status__struct.hpp
[7.999s] -- Up-to-date: /home/eierobot/ROS/teleop_ws/src/teleop_robot_bridge/install/teleop_robot_bridge/include/teleop_robot_bridge/teleop_robot_bridge/msg/detail/agv_vel__traits.hpp
[7.999s] -- Up-to-date: /home/eierobot/ROS/teleop_ws/src/teleop_robot_bridge/install/teleop_robot_bridge/include/teleop_robot_bridge/teleop_robot_bridge/msg/detail/waist_joint_status__traits.hpp
[7.999s] -- Up-to-date: /home/eierobot/ROS/teleop_ws/src/teleop_robot_bridge/install/teleop_robot_bridge/include/teleop_robot_bridge/teleop_robot_bridge/msg/detail/agv_vel__type_support.hpp
[8.000s] -- Up-to-date: /home/eierobot/ROS/teleop_ws/src/teleop_robot_bridge/install/teleop_robot_bridge/include/teleop_robot_bridge/teleop_robot_bridge/msg/detail/agv_imu__struct.hpp
[8.000s] -- Up-to-date: /home/eierobot/ROS/teleop_ws/src/teleop_robot_bridge/install/teleop_robot_bridge/include/teleop_robot_bridge/teleop_robot_bridge/msg/detail/upper_body_device_state__builder.hpp
[8.000s] -- Up-to-date: /home/eierobot/ROS/teleop_ws/src/teleop_robot_bridge/install/teleop_robot_bridge/include/teleop_robot_bridge/teleop_robot_bridge/msg/detail/gripper_move__struct.hpp
[8.000s] -- Up-to-date: /home/eierobot/ROS/teleop_ws/src/teleop_robot_bridge/install/teleop_robot_bridge/include/teleop_robot_bridge/teleop_robot_bridge/msg/detail/joint_status__builder.hpp
[8.000s] -- Up-to-date: /home/eierobot/ROS/teleop_ws/src/teleop_robot_bridge/install/teleop_robot_bridge/include/teleop_robot_bridge/teleop_robot_bridge/msg/detail/waist_tcp_command__traits.hpp
[8.001s] -- Up-to-date: /home/eierobot/ROS/teleop_ws/src/teleop_robot_bridge/install/teleop_robot_bridge/include/teleop_robot_bridge/teleop_robot_bridge/msg/detail/head_joint_status__builder.hpp
[8.001s] -- Up-to-date: /home/eierobot/ROS/teleop_ws/src/teleop_robot_bridge/install/teleop_robot_bridge/include/teleop_robot_bridge/teleop_robot_bridge/msg/detail/gripper_status__type_support.hpp
[8.001s] -- Up-to-date: /home/eierobot/ROS/teleop_ws/src/teleop_robot_bridge/install/teleop_robot_bridge/include/teleop_robot_bridge/teleop_robot_bridge/msg/detail/agv_imu__type_support.hpp
[8.001s] -- Up-to-date: /home/eierobot/ROS/teleop_ws/src/teleop_robot_bridge/install/teleop_robot_bridge/include/teleop_robot_bridge/teleop_robot_bridge/msg/detail/temperature__builder.hpp
[8.002s] -- Up-to-date: /home/eierobot/ROS/teleop_ws/src/teleop_robot_bridge/install/teleop_robot_bridge/include/teleop_robot_bridge/teleop_robot_bridge/msg/detail/single_gripper_status__builder.hpp
[8.002s] -- Up-to-date: /home/eierobot/ROS/teleop_ws/src/teleop_robot_bridge/install/teleop_robot_bridge/include/teleop_robot_bridge/teleop_robot_bridge/msg/detail/arm_motion_ctrl__builder.hpp
[8.002s] -- Up-to-date: /home/eierobot/ROS/teleop_ws/src/teleop_robot_bridge/install/teleop_robot_bridge/include/teleop_robot_bridge/teleop_robot_bridge/msg/detail/agv_joint_status__type_support.hpp
[8.002s] -- Up-to-date: /home/eierobot/ROS/teleop_ws/src/teleop_robot_bridge/install/teleop_robot_bridge/include/teleop_robot_bridge/teleop_robot_bridge/msg/detail/waist_tcp_command__type_support.hpp
[8.002s] -- Up-to-date: /home/eierobot/ROS/teleop_ws/src/teleop_robot_bridge/install/teleop_robot_bridge/include/teleop_robot_bridge/teleop_robot_bridge/msg/detail/head_joint_status__traits.hpp
[8.003s] -- Up-to-date: /home/eierobot/ROS/teleop_ws/src/teleop_robot_bridge/install/teleop_robot_bridge/include/teleop_robot_bridge/teleop_robot_bridge/msg/detail/agv_cmd_vel__traits.hpp
[8.003s] -- Up-to-date: /home/eierobot/ROS/teleop_ws/src/teleop_robot_bridge/install/teleop_robot_bridge/include/teleop_robot_bridge/teleop_robot_bridge/msg/detail/waist_joint_feedback__traits.hpp
[8.003s] -- Up-to-date: /home/eierobot/ROS/teleop_ws/src/teleop_robot_bridge/install/teleop_robot_bridge/include/teleop_robot_bridge/teleop_robot_bridge/msg/detail/waist_joint_command__builder.hpp
[8.003s] -- Up-to-date: /home/eierobot/ROS/teleop_ws/src/teleop_robot_bridge/install/teleop_robot_bridge/include/teleop_robot_bridge/teleop_robot_bridge/msg/detail/single_gripper_move__type_support.hpp
[8.003s] -- Up-to-date: /home/eierobot/ROS/teleop_ws/src/teleop_robot_bridge/install/teleop_robot_bridge/include/teleop_robot_bridge/teleop_robot_bridge/msg/detail/agv_ultrasonic__type_support.hpp
[8.003s] -- Up-to-date: /home/eierobot/ROS/teleop_ws/src/teleop_robot_bridge/install/teleop_robot_bridge/include/teleop_robot_bridge/teleop_robot_bridge/msg/detail/arm_joint_feedback__struct.hpp
[8.004s] -- Up-to-date: /home/eierobot/ROS/teleop_ws/src/teleop_robot_bridge/install/teleop_robot_bridge/include/teleop_robot_bridge/teleop_robot_bridge/msg/detail/waist_tcp_command__builder.hpp
[8.004s] -- Up-to-date: /home/eierobot/ROS/teleop_ws/src/teleop_robot_bridge/install/teleop_robot_bridge/include/teleop_robot_bridge/teleop_robot_bridge/msg/detail/single_gripper_move__traits.hpp
[8.004s] -- Up-to-date: /home/eierobot/ROS/teleop_ws/src/teleop_robot_bridge/install/teleop_robot_bridge/include/teleop_robot_bridge/teleop_robot_bridge/msg/detail/single_device_state__type_support.hpp
[8.004s] -- Up-to-date: /home/eierobot/ROS/teleop_ws/src/teleop_robot_bridge/install/teleop_robot_bridge/include/teleop_robot_bridge/teleop_robot_bridge/msg/detail/arm_joint_command__struct.hpp
[8.004s] -- Up-to-date: /home/eierobot/ROS/teleop_ws/src/teleop_robot_bridge/install/teleop_robot_bridge/include/teleop_robot_bridge/teleop_robot_bridge/msg/detail/agv_motion_ctrl__type_support.hpp
[8.004s] -- Up-to-date: /home/eierobot/ROS/teleop_ws/src/teleop_robot_bridge/install/teleop_robot_bridge/include/teleop_robot_bridge/teleop_robot_bridge/msg/detail/single_device_state__traits.hpp
[8.004s] -- Up-to-date: /home/eierobot/ROS/teleop_ws/src/teleop_robot_bridge/install/teleop_robot_bridge/include/teleop_robot_bridge/teleop_robot_bridge/msg/detail/agv_motion_ctrl__traits.hpp
[8.005s] -- Up-to-date: /home/eierobot/ROS/teleop_ws/src/teleop_robot_bridge/install/teleop_robot_bridge/include/teleop_robot_bridge/teleop_robot_bridge/msg/detail/head_motion_ctrl__type_support.hpp
[8.005s] -- Up-to-date: /home/eierobot/ROS/teleop_ws/src/teleop_robot_bridge/install/teleop_robot_bridge/include/teleop_robot_bridge/teleop_robot_bridge/msg/detail/agv_ultrasonic__builder.hpp
[8.005s] -- Up-to-date: /home/eierobot/ROS/teleop_ws/src/teleop_robot_bridge/install/teleop_robot_bridge/include/teleop_robot_bridge/teleop_robot_bridge/msg/detail/waist_joint_command__traits.hpp
[8.005s] -- Up-to-date: /home/eierobot/ROS/teleop_ws/src/teleop_robot_bridge/install/teleop_robot_bridge/include/teleop_robot_bridge/teleop_robot_bridge/msg/detail/single_gripper_status__type_support.hpp
[8.005s] -- Up-to-date: /home/eierobot/ROS/teleop_ws/src/teleop_robot_bridge/install/teleop_robot_bridge/include/teleop_robot_bridge/teleop_robot_bridge/msg/detail/ee_tcp_command__traits.hpp
[8.005s] -- Up-to-date: /home/eierobot/ROS/teleop_ws/src/teleop_robot_bridge/install/teleop_robot_bridge/include/teleop_robot_bridge/teleop_robot_bridge/msg/detail/waist_joint_status__type_support.hpp
[8.005s] -- Up-to-date: /home/eierobot/ROS/teleop_ws/src/teleop_robot_bridge/install/teleop_robot_bridge/include/teleop_robot_bridge/teleop_robot_bridge/msg/detail/arm_joint_status__struct.hpp
[8.005s] -- Up-to-date: /home/eierobot/ROS/teleop_ws/src/teleop_robot_bridge/install/teleop_robot_bridge/include/teleop_robot_bridge/teleop_robot_bridge/msg/detail/joy_state__traits.hpp
[8.005s] -- Up-to-date: /home/eierobot/ROS/teleop_ws/src/teleop_robot_bridge/install/teleop_robot_bridge/include/teleop_robot_bridge/teleop_robot_bridge/msg/detail/waist_tcp_command__struct.hpp
[8.006s] -- Up-to-date: /home/eierobot/ROS/teleop_ws/src/teleop_robot_bridge/install/teleop_robot_bridge/include/teleop_robot_bridge/teleop_robot_bridge/msg/detail/arm_motion_ctrl__type_support.hpp
[8.006s] -- Up-to-date: /home/eierobot/ROS/teleop_ws/src/teleop_robot_bridge/install/teleop_robot_bridge/include/teleop_robot_bridge/teleop_robot_bridge/msg/detail/arm_motion_ctrl__traits.hpp
[8.006s] -- Up-to-date: /home/eierobot/ROS/teleop_ws/src/teleop_robot_bridge/install/teleop_robot_bridge/include/teleop_robot_bridge/teleop_robot_bridge/msg/detail/waist_motion_ctrl__struct.hpp
[8.006s] -- Up-to-date: /home/eierobot/ROS/teleop_ws/src/teleop_robot_bridge/install/teleop_robot_bridge/include/teleop_robot_bridge/teleop_robot_bridge/msg/detail/agv_cmd_vel__type_support.hpp
[8.006s] -- Up-to-date: /home/eierobot/ROS/teleop_ws/src/teleop_robot_bridge/install/teleop_robot_bridge/include/teleop_robot_bridge/teleop_robot_bridge/msg/detail/single_gripper_status__struct.hpp
[8.006s] -- Up-to-date: /home/eierobot/ROS/teleop_ws/src/teleop_robot_bridge/install/teleop_robot_bridge/include/teleop_robot_bridge/teleop_robot_bridge/msg/detail/joy_state__struct.hpp
[8.006s] -- Up-to-date: /home/eierobot/ROS/teleop_ws/src/teleop_robot_bridge/install/teleop_robot_bridge/include/teleop_robot_bridge/teleop_robot_bridge/msg/detail/joint_status__struct.hpp
[8.007s] -- Up-to-date: /home/eierobot/ROS/teleop_ws/src/teleop_robot_bridge/install/teleop_robot_bridge/include/teleop_robot_bridge/teleop_robot_bridge/msg/detail/gripper_move__traits.hpp
[8.007s] -- Up-to-date: /home/eierobot/ROS/teleop_ws/src/teleop_robot_bridge/install/teleop_robot_bridge/include/teleop_robot_bridge/teleop_robot_bridge/msg/detail/waist_motion_ctrl__builder.hpp
[8.007s] -- Up-to-date: /home/eierobot/ROS/teleop_ws/src/teleop_robot_bridge/install/teleop_robot_bridge/include/teleop_robot_bridge/teleop_robot_bridge/msg/detail/gripper_move__type_support.hpp
[8.007s] -- Up-to-date: /home/eierobot/ROS/teleop_ws/src/teleop_robot_bridge/install/teleop_robot_bridge/include/teleop_robot_bridge/teleop_robot_bridge/msg/detail/gripper_tactile__type_support.hpp
[8.007s] -- Up-to-date: /home/eierobot/ROS/teleop_ws/src/teleop_robot_bridge/install/teleop_robot_bridge/include/teleop_robot_bridge/teleop_robot_bridge/msg/detail/gripper_status__traits.hpp
[8.007s] -- Up-to-date: /home/eierobot/ROS/teleop_ws/src/teleop_robot_bridge/install/teleop_robot_bridge/include/teleop_robot_bridge/teleop_robot_bridge/msg/detail/agv_motion_ctrl__struct.hpp
[8.007s] -- Up-to-date: /home/eierobot/ROS/teleop_ws/src/teleop_robot_bridge/install/teleop_robot_bridge/include/teleop_robot_bridge/teleop_robot_bridge/msg/detail/agv_device_state__struct.hpp
[8.007s] -- Up-to-date: /home/eierobot/ROS/teleop_ws/src/teleop_robot_bridge/install/teleop_robot_bridge/include/teleop_robot_bridge/teleop_robot_bridge/msg/detail/gripper_device_state__type_support.hpp
[8.008s] -- Up-to-date: /home/eierobot/ROS/teleop_ws/src/teleop_robot_bridge/install/teleop_robot_bridge/include/teleop_robot_bridge/teleop_robot_bridge/msg/detail/arm_joint_status__traits.hpp
[8.008s] -- Up-to-date: /home/eierobot/ROS/teleop_ws/src/teleop_robot_bridge/install/teleop_robot_bridge/include/teleop_robot_bridge/teleop_robot_bridge/msg/detail/hand_tactile__traits.hpp
[8.008s] -- Up-to-date: /home/eierobot/ROS/teleop_ws/src/teleop_robot_bridge/install/teleop_robot_bridge/include/teleop_robot_bridge/teleop_robot_bridge/msg/agv_battery_state.hpp
[8.008s] -- Up-to-date: /home/eierobot/ROS/teleop_ws/src/teleop_robot_bridge/install/teleop_robot_bridge/include/teleop_robot_bridge/teleop_robot_bridge/msg/gripper_tactile.hpp
[8.008s] -- Up-to-date: /home/eierobot/ROS/teleop_ws/src/teleop_robot_bridge/install/teleop_robot_bridge/include/teleop_robot_bridge/teleop_robot_bridge/msg/temperature.hpp
[8.008s] -- Up-to-date: /home/eierobot/ROS/teleop_ws/src/teleop_robot_bridge/install/teleop_robot_bridge/include/teleop_robot_bridge/teleop_robot_bridge/msg/single_gripper_status.hpp
[8.008s] -- Up-to-date: /home/eierobot/ROS/teleop_ws/src/teleop_robot_bridge/install/teleop_robot_bridge/include/teleop_robot_bridge/teleop_robot_bridge/msg/rosidl_generator_cpp__visibility_control.hpp
[8.008s] -- Up-to-date: /home/eierobot/ROS/teleop_ws/src/teleop_robot_bridge/install/teleop_robot_bridge/include/teleop_robot_bridge/teleop_robot_bridge/msg/waist_joint_feedback.hpp
[8.009s] -- Up-to-date: /home/eierobot/ROS/teleop_ws/src/teleop_robot_bridge/install/teleop_robot_bridge/include/teleop_robot_bridge/teleop_robot_bridge/msg/waist_joint_command.hpp
[8.009s] -- Up-to-date: /home/eierobot/ROS/teleop_ws/src/teleop_robot_bridge/install/teleop_robot_bridge/include/teleop_robot_bridge/teleop_robot_bridge/msg/agv_joint_status.hpp
[8.009s] -- Up-to-date: /home/eierobot/ROS/teleop_ws/src/teleop_robot_bridge/install/teleop_robot_bridge/include/teleop_robot_bridge/teleop_robot_bridge/msg/agv_device_state.hpp
[8.009s] -- Up-to-date: /home/eierobot/ROS/teleop_ws/src/teleop_robot_bridge/install/teleop_robot_bridge/include/teleop_robot_bridge/teleop_robot_bridge/msg/agv_joint_feedback.hpp
[8.009s] -- Up-to-date: /home/eierobot/ROS/teleop_ws/src/teleop_robot_bridge/install/teleop_robot_bridge/include/teleop_robot_bridge/teleop_robot_bridge/msg/agv_motion_ctrl.hpp
[8.009s] -- Up-to-date: /home/eierobot/ROS/teleop_ws/src/teleop_robot_bridge/install/teleop_robot_bridge/include/teleop_robot_bridge/teleop_robot_bridge
[8.009s] -- Up-to-date: /home/eierobot/ROS/teleop_ws/src/teleop_robot_bridge/install/teleop_robot_bridge/include/teleop_robot_bridge/teleop_robot_bridge/msg
[8.009s] -- Up-to-date: /home/eierobot/ROS/teleop_ws/src/teleop_robot_bridge/install/teleop_robot_bridge/include/teleop_robot_bridge/teleop_robot_bridge/msg/rosidl_typesupport_fastrtps_cpp__visibility_control.h
[8.010s] -- Up-to-date: /home/eierobot/ROS/teleop_ws/src/teleop_robot_bridge/install/teleop_robot_bridge/include/teleop_robot_bridge/teleop_robot_bridge/msg/detail
[8.010s] -- Up-to-date: /home/eierobot/ROS/teleop_ws/src/teleop_robot_bridge/install/teleop_robot_bridge/include/teleop_robot_bridge/teleop_robot_bridge/msg/detail/single_device_state__rosidl_typesupport_fastrtps_cpp.hpp
[8.010s] -- Up-to-date: /home/eierobot/ROS/teleop_ws/src/teleop_robot_bridge/install/teleop_robot_bridge/include/teleop_robot_bridge/teleop_robot_bridge/msg/detail/waist_joint_status__rosidl_typesupport_fastrtps_cpp.hpp
[8.010s] -- Up-to-date: /home/eierobot/ROS/teleop_ws/src/teleop_robot_bridge/install/teleop_robot_bridge/include/teleop_robot_bridge/teleop_robot_bridge/msg/detail/agv_joint_status__rosidl_typesupport_fastrtps_cpp.hpp
[8.010s] -- Up-to-date: /home/eierobot/ROS/teleop_ws/src/teleop_robot_bridge/install/teleop_robot_bridge/include/teleop_robot_bridge/teleop_robot_bridge/msg/detail/waist_joint_feedback__rosidl_typesupport_fastrtps_cpp.hpp
[8.010s] -- Up-to-date: /home/eierobot/ROS/teleop_ws/src/teleop_robot_bridge/install/teleop_robot_bridge/include/teleop_robot_bridge/teleop_robot_bridge/msg/detail/gripper_device_state__rosidl_typesupport_fastrtps_cpp.hpp
[8.010s] -- Up-to-date: /home/eierobot/ROS/teleop_ws/src/teleop_robot_bridge/install/teleop_robot_bridge/include/teleop_robot_bridge/teleop_robot_bridge/msg/detail/agv_imu__rosidl_typesupport_fastrtps_cpp.hpp
[8.010s] -- Up-to-date: /home/eierobot/ROS/teleop_ws/src/teleop_robot_bridge/install/teleop_robot_bridge/include/teleop_robot_bridge/teleop_robot_bridge/msg/detail/arm_joint_command__rosidl_typesupport_fastrtps_cpp.hpp
[8.010s] -- Up-to-date: /home/eierobot/ROS/teleop_ws/src/teleop_robot_bridge/install/teleop_robot_bridge/include/teleop_robot_bridge/teleop_robot_bridge/msg/detail/gripper_tactile__rosidl_typesupport_fastrtps_cpp.hpp
[8.011s] -- Up-to-date: /home/eierobot/ROS/teleop_ws/src/teleop_robot_bridge/install/teleop_robot_bridge/include/teleop_robot_bridge/teleop_robot_bridge/msg/detail/single_gripper_status__rosidl_typesupport_fastrtps_cpp.hpp
[8.011s] -- Up-to-date: /home/eierobot/ROS/teleop_ws/src/teleop_robot_bridge/install/teleop_robot_bridge/include/teleop_robot_bridge/teleop_robot_bridge/msg/detail/gripper_status__rosidl_typesupport_fastrtps_cpp.hpp
[8.011s] -- Up-to-date: /home/eierobot/ROS/teleop_ws/src/teleop_robot_bridge/install/teleop_robot_bridge/include/teleop_robot_bridge/teleop_robot_bridge/msg/detail/arm_joint_feedback__rosidl_typesupport_fastrtps_cpp.hpp
[8.011s] -- Up-to-date: /home/eierobot/ROS/teleop_ws/src/teleop_robot_bridge/install/teleop_robot_bridge/include/teleop_robot_bridge/teleop_robot_bridge/msg/detail/waist_motion_ctrl__rosidl_typesupport_fastrtps_cpp.hpp
[8.011s] -- Up-to-date: /home/eierobot/ROS/teleop_ws/src/teleop_robot_bridge/install/teleop_robot_bridge/include/teleop_robot_bridge/teleop_robot_bridge/msg/detail/head_joint_command__rosidl_typesupport_fastrtps_cpp.hpp
[8.011s] -- Up-to-date: /home/eierobot/ROS/teleop_ws/src/teleop_robot_bridge/install/teleop_robot_bridge/include/teleop_robot_bridge/teleop_robot_bridge/msg/detail/agv_battery_state__rosidl_typesupport_fastrtps_cpp.hpp
[8.011s] -- Up-to-date: /home/eierobot/ROS/teleop_ws/src/teleop_robot_bridge/install/teleop_robot_bridge/include/teleop_robot_bridge/teleop_robot_bridge/msg/detail/agv_joint_feedback__rosidl_typesupport_fastrtps_cpp.hpp
[8.011s] -- Up-to-date: /home/eierobot/ROS/teleop_ws/src/teleop_robot_bridge/install/teleop_robot_bridge/include/teleop_robot_bridge/teleop_robot_bridge/msg/detail/ee_tcp_command__rosidl_typesupport_fastrtps_cpp.hpp
[8.012s] -- Up-to-date: /home/eierobot/ROS/teleop_ws/src/teleop_robot_bridge/install/teleop_robot_bridge/include/teleop_robot_bridge/teleop_robot_bridge/msg/detail/agv_cmd_vel__rosidl_typesupport_fastrtps_cpp.hpp
[8.012s] -- Up-to-date: /home/eierobot/ROS/teleop_ws/src/teleop_robot_bridge/install/teleop_robot_bridge/include/teleop_robot_bridge/teleop_robot_bridge/msg/detail/upper_body_device_state__rosidl_typesupport_fastrtps_cpp.hpp
[8.012s] -- Up-to-date: /home/eierobot/ROS/teleop_ws/src/teleop_robot_bridge/install/teleop_robot_bridge/include/teleop_robot_bridge/teleop_robot_bridge/msg/detail/waist_joint_command__rosidl_typesupport_fastrtps_cpp.hpp
[8.012s] -- Up-to-date: /home/eierobot/ROS/teleop_ws/src/teleop_robot_bridge/install/teleop_robot_bridge/include/teleop_robot_bridge/teleop_robot_bridge/msg/detail/agv_vda5050_state__rosidl_typesupport_fastrtps_cpp.hpp
[8.012s] -- Up-to-date: /home/eierobot/ROS/teleop_ws/src/teleop_robot_bridge/install/teleop_robot_bridge/include/teleop_robot_bridge/teleop_robot_bridge/msg/detail/joint_status__rosidl_typesupport_fastrtps_cpp.hpp
[8.012s] -- Up-to-date: /home/eierobot/ROS/teleop_ws/src/teleop_robot_bridge/install/teleop_robot_bridge/include/teleop_robot_bridge/teleop_robot_bridge/msg/detail/joy_state__rosidl_typesupport_fastrtps_cpp.hpp
[8.012s] -- Up-to-date: /home/eierobot/ROS/teleop_ws/src/teleop_robot_bridge/install/teleop_robot_bridge/include/teleop_robot_bridge/teleop_robot_bridge/msg/detail/head_joint_status__rosidl_typesupport_fastrtps_cpp.hpp
[8.012s] -- Up-to-date: /home/eierobot/ROS/teleop_ws/src/teleop_robot_bridge/install/teleop_robot_bridge/include/teleop_robot_bridge/teleop_robot_bridge/msg/detail/head_motion_ctrl__rosidl_typesupport_fastrtps_cpp.hpp
[8.012s] -- Up-to-date: /home/eierobot/ROS/teleop_ws/src/teleop_robot_bridge/install/teleop_robot_bridge/include/teleop_robot_bridge/teleop_robot_bridge/msg/detail/arm_joint_status__rosidl_typesupport_fastrtps_cpp.hpp
[8.013s] -- Up-to-date: /home/eierobot/ROS/teleop_ws/src/teleop_robot_bridge/install/teleop_robot_bridge/include/teleop_robot_bridge/teleop_robot_bridge/msg/detail/dds_fastrtps
[8.013s] -- Up-to-date: /home/eierobot/ROS/teleop_ws/src/teleop_robot_bridge/install/teleop_robot_bridge/include/teleop_robot_bridge/teleop_robot_bridge/msg/detail/gripper_move__rosidl_typesupport_fastrtps_cpp.hpp
[8.013s] -- Up-to-date: /home/eierobot/ROS/teleop_ws/src/teleop_robot_bridge/install/teleop_robot_bridge/include/teleop_robot_bridge/teleop_robot_bridge/msg/detail/hand_tactile__rosidl_typesupport_fastrtps_cpp.hpp
[8.013s] -- Up-to-date: /home/eierobot/ROS/teleop_ws/src/teleop_robot_bridge/install/teleop_robot_bridge/include/teleop_robot_bridge/teleop_robot_bridge/msg/detail/agv_motion_ctrl__rosidl_typesupport_fastrtps_cpp.hpp
[8.013s] -- Up-to-date: /home/eierobot/ROS/teleop_ws/src/teleop_robot_bridge/install/teleop_robot_bridge/include/teleop_robot_bridge/teleop_robot_bridge/msg/detail/waist_tcp_command__rosidl_typesupport_fastrtps_cpp.hpp
[8.013s] -- Up-to-date: /home/eierobot/ROS/teleop_ws/src/teleop_robot_bridge/install/teleop_robot_bridge/include/teleop_robot_bridge/teleop_robot_bridge/msg/detail/temperature__rosidl_typesupport_fastrtps_cpp.hpp
[8.013s] -- Up-to-date: /home/eierobot/ROS/teleop_ws/src/teleop_robot_bridge/install/teleop_robot_bridge/include/teleop_robot_bridge/teleop_robot_bridge/msg/detail/agv_device_state__rosidl_typesupport_fastrtps_cpp.hpp
[8.013s] -- Up-to-date: /home/eierobot/ROS/teleop_ws/src/teleop_robot_bridge/install/teleop_robot_bridge/include/teleop_robot_bridge/teleop_robot_bridge/msg/detail/arm_motion_ctrl__rosidl_typesupport_fastrtps_cpp.hpp
[8.013s] -- Up-to-date: /home/eierobot/ROS/teleop_ws/src/teleop_robot_bridge/install/teleop_robot_bridge/include/teleop_robot_bridge/teleop_robot_bridge/msg/detail/agv_vel__rosidl_typesupport_fastrtps_cpp.hpp
[8.014s] -- Up-to-date: /home/eierobot/ROS/teleop_ws/src/teleop_robot_bridge/install/teleop_robot_bridge/include/teleop_robot_bridge/teleop_robot_bridge/msg/detail/single_gripper_move__rosidl_typesupport_fastrtps_cpp.hpp
[8.014s] -- Up-to-date: /home/eierobot/ROS/teleop_ws/src/teleop_robot_bridge/install/teleop_robot_bridge/include/teleop_robot_bridge/teleop_robot_bridge/msg/detail/head_joint_feedback__rosidl_typesupport_fastrtps_cpp.hpp
[8.014s] -- Up-to-date: /home/eierobot/ROS/teleop_ws/src/teleop_robot_bridge/install/teleop_robot_bridge/include/teleop_robot_bridge/teleop_robot_bridge/msg/detail/agv_ultrasonic__rosidl_typesupport_fastrtps_cpp.hpp
[8.014s] -- Up-to-date: /home/eierobot/ROS/teleop_ws/src/teleop_robot_bridge/install/teleop_robot_bridge/lib/libteleop_robot_bridge__rosidl_typesupport_fastrtps_cpp.so
[8.014s] -- Up-to-date: /home/eierobot/ROS/teleop_ws/src/teleop_robot_bridge/install/teleop_robot_bridge/include/teleop_robot_bridge/teleop_robot_bridge
[8.014s] -- Up-to-date: /home/eierobot/ROS/teleop_ws/src/teleop_robot_bridge/install/teleop_robot_bridge/include/teleop_robot_bridge/teleop_robot_bridge/msg
[8.014s] -- Up-to-date: /home/eierobot/ROS/teleop_ws/src/teleop_robot_bridge/install/teleop_robot_bridge/include/teleop_robot_bridge/teleop_robot_bridge/msg/detail
[8.014s] -- Up-to-date: /home/eierobot/ROS/teleop_ws/src/teleop_robot_bridge/install/teleop_robot_bridge/include/teleop_robot_bridge/teleop_robot_bridge/msg/detail/waist_motion_ctrl__type_support.cpp
[8.014s] -- Up-to-date: /home/eierobot/ROS/teleop_ws/src/teleop_robot_bridge/install/teleop_robot_bridge/include/teleop_robot_bridge/teleop_robot_bridge/msg/detail/waist_motion_ctrl__rosidl_typesupport_introspection_cpp.hpp
[8.015s] -- Up-to-date: /home/eierobot/ROS/teleop_ws/src/teleop_robot_bridge/install/teleop_robot_bridge/include/teleop_robot_bridge/teleop_robot_bridge/msg/detail/arm_motion_ctrl__type_support.cpp
[8.015s] -- Up-to-date: /home/eierobot/ROS/teleop_ws/src/teleop_robot_bridge/install/teleop_robot_bridge/include/teleop_robot_bridge/teleop_robot_bridge/msg/detail/arm_joint_feedback__rosidl_typesupport_introspection_cpp.hpp
[8.015s] -- Up-to-date: /home/eierobot/ROS/teleop_ws/src/teleop_robot_bridge/install/teleop_robot_bridge/include/teleop_robot_bridge/teleop_robot_bridge/msg/detail/agv_imu__rosidl_typesupport_introspection_cpp.hpp
[8.015s] -- Up-to-date: /home/eierobot/ROS/teleop_ws/src/teleop_robot_bridge/install/teleop_robot_bridge/include/teleop_robot_bridge/teleop_robot_bridge/msg/detail/single_gripper_status__rosidl_typesupport_introspection_cpp.hpp
[8.015s] -- Up-to-date: /home/eierobot/ROS/teleop_ws/src/teleop_robot_bridge/install/teleop_robot_bridge/include/teleop_robot_bridge/teleop_robot_bridge/msg/detail/gripper_device_state__type_support.cpp
[8.015s] -- Up-to-date: /home/eierobot/ROS/teleop_ws/src/teleop_robot_bridge/install/teleop_robot_bridge/include/teleop_robot_bridge/teleop_robot_bridge/msg/detail/joy_state__rosidl_typesupport_introspection_cpp.hpp
[8.015s] -- Up-to-date: /home/eierobot/ROS/teleop_ws/src/teleop_robot_bridge/install/teleop_robot_bridge/include/teleop_robot_bridge/teleop_robot_bridge/msg/detail/head_motion_ctrl__rosidl_typesupport_introspection_cpp.hpp
[8.015s] -- Up-to-date: /home/eierobot/ROS/teleop_ws/src/teleop_robot_bridge/install/teleop_robot_bridge/include/teleop_robot_bridge/teleop_robot_bridge/msg/detail/agv_ultrasonic__rosidl_typesupport_introspection_cpp.hpp
[8.015s] -- Up-to-date: /home/eierobot/ROS/teleop_ws/src/teleop_robot_bridge/install/teleop_robot_bridge/include/teleop_robot_bridge/teleop_robot_bridge/msg/detail/single_device_state__rosidl_typesupport_introspection_cpp.hpp
[8.016s] -- Up-to-date: /home/eierobot/ROS/teleop_ws/src/teleop_robot_bridge/install/teleop_robot_bridge/include/teleop_robot_bridge/teleop_robot_bridge/msg/detail/agv_ultrasonic__type_support.cpp
[8.016s] -- Up-to-date: /home/eierobot/ROS/teleop_ws/src/teleop_robot_bridge/install/teleop_robot_bridge/include/teleop_robot_bridge/teleop_robot_bridge/msg/detail/head_joint_command__type_support.cpp
[8.016s] -- Up-to-date: /home/eierobot/ROS/teleop_ws/src/teleop_robot_bridge/install/teleop_robot_bridge/include/teleop_robot_bridge/teleop_robot_bridge/msg/detail/agv_joint_feedback__rosidl_typesupport_introspection_cpp.hpp
[8.016s] -- Up-to-date: /home/eierobot/ROS/teleop_ws/src/teleop_robot_bridge/install/teleop_robot_bridge/include/teleop_robot_bridge/teleop_robot_bridge/msg/detail/waist_tcp_command__type_support.cpp
[8.016s] -- Up-to-date: /home/eierobot/ROS/teleop_ws/src/teleop_robot_bridge/install/teleop_robot_bridge/include/teleop_robot_bridge/teleop_robot_bridge/msg/detail/gripper_tactile__rosidl_typesupport_introspection_cpp.hpp
[8.016s] -- Up-to-date: /home/eierobot/ROS/teleop_ws/src/teleop_robot_bridge/install/teleop_robot_bridge/include/teleop_robot_bridge/teleop_robot_bridge/msg/detail/agv_vda5050_state__type_support.cpp
[8.016s] -- Up-to-date: /home/eierobot/ROS/teleop_ws/src/teleop_robot_bridge/install/teleop_robot_bridge/include/teleop_robot_bridge/teleop_robot_bridge/msg/detail/upper_body_device_state__type_support.cpp
[8.016s] -- Up-to-date: /home/eierobot/ROS/teleop_ws/src/teleop_robot_bridge/install/teleop_robot_bridge/include/teleop_robot_bridge/teleop_robot_bridge/msg/detail/head_joint_feedback__type_support.cpp
[8.016s] -- Up-to-date: /home/eierobot/ROS/teleop_ws/src/teleop_robot_bridge/install/teleop_robot_bridge/include/teleop_robot_bridge/teleop_robot_bridge/msg/detail/gripper_tactile__type_support.cpp
[8.017s] -- Up-to-date: /home/eierobot/ROS/teleop_ws/src/teleop_robot_bridge/install/teleop_robot_bridge/include/teleop_robot_bridge/teleop_robot_bridge/msg/detail/waist_joint_status__rosidl_typesupport_introspection_cpp.hpp
[8.017s] -- Up-to-date: /home/eierobot/ROS/teleop_ws/src/teleop_robot_bridge/install/teleop_robot_bridge/include/teleop_robot_bridge/teleop_robot_bridge/msg/detail/single_gripper_move__type_support.cpp
[8.017s] -- Up-to-date: /home/eierobot/ROS/teleop_ws/src/teleop_robot_bridge/install/teleop_robot_bridge/include/teleop_robot_bridge/teleop_robot_bridge/msg/detail/arm_joint_command__rosidl_typesupport_introspection_cpp.hpp
[8.017s] -- Up-to-date: /home/eierobot/ROS/teleop_ws/src/teleop_robot_bridge/install/teleop_robot_bridge/include/teleop_robot_bridge/teleop_robot_bridge/msg/detail/arm_motion_ctrl__rosidl_typesupport_introspection_cpp.hpp
[8.017s] -- Up-to-date: /home/eierobot/ROS/teleop_ws/src/teleop_robot_bridge/install/teleop_robot_bridge/include/teleop_robot_bridge/teleop_robot_bridge/msg/detail/joint_status__type_support.cpp
[8.017s] -- Up-to-date: /home/eierobot/ROS/teleop_ws/src/teleop_robot_bridge/install/teleop_robot_bridge/include/teleop_robot_bridge/teleop_robot_bridge/msg/detail/hand_tactile__type_support.cpp
[8.017s] -- Up-to-date: /home/eierobot/ROS/teleop_ws/src/teleop_robot_bridge/install/teleop_robot_bridge/include/teleop_robot_bridge/teleop_robot_bridge/msg/detail/arm_joint_feedback__type_support.cpp
[8.017s] -- Up-to-date: /home/eierobot/ROS/teleop_ws/src/teleop_robot_bridge/install/teleop_robot_bridge/include/teleop_robot_bridge/teleop_robot_bridge/msg/detail/temperature__rosidl_typesupport_introspection_cpp.hpp
[8.017s] -- Up-to-date: /home/eierobot/ROS/teleop_ws/src/teleop_robot_bridge/install/teleop_robot_bridge/include/teleop_robot_bridge/teleop_robot_bridge/msg/detail/agv_motion_ctrl__type_support.cpp
[8.017s] -- Up-to-date: /home/eierobot/ROS/teleop_ws/src/teleop_robot_bridge/install/teleop_robot_bridge/include/teleop_robot_bridge/teleop_robot_bridge/msg/detail/arm_joint_command__type_support.cpp
[8.018s] -- Up-to-date: /home/eierobot/ROS/teleop_ws/src/teleop_robot_bridge/install/teleop_robot_bridge/include/teleop_robot_bridge/teleop_robot_bridge/msg/detail/head_joint_status__rosidl_typesupport_introspection_cpp.hpp
[8.018s] -- Up-to-date: /home/eierobot/ROS/teleop_ws/src/teleop_robot_bridge/install/teleop_robot_bridge/include/teleop_robot_bridge/teleop_robot_bridge/msg/detail/ee_tcp_command__rosidl_typesupport_introspection_cpp.hpp
[8.018s] -- Up-to-date: /home/eierobot/ROS/teleop_ws/src/teleop_robot_bridge/install/teleop_robot_bridge/include/teleop_robot_bridge/teleop_robot_bridge/msg/detail/arm_joint_status__type_support.cpp
[8.018s] -- Up-to-date: /home/eierobot/ROS/teleop_ws/src/teleop_robot_bridge/install/teleop_robot_bridge/include/teleop_robot_bridge/teleop_robot_bridge/msg/detail/agv_motion_ctrl__rosidl_typesupport_introspection_cpp.hpp
[8.018s] -- Up-to-date: /home/eierobot/ROS/teleop_ws/src/teleop_robot_bridge/install/teleop_robot_bridge/include/teleop_robot_bridge/teleop_robot_bridge/msg/detail/single_gripper_move__rosidl_typesupport_introspection_cpp.hpp
[8.018s] -- Up-to-date: /home/eierobot/ROS/teleop_ws/src/teleop_robot_bridge/install/teleop_robot_bridge/include/teleop_robot_bridge/teleop_robot_bridge/msg/detail/waist_tcp_command__rosidl_typesupport_introspection_cpp.hpp
[8.018s] -- Up-to-date: /home/eierobot/ROS/teleop_ws/src/teleop_robot_bridge/install/teleop_robot_bridge/include/teleop_robot_bridge/teleop_robot_bridge/msg/detail/agv_vel__type_support.cpp
[8.018s] -- Up-to-date: /home/eierobot/ROS/teleop_ws/src/teleop_robot_bridge/install/teleop_robot_bridge/include/teleop_robot_bridge/teleop_robot_bridge/msg/detail/waist_joint_command__type_support.cpp
[8.018s] -- Up-to-date: /home/eierobot/ROS/teleop_ws/src/teleop_robot_bridge/install/teleop_robot_bridge/include/teleop_robot_bridge/teleop_robot_bridge/msg/detail/gripper_status__type_support.cpp
[8.018s] -- Up-to-date: /home/eierobot/ROS/teleop_ws/src/teleop_robot_bridge/install/teleop_robot_bridge/include/teleop_robot_bridge/teleop_robot_bridge/msg/detail/agv_battery_state__type_support.cpp
[8.019s] -- Up-to-date: /home/eierobot/ROS/teleop_ws/src/teleop_robot_bridge/install/teleop_robot_bridge/include/teleop_robot_bridge/teleop_robot_bridge/msg/detail/gripper_move__type_support.cpp
[8.019s] -- Up-to-date: /home/eierobot/ROS/teleop_ws/src/teleop_robot_bridge/install/teleop_robot_bridge/include/teleop_robot_bridge/teleop_robot_bridge/msg/detail/agv_battery_state__rosidl_typesupport_introspection_cpp.hpp
[8.019s] -- Up-to-date: /home/eierobot/ROS/teleop_ws/src/teleop_robot_bridge/install/teleop_robot_bridge/include/teleop_robot_bridge/teleop_robot_bridge/msg/detail/agv_cmd_vel__rosidl_typesupport_introspection_cpp.hpp
[8.019s] -- Up-to-date: /home/eierobot/ROS/teleop_ws/src/teleop_robot_bridge/install/teleop_robot_bridge/include/teleop_robot_bridge/teleop_robot_bridge/msg/detail/joint_status__rosidl_typesupport_introspection_cpp.hpp
[8.019s] -- Up-to-date: /home/eierobot/ROS/teleop_ws/src/teleop_robot_bridge/install/teleop_robot_bridge/include/teleop_robot_bridge/teleop_robot_bridge/msg/detail/gripper_status__rosidl_typesupport_introspection_cpp.hpp
[8.019s] -- Up-to-date: /home/eierobot/ROS/teleop_ws/src/teleop_robot_bridge/install/teleop_robot_bridge/include/teleop_robot_bridge/teleop_robot_bridge/msg/detail/head_joint_command__rosidl_typesupport_introspection_cpp.hpp
[8.019s] -- Up-to-date: /home/eierobot/ROS/teleop_ws/src/teleop_robot_bridge/install/teleop_robot_bridge/include/teleop_robot_bridge/teleop_robot_bridge/msg/detail/agv_imu__type_support.cpp
[8.019s] -- Up-to-date: /home/eierobot/ROS/teleop_ws/src/teleop_robot_bridge/install/teleop_robot_bridge/include/teleop_robot_bridge/teleop_robot_bridge/msg/detail/single_device_state__type_support.cpp
[8.019s] -- Up-to-date: /home/eierobot/ROS/teleop_ws/src/teleop_robot_bridge/install/teleop_robot_bridge/include/teleop_robot_bridge/teleop_robot_bridge/msg/detail/single_gripper_status__type_support.cpp
[8.019s] -- Up-to-date: /home/eierobot/ROS/teleop_ws/src/teleop_robot_bridge/install/teleop_robot_bridge/include/teleop_robot_bridge/teleop_robot_bridge/msg/detail/head_joint_status__type_support.cpp
[8.020s] -- Up-to-date: /home/eierobot/ROS/teleop_ws/src/teleop_robot_bridge/install/teleop_robot_bridge/include/teleop_robot_bridge/teleop_robot_bridge/msg/detail/agv_joint_status__type_support.cpp
[8.020s] -- Up-to-date: /home/eierobot/ROS/teleop_ws/src/teleop_robot_bridge/install/teleop_robot_bridge/include/teleop_robot_bridge/teleop_robot_bridge/msg/detail/temperature__type_support.cpp
[8.020s] -- Up-to-date: /home/eierobot/ROS/teleop_ws/src/teleop_robot_bridge/install/teleop_robot_bridge/include/teleop_robot_bridge/teleop_robot_bridge/msg/detail/waist_joint_feedback__type_support.cpp
[8.020s] -- Up-to-date: /home/eierobot/ROS/teleop_ws/src/teleop_robot_bridge/install/teleop_robot_bridge/include/teleop_robot_bridge/teleop_robot_bridge/msg/detail/agv_vel__rosidl_typesupport_introspection_cpp.hpp
[8.020s] -- Up-to-date: /home/eierobot/ROS/teleop_ws/src/teleop_robot_bridge/install/teleop_robot_bridge/include/teleop_robot_bridge/teleop_robot_bridge/msg/detail/head_motion_ctrl__type_support.cpp
[8.020s] -- Up-to-date: /home/eierobot/ROS/teleop_ws/src/teleop_robot_bridge/install/teleop_robot_bridge/include/teleop_robot_bridge/teleop_robot_bridge/msg/detail/agv_vda5050_state__rosidl_typesupport_introspection_cpp.hpp
[8.020s] -- Up-to-date: /home/eierobot/ROS/teleop_ws/src/teleop_robot_bridge/install/teleop_robot_bridge/include/teleop_robot_bridge/teleop_robot_bridge/msg/detail/waist_joint_command__rosidl_typesupport_introspection_cpp.hpp
[8.020s] -- Up-to-date: /home/eierobot/ROS/teleop_ws/src/teleop_robot_bridge/install/teleop_robot_bridge/include/teleop_robot_bridge/teleop_robot_bridge/msg/detail/gripper_device_state__rosidl_typesupport_introspection_cpp.hpp
[8.020s] -- Up-to-date: /home/eierobot/ROS/teleop_ws/src/teleop_robot_bridge/install/teleop_robot_bridge/include/teleop_robot_bridge/teleop_robot_bridge/msg/detail/waist_joint_feedback__rosidl_typesupport_introspection_cpp.hpp
[8.020s] -- Up-to-date: /home/eierobot/ROS/teleop_ws/src/teleop_robot_bridge/install/teleop_robot_bridge/include/teleop_robot_bridge/teleop_robot_bridge/msg/detail/gripper_move__rosidl_typesupport_introspection_cpp.hpp
[8.021s] -- Up-to-date: /home/eierobot/ROS/teleop_ws/src/teleop_robot_bridge/install/teleop_robot_bridge/include/teleop_robot_bridge/teleop_robot_bridge/msg/detail/agv_cmd_vel__type_support.cpp
[8.021s] -- Up-to-date: /home/eierobot/ROS/teleop_ws/src/teleop_robot_bridge/install/teleop_robot_bridge/include/teleop_robot_bridge/teleop_robot_bridge/msg/detail/ee_tcp_command__type_support.cpp
[8.021s] -- Up-to-date: /home/eierobot/ROS/teleop_ws/src/teleop_robot_bridge/install/teleop_robot_bridge/include/teleop_robot_bridge/teleop_robot_bridge/msg/detail/hand_tactile__rosidl_typesupport_introspection_cpp.hpp
[8.021s] -- Up-to-date: /home/eierobot/ROS/teleop_ws/src/teleop_robot_bridge/install/teleop_robot_bridge/include/teleop_robot_bridge/teleop_robot_bridge/msg/detail/upper_body_device_state__rosidl_typesupport_introspection_cpp.hpp
[8.021s] -- Up-to-date: /home/eierobot/ROS/teleop_ws/src/teleop_robot_bridge/install/teleop_robot_bridge/include/teleop_robot_bridge/teleop_robot_bridge/msg/detail/head_joint_feedback__rosidl_typesupport_introspection_cpp.hpp
[8.021s] -- Up-to-date: /home/eierobot/ROS/teleop_ws/src/teleop_robot_bridge/install/teleop_robot_bridge/include/teleop_robot_bridge/teleop_robot_bridge/msg/detail/agv_joint_feedback__type_support.cpp
[8.021s] -- Up-to-date: /home/eierobot/ROS/teleop_ws/src/teleop_robot_bridge/install/teleop_robot_bridge/include/teleop_robot_bridge/teleop_robot_bridge/msg/detail/waist_joint_status__type_support.cpp
[8.021s] -- Up-to-date: /home/eierobot/ROS/teleop_ws/src/teleop_robot_bridge/install/teleop_robot_bridge/include/teleop_robot_bridge/teleop_robot_bridge/msg/detail/agv_joint_status__rosidl_typesupport_introspection_cpp.hpp
[8.021s] -- Up-to-date: /home/eierobot/ROS/teleop_ws/src/teleop_robot_bridge/install/teleop_robot_bridge/include/teleop_robot_bridge/teleop_robot_bridge/msg/detail/arm_joint_status__rosidl_typesupport_introspection_cpp.hpp
[8.021s] -- Up-to-date: /home/eierobot/ROS/teleop_ws/src/teleop_robot_bridge/install/teleop_robot_bridge/include/teleop_robot_bridge/teleop_robot_bridge/msg/detail/agv_device_state__rosidl_typesupport_introspection_cpp.hpp
[8.022s] -- Up-to-date: /home/eierobot/ROS/teleop_ws/src/teleop_robot_bridge/install/teleop_robot_bridge/include/teleop_robot_bridge/teleop_robot_bridge/msg/detail/agv_device_state__type_support.cpp
[8.022s] -- Up-to-date: /home/eierobot/ROS/teleop_ws/src/teleop_robot_bridge/install/teleop_robot_bridge/include/teleop_robot_bridge/teleop_robot_bridge/msg/detail/joy_state__type_support.cpp
[8.022s] -- Up-to-date: /home/eierobot/ROS/teleop_ws/src/teleop_robot_bridge/install/teleop_robot_bridge/lib/libteleop_robot_bridge__rosidl_typesupport_introspection_cpp.so
[8.022s] -- Up-to-date: /home/eierobot/ROS/teleop_ws/src/teleop_robot_bridge/install/teleop_robot_bridge/lib/libteleop_robot_bridge__rosidl_typesupport_cpp.so
[8.022s] -- Up-to-date: /home/eierobot/ROS/teleop_ws/src/teleop_robot_bridge/install/teleop_robot_bridge/share/teleop_robot_bridge/environment/pythonpath.sh
[8.022s] -- Up-to-date: /home/eierobot/ROS/teleop_ws/src/teleop_robot_bridge/install/teleop_robot_bridge/share/teleop_robot_bridge/environment/pythonpath.dsv
[8.022s] -- Up-to-date: /home/eierobot/ROS/teleop_ws/src/teleop_robot_bridge/install/teleop_robot_bridge/lib/python3.12/site-packages/teleop_robot_bridge-0.0.0-py3.12.egg-info
[8.023s] -- Installing: /home/eierobot/ROS/teleop_ws/src/teleop_robot_bridge/install/teleop_robot_bridge/lib/python3.12/site-packages/teleop_robot_bridge-0.0.0-py3.12.egg-info/SOURCES.txt
[8.023s] -- Installing: /home/eierobot/ROS/teleop_ws/src/teleop_robot_bridge/install/teleop_robot_bridge/lib/python3.12/site-packages/teleop_robot_bridge-0.0.0-py3.12.egg-info/top_level.txt
[8.023s] -- Installing: /home/eierobot/ROS/teleop_ws/src/teleop_robot_bridge/install/teleop_robot_bridge/lib/python3.12/site-packages/teleop_robot_bridge-0.0.0-py3.12.egg-info/dependency_links.txt
[8.023s] -- Installing: /home/eierobot/ROS/teleop_ws/src/teleop_robot_bridge/install/teleop_robot_bridge/lib/python3.12/site-packages/teleop_robot_bridge-0.0.0-py3.12.egg-info/PKG-INFO
[8.023s] -- Up-to-date: /home/eierobot/ROS/teleop_ws/src/teleop_robot_bridge/install/teleop_robot_bridge/lib/python3.12/site-packages/teleop_robot_bridge
[8.023s] -- Up-to-date: /home/eierobot/ROS/teleop_ws/src/teleop_robot_bridge/install/teleop_robot_bridge/lib/python3.12/site-packages/teleop_robot_bridge/msg
[8.023s] -- Up-to-date: /home/eierobot/ROS/teleop_ws/src/teleop_robot_bridge/install/teleop_robot_bridge/lib/python3.12/site-packages/teleop_robot_bridge/msg/_agv_joint_feedback_s.c
[8.023s] -- Up-to-date: /home/eierobot/ROS/teleop_ws/src/teleop_robot_bridge/install/teleop_robot_bridge/lib/python3.12/site-packages/teleop_robot_bridge/msg/_head_joint_command.py
[8.023s] -- Up-to-date: /home/eierobot/ROS/teleop_ws/src/teleop_robot_bridge/install/teleop_robot_bridge/lib/python3.12/site-packages/teleop_robot_bridge/msg/_gripper_move_s.c
[8.023s] -- Up-to-date: /home/eierobot/ROS/teleop_ws/src/teleop_robot_bridge/install/teleop_robot_bridge/lib/python3.12/site-packages/teleop_robot_bridge/msg/_head_joint_status_s.c
[8.024s] -- Up-to-date: /home/eierobot/ROS/teleop_ws/src/teleop_robot_bridge/install/teleop_robot_bridge/lib/python3.12/site-packages/teleop_robot_bridge/msg/__init__.py
[8.024s] -- Up-to-date: /home/eierobot/ROS/teleop_ws/src/teleop_robot_bridge/install/teleop_robot_bridge/lib/python3.12/site-packages/teleop_robot_bridge/msg/_gripper_move.py
[8.025s] -- Up-to-date: /home/eierobot/ROS/teleop_ws/src/teleop_robot_bridge/install/teleop_robot_bridge/lib/python3.12/site-packages/teleop_robot_bridge/msg/_waist_joint_status.py
[8.025s] -- Up-to-date: /home/eierobot/ROS/teleop_ws/src/teleop_robot_bridge/install/teleop_robot_bridge/lib/python3.12/site-packages/teleop_robot_bridge/msg/_agv_joint_status.py
[8.025s] -- Up-to-date: /home/eierobot/ROS/teleop_ws/src/teleop_robot_bridge/install/teleop_robot_bridge/lib/python3.12/site-packages/teleop_robot_bridge/msg/_waist_joint_command.py
[8.025s] -- Up-to-date: /home/eierobot/ROS/teleop_ws/src/teleop_robot_bridge/install/teleop_robot_bridge/lib/python3.12/site-packages/teleop_robot_bridge/msg/_agv_battery_state.py
[8.025s] -- Up-to-date: /home/eierobot/ROS/teleop_ws/src/teleop_robot_bridge/install/teleop_robot_bridge/lib/python3.12/site-packages/teleop_robot_bridge/msg/_head_joint_feedback_s.c
[8.025s] -- Up-to-date: /home/eierobot/ROS/teleop_ws/src/teleop_robot_bridge/install/teleop_robot_bridge/lib/python3.12/site-packages/teleop_robot_bridge/msg/_waist_joint_feedback_s.c
[8.025s] -- Up-to-date: /home/eierobot/ROS/teleop_ws/src/teleop_robot_bridge/install/teleop_robot_bridge/lib/python3.12/site-packages/teleop_robot_bridge/msg/_agv_joint_status_s.c
[8.025s] -- Up-to-date: /home/eierobot/ROS/teleop_ws/src/teleop_robot_bridge/install/teleop_robot_bridge/lib/python3.12/site-packages/teleop_robot_bridge/msg/_gripper_device_state.py
[8.026s] -- Up-to-date: /home/eierobot/ROS/teleop_ws/src/teleop_robot_bridge/install/teleop_robot_bridge/lib/python3.12/site-packages/teleop_robot_bridge/msg/_temperature_s.c
[8.026s] -- Up-to-date: /home/eierobot/ROS/teleop_ws/src/teleop_robot_bridge/install/teleop_robot_bridge/lib/python3.12/site-packages/teleop_robot_bridge/msg/_waist_joint_feedback.py
[8.026s] -- Up-to-date: /home/eierobot/ROS/teleop_ws/src/teleop_robot_bridge/install/teleop_robot_bridge/lib/python3.12/site-packages/teleop_robot_bridge/msg/_head_joint_feedback.py
[8.026s] -- Up-to-date: /home/eierobot/ROS/teleop_ws/src/teleop_robot_bridge/install/teleop_robot_bridge/lib/python3.12/site-packages/teleop_robot_bridge/msg/_agv_cmd_vel_s.c
[8.026s] -- Up-to-date: /home/eierobot/ROS/teleop_ws/src/teleop_robot_bridge/install/teleop_robot_bridge/lib/python3.12/site-packages/teleop_robot_bridge/msg/_single_gripper_move.py
[8.026s] -- Up-to-date: /home/eierobot/ROS/teleop_ws/src/teleop_robot_bridge/install/teleop_robot_bridge/lib/python3.12/site-packages/teleop_robot_bridge/msg/_single_device_state.py
[8.026s] -- Up-to-date: /home/eierobot/ROS/teleop_ws/src/teleop_robot_bridge/install/teleop_robot_bridge/lib/python3.12/site-packages/teleop_robot_bridge/msg/_arm_motion_ctrl_s.c
[8.026s] -- Up-to-date: /home/eierobot/ROS/teleop_ws/src/teleop_robot_bridge/install/teleop_robot_bridge/lib/python3.12/site-packages/teleop_robot_bridge/msg/_single_gripper_status.py
[8.026s] -- Up-to-date: /home/eierobot/ROS/teleop_ws/src/teleop_robot_bridge/install/teleop_robot_bridge/lib/python3.12/site-packages/teleop_robot_bridge/msg/_agv_battery_state_s.c
[8.027s] -- Up-to-date: /home/eierobot/ROS/teleop_ws/src/teleop_robot_bridge/install/teleop_robot_bridge/lib/python3.12/site-packages/teleop_robot_bridge/msg/_single_gripper_status_s.c
[8.027s] -- Up-to-date: /home/eierobot/ROS/teleop_ws/src/teleop_robot_bridge/install/teleop_robot_bridge/lib/python3.12/site-packages/teleop_robot_bridge/msg/_head_motion_ctrl_s.c
[8.027s] -- Up-to-date: /home/eierobot/ROS/teleop_ws/src/teleop_robot_bridge/install/teleop_robot_bridge/lib/python3.12/site-packages/teleop_robot_bridge/msg/_head_joint_command_s.c
[8.027s] -- Up-to-date: /home/eierobot/ROS/teleop_ws/src/teleop_robot_bridge/install/teleop_robot_bridge/lib/python3.12/site-packages/teleop_robot_bridge/msg/_head_motion_ctrl.py
[8.027s] -- Up-to-date: /home/eierobot/ROS/teleop_ws/src/teleop_robot_bridge/install/teleop_robot_bridge/lib/python3.12/site-packages/teleop_robot_bridge/msg/_arm_joint_feedback.py
[8.027s] -- Up-to-date: /home/eierobot/ROS/teleop_ws/src/teleop_robot_bridge/install/teleop_robot_bridge/lib/python3.12/site-packages/teleop_robot_bridge/msg/_joint_status_s.c
[8.027s] -- Up-to-date: /home/eierobot/ROS/teleop_ws/src/teleop_robot_bridge/install/teleop_robot_bridge/lib/python3.12/site-packages/teleop_robot_bridge/msg/_upper_body_device_state.py
[8.027s] -- Up-to-date: /home/eierobot/ROS/teleop_ws/src/teleop_robot_bridge/install/teleop_robot_bridge/lib/python3.12/site-packages/teleop_robot_bridge/msg/_ee_tcp_command_s.c
[8.027s] -- Up-to-date: /home/eierobot/ROS/teleop_ws/src/teleop_robot_bridge/install/teleop_robot_bridge/lib/python3.12/site-packages/teleop_robot_bridge/msg/_agv_ultrasonic.py
[8.027s] -- Up-to-date: /home/eierobot/ROS/teleop_ws/src/teleop_robot_bridge/install/teleop_robot_bridge/lib/python3.12/site-packages/teleop_robot_bridge/msg/_gripper_device_state_s.c
[8.027s] -- Up-to-date: /home/eierobot/ROS/teleop_ws/src/teleop_robot_bridge/install/teleop_robot_bridge/lib/python3.12/site-packages/teleop_robot_bridge/msg/_joy_state.py
[8.027s] -- Up-to-date: /home/eierobot/ROS/teleop_ws/src/teleop_robot_bridge/install/teleop_robot_bridge/lib/python3.12/site-packages/teleop_robot_bridge/msg/_waist_joint_command_s.c
[8.028s] -- Up-to-date: /home/eierobot/ROS/teleop_ws/src/teleop_robot_bridge/install/teleop_robot_bridge/lib/python3.12/site-packages/teleop_robot_bridge/msg/_agv_vda5050_state.py
[8.028s] -- Up-to-date: /home/eierobot/ROS/teleop_ws/src/teleop_robot_bridge/install/teleop_robot_bridge/lib/python3.12/site-packages/teleop_robot_bridge/msg/_waist_tcp_command_s.c
[8.028s] -- Up-to-date: /home/eierobot/ROS/teleop_ws/src/teleop_robot_bridge/install/teleop_robot_bridge/lib/python3.12/site-packages/teleop_robot_bridge/msg/_joy_state_s.c
[8.028s] -- Up-to-date: /home/eierobot/ROS/teleop_ws/src/teleop_robot_bridge/install/teleop_robot_bridge/lib/python3.12/site-packages/teleop_robot_bridge/msg/_head_joint_status.py
[8.028s] -- Up-to-date: /home/eierobot/ROS/teleop_ws/src/teleop_robot_bridge/install/teleop_robot_bridge/lib/python3.12/site-packages/teleop_robot_bridge/msg/_agv_ultrasonic_s.c
[8.028s] -- Up-to-date: /home/eierobot/ROS/teleop_ws/src/teleop_robot_bridge/install/teleop_robot_bridge/lib/python3.12/site-packages/teleop_robot_bridge/msg/_gripper_status.py
[8.028s] -- Up-to-date: /home/eierobot/ROS/teleop_ws/src/teleop_robot_bridge/install/teleop_robot_bridge/lib/python3.12/site-packages/teleop_robot_bridge/msg/_agv_motion_ctrl_s.c
[8.028s] -- Up-to-date: /home/eierobot/ROS/teleop_ws/src/teleop_robot_bridge/install/teleop_robot_bridge/lib/python3.12/site-packages/teleop_robot_bridge/msg/_temperature.py
[8.028s] -- Up-to-date: /home/eierobot/ROS/teleop_ws/src/teleop_robot_bridge/install/teleop_robot_bridge/lib/python3.12/site-packages/teleop_robot_bridge/msg/_arm_joint_status_s.c
[8.028s] -- Up-to-date: /home/eierobot/ROS/teleop_ws/src/teleop_robot_bridge/install/teleop_robot_bridge/lib/python3.12/site-packages/teleop_robot_bridge/msg/_arm_motion_ctrl.py
[8.028s] -- Up-to-date: /home/eierobot/ROS/teleop_ws/src/teleop_robot_bridge/install/teleop_robot_bridge/lib/python3.12/site-packages/teleop_robot_bridge/msg/_single_gripper_move_s.c
[8.028s] -- Up-to-date: /home/eierobot/ROS/teleop_ws/src/teleop_robot_bridge/install/teleop_robot_bridge/lib/python3.12/site-packages/teleop_robot_bridge/msg/_gripper_tactile_s.c
[8.029s] -- Up-to-date: /home/eierobot/ROS/teleop_ws/src/teleop_robot_bridge/install/teleop_robot_bridge/lib/python3.12/site-packages/teleop_robot_bridge/msg/_agv_vel.py
[8.029s] -- Up-to-date: /home/eierobot/ROS/teleop_ws/src/teleop_robot_bridge/install/teleop_robot_bridge/lib/python3.12/site-packages/teleop_robot_bridge/msg/_agv_device_state_s.c
[8.029s] -- Up-to-date: /home/eierobot/ROS/teleop_ws/src/teleop_robot_bridge/install/teleop_robot_bridge/lib/python3.12/site-packages/teleop_robot_bridge/msg/_gripper_tactile.py
[8.029s] -- Up-to-date: /home/eierobot/ROS/teleop_ws/src/teleop_robot_bridge/install/teleop_robot_bridge/lib/python3.12/site-packages/teleop_robot_bridge/msg/_arm_joint_status.py
[8.029s] -- Up-to-date: /home/eierobot/ROS/teleop_ws/src/teleop_robot_bridge/install/teleop_robot_bridge/lib/python3.12/site-packages/teleop_robot_bridge/msg/_waist_tcp_command.py
[8.029s] -- Up-to-date: /home/eierobot/ROS/teleop_ws/src/teleop_robot_bridge/install/teleop_robot_bridge/lib/python3.12/site-packages/teleop_robot_bridge/msg/_waist_motion_ctrl_s.c
[8.029s] -- Up-to-date: /home/eierobot/ROS/teleop_ws/src/teleop_robot_bridge/install/teleop_robot_bridge/lib/python3.12/site-packages/teleop_robot_bridge/msg/_arm_joint_command_s.c
[8.029s] -- Up-to-date: /home/eierobot/ROS/teleop_ws/src/teleop_robot_bridge/install/teleop_robot_bridge/lib/python3.12/site-packages/teleop_robot_bridge/msg/_hand_tactile_s.c
[8.029s] -- Up-to-date: /home/eierobot/ROS/teleop_ws/src/teleop_robot_bridge/install/teleop_robot_bridge/lib/python3.12/site-packages/teleop_robot_bridge/msg/_arm_joint_command.py
[8.029s] -- Up-to-date: /home/eierobot/ROS/teleop_ws/src/teleop_robot_bridge/install/teleop_robot_bridge/lib/python3.12/site-packages/teleop_robot_bridge/msg/_agv_device_state.py
[8.029s] -- Up-to-date: /home/eierobot/ROS/teleop_ws/src/teleop_robot_bridge/install/teleop_robot_bridge/lib/python3.12/site-packages/teleop_robot_bridge/msg/_single_device_state_s.c
[8.030s] -- Up-to-date: /home/eierobot/ROS/teleop_ws/src/teleop_robot_bridge/install/teleop_robot_bridge/lib/python3.12/site-packages/teleop_robot_bridge/msg/_joint_status.py
[8.030s] -- Up-to-date: /home/eierobot/ROS/teleop_ws/src/teleop_robot_bridge/install/teleop_robot_bridge/lib/python3.12/site-packages/teleop_robot_bridge/msg/_agv_vda5050_state_s.c
[8.030s] -- Up-to-date: /home/eierobot/ROS/teleop_ws/src/teleop_robot_bridge/install/teleop_robot_bridge/lib/python3.12/site-packages/teleop_robot_bridge/msg/_agv_vel_s.c
[8.030s] -- Up-to-date: /home/eierobot/ROS/teleop_ws/src/teleop_robot_bridge/install/teleop_robot_bridge/lib/python3.12/site-packages/teleop_robot_bridge/msg/_agv_imu_s.c
[8.030s] -- Up-to-date: /home/eierobot/ROS/teleop_ws/src/teleop_robot_bridge/install/teleop_robot_bridge/lib/python3.12/site-packages/teleop_robot_bridge/msg/_arm_joint_feedback_s.c
[8.030s] -- Up-to-date: /home/eierobot/ROS/teleop_ws/src/teleop_robot_bridge/install/teleop_robot_bridge/lib/python3.12/site-packages/teleop_robot_bridge/msg/_agv_joint_feedback.py
[8.030s] -- Up-to-date: /home/eierobot/ROS/teleop_ws/src/teleop_robot_bridge/install/teleop_robot_bridge/lib/python3.12/site-packages/teleop_robot_bridge/msg/_agv_motion_ctrl.py
[8.030s] -- Up-to-date: /home/eierobot/ROS/teleop_ws/src/teleop_robot_bridge/install/teleop_robot_bridge/lib/python3.12/site-packages/teleop_robot_bridge/msg/_upper_body_device_state_s.c
[8.030s] -- Up-to-date: /home/eierobot/ROS/teleop_ws/src/teleop_robot_bridge/install/teleop_robot_bridge/lib/python3.12/site-packages/teleop_robot_bridge/msg/_hand_tactile.py
[8.030s] -- Up-to-date: /home/eierobot/ROS/teleop_ws/src/teleop_robot_bridge/install/teleop_robot_bridge/lib/python3.12/site-packages/teleop_robot_bridge/msg/_gripper_status_s.c
[8.030s] -- Up-to-date: /home/eierobot/ROS/teleop_ws/src/teleop_robot_bridge/install/teleop_robot_bridge/lib/python3.12/site-packages/teleop_robot_bridge/msg/_agv_cmd_vel.py
[8.030s] -- Up-to-date: /home/eierobot/ROS/teleop_ws/src/teleop_robot_bridge/install/teleop_robot_bridge/lib/python3.12/site-packages/teleop_robot_bridge/msg/_waist_motion_ctrl.py
[8.031s] -- Up-to-date: /home/eierobot/ROS/teleop_ws/src/teleop_robot_bridge/install/teleop_robot_bridge/lib/python3.12/site-packages/teleop_robot_bridge/msg/_waist_joint_status_s.c
[8.031s] -- Up-to-date: /home/eierobot/ROS/teleop_ws/src/teleop_robot_bridge/install/teleop_robot_bridge/lib/python3.12/site-packages/teleop_robot_bridge/msg/_agv_imu.py
[8.031s] -- Up-to-date: /home/eierobot/ROS/teleop_ws/src/teleop_robot_bridge/install/teleop_robot_bridge/lib/python3.12/site-packages/teleop_robot_bridge/msg/_ee_tcp_command.py
[8.031s] -- Installing: /home/eierobot/ROS/teleop_ws/src/teleop_robot_bridge/install/teleop_robot_bridge/lib/python3.12/site-packages/teleop_robot_bridge/__init__.py
[8.031s] -- Up-to-date: /home/eierobot/ROS/teleop_ws/src/teleop_robot_bridge/install/teleop_robot_bridge/lib/python3.12/site-packages/teleop_robot_bridge/_teleop_robot_bridge_s.ep.rosidl_typesupport_c.c
[8.031s] -- Up-to-date: /home/eierobot/ROS/teleop_ws/src/teleop_robot_bridge/install/teleop_robot_bridge/lib/python3.12/site-packages/teleop_robot_bridge/teleop_robot_bridge_s__rosidl_typesupport_fastrtps_c.so
[8.031s] -- Up-to-date: /home/eierobot/ROS/teleop_ws/src/teleop_robot_bridge/install/teleop_robot_bridge/lib/python3.12/site-packages/teleop_robot_bridge/teleop_robot_bridge_s__rosidl_typesupport_introspection_c.so
[8.031s] -- Up-to-date: /home/eierobot/ROS/teleop_ws/src/teleop_robot_bridge/install/teleop_robot_bridge/lib/python3.12/site-packages/teleop_robot_bridge/teleop_robot_bridge_s__rosidl_typesupport_c.so
[8.031s] -- Up-to-date: /home/eierobot/ROS/teleop_ws/src/teleop_robot_bridge/install/teleop_robot_bridge/lib/python3.12/site-packages/teleop_robot_bridge/_teleop_robot_bridge_s.ep.rosidl_typesupport_fastrtps_c.c
[8.031s] -- Up-to-date: /home/eierobot/ROS/teleop_ws/src/teleop_robot_bridge/install/teleop_robot_bridge/lib/python3.12/site-packages/teleop_robot_bridge/_teleop_robot_bridge_s.ep.rosidl_typesupport_introspection_c.c
[8.031s] Listing '/home/eierobot/ROS/teleop_ws/src/teleop_robot_bridge/install/teleop_robot_bridge/lib/python3.12/site-packages/teleop_robot_bridge'...
[8.031s] Compiling '/home/eierobot/ROS/teleop_ws/src/teleop_robot_bridge/install/teleop_robot_bridge/lib/python3.12/site-packages/teleop_robot_bridge/__init__.py'...
[8.032s] Listing '/home/eierobot/ROS/teleop_ws/src/teleop_robot_bridge/install/teleop_robot_bridge/lib/python3.12/site-packages/teleop_robot_bridge/msg'...
[8.032s] -- Up-to-date: /home/eierobot/ROS/teleop_ws/src/teleop_robot_bridge/install/teleop_robot_bridge/lib/python3.12/site-packages/teleop_robot_bridge/teleop_robot_bridge_s__rosidl_typesupport_fastrtps_c.so
[8.032s] -- Up-to-date: /home/eierobot/ROS/teleop_ws/src/teleop_robot_bridge/install/teleop_robot_bridge/lib/python3.12/site-packages/teleop_robot_bridge/teleop_robot_bridge_s__rosidl_typesupport_introspection_c.so
[8.032s] -- Up-to-date: /home/eierobot/ROS/teleop_ws/src/teleop_robot_bridge/install/teleop_robot_bridge/lib/python3.12/site-packages/teleop_robot_bridge/teleop_robot_bridge_s__rosidl_typesupport_c.so
[8.032s] -- Up-to-date: /home/eierobot/ROS/teleop_ws/src/teleop_robot_bridge/install/teleop_robot_bridge/lib/libteleop_robot_bridge__rosidl_generator_py.so
[8.032s] -- Up-to-date: /home/eierobot/ROS/teleop_ws/src/teleop_robot_bridge/install/teleop_robot_bridge/share/ament_index/resource_index/rust_packages/teleop_robot_bridge
[8.032s] -- Up-to-date: /home/eierobot/ROS/teleop_ws/src/teleop_robot_bridge/install/teleop_robot_bridge/share/teleop_robot_bridge/rust
[8.032s] -- Up-to-date: /home/eierobot/ROS/teleop_ws/src/teleop_robot_bridge/install/teleop_robot_bridge/share/teleop_robot_bridge/rust/build.rs
[8.032s] -- Up-to-date: /home/eierobot/ROS/teleop_ws/src/teleop_robot_bridge/install/teleop_robot_bridge/share/teleop_robot_bridge/rust/Cargo.toml
[8.032s] -- Up-to-date: /home/eierobot/ROS/teleop_ws/src/teleop_robot_bridge/install/teleop_robot_bridge/share/teleop_robot_bridge/rust/src
[8.032s] -- Up-to-date: /home/eierobot/ROS/teleop_ws/src/teleop_robot_bridge/install/teleop_robot_bridge/share/teleop_robot_bridge/rust/src/msg
[8.033s] -- Up-to-date: /home/eierobot/ROS/teleop_ws/src/teleop_robot_bridge/install/teleop_robot_bridge/share/teleop_robot_bridge/rust/src/msg/rmw.rs
[8.033s] -- Up-to-date: /home/eierobot/ROS/teleop_ws/src/teleop_robot_bridge/install/teleop_robot_bridge/share/teleop_robot_bridge/rust/src/lib.rs
[8.033s] -- Up-to-date: /home/eierobot/ROS/teleop_ws/src/teleop_robot_bridge/install/teleop_robot_bridge/share/teleop_robot_bridge/rust/src/msg.rs
[8.033s] -- Up-to-date: /home/eierobot/ROS/teleop_ws/src/teleop_robot_bridge/install/teleop_robot_bridge/share/teleop_robot_bridge/msg/AgvBatteryState.idl
[8.033s] -- Up-to-date: /home/eierobot/ROS/teleop_ws/src/teleop_robot_bridge/install/teleop_robot_bridge/share/teleop_robot_bridge/msg/AgvCmdVel.idl
[8.033s] -- Up-to-date: /home/eierobot/ROS/teleop_ws/src/teleop_robot_bridge/install/teleop_robot_bridge/share/teleop_robot_bridge/msg/AgvDeviceState.idl
[8.033s] -- Up-to-date: /home/eierobot/ROS/teleop_ws/src/teleop_robot_bridge/install/teleop_robot_bridge/share/teleop_robot_bridge/msg/AgvImu.idl
[8.033s] -- Up-to-date: /home/eierobot/ROS/teleop_ws/src/teleop_robot_bridge/install/teleop_robot_bridge/share/teleop_robot_bridge/msg/AgvJointFeedback.idl
[8.033s] -- Up-to-date: /home/eierobot/ROS/teleop_ws/src/teleop_robot_bridge/install/teleop_robot_bridge/share/teleop_robot_bridge/msg/AgvJointStatus.idl
[8.033s] -- Up-to-date: /home/eierobot/ROS/teleop_ws/src/teleop_robot_bridge/install/teleop_robot_bridge/share/teleop_robot_bridge/msg/AgvMotionCtrl.idl
[8.033s] -- Up-to-date: /home/eierobot/ROS/teleop_ws/src/teleop_robot_bridge/install/teleop_robot_bridge/share/teleop_robot_bridge/msg/AgvUltrasonic.idl
[8.033s] -- Up-to-date: /home/eierobot/ROS/teleop_ws/src/teleop_robot_bridge/install/teleop_robot_bridge/share/teleop_robot_bridge/msg/AgvVda5050State.idl
[8.034s] -- Up-to-date: /home/eierobot/ROS/teleop_ws/src/teleop_robot_bridge/install/teleop_robot_bridge/share/teleop_robot_bridge/msg/AgvVel.idl
[8.034s] -- Up-to-date: /home/eierobot/ROS/teleop_ws/src/teleop_robot_bridge/install/teleop_robot_bridge/share/teleop_robot_bridge/msg/ArmJointCommand.idl
[8.034s] -- Up-to-date: /home/eierobot/ROS/teleop_ws/src/teleop_robot_bridge/install/teleop_robot_bridge/share/teleop_robot_bridge/msg/ArmJointFeedback.idl
[8.034s] -- Up-to-date: /home/eierobot/ROS/teleop_ws/src/teleop_robot_bridge/install/teleop_robot_bridge/share/teleop_robot_bridge/msg/ArmJointStatus.idl
[8.034s] -- Up-to-date: /home/eierobot/ROS/teleop_ws/src/teleop_robot_bridge/install/teleop_robot_bridge/share/teleop_robot_bridge/msg/ArmMotionCtrl.idl
[8.034s] -- Up-to-date: /home/eierobot/ROS/teleop_ws/src/teleop_robot_bridge/install/teleop_robot_bridge/share/teleop_robot_bridge/msg/EeTcpCommand.idl
[8.034s] -- Up-to-date: /home/eierobot/ROS/teleop_ws/src/teleop_robot_bridge/install/teleop_robot_bridge/share/teleop_robot_bridge/msg/GripperDeviceState.idl
[8.034s] -- Up-to-date: /home/eierobot/ROS/teleop_ws/src/teleop_robot_bridge/install/teleop_robot_bridge/share/teleop_robot_bridge/msg/GripperMove.idl
[8.034s] -- Up-to-date: /home/eierobot/ROS/teleop_ws/src/teleop_robot_bridge/install/teleop_robot_bridge/share/teleop_robot_bridge/msg/GripperStatus.idl
[8.034s] -- Up-to-date: /home/eierobot/ROS/teleop_ws/src/teleop_robot_bridge/install/teleop_robot_bridge/share/teleop_robot_bridge/msg/GripperTactile.idl
[8.034s] -- Up-to-date: /home/eierobot/ROS/teleop_ws/src/teleop_robot_bridge/install/teleop_robot_bridge/share/teleop_robot_bridge/msg/HandTactile.idl
[8.034s] -- Up-to-date: /home/eierobot/ROS/teleop_ws/src/teleop_robot_bridge/install/teleop_robot_bridge/share/teleop_robot_bridge/msg/HeadJointCommand.idl
[8.034s] -- Up-to-date: /home/eierobot/ROS/teleop_ws/src/teleop_robot_bridge/install/teleop_robot_bridge/share/teleop_robot_bridge/msg/HeadJointFeedback.idl
[8.035s] -- Up-to-date: /home/eierobot/ROS/teleop_ws/src/teleop_robot_bridge/install/teleop_robot_bridge/share/teleop_robot_bridge/msg/HeadJointStatus.idl
[8.035s] -- Up-to-date: /home/eierobot/ROS/teleop_ws/src/teleop_robot_bridge/install/teleop_robot_bridge/share/teleop_robot_bridge/msg/HeadMotionCtrl.idl
[8.035s] -- Up-to-date: /home/eierobot/ROS/teleop_ws/src/teleop_robot_bridge/install/teleop_robot_bridge/share/teleop_robot_bridge/msg/JointStatus.idl
[8.035s] -- Up-to-date: /home/eierobot/ROS/teleop_ws/src/teleop_robot_bridge/install/teleop_robot_bridge/share/teleop_robot_bridge/msg/JoyState.idl
[8.035s] -- Up-to-date: /home/eierobot/ROS/teleop_ws/src/teleop_robot_bridge/install/teleop_robot_bridge/share/teleop_robot_bridge/msg/SingleDeviceState.idl
[8.035s] -- Up-to-date: /home/eierobot/ROS/teleop_ws/src/teleop_robot_bridge/install/teleop_robot_bridge/share/teleop_robot_bridge/msg/SingleGripperMove.idl
[8.035s] -- Up-to-date: /home/eierobot/ROS/teleop_ws/src/teleop_robot_bridge/install/teleop_robot_bridge/share/teleop_robot_bridge/msg/SingleGripperStatus.idl
[8.035s] -- Up-to-date: /home/eierobot/ROS/teleop_ws/src/teleop_robot_bridge/install/teleop_robot_bridge/share/teleop_robot_bridge/msg/Temperature.idl
[8.035s] -- Up-to-date: /home/eierobot/ROS/teleop_ws/src/teleop_robot_bridge/install/teleop_robot_bridge/share/teleop_robot_bridge/msg/UpperBodyDeviceState.idl
[8.035s] -- Up-to-date: /home/eierobot/ROS/teleop_ws/src/teleop_robot_bridge/install/teleop_robot_bridge/share/teleop_robot_bridge/msg/WaistJointCommand.idl
[8.035s] -- Up-to-date: /home/eierobot/ROS/teleop_ws/src/teleop_robot_bridge/install/teleop_robot_bridge/share/teleop_robot_bridge/msg/WaistJointFeedback.idl
[8.035s] -- Up-to-date: /home/eierobot/ROS/teleop_ws/src/teleop_robot_bridge/install/teleop_robot_bridge/share/teleop_robot_bridge/msg/WaistJointStatus.idl
[8.035s] -- Up-to-date: /home/eierobot/ROS/teleop_ws/src/teleop_robot_bridge/install/teleop_robot_bridge/share/teleop_robot_bridge/msg/WaistMotionCtrl.idl
[8.036s] -- Up-to-date: /home/eierobot/ROS/teleop_ws/src/teleop_robot_bridge/install/teleop_robot_bridge/share/teleop_robot_bridge/msg/WaistTcpCommand.idl
[8.036s] -- Up-to-date: /home/eierobot/ROS/teleop_ws/src/teleop_robot_bridge/install/teleop_robot_bridge/share/teleop_robot_bridge/msg/AgvBatteryState.msg
[8.036s] -- Up-to-date: /home/eierobot/ROS/teleop_ws/src/teleop_robot_bridge/install/teleop_robot_bridge/share/teleop_robot_bridge/msg/AgvCmdVel.msg
[8.036s] -- Up-to-date: /home/eierobot/ROS/teleop_ws/src/teleop_robot_bridge/install/teleop_robot_bridge/share/teleop_robot_bridge/msg/AgvDeviceState.msg
[8.036s] -- Up-to-date: /home/eierobot/ROS/teleop_ws/src/teleop_robot_bridge/install/teleop_robot_bridge/share/teleop_robot_bridge/msg/AgvImu.msg
[8.036s] -- Up-to-date: /home/eierobot/ROS/teleop_ws/src/teleop_robot_bridge/install/teleop_robot_bridge/share/teleop_robot_bridge/msg/AgvJointFeedback.msg
[8.036s] -- Up-to-date: /home/eierobot/ROS/teleop_ws/src/teleop_robot_bridge/install/teleop_robot_bridge/share/teleop_robot_bridge/msg/AgvJointStatus.msg
[8.036s] -- Up-to-date: /home/eierobot/ROS/teleop_ws/src/teleop_robot_bridge/install/teleop_robot_bridge/share/teleop_robot_bridge/msg/AgvMotionCtrl.msg
[8.036s] -- Up-to-date: /home/eierobot/ROS/teleop_ws/src/teleop_robot_bridge/install/teleop_robot_bridge/share/teleop_robot_bridge/msg/AgvUltrasonic.msg
[8.036s] -- Up-to-date: /home/eierobot/ROS/teleop_ws/src/teleop_robot_bridge/install/teleop_robot_bridge/share/teleop_robot_bridge/msg/AgvVda5050State.msg
[8.036s] -- Up-to-date: /home/eierobot/ROS/teleop_ws/src/teleop_robot_bridge/install/teleop_robot_bridge/share/teleop_robot_bridge/msg/AgvVel.msg
[8.036s] -- Up-to-date: /home/eierobot/ROS/teleop_ws/src/teleop_robot_bridge/install/teleop_robot_bridge/share/teleop_robot_bridge/msg/ArmJointCommand.msg
[8.036s] -- Up-to-date: /home/eierobot/ROS/teleop_ws/src/teleop_robot_bridge/install/teleop_robot_bridge/share/teleop_robot_bridge/msg/ArmJointFeedback.msg
[8.037s] -- Up-to-date: /home/eierobot/ROS/teleop_ws/src/teleop_robot_bridge/install/teleop_robot_bridge/share/teleop_robot_bridge/msg/ArmJointStatus.msg
[8.037s] -- Up-to-date: /home/eierobot/ROS/teleop_ws/src/teleop_robot_bridge/install/teleop_robot_bridge/share/teleop_robot_bridge/msg/ArmMotionCtrl.msg
[8.037s] -- Up-to-date: /home/eierobot/ROS/teleop_ws/src/teleop_robot_bridge/install/teleop_robot_bridge/share/teleop_robot_bridge/msg/EeTcpCommand.msg
[8.037s] -- Up-to-date: /home/eierobot/ROS/teleop_ws/src/teleop_robot_bridge/install/teleop_robot_bridge/share/teleop_robot_bridge/msg/GripperDeviceState.msg
[8.037s] -- Up-to-date: /home/eierobot/ROS/teleop_ws/src/teleop_robot_bridge/install/teleop_robot_bridge/share/teleop_robot_bridge/msg/GripperMove.msg
[8.037s] -- Up-to-date: /home/eierobot/ROS/teleop_ws/src/teleop_robot_bridge/install/teleop_robot_bridge/share/teleop_robot_bridge/msg/GripperStatus.msg
[8.037s] -- Up-to-date: /home/eierobot/ROS/teleop_ws/src/teleop_robot_bridge/install/teleop_robot_bridge/share/teleop_robot_bridge/msg/GripperTactile.msg
[8.037s] -- Up-to-date: /home/eierobot/ROS/teleop_ws/src/teleop_robot_bridge/install/teleop_robot_bridge/share/teleop_robot_bridge/msg/HandTactile.msg
[8.037s] -- Up-to-date: /home/eierobot/ROS/teleop_ws/src/teleop_robot_bridge/install/teleop_robot_bridge/share/teleop_robot_bridge/msg/HeadJointCommand.msg
[8.037s] -- Up-to-date: /home/eierobot/ROS/teleop_ws/src/teleop_robot_bridge/install/teleop_robot_bridge/share/teleop_robot_bridge/msg/HeadJointFeedback.msg
[8.037s] -- Up-to-date: /home/eierobot/ROS/teleop_ws/src/teleop_robot_bridge/install/teleop_robot_bridge/share/teleop_robot_bridge/msg/HeadJointStatus.msg
[8.037s] -- Up-to-date: /home/eierobot/ROS/teleop_ws/src/teleop_robot_bridge/install/teleop_robot_bridge/share/teleop_robot_bridge/msg/HeadMotionCtrl.msg
[8.038s] -- Up-to-date: /home/eierobot/ROS/teleop_ws/src/teleop_robot_bridge/install/teleop_robot_bridge/share/teleop_robot_bridge/msg/JointStatus.msg
[8.038s] -- Up-to-date: /home/eierobot/ROS/teleop_ws/src/teleop_robot_bridge/install/teleop_robot_bridge/share/teleop_robot_bridge/msg/JoyState.msg
[8.038s] -- Up-to-date: /home/eierobot/ROS/teleop_ws/src/teleop_robot_bridge/install/teleop_robot_bridge/share/teleop_robot_bridge/msg/SingleDeviceState.msg
[8.038s] -- Up-to-date: /home/eierobot/ROS/teleop_ws/src/teleop_robot_bridge/install/teleop_robot_bridge/share/teleop_robot_bridge/msg/SingleGripperMove.msg
[8.038s] -- Up-to-date: /home/eierobot/ROS/teleop_ws/src/teleop_robot_bridge/install/teleop_robot_bridge/share/teleop_robot_bridge/msg/SingleGripperStatus.msg
[8.038s] -- Up-to-date: /home/eierobot/ROS/teleop_ws/src/teleop_robot_bridge/install/teleop_robot_bridge/share/teleop_robot_bridge/msg/Temperature.msg
[8.038s] -- Up-to-date: /home/eierobot/ROS/teleop_ws/src/teleop_robot_bridge/install/teleop_robot_bridge/share/teleop_robot_bridge/msg/UpperBodyDeviceState.msg
[8.038s] -- Up-to-date: /home/eierobot/ROS/teleop_ws/src/teleop_robot_bridge/install/teleop_robot_bridge/share/teleop_robot_bridge/msg/WaistJointCommand.msg
[8.038s] -- Up-to-date: /home/eierobot/ROS/teleop_ws/src/teleop_robot_bridge/install/teleop_robot_bridge/share/teleop_robot_bridge/msg/WaistJointFeedback.msg
[8.038s] -- Up-to-date: /home/eierobot/ROS/teleop_ws/src/teleop_robot_bridge/install/teleop_robot_bridge/share/teleop_robot_bridge/msg/WaistJointStatus.msg
[8.038s] -- Up-to-date: /home/eierobot/ROS/teleop_ws/src/teleop_robot_bridge/install/teleop_robot_bridge/share/teleop_robot_bridge/msg/WaistMotionCtrl.msg
[8.038s] -- Up-to-date: /home/eierobot/ROS/teleop_ws/src/teleop_robot_bridge/install/teleop_robot_bridge/share/teleop_robot_bridge/msg/WaistTcpCommand.msg
[8.038s] -- Installing: /home/eierobot/ROS/teleop_ws/src/teleop_robot_bridge/install/teleop_robot_bridge/lib/teleop_robot_bridge/teleop_robot_bridge
[8.089s] -- Set non-toolchain portion of runtime path of "/home/eierobot/ROS/teleop_ws/src/teleop_robot_bridge/install/teleop_robot_bridge/lib/teleop_robot_bridge/teleop_robot_bridge" to ""
[8.089s] -- Up-to-date: /home/eierobot/ROS/teleop_ws/src/teleop_robot_bridge/install/teleop_robot_bridge/include/teleop_robot_bridge/main_node.hpp
[8.089s] -- Up-to-date: /home/eierobot/ROS/teleop_ws/src/teleop_robot_bridge/install/teleop_robot_bridge/include/teleop_robot_bridge/video
[8.090s] -- Up-to-date: /home/eierobot/ROS/teleop_ws/src/teleop_robot_bridge/install/teleop_robot_bridge/include/teleop_robot_bridge/video/video_module.hpp
[8.090s] -- Up-to-date: /home/eierobot/ROS/teleop_ws/src/teleop_robot_bridge/install/teleop_robot_bridge/include/teleop_robot_bridge/video/video_recorder.hpp
[8.090s] -- Up-to-date: /home/eierobot/ROS/teleop_ws/src/teleop_robot_bridge/install/teleop_robot_bridge/include/teleop_robot_bridge/video/nvbuf_mutex.hpp
[8.090s] -- Up-to-date: /home/eierobot/ROS/teleop_ws/src/teleop_robot_bridge/install/teleop_robot_bridge/include/teleop_robot_bridge/video/video_stream_manager.hpp
[8.090s] -- Up-to-date: /home/eierobot/ROS/teleop_ws/src/teleop_robot_bridge/install/teleop_robot_bridge/include/teleop_robot_bridge/video/video_encoder.hpp
[8.090s] -- Up-to-date: /home/eierobot/ROS/teleop_ws/src/teleop_robot_bridge/install/teleop_robot_bridge/include/teleop_robot_bridge/video/video_undistorter.hpp
[8.091s] -- Up-to-date: /home/eierobot/ROS/teleop_ws/src/teleop_robot_bridge/install/teleop_robot_bridge/include/teleop_robot_bridge/video/video_v4l2_capturer.hpp
[8.091s] -- Up-to-date: /home/eierobot/ROS/teleop_ws/src/teleop_robot_bridge/install/teleop_robot_bridge/include/teleop_robot_bridge/video/cuda_yuv422_converter.hpp
[8.091s] -- Up-to-date: /home/eierobot/ROS/teleop_ws/src/teleop_robot_bridge/install/teleop_robot_bridge/include/teleop_robot_bridge/video/eye_image_publisher.hpp
[8.091s] -- Up-to-date: /home/eierobot/ROS/teleop_ws/src/teleop_robot_bridge/install/teleop_robot_bridge/include/teleop_robot_bridge/video/video_converter.hpp
[8.091s] -- Up-to-date: /home/eierobot/ROS/teleop_ws/src/teleop_robot_bridge/install/teleop_robot_bridge/include/teleop_robot_bridge/video/video_decoder.hpp
[8.091s] -- Up-to-date: /home/eierobot/ROS/teleop_ws/src/teleop_robot_bridge/install/teleop_robot_bridge/include/teleop_robot_bridge/grpc
[8.091s] -- Up-to-date: /home/eierobot/ROS/teleop_ws/src/teleop_robot_bridge/install/teleop_robot_bridge/include/teleop_robot_bridge/grpc/grpc_manager.hpp
[8.092s] -- Up-to-date: /home/eierobot/ROS/teleop_ws/src/teleop_robot_bridge/install/teleop_robot_bridge/include/teleop_robot_bridge/grpc/grpc_module.hpp
[8.092s] -- Up-to-date: /home/eierobot/ROS/teleop_ws/src/teleop_robot_bridge/install/teleop_robot_bridge/include/teleop_robot_bridge/audio
[8.092s] -- Up-to-date: /home/eierobot/ROS/teleop_ws/src/teleop_robot_bridge/install/teleop_robot_bridge/include/teleop_robot_bridge/audio/audio_manager.hpp
[8.092s] -- Up-to-date: /home/eierobot/ROS/teleop_ws/src/teleop_robot_bridge/install/teleop_robot_bridge/include/teleop_robot_bridge/audio/audio_receiver.hpp
[8.092s] -- Up-to-date: /home/eierobot/ROS/teleop_ws/src/teleop_robot_bridge/install/teleop_robot_bridge/include/teleop_robot_bridge/audio/audio_module.hpp
[8.092s] -- Up-to-date: /home/eierobot/ROS/teleop_ws/src/teleop_robot_bridge/install/teleop_robot_bridge/include/teleop_robot_bridge/udp
[8.093s] -- Up-to-date: /home/eierobot/ROS/teleop_ws/src/teleop_robot_bridge/install/teleop_robot_bridge/include/teleop_robot_bridge/udp/fec_interface.hpp
[8.093s] -- Up-to-date: /home/eierobot/ROS/teleop_ws/src/teleop_robot_bridge/install/teleop_robot_bridge/include/teleop_robot_bridge/udp/gf256.hpp
[8.093s] -- Up-to-date: /home/eierobot/ROS/teleop_ws/src/teleop_robot_bridge/install/teleop_robot_bridge/include/teleop_robot_bridge/udp/control_plane.hpp
[8.093s] -- Up-to-date: /home/eierobot/ROS/teleop_ws/src/teleop_robot_bridge/install/teleop_robot_bridge/include/teleop_robot_bridge/udp/send_queue.hpp
[8.093s] -- Up-to-date: /home/eierobot/ROS/teleop_ws/src/teleop_robot_bridge/install/teleop_robot_bridge/include/teleop_robot_bridge/udp/pacer.hpp
[8.094s] -- Up-to-date: /home/eierobot/ROS/teleop_ws/src/teleop_robot_bridge/install/teleop_robot_bridge/include/teleop_robot_bridge/udp/fec_v2.hpp
[8.094s] -- Up-to-date: /home/eierobot/ROS/teleop_ws/src/teleop_robot_bridge/install/teleop_robot_bridge/include/teleop_robot_bridge/udp/udp_socket.hpp
[8.094s] -- Up-to-date: /home/eierobot/ROS/teleop_ws/src/teleop_robot_bridge/install/teleop_robot_bridge/include/teleop_robot_bridge/udp/packet_codec.hpp
[8.094s] -- Up-to-date: /home/eierobot/ROS/teleop_ws/src/teleop_robot_bridge/install/teleop_robot_bridge/include/teleop_robot_bridge/udp/udp_module.hpp
[8.094s] -- Up-to-date: /home/eierobot/ROS/teleop_ws/src/teleop_robot_bridge/install/teleop_robot_bridge/include/teleop_robot_bridge/udp/udp_manager.hpp
[8.094s] -- Up-to-date: /home/eierobot/ROS/teleop_ws/src/teleop_robot_bridge/install/teleop_robot_bridge/include/teleop_robot_bridge/udp/pose_udp_receiver.hpp
[8.094s] -- Up-to-date: /home/eierobot/ROS/teleop_ws/src/teleop_robot_bridge/install/teleop_robot_bridge/include/teleop_robot_bridge/telemetry
[8.095s] -- Up-to-date: /home/eierobot/ROS/teleop_ws/src/teleop_robot_bridge/install/teleop_robot_bridge/include/teleop_robot_bridge/telemetry/robot_telemetry_types.hpp
[8.095s] -- Up-to-date: /home/eierobot/ROS/teleop_ws/src/teleop_robot_bridge/install/teleop_robot_bridge/share/teleop_robot_bridge/config
[8.095s] -- Up-to-date: /home/eierobot/ROS/teleop_ws/src/teleop_robot_bridge/install/teleop_robot_bridge/share/teleop_robot_bridge/config/calibration_stereo.yaml
[8.095s] -- Installing: /home/eierobot/ROS/teleop_ws/src/teleop_robot_bridge/install/teleop_robot_bridge/share/teleop_robot_bridge/config/params.yaml
[8.095s] -- Up-to-date: /home/eierobot/ROS/teleop_ws/src/teleop_robot_bridge/install/teleop_robot_bridge/share/teleop_robot_bridge/config/UDP_VIDEO_FEC_TABLE_V1(1).json
[8.095s] -- Up-to-date: /home/eierobot/ROS/teleop_ws/src/teleop_robot_bridge/install/teleop_robot_bridge/share/teleop_robot_bridge/config/fov.yaml
[8.095s] -- Up-to-date: /home/eierobot/ROS/teleop_ws/src/teleop_robot_bridge/install/teleop_robot_bridge/share/teleop_robot_bridge/launch
[8.095s] -- Up-to-date: /home/eierobot/ROS/teleop_ws/src/teleop_robot_bridge/install/teleop_robot_bridge/share/teleop_robot_bridge/launch/bringup.launch.py
[8.095s] -- Up-to-date: /home/eierobot/ROS/teleop_ws/src/teleop_robot_bridge/install/teleop_robot_bridge/share/ament_index/resource_index/package_run_dependencies/teleop_robot_bridge
[8.095s] -- Up-to-date: /home/eierobot/ROS/teleop_ws/src/teleop_robot_bridge/install/teleop_robot_bridge/share/ament_index/resource_index/parent_prefix_path/teleop_robot_bridge
[8.096s] -- Up-to-date: /home/eierobot/ROS/teleop_ws/src/teleop_robot_bridge/install/teleop_robot_bridge/share/teleop_robot_bridge/environment/ament_prefix_path.sh
[8.096s] -- Up-to-date: /home/eierobot/ROS/teleop_ws/src/teleop_robot_bridge/install/teleop_robot_bridge/share/teleop_robot_bridge/environment/ament_prefix_path.dsv
[8.096s] -- Up-to-date: /home/eierobot/ROS/teleop_ws/src/teleop_robot_bridge/install/teleop_robot_bridge/share/teleop_robot_bridge/environment/path.sh
[8.096s] -- Up-to-date: /home/eierobot/ROS/teleop_ws/src/teleop_robot_bridge/install/teleop_robot_bridge/share/teleop_robot_bridge/environment/path.dsv
[8.096s] -- Up-to-date: /home/eierobot/ROS/teleop_ws/src/teleop_robot_bridge/install/teleop_robot_bridge/share/teleop_robot_bridge/local_setup.bash
[8.096s] -- Up-to-date: /home/eierobot/ROS/teleop_ws/src/teleop_robot_bridge/install/teleop_robot_bridge/share/teleop_robot_bridge/local_setup.sh
[8.096s] -- Up-to-date: /home/eierobot/ROS/teleop_ws/src/teleop_robot_bridge/install/teleop_robot_bridge/share/teleop_robot_bridge/local_setup.zsh
[8.096s] -- Up-to-date: /home/eierobot/ROS/teleop_ws/src/teleop_robot_bridge/install/teleop_robot_bridge/share/teleop_robot_bridge/local_setup.dsv
[8.096s] -- Installing: /home/eierobot/ROS/teleop_ws/src/teleop_robot_bridge/install/teleop_robot_bridge/share/teleop_robot_bridge/package.dsv
[8.096s] -- Up-to-date: /home/eierobot/ROS/teleop_ws/src/teleop_robot_bridge/install/teleop_robot_bridge/share/ament_index/resource_index/packages/teleop_robot_bridge
[8.097s] -- Up-to-date: /home/eierobot/ROS/teleop_ws/src/teleop_robot_bridge/install/teleop_robot_bridge/share/teleop_robot_bridge/cmake/export_teleop_robot_bridge__rosidl_generator_cExport.cmake
[8.097s] -- Up-to-date: /home/eierobot/ROS/teleop_ws/src/teleop_robot_bridge/install/teleop_robot_bridge/share/teleop_robot_bridge/cmake/export_teleop_robot_bridge__rosidl_generator_cExport-relwithdebinfo.cmake
[8.097s] -- Up-to-date: /home/eierobot/ROS/teleop_ws/src/teleop_robot_bridge/install/teleop_robot_bridge/share/teleop_robot_bridge/cmake/export_teleop_robot_bridge__rosidl_typesupport_fastrtps_cExport.cmake
[8.097s] -- Up-to-date: /home/eierobot/ROS/teleop_ws/src/teleop_robot_bridge/install/teleop_robot_bridge/share/teleop_robot_bridge/cmake/export_teleop_robot_bridge__rosidl_typesupport_fastrtps_cExport-relwithdebinfo.cmake
[8.097s] -- Up-to-date: /home/eierobot/ROS/teleop_ws/src/teleop_robot_bridge/install/teleop_robot_bridge/share/teleop_robot_bridge/cmake/teleop_robot_bridge__rosidl_typesupport_introspection_cExport.cmake
[8.097s] -- Up-to-date: /home/eierobot/ROS/teleop_ws/src/teleop_robot_bridge/install/teleop_robot_bridge/share/teleop_robot_bridge/cmake/teleop_robot_bridge__rosidl_typesupport_introspection_cExport-relwithdebinfo.cmake
[8.097s] -- Up-to-date: /home/eierobot/ROS/teleop_ws/src/teleop_robot_bridge/install/teleop_robot_bridge/share/teleop_robot_bridge/cmake/teleop_robot_bridge__rosidl_typesupport_cExport.cmake
[8.098s] -- Up-to-date: /home/eierobot/ROS/teleop_ws/src/teleop_robot_bridge/install/teleop_robot_bridge/share/teleop_robot_bridge/cmake/teleop_robot_bridge__rosidl_typesupport_cExport-relwithdebinfo.cmake
[8.099s] -- Up-to-date: /home/eierobot/ROS/teleop_ws/src/teleop_robot_bridge/install/teleop_robot_bridge/share/teleop_robot_bridge/cmake/export_teleop_robot_bridge__rosidl_generator_cppExport.cmake
[8.099s] -- Up-to-date: /home/eierobot/ROS/teleop_ws/src/teleop_robot_bridge/install/teleop_robot_bridge/share/teleop_robot_bridge/cmake/export_teleop_robot_bridge__rosidl_typesupport_fastrtps_cppExport.cmake
[8.099s] -- Up-to-date: /home/eierobot/ROS/teleop_ws/src/teleop_robot_bridge/install/teleop_robot_bridge/share/teleop_robot_bridge/cmake/export_teleop_robot_bridge__rosidl_typesupport_fastrtps_cppExport-relwithdebinfo.cmake
[8.100s] -- Up-to-date: /home/eierobot/ROS/teleop_ws/src/teleop_robot_bridge/install/teleop_robot_bridge/share/teleop_robot_bridge/cmake/teleop_robot_bridge__rosidl_typesupport_introspection_cppExport.cmake
[8.100s] -- Up-to-date: /home/eierobot/ROS/teleop_ws/src/teleop_robot_bridge/install/teleop_robot_bridge/share/teleop_robot_bridge/cmake/teleop_robot_bridge__rosidl_typesupport_introspection_cppExport-relwithdebinfo.cmake
[8.100s] -- Up-to-date: /home/eierobot/ROS/teleop_ws/src/teleop_robot_bridge/install/teleop_robot_bridge/share/teleop_robot_bridge/cmake/teleop_robot_bridge__rosidl_typesupport_cppExport.cmake
[8.101s] -- Up-to-date: /home/eierobot/ROS/teleop_ws/src/teleop_robot_bridge/install/teleop_robot_bridge/share/teleop_robot_bridge/cmake/teleop_robot_bridge__rosidl_typesupport_cppExport-relwithdebinfo.cmake
[8.101s] -- Up-to-date: /home/eierobot/ROS/teleop_ws/src/teleop_robot_bridge/install/teleop_robot_bridge/share/teleop_robot_bridge/cmake/export_teleop_robot_bridge__rosidl_generator_pyExport.cmake
[8.101s] -- Up-to-date: /home/eierobot/ROS/teleop_ws/src/teleop_robot_bridge/install/teleop_robot_bridge/share/teleop_robot_bridge/cmake/export_teleop_robot_bridge__rosidl_generator_pyExport-relwithdebinfo.cmake
[8.102s] -- Up-to-date: /home/eierobot/ROS/teleop_ws/src/teleop_robot_bridge/install/teleop_robot_bridge/share/teleop_robot_bridge/cmake/rosidl_cmake-extras.cmake
[8.102s] -- Up-to-date: /home/eierobot/ROS/teleop_ws/src/teleop_robot_bridge/install/teleop_robot_bridge/share/teleop_robot_bridge/cmake/ament_cmake_export_dependencies-extras.cmake
[8.102s] -- Up-to-date: /home/eierobot/ROS/teleop_ws/src/teleop_robot_bridge/install/teleop_robot_bridge/share/teleop_robot_bridge/cmake/ament_cmake_export_include_directories-extras.cmake
[8.102s] -- Up-to-date: /home/eierobot/ROS/teleop_ws/src/teleop_robot_bridge/install/teleop_robot_bridge/share/teleop_robot_bridge/cmake/ament_cmake_export_libraries-extras.cmake
[8.103s] -- Up-to-date: /home/eierobot/ROS/teleop_ws/src/teleop_robot_bridge/install/teleop_robot_bridge/share/teleop_robot_bridge/cmake/ament_cmake_export_targets-extras.cmake
[8.103s] -- Up-to-date: /home/eierobot/ROS/teleop_ws/src/teleop_robot_bridge/install/teleop_robot_bridge/share/teleop_robot_bridge/cmake/rosidl_cmake_export_typesupport_targets-extras.cmake
[8.104s] -- Up-to-date: /home/eierobot/ROS/teleop_ws/src/teleop_robot_bridge/install/teleop_robot_bridge/share/teleop_robot_bridge/cmake/rosidl_cmake_export_typesupport_libraries-extras.cmake
[8.104s] -- Up-to-date: /home/eierobot/ROS/teleop_ws/src/teleop_robot_bridge/install/teleop_robot_bridge/share/teleop_robot_bridge/cmake/teleop_robot_bridgeConfig.cmake
[8.105s] -- Up-to-date: /home/eierobot/ROS/teleop_ws/src/teleop_robot_bridge/install/teleop_robot_bridge/share/teleop_robot_bridge/cmake/teleop_robot_bridgeConfig-version.cmake
[8.105s] -- Up-to-date: /home/eierobot/ROS/teleop_ws/src/teleop_robot_bridge/install/teleop_robot_bridge/share/teleop_robot_bridge/package.xml
[8.105s] Invoked command in '/home/eierobot/ROS/teleop_ws/src/teleop_robot_bridge/build/teleop_robot_bridge' returned '0': CMAKE_PREFIX_PATH=${CMAKE_PREFIX_PATH}:/opt/ros/jazzy DEBUGINFOD_URLS=https://debuginfod.ubuntu.com /usr/bin/cmake --install /home/eierobot/ROS/teleop_ws/src/teleop_robot_bridge/build/teleop_robot_bridge
