-- The C compiler identification is GNU 13.3.0
-- The CXX compiler identification is GNU 13.3.0
-- Detecting C compiler ABI info
-- Detecting C compiler ABI info - done
-- Check for working C compiler: /usr/bin/cc - skipped
-- Detecting C compile features
-- Detecting C compile features - done
-- Detecting CXX compiler ABI info
-- Detecting CXX compiler ABI info - done
-- Check for working CXX compiler: /usr/bin/c++ - skipped
-- Detecting CXX compile features
-- Detecting CXX compile features - done
-- Found ament_cmake: 2.5.6 (/opt/ros/jazzy/share/ament_cmake/cmake)
-- Found Python3: /usr/bin/python3 (found version "3.12.3") found components: Interpreter 
-- Found rosidl_default_generators: 1.6.0 (/opt/ros/jazzy/share/rosidl_default_generators/cmake)
-- Using all available rosidl_typesupport_c: rosidl_typesupport_fastrtps_c;rosidl_typesupport_introspection_c
-- Using all available rosidl_typesupport_cpp: rosidl_typesupport_fastrtps_cpp;rosidl_typesupport_introspection_cpp
-- Found rosidl_adapter: 4.6.7 (/opt/ros/jazzy/share/rosidl_adapter/cmake)
-- Found rclcpp: 28.1.18 (/opt/ros/jazzy/share/rclcpp/cmake)
-- Found rmw_implementation_cmake: 7.3.3 (/opt/ros/jazzy/share/rmw_implementation_cmake/cmake)
-- Found rmw_fastrtps_cpp: 8.4.3 (/opt/ros/jazzy/share/rmw_fastrtps_cpp/cmake)
-- Found OpenSSL: /usr/lib/aarch64-linux-gnu/libcrypto.so (found version "3.0.13")  
-- Found FastRTPS: /opt/ros/jazzy/include (Required is at least version "2.13") 
-- Using RMW implementation 'rmw_fastrtps_cpp' as default
-- Found rclpy: 7.1.11 (/opt/ros/jazzy/share/rclpy/cmake)
-- Found std_msgs: 5.3.7 (/opt/ros/jazzy/share/std_msgs/cmake)
-- Found sensor_msgs: 5.3.7 (/opt/ros/jazzy/share/sensor_msgs/cmake)
-- Performing Test CMAKE_HAVE_LIBC_PTHREAD
-- Performing Test CMAKE_HAVE_LIBC_PTHREAD - Success
-- Found Threads: TRUE  
-- Found OpenCV: /usr (found version "4.8.0") 
-- Found GStreamer audio development packages
-- Found Protobuf: /usr/lib/aarch64-linux-gnu/libprotobuf.so (found version "3.21.12") 
-- Found ZLIB: /usr/lib/aarch64-linux-gnu/libz.so (found version "1.3")  
-- Found c-ares: /usr/lib/aarch64-linux-gnu/cmake/c-ares/c-ares-config.cmake (found version "1.27.0") 
-- Found PkgConfig: /usr/bin/pkg-config (found version "1.8.1") 
-- Found RE2 via pkg-config.
-- Found Jetson Multimedia API at /usr/src/jetson_multimedia_api
-- Using Jetson JPEG headers: /usr/src/jetson_multimedia_api/include/libjpeg-9f
-- Found CUDA: /usr/local/cuda-13.2 (found version "13.2") 
-- Found ament_cmake_ros: 0.12.0 (/opt/ros/jazzy/share/ament_cmake_ros/cmake)
-- Using all available rosidl_typesupport_c: rosidl_typesupport_fastrtps_c;rosidl_typesupport_introspection_c
-- Using all available rosidl_typesupport_cpp: rosidl_typesupport_fastrtps_cpp;rosidl_typesupport_introspection_cpp
-- Found python_cmake_module: 0.11.1 (/opt/ros/jazzy/share/python_cmake_module/cmake)
-- Found PythonExtra: /usr/bin/python3  
-- Found Python3: /usr/bin/python3 (found version "3.12.3") found components: Interpreter Development NumPy Development.Module Development.Embed 
-- Found Python3: /usr/bin/python3 (found version "3.12.3") found components: Interpreter 
-- Found ament_lint_auto: 0.17.5 (/opt/ros/jazzy/share/ament_lint_auto/cmake)
-- Added test 'copyright' to check source files copyright and LICENSE
-- Added test 'cppcheck' to perform static code analysis on C / C++ code
-- Configured cppcheck include dirs: /home/eierobot/ROS/teleop_ws/src/teleop_robot_bridge/build/teleop_robot_bridge/generated;$<BUILD_INTERFACE:/home/eierobot/ROS/teleop_ws/src/teleop_robot_bridge/include>;$<BUILD_INTERFACE:/home/eierobot/ROS/teleop_ws/src/teleop_robot_bridge/build/teleop_robot_bridge/rosidl_generator_c>;$<BUILD_INTERFACE:/home/eierobot/ROS/teleop_ws/src/teleop_robot_bridge/build/teleop_robot_bridge/rosidl_typesupport_fastrtps_c>;$<BUILD_INTERFACE:/home/eierobot/ROS/teleop_ws/src/teleop_robot_bridge/build/teleop_robot_bridge/rosidl_typesupport_introspection_c>;$<BUILD_INTERFACE:/home/eierobot/ROS/teleop_ws/src/teleop_robot_bridge/build/teleop_robot_bridge/rosidl_generator_cpp>;$<BUILD_INTERFACE:/home/eierobot/ROS/teleop_ws/src/teleop_robot_bridge/build/teleop_robot_bridge/rosidl_typesupport_fastrtps_cpp>;$<BUILD_INTERFACE:/home/eierobot/ROS/teleop_ws/src/teleop_robot_bridge/build/teleop_robot_bridge/rosidl_typesupport_introspection_cpp>;/home/eierobot/ROS/teleop_ws/src/teleop_robot_bridge/build/teleop_robot_bridge/rosidl_generator_c;/home/eierobot/ROS/teleop_ws/src/teleop_robot_bridge/build/teleop_robot_bridge/rosidl_generator_py
-- Configured cppcheck exclude dirs and/or files: 
-- Added test 'cpplint' to check C / C++ code against the Google style
-- Configured cpplint exclude dirs and/or files: 
-- Added test 'flake8' to check Python code syntax and style conventions
-- Configured 'flake8' exclude dirs and/or files: 
-- Added test 'lint_cmake' to check CMake code style
-- Added test 'pep257' to check Python code against some of the docstring style conventions in PEP 257
-- Added test 'uncrustify' to check C / C++ code style
-- Configured uncrustify additional arguments: 
-- Added test 'xmllint' to check XML markup files
-- Configuring done (5.2s)
-- Generating done (0.1s)
-- Build files have been written to: /home/eierobot/ROS/teleop_ws/src/teleop_robot_bridge/build/teleop_robot_bridge
[  0%] Generating generated/signaling.pb.cc, generated/signaling.pb.h, generated/signaling.grpc.pb.cc, generated/signaling.grpc.pb.h
[  0%] Building CXX object CMakeFiles/video_v4l2_capturer.dir/src/video/video_v4l2_capturer.cpp.o
[  0%] Building CXX object CMakeFiles/video_encoder.dir/src/video/video_encoder.cpp.o
[  0%] Building CXX object CMakeFiles/video_converter.dir/src/video/video_converter.cpp.o
[  0%] Building CXX object CMakeFiles/video_converter.dir/usr/src/jetson_multimedia_api/samples/common/classes/NvJpegDecoder.cpp.o
[  1%] Building CXX object CMakeFiles/video_converter.dir/usr/src/jetson_multimedia_api/samples/common/classes/NvBufSurface.cpp.o
[  1%] Generating Rust code for ROS interfaces
[  1%] Building CXX object CMakeFiles/video_converter.dir/usr/src/jetson_multimedia_api/samples/common/classes/NvElement.cpp.o
[  2%] Building CXX object CMakeFiles/video_converter.dir/usr/src/jetson_multimedia_api/samples/common/classes/NvElementProfiler.cpp.o
[  2%] Building CXX object CMakeFiles/video_converter.dir/usr/src/jetson_multimedia_api/samples/common/classes/NvUtils.cpp.o
[  2%] Building CXX object CMakeFiles/video_converter.dir/usr/src/jetson_multimedia_api/samples/common/classes/NvLogging.cpp.o
[  2%] Generating type hashes for ROS interfaces
[  2%] Building CXX object CMakeFiles/video_converter.dir/usr/src/jetson_multimedia_api/samples/common/classes/NvBuffer.cpp.o
[  2%] Built target ament_cmake_python_copy_teleop_robot_bridge
[  2%] Building CXX object CMakeFiles/video_converter.dir/usr/src/jetson_multimedia_api/samples/common/classes/NvV4l2Element.cpp.o
[  3%] Building CXX object CMakeFiles/teleop_robot_bridge_grpc_proto.dir/generated/signaling.pb.cc.o
[  3%] Building CXX object CMakeFiles/video_converter.dir/usr/src/jetson_multimedia_api/samples/common/classes/NvV4l2ElementPlane.cpp.o
[  3%] Building CXX object CMakeFiles/video_encoder.dir/usr/src/jetson_multimedia_api/samples/common/classes/NvVideoEncoder.cpp.o
[  3%] Building CXX object CMakeFiles/teleop_robot_bridge_grpc_proto.dir/generated/signaling.grpc.pb.cc.o
[  3%] Building CXX object CMakeFiles/video_encoder.dir/usr/src/jetson_multimedia_api/samples/common/classes/NvBufSurface.cpp.o
running egg_info
creating teleop_robot_bridge.egg-info
writing teleop_robot_bridge.egg-info/PKG-INFO
writing dependency_links to teleop_robot_bridge.egg-info/dependency_links.txt
writing top-level names to teleop_robot_bridge.egg-info/top_level.txt
writing manifest file 'teleop_robot_bridge.egg-info/SOURCES.txt'
reading manifest file 'teleop_robot_bridge.egg-info/SOURCES.txt'
writing manifest file 'teleop_robot_bridge.egg-info/SOURCES.txt'
[  3%] Built target ament_cmake_python_build_teleop_robot_bridge_egg
[  3%] Building CXX object CMakeFiles/video_encoder.dir/usr/src/jetson_multimedia_api/samples/common/classes/NvBuffer.cpp.o
[  4%] Linking CXX static library libvideo_v4l2_capturer.a
[  4%] Built target video_v4l2_capturer
[  5%] Building CXX object CMakeFiles/video_encoder.dir/usr/src/jetson_multimedia_api/samples/common/classes/NvElement.cpp.o
[  5%] Building CXX object CMakeFiles/video_encoder.dir/usr/src/jetson_multimedia_api/samples/common/classes/NvLogging.cpp.o
[  5%] Building CXX object CMakeFiles/video_encoder.dir/usr/src/jetson_multimedia_api/samples/common/classes/NvElementProfiler.cpp.o
[  5%] Building CXX object CMakeFiles/video_encoder.dir/usr/src/jetson_multimedia_api/samples/common/classes/NvUtils.cpp.o
[  6%] Building CXX object CMakeFiles/video_encoder.dir/usr/src/jetson_multimedia_api/samples/common/classes/NvV4l2Element.cpp.o
[  6%] Building CXX object CMakeFiles/video_encoder.dir/usr/src/jetson_multimedia_api/samples/common/classes/NvV4l2ElementPlane.cpp.o
[  6%] Built target teleop_robot_bridge__rs
[  6%] Built target teleop_robot_bridge__rosidl_generator_type_description
[  6%] Generating C code for ROS interfaces
[  6%] Generating C++ code for ROS interfaces
/home/eierobot/ROS/teleop_ws/src/teleop_robot_bridge/src/video/video_encoder.cpp:398:28: warning: ‘std::string trb::video::{anonymous}::base64Encode(const uint8_t*, size_t)’ defined but not used [-Wunused-function]
  398 |         static std::string base64Encode(const uint8_t *data, size_t size)
      |                            ^~~~~~~~~~~~
/home/eierobot/ROS/teleop_ws/src/teleop_robot_bridge/src/video/video_encoder.cpp:384:28: warning: ‘std::string trb::video::{anonymous}::bytesToHex(const uint8_t*, size_t)’ defined but not used [-Wunused-function]
  384 |         static std::string bytesToHex(const uint8_t *data, size_t size)
      |                            ^~~~~~~~~~
/home/eierobot/ROS/teleop_ws/src/teleop_robot_bridge/src/video/video_encoder.cpp:337:21: warning: ‘bool trb::video::{anonymous}::containsH264ISlice(const uint8_t*, size_t)’ defined but not used [-Wunused-function]
  337 |         static bool containsH264ISlice(const uint8_t *data, size_t size)
      |                     ^~~~~~~~~~~~~~~~~~
[  7%] Linking CXX static library libvideo_converter.a
[  7%] Built target video_converter
[  7%] Linking CXX static library libvideo_encoder.a
[  7%] Built target video_encoder
[  7%] Built target teleop_robot_bridge__cpp
[  7%] Building C object CMakeFiles/teleop_robot_bridge__rosidl_generator_c.dir/rosidl_generator_c/teleop_robot_bridge/msg/detail/agv_battery_state__description.c.o
[  8%] Building C object CMakeFiles/teleop_robot_bridge__rosidl_generator_c.dir/rosidl_generator_c/teleop_robot_bridge/msg/detail/agv_battery_state__functions.c.o
[  8%] Building C object CMakeFiles/teleop_robot_bridge__rosidl_generator_c.dir/rosidl_generator_c/teleop_robot_bridge/msg/detail/agv_device_state__description.c.o
[  8%] Building C object CMakeFiles/teleop_robot_bridge__rosidl_generator_c.dir/rosidl_generator_c/teleop_robot_bridge/msg/detail/agv_battery_state__type_support.c.o
[  9%] Building C object CMakeFiles/teleop_robot_bridge__rosidl_generator_c.dir/rosidl_generator_c/teleop_robot_bridge/msg/detail/agv_cmd_vel__type_support.c.o
[  9%] Building C object CMakeFiles/teleop_robot_bridge__rosidl_generator_c.dir/rosidl_generator_c/teleop_robot_bridge/msg/detail/agv_cmd_vel__functions.c.o
[  9%] Building C object CMakeFiles/teleop_robot_bridge__rosidl_generator_c.dir/rosidl_generator_c/teleop_robot_bridge/msg/detail/agv_device_state__functions.c.o
[  9%] Building C object CMakeFiles/teleop_robot_bridge__rosidl_generator_c.dir/rosidl_generator_c/teleop_robot_bridge/msg/detail/agv_device_state__type_support.c.o
[  9%] Building C object CMakeFiles/teleop_robot_bridge__rosidl_generator_c.dir/rosidl_generator_c/teleop_robot_bridge/msg/detail/agv_imu__description.c.o
[ 10%] Building C object CMakeFiles/teleop_robot_bridge__rosidl_generator_c.dir/rosidl_generator_c/teleop_robot_bridge/msg/detail/agv_imu__functions.c.o
[ 10%] Building C object CMakeFiles/teleop_robot_bridge__rosidl_generator_c.dir/rosidl_generator_c/teleop_robot_bridge/msg/detail/agv_joint_feedback__description.c.o
[ 10%] Building C object CMakeFiles/teleop_robot_bridge__rosidl_generator_c.dir/rosidl_generator_c/teleop_robot_bridge/msg/detail/agv_cmd_vel__description.c.o
[ 10%] Building C object CMakeFiles/teleop_robot_bridge__rosidl_generator_c.dir/rosidl_generator_c/teleop_robot_bridge/msg/detail/agv_imu__type_support.c.o
[ 11%] Building C object CMakeFiles/teleop_robot_bridge__rosidl_generator_c.dir/rosidl_generator_c/teleop_robot_bridge/msg/detail/agv_joint_feedback__type_support.c.o
[ 11%] Building C object CMakeFiles/teleop_robot_bridge__rosidl_generator_c.dir/rosidl_generator_c/teleop_robot_bridge/msg/detail/agv_joint_feedback__functions.c.o
[ 11%] Building C object CMakeFiles/teleop_robot_bridge__rosidl_generator_c.dir/rosidl_generator_c/teleop_robot_bridge/msg/detail/agv_joint_status__description.c.o
[ 11%] Building C object CMakeFiles/teleop_robot_bridge__rosidl_generator_c.dir/rosidl_generator_c/teleop_robot_bridge/msg/detail/agv_joint_status__functions.c.o
[ 11%] Building C object CMakeFiles/teleop_robot_bridge__rosidl_generator_c.dir/rosidl_generator_c/teleop_robot_bridge/msg/detail/agv_joint_status__type_support.c.o
[ 11%] Building C object CMakeFiles/teleop_robot_bridge__rosidl_generator_c.dir/rosidl_generator_c/teleop_robot_bridge/msg/detail/agv_motion_ctrl__functions.c.o
[ 12%] Building C object CMakeFiles/teleop_robot_bridge__rosidl_generator_c.dir/rosidl_generator_c/teleop_robot_bridge/msg/detail/agv_motion_ctrl__description.c.o
[ 12%] Building C object CMakeFiles/teleop_robot_bridge__rosidl_generator_c.dir/rosidl_generator_c/teleop_robot_bridge/msg/detail/agv_motion_ctrl__type_support.c.o
[ 12%] Building C object CMakeFiles/teleop_robot_bridge__rosidl_generator_c.dir/rosidl_generator_c/teleop_robot_bridge/msg/detail/agv_ultrasonic__description.c.o
[ 12%] Building C object CMakeFiles/teleop_robot_bridge__rosidl_generator_c.dir/rosidl_generator_c/teleop_robot_bridge/msg/detail/agv_ultrasonic__functions.c.o
[ 13%] Building C object CMakeFiles/teleop_robot_bridge__rosidl_generator_c.dir/rosidl_generator_c/teleop_robot_bridge/msg/detail/agv_ultrasonic__type_support.c.o
[ 13%] Building C object CMakeFiles/teleop_robot_bridge__rosidl_generator_c.dir/rosidl_generator_c/teleop_robot_bridge/msg/detail/agv_vda5050_state__description.c.o
[ 13%] Building C object CMakeFiles/teleop_robot_bridge__rosidl_generator_c.dir/rosidl_generator_c/teleop_robot_bridge/msg/detail/agv_vda5050_state__functions.c.o
[ 14%] Building C object CMakeFiles/teleop_robot_bridge__rosidl_generator_c.dir/rosidl_generator_c/teleop_robot_bridge/msg/detail/agv_vel__description.c.o
[ 14%] Building C object CMakeFiles/teleop_robot_bridge__rosidl_generator_c.dir/rosidl_generator_c/teleop_robot_bridge/msg/detail/agv_vda5050_state__type_support.c.o
[ 14%] Building C object CMakeFiles/teleop_robot_bridge__rosidl_generator_c.dir/rosidl_generator_c/teleop_robot_bridge/msg/detail/agv_vel__functions.c.o
[ 14%] Building C object CMakeFiles/teleop_robot_bridge__rosidl_generator_c.dir/rosidl_generator_c/teleop_robot_bridge/msg/detail/agv_vel__type_support.c.o
[ 14%] Building C object CMakeFiles/teleop_robot_bridge__rosidl_generator_c.dir/rosidl_generator_c/teleop_robot_bridge/msg/detail/arm_joint_command__description.c.o
[ 15%] Building C object CMakeFiles/teleop_robot_bridge__rosidl_generator_c.dir/rosidl_generator_c/teleop_robot_bridge/msg/detail/arm_joint_command__functions.c.o
[ 15%] Building C object CMakeFiles/teleop_robot_bridge__rosidl_generator_c.dir/rosidl_generator_c/teleop_robot_bridge/msg/detail/arm_joint_command__type_support.c.o
[ 15%] Building C object CMakeFiles/teleop_robot_bridge__rosidl_generator_c.dir/rosidl_generator_c/teleop_robot_bridge/msg/detail/arm_joint_feedback__description.c.o
[ 15%] Building C object CMakeFiles/teleop_robot_bridge__rosidl_generator_c.dir/rosidl_generator_c/teleop_robot_bridge/msg/detail/arm_joint_feedback__functions.c.o
[ 15%] Building C object CMakeFiles/teleop_robot_bridge__rosidl_generator_c.dir/rosidl_generator_c/teleop_robot_bridge/msg/detail/arm_joint_feedback__type_support.c.o
[ 16%] Building C object CMakeFiles/teleop_robot_bridge__rosidl_generator_c.dir/rosidl_generator_c/teleop_robot_bridge/msg/detail/arm_joint_status__description.c.o
[ 16%] Building C object CMakeFiles/teleop_robot_bridge__rosidl_generator_c.dir/rosidl_generator_c/teleop_robot_bridge/msg/detail/arm_joint_status__type_support.c.o
[ 16%] Building C object CMakeFiles/teleop_robot_bridge__rosidl_generator_c.dir/rosidl_generator_c/teleop_robot_bridge/msg/detail/arm_motion_ctrl__description.c.o
[ 16%] Building C object CMakeFiles/teleop_robot_bridge__rosidl_generator_c.dir/rosidl_generator_c/teleop_robot_bridge/msg/detail/arm_joint_status__functions.c.o
[ 17%] Building C object CMakeFiles/teleop_robot_bridge__rosidl_generator_c.dir/rosidl_generator_c/teleop_robot_bridge/msg/detail/arm_motion_ctrl__functions.c.o
[ 17%] Building C object CMakeFiles/teleop_robot_bridge__rosidl_generator_c.dir/rosidl_generator_c/teleop_robot_bridge/msg/detail/arm_motion_ctrl__type_support.c.o
[ 17%] Building C object CMakeFiles/teleop_robot_bridge__rosidl_generator_c.dir/rosidl_generator_c/teleop_robot_bridge/msg/detail/ee_tcp_command__functions.c.o
[ 17%] Building C object CMakeFiles/teleop_robot_bridge__rosidl_generator_c.dir/rosidl_generator_c/teleop_robot_bridge/msg/detail/ee_tcp_command__description.c.o
[ 17%] Building C object CMakeFiles/teleop_robot_bridge__rosidl_generator_c.dir/rosidl_generator_c/teleop_robot_bridge/msg/detail/ee_tcp_command__type_support.c.o
[ 18%] Building C object CMakeFiles/teleop_robot_bridge__rosidl_generator_c.dir/rosidl_generator_c/teleop_robot_bridge/msg/detail/gripper_device_state__description.c.o
[ 18%] Building C object CMakeFiles/teleop_robot_bridge__rosidl_generator_c.dir/rosidl_generator_c/teleop_robot_bridge/msg/detail/gripper_device_state__functions.c.o
[ 18%] Building C object CMakeFiles/teleop_robot_bridge__rosidl_generator_c.dir/rosidl_generator_c/teleop_robot_bridge/msg/detail/gripper_device_state__type_support.c.o
[ 18%] Building C object CMakeFiles/teleop_robot_bridge__rosidl_generator_c.dir/rosidl_generator_c/teleop_robot_bridge/msg/detail/gripper_move__description.c.o
[ 19%] Building C object CMakeFiles/teleop_robot_bridge__rosidl_generator_c.dir/rosidl_generator_c/teleop_robot_bridge/msg/detail/gripper_move__functions.c.o
[ 19%] Building C object CMakeFiles/teleop_robot_bridge__rosidl_generator_c.dir/rosidl_generator_c/teleop_robot_bridge/msg/detail/gripper_move__type_support.c.o
[ 19%] Building C object CMakeFiles/teleop_robot_bridge__rosidl_generator_c.dir/rosidl_generator_c/teleop_robot_bridge/msg/detail/gripper_status__functions.c.o
[ 20%] Building C object CMakeFiles/teleop_robot_bridge__rosidl_generator_c.dir/rosidl_generator_c/teleop_robot_bridge/msg/detail/gripper_status__type_support.c.o
[ 20%] Building C object CMakeFiles/teleop_robot_bridge__rosidl_generator_c.dir/rosidl_generator_c/teleop_robot_bridge/msg/detail/gripper_status__description.c.o
[ 20%] Building C object CMakeFiles/teleop_robot_bridge__rosidl_generator_c.dir/rosidl_generator_c/teleop_robot_bridge/msg/detail/gripper_tactile__description.c.o
[ 20%] Building C object CMakeFiles/teleop_robot_bridge__rosidl_generator_c.dir/rosidl_generator_c/teleop_robot_bridge/msg/detail/gripper_tactile__functions.c.o
[ 20%] Building C object CMakeFiles/teleop_robot_bridge__rosidl_generator_c.dir/rosidl_generator_c/teleop_robot_bridge/msg/detail/gripper_tactile__type_support.c.o
[ 21%] Building C object CMakeFiles/teleop_robot_bridge__rosidl_generator_c.dir/rosidl_generator_c/teleop_robot_bridge/msg/detail/hand_tactile__functions.c.o
[ 21%] Building C object CMakeFiles/teleop_robot_bridge__rosidl_generator_c.dir/rosidl_generator_c/teleop_robot_bridge/msg/detail/hand_tactile__description.c.o
[ 21%] Building C object CMakeFiles/teleop_robot_bridge__rosidl_generator_c.dir/rosidl_generator_c/teleop_robot_bridge/msg/detail/hand_tactile__type_support.c.o
[ 21%] Building C object CMakeFiles/teleop_robot_bridge__rosidl_generator_c.dir/rosidl_generator_c/teleop_robot_bridge/msg/detail/head_joint_command__description.c.o
[ 21%] Building C object CMakeFiles/teleop_robot_bridge__rosidl_generator_c.dir/rosidl_generator_c/teleop_robot_bridge/msg/detail/head_joint_command__functions.c.o
[ 22%] Building C object CMakeFiles/teleop_robot_bridge__rosidl_generator_c.dir/rosidl_generator_c/teleop_robot_bridge/msg/detail/head_joint_command__type_support.c.o
[ 22%] Building C object CMakeFiles/teleop_robot_bridge__rosidl_generator_c.dir/rosidl_generator_c/teleop_robot_bridge/msg/detail/head_joint_feedback__description.c.o
[ 22%] Building C object CMakeFiles/teleop_robot_bridge__rosidl_generator_c.dir/rosidl_generator_c/teleop_robot_bridge/msg/detail/head_joint_feedback__functions.c.o
[ 22%] Building C object CMakeFiles/teleop_robot_bridge__rosidl_generator_c.dir/rosidl_generator_c/teleop_robot_bridge/msg/detail/head_joint_feedback__type_support.c.o
[ 22%] Building C object CMakeFiles/teleop_robot_bridge__rosidl_generator_c.dir/rosidl_generator_c/teleop_robot_bridge/msg/detail/head_motion_ctrl__description.c.o
[ 23%] Building C object CMakeFiles/teleop_robot_bridge__rosidl_generator_c.dir/rosidl_generator_c/teleop_robot_bridge/msg/detail/head_joint_status__description.c.o
[ 23%] Building C object CMakeFiles/teleop_robot_bridge__rosidl_generator_c.dir/rosidl_generator_c/teleop_robot_bridge/msg/detail/head_joint_status__type_support.c.o
[ 23%] Building C object CMakeFiles/teleop_robot_bridge__rosidl_generator_c.dir/rosidl_generator_c/teleop_robot_bridge/msg/detail/head_joint_status__functions.c.o
[ 24%] Building C object CMakeFiles/teleop_robot_bridge__rosidl_generator_c.dir/rosidl_generator_c/teleop_robot_bridge/msg/detail/head_motion_ctrl__type_support.c.o
[ 24%] Building C object CMakeFiles/teleop_robot_bridge__rosidl_generator_c.dir/rosidl_generator_c/teleop_robot_bridge/msg/detail/joint_status__description.c.o
[ 24%] Building C object CMakeFiles/teleop_robot_bridge__rosidl_generator_c.dir/rosidl_generator_c/teleop_robot_bridge/msg/detail/head_motion_ctrl__functions.c.o
[ 24%] Building C object CMakeFiles/teleop_robot_bridge__rosidl_generator_c.dir/rosidl_generator_c/teleop_robot_bridge/msg/detail/joint_status__functions.c.o
[ 25%] Building C object CMakeFiles/teleop_robot_bridge__rosidl_generator_c.dir/rosidl_generator_c/teleop_robot_bridge/msg/detail/joy_state__description.c.o
[ 25%] Building C object CMakeFiles/teleop_robot_bridge__rosidl_generator_c.dir/rosidl_generator_c/teleop_robot_bridge/msg/detail/joint_status__type_support.c.o
[ 25%] Building C object CMakeFiles/teleop_robot_bridge__rosidl_generator_c.dir/rosidl_generator_c/teleop_robot_bridge/msg/detail/joy_state__type_support.c.o
[ 25%] Building C object CMakeFiles/teleop_robot_bridge__rosidl_generator_c.dir/rosidl_generator_c/teleop_robot_bridge/msg/detail/joy_state__functions.c.o
[ 25%] Building C object CMakeFiles/teleop_robot_bridge__rosidl_generator_c.dir/rosidl_generator_c/teleop_robot_bridge/msg/detail/single_device_state__description.c.o
[ 25%] Building C object CMakeFiles/teleop_robot_bridge__rosidl_generator_c.dir/rosidl_generator_c/teleop_robot_bridge/msg/detail/single_device_state__functions.c.o
[ 26%] Building C object CMakeFiles/teleop_robot_bridge__rosidl_generator_c.dir/rosidl_generator_c/teleop_robot_bridge/msg/detail/single_device_state__type_support.c.o
[ 26%] Building C object CMakeFiles/teleop_robot_bridge__rosidl_generator_c.dir/rosidl_generator_c/teleop_robot_bridge/msg/detail/single_gripper_move__description.c.o
[ 26%] Building C object CMakeFiles/teleop_robot_bridge__rosidl_generator_c.dir/rosidl_generator_c/teleop_robot_bridge/msg/detail/single_gripper_move__functions.c.o
[ 26%] Building C object CMakeFiles/teleop_robot_bridge__rosidl_generator_c.dir/rosidl_generator_c/teleop_robot_bridge/msg/detail/single_gripper_move__type_support.c.o
[ 27%] Building C object CMakeFiles/teleop_robot_bridge__rosidl_generator_c.dir/rosidl_generator_c/teleop_robot_bridge/msg/detail/single_gripper_status__description.c.o
[ 27%] Building C object CMakeFiles/teleop_robot_bridge__rosidl_generator_c.dir/rosidl_generator_c/teleop_robot_bridge/msg/detail/single_gripper_status__type_support.c.o
[ 27%] Building C object CMakeFiles/teleop_robot_bridge__rosidl_generator_c.dir/rosidl_generator_c/teleop_robot_bridge/msg/detail/single_gripper_status__functions.c.o
[ 27%] Building C object CMakeFiles/teleop_robot_bridge__rosidl_generator_c.dir/rosidl_generator_c/teleop_robot_bridge/msg/detail/temperature__description.c.o
[ 28%] Building C object CMakeFiles/teleop_robot_bridge__rosidl_generator_c.dir/rosidl_generator_c/teleop_robot_bridge/msg/detail/temperature__functions.c.o
[ 28%] Building C object CMakeFiles/teleop_robot_bridge__rosidl_generator_c.dir/rosidl_generator_c/teleop_robot_bridge/msg/detail/temperature__type_support.c.o
[ 28%] Building C object CMakeFiles/teleop_robot_bridge__rosidl_generator_c.dir/rosidl_generator_c/teleop_robot_bridge/msg/detail/upper_body_device_state__functions.c.o
[ 28%] Building C object CMakeFiles/teleop_robot_bridge__rosidl_generator_c.dir/rosidl_generator_c/teleop_robot_bridge/msg/detail/upper_body_device_state__type_support.c.o
[ 28%] Building C object CMakeFiles/teleop_robot_bridge__rosidl_generator_c.dir/rosidl_generator_c/teleop_robot_bridge/msg/detail/upper_body_device_state__description.c.o
[ 28%] Building C object CMakeFiles/teleop_robot_bridge__rosidl_generator_c.dir/rosidl_generator_c/teleop_robot_bridge/msg/detail/waist_joint_command__functions.c.o
[ 29%] Building C object CMakeFiles/teleop_robot_bridge__rosidl_generator_c.dir/rosidl_generator_c/teleop_robot_bridge/msg/detail/waist_joint_command__description.c.o
[ 29%] Building C object CMakeFiles/teleop_robot_bridge__rosidl_generator_c.dir/rosidl_generator_c/teleop_robot_bridge/msg/detail/waist_joint_feedback__description.c.o
[ 29%] Building C object CMakeFiles/teleop_robot_bridge__rosidl_generator_c.dir/rosidl_generator_c/teleop_robot_bridge/msg/detail/waist_joint_command__type_support.c.o
[ 29%] Building C object CMakeFiles/teleop_robot_bridge__rosidl_generator_c.dir/rosidl_generator_c/teleop_robot_bridge/msg/detail/waist_joint_feedback__type_support.c.o
[ 30%] Building C object CMakeFiles/teleop_robot_bridge__rosidl_generator_c.dir/rosidl_generator_c/teleop_robot_bridge/msg/detail/waist_joint_feedback__functions.c.o
[ 30%] Building C object CMakeFiles/teleop_robot_bridge__rosidl_generator_c.dir/rosidl_generator_c/teleop_robot_bridge/msg/detail/waist_joint_status__description.c.o
[ 30%] Building C object CMakeFiles/teleop_robot_bridge__rosidl_generator_c.dir/rosidl_generator_c/teleop_robot_bridge/msg/detail/waist_joint_status__functions.c.o
[ 31%] Building C object CMakeFiles/teleop_robot_bridge__rosidl_generator_c.dir/rosidl_generator_c/teleop_robot_bridge/msg/detail/waist_joint_status__type_support.c.o
[ 31%] Building C object CMakeFiles/teleop_robot_bridge__rosidl_generator_c.dir/rosidl_generator_c/teleop_robot_bridge/msg/detail/waist_motion_ctrl__description.c.o
[ 31%] Building C object CMakeFiles/teleop_robot_bridge__rosidl_generator_c.dir/rosidl_generator_c/teleop_robot_bridge/msg/detail/waist_motion_ctrl__functions.c.o
[ 31%] Building C object CMakeFiles/teleop_robot_bridge__rosidl_generator_c.dir/rosidl_generator_c/teleop_robot_bridge/msg/detail/waist_motion_ctrl__type_support.c.o
[ 31%] Building C object CMakeFiles/teleop_robot_bridge__rosidl_generator_c.dir/rosidl_generator_c/teleop_robot_bridge/msg/detail/waist_tcp_command__description.c.o
[ 32%] Building C object CMakeFiles/teleop_robot_bridge__rosidl_generator_c.dir/rosidl_generator_c/teleop_robot_bridge/msg/detail/waist_tcp_command__functions.c.o
[ 32%] Building C object CMakeFiles/teleop_robot_bridge__rosidl_generator_c.dir/rosidl_generator_c/teleop_robot_bridge/msg/detail/waist_tcp_command__type_support.c.o
[ 32%] Linking C shared library libteleop_robot_bridge__rosidl_generator_c.so
[ 32%] Built target teleop_robot_bridge__rosidl_generator_c
[ 32%] Generating C type support dispatch for ROS interfaces
[ 32%] Generating C type support for eProsima Fast-RTPS
[ 32%] Generating C++ type support dispatch for ROS interfaces
[ 33%] Generating C++ type support for eProsima Fast-RTPS
[ 33%] Generating C++ introspection for ROS interfaces
[ 33%] Generating C introspection for ROS interfaces
[ 33%] Linking CXX static library libteleop_robot_bridge_grpc_proto.a
[ 33%] Built target teleop_robot_bridge_grpc_proto
[ 33%] Building CXX object CMakeFiles/teleop_robot_bridge__rosidl_typesupport_cpp.dir/rosidl_typesupport_cpp/teleop_robot_bridge/msg/agv_battery_state__type_support.cpp.o
[ 33%] Building CXX object CMakeFiles/teleop_robot_bridge__rosidl_typesupport_cpp.dir/rosidl_typesupport_cpp/teleop_robot_bridge/msg/agv_device_state__type_support.cpp.o
[ 33%] Building CXX object CMakeFiles/teleop_robot_bridge__rosidl_typesupport_cpp.dir/rosidl_typesupport_cpp/teleop_robot_bridge/msg/agv_cmd_vel__type_support.cpp.o
[ 34%] Building CXX object CMakeFiles/teleop_robot_bridge__rosidl_typesupport_cpp.dir/rosidl_typesupport_cpp/teleop_robot_bridge/msg/agv_imu__type_support.cpp.o
[ 34%] Building CXX object CMakeFiles/teleop_robot_bridge__rosidl_typesupport_cpp.dir/rosidl_typesupport_cpp/teleop_robot_bridge/msg/agv_joint_feedback__type_support.cpp.o
[ 34%] Building CXX object CMakeFiles/teleop_robot_bridge__rosidl_typesupport_cpp.dir/rosidl_typesupport_cpp/teleop_robot_bridge/msg/agv_joint_status__type_support.cpp.o
[ 34%] Building CXX object CMakeFiles/teleop_robot_bridge__rosidl_typesupport_cpp.dir/rosidl_typesupport_cpp/teleop_robot_bridge/msg/agv_motion_ctrl__type_support.cpp.o
[ 35%] Building CXX object CMakeFiles/teleop_robot_bridge__rosidl_typesupport_cpp.dir/rosidl_typesupport_cpp/teleop_robot_bridge/msg/agv_ultrasonic__type_support.cpp.o
[ 35%] Building CXX object CMakeFiles/teleop_robot_bridge__rosidl_typesupport_cpp.dir/rosidl_typesupport_cpp/teleop_robot_bridge/msg/agv_vda5050_state__type_support.cpp.o
[ 35%] Building CXX object CMakeFiles/teleop_robot_bridge__rosidl_typesupport_c.dir/rosidl_typesupport_c/teleop_robot_bridge/msg/agv_battery_state__type_support.cpp.o
[ 36%] Building CXX object CMakeFiles/teleop_robot_bridge__rosidl_typesupport_c.dir/rosidl_typesupport_c/teleop_robot_bridge/msg/agv_cmd_vel__type_support.cpp.o
[ 36%] Building CXX object CMakeFiles/teleop_robot_bridge__rosidl_typesupport_c.dir/rosidl_typesupport_c/teleop_robot_bridge/msg/agv_device_state__type_support.cpp.o
[ 36%] Building CXX object CMakeFiles/teleop_robot_bridge__rosidl_typesupport_c.dir/rosidl_typesupport_c/teleop_robot_bridge/msg/agv_imu__type_support.cpp.o
[ 36%] Building CXX object CMakeFiles/teleop_robot_bridge__rosidl_typesupport_cpp.dir/rosidl_typesupport_cpp/teleop_robot_bridge/msg/agv_vel__type_support.cpp.o
[ 36%] Building CXX object CMakeFiles/teleop_robot_bridge__rosidl_typesupport_c.dir/rosidl_typesupport_c/teleop_robot_bridge/msg/agv_joint_feedback__type_support.cpp.o
[ 36%] Building CXX object CMakeFiles/teleop_robot_bridge__rosidl_typesupport_cpp.dir/rosidl_typesupport_cpp/teleop_robot_bridge/msg/arm_joint_command__type_support.cpp.o
[ 36%] Building CXX object CMakeFiles/teleop_robot_bridge__rosidl_typesupport_c.dir/rosidl_typesupport_c/teleop_robot_bridge/msg/agv_joint_status__type_support.cpp.o
[ 36%] Building CXX object CMakeFiles/teleop_robot_bridge__rosidl_typesupport_cpp.dir/rosidl_typesupport_cpp/teleop_robot_bridge/msg/arm_joint_feedback__type_support.cpp.o
[ 37%] Building CXX object CMakeFiles/teleop_robot_bridge__rosidl_typesupport_cpp.dir/rosidl_typesupport_cpp/teleop_robot_bridge/msg/arm_joint_status__type_support.cpp.o
[ 37%] Building CXX object CMakeFiles/teleop_robot_bridge__rosidl_typesupport_cpp.dir/rosidl_typesupport_cpp/teleop_robot_bridge/msg/arm_motion_ctrl__type_support.cpp.o
[ 37%] Building CXX object CMakeFiles/teleop_robot_bridge__rosidl_typesupport_cpp.dir/rosidl_typesupport_cpp/teleop_robot_bridge/msg/ee_tcp_command__type_support.cpp.o
[ 37%] Building CXX object CMakeFiles/teleop_robot_bridge__rosidl_typesupport_cpp.dir/rosidl_typesupport_cpp/teleop_robot_bridge/msg/gripper_device_state__type_support.cpp.o
[ 38%] Building CXX object CMakeFiles/teleop_robot_bridge__rosidl_typesupport_c.dir/rosidl_typesupport_c/teleop_robot_bridge/msg/agv_motion_ctrl__type_support.cpp.o
[ 38%] Building CXX object CMakeFiles/teleop_robot_bridge__rosidl_typesupport_c.dir/rosidl_typesupport_c/teleop_robot_bridge/msg/agv_ultrasonic__type_support.cpp.o
[ 38%] Building CXX object CMakeFiles/teleop_robot_bridge__rosidl_typesupport_c.dir/rosidl_typesupport_c/teleop_robot_bridge/msg/agv_vda5050_state__type_support.cpp.o
[ 38%] Building CXX object CMakeFiles/teleop_robot_bridge__rosidl_typesupport_c.dir/rosidl_typesupport_c/teleop_robot_bridge/msg/agv_vel__type_support.cpp.o
[ 39%] Building CXX object CMakeFiles/teleop_robot_bridge__rosidl_typesupport_c.dir/rosidl_typesupport_c/teleop_robot_bridge/msg/arm_joint_command__type_support.cpp.o
[ 39%] Building CXX object CMakeFiles/teleop_robot_bridge__rosidl_typesupport_c.dir/rosidl_typesupport_c/teleop_robot_bridge/msg/arm_joint_feedback__type_support.cpp.o
[ 39%] Building CXX object CMakeFiles/teleop_robot_bridge__rosidl_typesupport_c.dir/rosidl_typesupport_c/teleop_robot_bridge/msg/arm_joint_status__type_support.cpp.o
[ 39%] Building CXX object CMakeFiles/teleop_robot_bridge__rosidl_typesupport_cpp.dir/rosidl_typesupport_cpp/teleop_robot_bridge/msg/gripper_status__type_support.cpp.o
[ 40%] Building CXX object CMakeFiles/teleop_robot_bridge__rosidl_typesupport_cpp.dir/rosidl_typesupport_cpp/teleop_robot_bridge/msg/gripper_move__type_support.cpp.o
[ 40%] Building CXX object CMakeFiles/teleop_robot_bridge__rosidl_typesupport_cpp.dir/rosidl_typesupport_cpp/teleop_robot_bridge/msg/gripper_tactile__type_support.cpp.o
[ 40%] Building CXX object CMakeFiles/teleop_robot_bridge__rosidl_typesupport_c.dir/rosidl_typesupport_c/teleop_robot_bridge/msg/arm_motion_ctrl__type_support.cpp.o
[ 40%] Building CXX object CMakeFiles/teleop_robot_bridge__rosidl_typesupport_c.dir/rosidl_typesupport_c/teleop_robot_bridge/msg/ee_tcp_command__type_support.cpp.o
[ 40%] Building CXX object CMakeFiles/teleop_robot_bridge__rosidl_typesupport_c.dir/rosidl_typesupport_c/teleop_robot_bridge/msg/gripper_move__type_support.cpp.o
[ 40%] Building CXX object CMakeFiles/teleop_robot_bridge__rosidl_typesupport_c.dir/rosidl_typesupport_c/teleop_robot_bridge/msg/gripper_status__type_support.cpp.o
[ 41%] Building CXX object CMakeFiles/teleop_robot_bridge__rosidl_typesupport_c.dir/rosidl_typesupport_c/teleop_robot_bridge/msg/gripper_device_state__type_support.cpp.o
[ 41%] Building CXX object CMakeFiles/teleop_robot_bridge__rosidl_typesupport_c.dir/rosidl_typesupport_c/teleop_robot_bridge/msg/gripper_tactile__type_support.cpp.o
[ 41%] Building CXX object CMakeFiles/teleop_robot_bridge__rosidl_typesupport_cpp.dir/rosidl_typesupport_cpp/teleop_robot_bridge/msg/hand_tactile__type_support.cpp.o
[ 42%] Building CXX object CMakeFiles/teleop_robot_bridge__rosidl_typesupport_cpp.dir/rosidl_typesupport_cpp/teleop_robot_bridge/msg/head_joint_command__type_support.cpp.o
[ 43%] Building CXX object CMakeFiles/teleop_robot_bridge__rosidl_typesupport_c.dir/rosidl_typesupport_c/teleop_robot_bridge/msg/hand_tactile__type_support.cpp.o
[ 43%] Building CXX object CMakeFiles/teleop_robot_bridge__rosidl_typesupport_c.dir/rosidl_typesupport_c/teleop_robot_bridge/msg/head_joint_command__type_support.cpp.o
[ 43%] Building CXX object CMakeFiles/teleop_robot_bridge__rosidl_typesupport_c.dir/rosidl_typesupport_c/teleop_robot_bridge/msg/head_joint_feedback__type_support.cpp.o
[ 43%] Building CXX object CMakeFiles/teleop_robot_bridge__rosidl_typesupport_c.dir/rosidl_typesupport_c/teleop_robot_bridge/msg/head_joint_status__type_support.cpp.o
[ 44%] Building CXX object CMakeFiles/teleop_robot_bridge__rosidl_typesupport_c.dir/rosidl_typesupport_c/teleop_robot_bridge/msg/head_motion_ctrl__type_support.cpp.o
[ 44%] Building CXX object CMakeFiles/teleop_robot_bridge__rosidl_typesupport_c.dir/rosidl_typesupport_c/teleop_robot_bridge/msg/joint_status__type_support.cpp.o
[ 44%] Building CXX object CMakeFiles/teleop_robot_bridge__rosidl_typesupport_c.dir/rosidl_typesupport_c/teleop_robot_bridge/msg/joy_state__type_support.cpp.o
[ 44%] Building CXX object CMakeFiles/teleop_robot_bridge__rosidl_typesupport_c.dir/rosidl_typesupport_c/teleop_robot_bridge/msg/single_device_state__type_support.cpp.o
[ 44%] Building CXX object CMakeFiles/teleop_robot_bridge__rosidl_typesupport_c.dir/rosidl_typesupport_c/teleop_robot_bridge/msg/single_gripper_move__type_support.cpp.o
[ 44%] Building CXX object CMakeFiles/teleop_robot_bridge__rosidl_typesupport_cpp.dir/rosidl_typesupport_cpp/teleop_robot_bridge/msg/head_joint_status__type_support.cpp.o
[ 44%] Building CXX object CMakeFiles/teleop_robot_bridge__rosidl_typesupport_cpp.dir/rosidl_typesupport_cpp/teleop_robot_bridge/msg/head_joint_feedback__type_support.cpp.o
[ 45%] Building CXX object CMakeFiles/teleop_robot_bridge__rosidl_typesupport_c.dir/rosidl_typesupport_c/teleop_robot_bridge/msg/single_gripper_status__type_support.cpp.o
[ 45%] Building CXX object CMakeFiles/teleop_robot_bridge__rosidl_typesupport_c.dir/rosidl_typesupport_c/teleop_robot_bridge/msg/temperature__type_support.cpp.o
[ 45%] Building CXX object CMakeFiles/teleop_robot_bridge__rosidl_typesupport_introspection_cpp.dir/rosidl_typesupport_introspection_cpp/teleop_robot_bridge/msg/detail/agv_battery_state__type_support.cpp.o
[ 45%] Building CXX object CMakeFiles/teleop_robot_bridge__rosidl_typesupport_cpp.dir/rosidl_typesupport_cpp/teleop_robot_bridge/msg/head_motion_ctrl__type_support.cpp.o
[ 45%] Building CXX object CMakeFiles/teleop_robot_bridge__rosidl_typesupport_introspection_cpp.dir/rosidl_typesupport_introspection_cpp/teleop_robot_bridge/msg/detail/agv_cmd_vel__type_support.cpp.o
[ 45%] Building C object CMakeFiles/teleop_robot_bridge__rosidl_typesupport_introspection_c.dir/rosidl_typesupport_introspection_c/teleop_robot_bridge/msg/detail/agv_battery_state__type_support.c.o
[ 45%] Building CXX object CMakeFiles/teleop_robot_bridge__rosidl_typesupport_introspection_cpp.dir/rosidl_typesupport_introspection_cpp/teleop_robot_bridge/msg/detail/agv_device_state__type_support.cpp.o
[ 45%] Building CXX object CMakeFiles/teleop_robot_bridge__rosidl_typesupport_c.dir/rosidl_typesupport_c/teleop_robot_bridge/msg/upper_body_device_state__type_support.cpp.o
[ 45%] Building CXX object CMakeFiles/teleop_robot_bridge__rosidl_typesupport_introspection_cpp.dir/rosidl_typesupport_introspection_cpp/teleop_robot_bridge/msg/detail/agv_imu__type_support.cpp.o
[ 46%] Building CXX object CMakeFiles/teleop_robot_bridge__rosidl_typesupport_introspection_cpp.dir/rosidl_typesupport_introspection_cpp/teleop_robot_bridge/msg/detail/agv_joint_feedback__type_support.cpp.o
[ 46%] Building CXX object CMakeFiles/teleop_robot_bridge__rosidl_typesupport_introspection_cpp.dir/rosidl_typesupport_introspection_cpp/teleop_robot_bridge/msg/detail/agv_joint_status__type_support.cpp.o
[ 46%] Building C object CMakeFiles/teleop_robot_bridge__rosidl_typesupport_introspection_c.dir/rosidl_typesupport_introspection_c/teleop_robot_bridge/msg/detail/agv_cmd_vel__type_support.c.o
[ 46%] Building CXX object CMakeFiles/teleop_robot_bridge__rosidl_typesupport_c.dir/rosidl_typesupport_c/teleop_robot_bridge/msg/waist_joint_command__type_support.cpp.o
[ 46%] Building CXX object CMakeFiles/teleop_robot_bridge__rosidl_typesupport_fastrtps_cpp.dir/rosidl_typesupport_fastrtps_cpp/teleop_robot_bridge/msg/detail/dds_fastrtps/agv_battery_state__type_support.cpp.o
[ 46%] Building CXX object CMakeFiles/teleop_robot_bridge__rosidl_typesupport_cpp.dir/rosidl_typesupport_cpp/teleop_robot_bridge/msg/joint_status__type_support.cpp.o
[ 47%] Building C object CMakeFiles/teleop_robot_bridge__rosidl_typesupport_introspection_c.dir/rosidl_typesupport_introspection_c/teleop_robot_bridge/msg/detail/agv_device_state__type_support.c.o
[ 48%] Building CXX object CMakeFiles/teleop_robot_bridge__rosidl_typesupport_c.dir/rosidl_typesupport_c/teleop_robot_bridge/msg/waist_joint_feedback__type_support.cpp.o
[ 48%] Building C object CMakeFiles/teleop_robot_bridge__rosidl_typesupport_introspection_c.dir/rosidl_typesupport_introspection_c/teleop_robot_bridge/msg/detail/agv_imu__type_support.c.o
[ 48%] Building CXX object CMakeFiles/teleop_robot_bridge__rosidl_typesupport_c.dir/rosidl_typesupport_c/teleop_robot_bridge/msg/waist_joint_status__type_support.cpp.o
[ 48%] Building C object CMakeFiles/teleop_robot_bridge__rosidl_typesupport_introspection_c.dir/rosidl_typesupport_introspection_c/teleop_robot_bridge/msg/detail/agv_joint_feedback__type_support.c.o
[ 49%] Building CXX object CMakeFiles/teleop_robot_bridge__rosidl_typesupport_fastrtps_cpp.dir/rosidl_typesupport_fastrtps_cpp/teleop_robot_bridge/msg/detail/dds_fastrtps/agv_cmd_vel__type_support.cpp.o
[ 49%] Building C object CMakeFiles/teleop_robot_bridge__rosidl_typesupport_introspection_c.dir/rosidl_typesupport_introspection_c/teleop_robot_bridge/msg/detail/agv_joint_status__type_support.c.o
[ 49%] Building CXX object CMakeFiles/teleop_robot_bridge__rosidl_typesupport_c.dir/rosidl_typesupport_c/teleop_robot_bridge/msg/waist_motion_ctrl__type_support.cpp.o
[ 49%] Building CXX object CMakeFiles/teleop_robot_bridge__rosidl_typesupport_c.dir/rosidl_typesupport_c/teleop_robot_bridge/msg/waist_tcp_command__type_support.cpp.o
[ 49%] Building CXX object CMakeFiles/teleop_robot_bridge__rosidl_typesupport_introspection_cpp.dir/rosidl_typesupport_introspection_cpp/teleop_robot_bridge/msg/detail/agv_motion_ctrl__type_support.cpp.o
[ 49%] Building C object CMakeFiles/teleop_robot_bridge__rosidl_typesupport_introspection_c.dir/rosidl_typesupport_introspection_c/teleop_robot_bridge/msg/detail/agv_motion_ctrl__type_support.c.o
[ 50%] Building CXX object CMakeFiles/teleop_robot_bridge__rosidl_typesupport_cpp.dir/rosidl_typesupport_cpp/teleop_robot_bridge/msg/joy_state__type_support.cpp.o
[ 50%] Building CXX object CMakeFiles/teleop_robot_bridge__rosidl_typesupport_introspection_cpp.dir/rosidl_typesupport_introspection_cpp/teleop_robot_bridge/msg/detail/agv_ultrasonic__type_support.cpp.o
[ 51%] Building CXX object CMakeFiles/teleop_robot_bridge__rosidl_typesupport_introspection_cpp.dir/rosidl_typesupport_introspection_cpp/teleop_robot_bridge/msg/detail/agv_vda5050_state__type_support.cpp.o
[ 52%] Building CXX object CMakeFiles/teleop_robot_bridge__rosidl_typesupport_introspection_cpp.dir/rosidl_typesupport_introspection_cpp/teleop_robot_bridge/msg/detail/agv_vel__type_support.cpp.o
[ 52%] Linking CXX shared library libteleop_robot_bridge__rosidl_typesupport_c.so
[ 53%] Building C object CMakeFiles/teleop_robot_bridge__rosidl_typesupport_introspection_c.dir/rosidl_typesupport_introspection_c/teleop_robot_bridge/msg/detail/agv_ultrasonic__type_support.c.o
[ 53%] Building CXX object CMakeFiles/teleop_robot_bridge__rosidl_typesupport_introspection_cpp.dir/rosidl_typesupport_introspection_cpp/teleop_robot_bridge/msg/detail/arm_joint_command__type_support.cpp.o
[ 53%] Building CXX object CMakeFiles/teleop_robot_bridge__rosidl_typesupport_introspection_cpp.dir/rosidl_typesupport_introspection_cpp/teleop_robot_bridge/msg/detail/arm_joint_feedback__type_support.cpp.o
[ 53%] Built target teleop_robot_bridge__rosidl_typesupport_c
[ 54%] Building CXX object CMakeFiles/teleop_robot_bridge__rosidl_typesupport_introspection_cpp.dir/rosidl_typesupport_introspection_cpp/teleop_robot_bridge/msg/detail/arm_joint_status__type_support.cpp.o
[ 54%] Building C object CMakeFiles/teleop_robot_bridge__rosidl_typesupport_introspection_c.dir/rosidl_typesupport_introspection_c/teleop_robot_bridge/msg/detail/agv_vda5050_state__type_support.c.o
[ 54%] Building C object CMakeFiles/teleop_robot_bridge__rosidl_typesupport_introspection_c.dir/rosidl_typesupport_introspection_c/teleop_robot_bridge/msg/detail/agv_vel__type_support.c.o
[ 54%] Building CXX object CMakeFiles/teleop_robot_bridge__rosidl_typesupport_introspection_cpp.dir/rosidl_typesupport_introspection_cpp/teleop_robot_bridge/msg/detail/arm_motion_ctrl__type_support.cpp.o
[ 54%] Building CXX object CMakeFiles/teleop_robot_bridge__rosidl_typesupport_introspection_cpp.dir/rosidl_typesupport_introspection_cpp/teleop_robot_bridge/msg/detail/ee_tcp_command__type_support.cpp.o
[ 55%] Building C object CMakeFiles/teleop_robot_bridge__rosidl_typesupport_introspection_c.dir/rosidl_typesupport_introspection_c/teleop_robot_bridge/msg/detail/arm_joint_command__type_support.c.o
[ 55%] Building CXX object CMakeFiles/teleop_robot_bridge__rosidl_typesupport_fastrtps_c.dir/rosidl_typesupport_fastrtps_c/teleop_robot_bridge/msg/detail/agv_battery_state__type_support_c.cpp.o
[ 55%] Building CXX object CMakeFiles/teleop_robot_bridge__rosidl_typesupport_fastrtps_c.dir/rosidl_typesupport_fastrtps_c/teleop_robot_bridge/msg/detail/agv_cmd_vel__type_support_c.cpp.o
[ 55%] Building CXX object CMakeFiles/teleop_robot_bridge__rosidl_typesupport_fastrtps_c.dir/rosidl_typesupport_fastrtps_c/teleop_robot_bridge/msg/detail/agv_device_state__type_support_c.cpp.o
[ 55%] Building CXX object CMakeFiles/teleop_robot_bridge__rosidl_typesupport_cpp.dir/rosidl_typesupport_cpp/teleop_robot_bridge/msg/single_device_state__type_support.cpp.o
[ 56%] Building CXX object CMakeFiles/teleop_robot_bridge__rosidl_typesupport_introspection_cpp.dir/rosidl_typesupport_introspection_cpp/teleop_robot_bridge/msg/detail/gripper_device_state__type_support.cpp.o
[ 56%] Building C object CMakeFiles/teleop_robot_bridge__rosidl_typesupport_introspection_c.dir/rosidl_typesupport_introspection_c/teleop_robot_bridge/msg/detail/arm_joint_feedback__type_support.c.o
[ 56%] Building CXX object CMakeFiles/teleop_robot_bridge__rosidl_typesupport_introspection_cpp.dir/rosidl_typesupport_introspection_cpp/teleop_robot_bridge/msg/detail/gripper_move__type_support.cpp.o
[ 57%] Building CXX object CMakeFiles/teleop_robot_bridge__rosidl_typesupport_introspection_cpp.dir/rosidl_typesupport_introspection_cpp/teleop_robot_bridge/msg/detail/gripper_status__type_support.cpp.o
[ 57%] Building C object CMakeFiles/teleop_robot_bridge__rosidl_typesupport_introspection_c.dir/rosidl_typesupport_introspection_c/teleop_robot_bridge/msg/detail/arm_joint_status__type_support.c.o
[ 57%] Building CXX object CMakeFiles/teleop_robot_bridge__rosidl_typesupport_fastrtps_cpp.dir/rosidl_typesupport_fastrtps_cpp/teleop_robot_bridge/msg/detail/dds_fastrtps/agv_device_state__type_support.cpp.o
[ 57%] Building CXX object CMakeFiles/teleop_robot_bridge__rosidl_typesupport_introspection_cpp.dir/rosidl_typesupport_introspection_cpp/teleop_robot_bridge/msg/detail/gripper_tactile__type_support.cpp.o
[ 57%] Building CXX object CMakeFiles/teleop_robot_bridge__rosidl_typesupport_fastrtps_cpp.dir/rosidl_typesupport_fastrtps_cpp/teleop_robot_bridge/msg/detail/dds_fastrtps/agv_joint_feedback__type_support.cpp.o
[ 57%] Building CXX object CMakeFiles/teleop_robot_bridge__rosidl_typesupport_fastrtps_cpp.dir/rosidl_typesupport_fastrtps_cpp/teleop_robot_bridge/msg/detail/dds_fastrtps/agv_imu__type_support.cpp.o
[ 57%] Building C object CMakeFiles/teleop_robot_bridge__rosidl_typesupport_introspection_c.dir/rosidl_typesupport_introspection_c/teleop_robot_bridge/msg/detail/arm_motion_ctrl__type_support.c.o
[ 57%] Building C object CMakeFiles/teleop_robot_bridge__rosidl_typesupport_introspection_c.dir/rosidl_typesupport_introspection_c/teleop_robot_bridge/msg/detail/ee_tcp_command__type_support.c.o
[ 57%] Building CXX object CMakeFiles/teleop_robot_bridge__rosidl_typesupport_introspection_cpp.dir/rosidl_typesupport_introspection_cpp/teleop_robot_bridge/msg/detail/hand_tactile__type_support.cpp.o
[ 57%] Building C object CMakeFiles/teleop_robot_bridge__rosidl_typesupport_introspection_c.dir/rosidl_typesupport_introspection_c/teleop_robot_bridge/msg/detail/gripper_device_state__type_support.c.o
[ 57%] Building CXX object CMakeFiles/teleop_robot_bridge__rosidl_typesupport_cpp.dir/rosidl_typesupport_cpp/teleop_robot_bridge/msg/single_gripper_move__type_support.cpp.o
[ 57%] Building CXX object CMakeFiles/teleop_robot_bridge__rosidl_typesupport_cpp.dir/rosidl_typesupport_cpp/teleop_robot_bridge/msg/single_gripper_status__type_support.cpp.o
[ 58%] Building C object CMakeFiles/teleop_robot_bridge__rosidl_typesupport_introspection_c.dir/rosidl_typesupport_introspection_c/teleop_robot_bridge/msg/detail/gripper_move__type_support.c.o
[ 58%] Building C object CMakeFiles/teleop_robot_bridge__rosidl_typesupport_introspection_c.dir/rosidl_typesupport_introspection_c/teleop_robot_bridge/msg/detail/gripper_status__type_support.c.o
[ 58%] Building CXX object CMakeFiles/teleop_robot_bridge__rosidl_typesupport_introspection_cpp.dir/rosidl_typesupport_introspection_cpp/teleop_robot_bridge/msg/detail/head_joint_command__type_support.cpp.o
[ 58%] Building C object CMakeFiles/teleop_robot_bridge__rosidl_typesupport_introspection_c.dir/rosidl_typesupport_introspection_c/teleop_robot_bridge/msg/detail/gripper_tactile__type_support.c.o
[ 59%] Building CXX object CMakeFiles/teleop_robot_bridge__rosidl_typesupport_introspection_cpp.dir/rosidl_typesupport_introspection_cpp/teleop_robot_bridge/msg/detail/head_joint_feedback__type_support.cpp.o
[ 59%] Building CXX object CMakeFiles/teleop_robot_bridge__rosidl_typesupport_introspection_cpp.dir/rosidl_typesupport_introspection_cpp/teleop_robot_bridge/msg/detail/head_motion_ctrl__type_support.cpp.o
[ 59%] Building CXX object CMakeFiles/teleop_robot_bridge__rosidl_typesupport_introspection_cpp.dir/rosidl_typesupport_introspection_cpp/teleop_robot_bridge/msg/detail/head_joint_status__type_support.cpp.o
[ 59%] Building CXX object CMakeFiles/teleop_robot_bridge__rosidl_typesupport_introspection_cpp.dir/rosidl_typesupport_introspection_cpp/teleop_robot_bridge/msg/detail/joint_status__type_support.cpp.o
[ 59%] Building CXX object CMakeFiles/teleop_robot_bridge__rosidl_typesupport_introspection_cpp.dir/rosidl_typesupport_introspection_cpp/teleop_robot_bridge/msg/detail/joy_state__type_support.cpp.o
[ 59%] Building C object CMakeFiles/teleop_robot_bridge__rosidl_typesupport_introspection_c.dir/rosidl_typesupport_introspection_c/teleop_robot_bridge/msg/detail/hand_tactile__type_support.c.o
[ 60%] Building CXX object CMakeFiles/teleop_robot_bridge__rosidl_typesupport_introspection_cpp.dir/rosidl_typesupport_introspection_cpp/teleop_robot_bridge/msg/detail/single_device_state__type_support.cpp.o
[ 61%] Building CXX object CMakeFiles/teleop_robot_bridge__rosidl_typesupport_cpp.dir/rosidl_typesupport_cpp/teleop_robot_bridge/msg/temperature__type_support.cpp.o
[ 61%] Building CXX object CMakeFiles/teleop_robot_bridge__rosidl_typesupport_fastrtps_c.dir/rosidl_typesupport_fastrtps_c/teleop_robot_bridge/msg/detail/agv_imu__type_support_c.cpp.o
[ 62%] Building C object CMakeFiles/teleop_robot_bridge__rosidl_typesupport_introspection_c.dir/rosidl_typesupport_introspection_c/teleop_robot_bridge/msg/detail/head_joint_command__type_support.c.o
[ 62%] Building CXX object CMakeFiles/teleop_robot_bridge__rosidl_typesupport_cpp.dir/rosidl_typesupport_cpp/teleop_robot_bridge/msg/upper_body_device_state__type_support.cpp.o
[ 62%] Building C object CMakeFiles/teleop_robot_bridge__rosidl_typesupport_introspection_c.dir/rosidl_typesupport_introspection_c/teleop_robot_bridge/msg/detail/head_joint_feedback__type_support.c.o
[ 62%] Building C object CMakeFiles/teleop_robot_bridge__rosidl_typesupport_introspection_c.dir/rosidl_typesupport_introspection_c/teleop_robot_bridge/msg/detail/head_joint_status__type_support.c.o
[ 62%] Building C object CMakeFiles/teleop_robot_bridge__rosidl_typesupport_introspection_c.dir/rosidl_typesupport_introspection_c/teleop_robot_bridge/msg/detail/head_motion_ctrl__type_support.c.o
[ 63%] Building C object CMakeFiles/teleop_robot_bridge__rosidl_typesupport_introspection_c.dir/rosidl_typesupport_introspection_c/teleop_robot_bridge/msg/detail/joint_status__type_support.c.o
[ 63%] Building CXX object CMakeFiles/teleop_robot_bridge__rosidl_typesupport_introspection_cpp.dir/rosidl_typesupport_introspection_cpp/teleop_robot_bridge/msg/detail/single_gripper_move__type_support.cpp.o
[ 63%] Building CXX object CMakeFiles/teleop_robot_bridge__rosidl_typesupport_introspection_cpp.dir/rosidl_typesupport_introspection_cpp/teleop_robot_bridge/msg/detail/single_gripper_status__type_support.cpp.o
[ 64%] Building CXX object CMakeFiles/teleop_robot_bridge__rosidl_typesupport_fastrtps_cpp.dir/rosidl_typesupport_fastrtps_cpp/teleop_robot_bridge/msg/detail/dds_fastrtps/agv_joint_status__type_support.cpp.o
[ 64%] Building CXX object CMakeFiles/teleop_robot_bridge__rosidl_typesupport_introspection_cpp.dir/rosidl_typesupport_introspection_cpp/teleop_robot_bridge/msg/detail/temperature__type_support.cpp.o
[ 65%] Building CXX object CMakeFiles/teleop_robot_bridge__rosidl_typesupport_introspection_cpp.dir/rosidl_typesupport_introspection_cpp/teleop_robot_bridge/msg/detail/upper_body_device_state__type_support.cpp.o
[ 65%] Building C object CMakeFiles/teleop_robot_bridge__rosidl_typesupport_introspection_c.dir/rosidl_typesupport_introspection_c/teleop_robot_bridge/msg/detail/joy_state__type_support.c.o
[ 65%] Building CXX object CMakeFiles/teleop_robot_bridge__rosidl_typesupport_introspection_cpp.dir/rosidl_typesupport_introspection_cpp/teleop_robot_bridge/msg/detail/waist_joint_command__type_support.cpp.o
[ 65%] Building CXX object CMakeFiles/teleop_robot_bridge__rosidl_typesupport_cpp.dir/rosidl_typesupport_cpp/teleop_robot_bridge/msg/waist_joint_command__type_support.cpp.o
[ 65%] Building CXX object CMakeFiles/teleop_robot_bridge__rosidl_typesupport_introspection_cpp.dir/rosidl_typesupport_introspection_cpp/teleop_robot_bridge/msg/detail/waist_joint_status__type_support.cpp.o
[ 65%] Building CXX object CMakeFiles/teleop_robot_bridge__rosidl_typesupport_introspection_cpp.dir/rosidl_typesupport_introspection_cpp/teleop_robot_bridge/msg/detail/waist_joint_feedback__type_support.cpp.o
[ 65%] Building C object CMakeFiles/teleop_robot_bridge__rosidl_typesupport_introspection_c.dir/rosidl_typesupport_introspection_c/teleop_robot_bridge/msg/detail/single_device_state__type_support.c.o
[ 66%] Building CXX object CMakeFiles/teleop_robot_bridge__rosidl_typesupport_introspection_cpp.dir/rosidl_typesupport_introspection_cpp/teleop_robot_bridge/msg/detail/waist_motion_ctrl__type_support.cpp.o
[ 66%] Building C object CMakeFiles/teleop_robot_bridge__rosidl_typesupport_introspection_c.dir/rosidl_typesupport_introspection_c/teleop_robot_bridge/msg/detail/single_gripper_move__type_support.c.o
[ 66%] Building CXX object CMakeFiles/teleop_robot_bridge__rosidl_typesupport_introspection_cpp.dir/rosidl_typesupport_introspection_cpp/teleop_robot_bridge/msg/detail/waist_tcp_command__type_support.cpp.o
[ 66%] Building C object CMakeFiles/teleop_robot_bridge__rosidl_typesupport_introspection_c.dir/rosidl_typesupport_introspection_c/teleop_robot_bridge/msg/detail/single_gripper_status__type_support.c.o
[ 66%] Building CXX object CMakeFiles/teleop_robot_bridge__rosidl_typesupport_cpp.dir/rosidl_typesupport_cpp/teleop_robot_bridge/msg/waist_joint_feedback__type_support.cpp.o
[ 67%] Building CXX object CMakeFiles/teleop_robot_bridge__rosidl_typesupport_fastrtps_c.dir/rosidl_typesupport_fastrtps_c/teleop_robot_bridge/msg/detail/agv_joint_feedback__type_support_c.cpp.o
[ 68%] Building C object CMakeFiles/teleop_robot_bridge__rosidl_typesupport_introspection_c.dir/rosidl_typesupport_introspection_c/teleop_robot_bridge/msg/detail/temperature__type_support.c.o
[ 68%] Building C object CMakeFiles/teleop_robot_bridge__rosidl_typesupport_introspection_c.dir/rosidl_typesupport_introspection_c/teleop_robot_bridge/msg/detail/upper_body_device_state__type_support.c.o
[ 68%] Building C object CMakeFiles/teleop_robot_bridge__rosidl_typesupport_introspection_c.dir/rosidl_typesupport_introspection_c/teleop_robot_bridge/msg/detail/waist_joint_command__type_support.c.o
[ 69%] Building CXX object CMakeFiles/teleop_robot_bridge__rosidl_typesupport_cpp.dir/rosidl_typesupport_cpp/teleop_robot_bridge/msg/waist_joint_status__type_support.cpp.o
[ 69%] Building C object CMakeFiles/teleop_robot_bridge__rosidl_typesupport_introspection_c.dir/rosidl_typesupport_introspection_c/teleop_robot_bridge/msg/detail/waist_joint_feedback__type_support.c.o
[ 70%] Building C object CMakeFiles/teleop_robot_bridge__rosidl_typesupport_introspection_c.dir/rosidl_typesupport_introspection_c/teleop_robot_bridge/msg/detail/waist_joint_status__type_support.c.o
[ 70%] Building C object CMakeFiles/teleop_robot_bridge__rosidl_typesupport_introspection_c.dir/rosidl_typesupport_introspection_c/teleop_robot_bridge/msg/detail/waist_motion_ctrl__type_support.c.o
[ 70%] Building CXX object CMakeFiles/teleop_robot_bridge__rosidl_typesupport_cpp.dir/rosidl_typesupport_cpp/teleop_robot_bridge/msg/waist_motion_ctrl__type_support.cpp.o
[ 70%] Building CXX object CMakeFiles/teleop_robot_bridge__rosidl_typesupport_fastrtps_c.dir/rosidl_typesupport_fastrtps_c/teleop_robot_bridge/msg/detail/agv_joint_status__type_support_c.cpp.o
[ 70%] Building C object CMakeFiles/teleop_robot_bridge__rosidl_typesupport_introspection_c.dir/rosidl_typesupport_introspection_c/teleop_robot_bridge/msg/detail/waist_tcp_command__type_support.c.o
[ 70%] Building CXX object CMakeFiles/teleop_robot_bridge__rosidl_typesupport_fastrtps_c.dir/rosidl_typesupport_fastrtps_c/teleop_robot_bridge/msg/detail/agv_motion_ctrl__type_support_c.cpp.o
[ 70%] Building CXX object CMakeFiles/teleop_robot_bridge__rosidl_typesupport_cpp.dir/rosidl_typesupport_cpp/teleop_robot_bridge/msg/waist_tcp_command__type_support.cpp.o
[ 70%] Building CXX object CMakeFiles/teleop_robot_bridge__rosidl_typesupport_fastrtps_cpp.dir/rosidl_typesupport_fastrtps_cpp/teleop_robot_bridge/msg/detail/dds_fastrtps/agv_motion_ctrl__type_support.cpp.o
[ 70%] Building CXX object CMakeFiles/teleop_robot_bridge__rosidl_typesupport_fastrtps_cpp.dir/rosidl_typesupport_fastrtps_cpp/teleop_robot_bridge/msg/detail/dds_fastrtps/agv_ultrasonic__type_support.cpp.o
[ 70%] Building CXX object CMakeFiles/teleop_robot_bridge__rosidl_typesupport_fastrtps_c.dir/rosidl_typesupport_fastrtps_c/teleop_robot_bridge/msg/detail/agv_ultrasonic__type_support_c.cpp.o
[ 71%] Building CXX object CMakeFiles/teleop_robot_bridge__rosidl_typesupport_fastrtps_c.dir/rosidl_typesupport_fastrtps_c/teleop_robot_bridge/msg/detail/agv_vda5050_state__type_support_c.cpp.o
[ 71%] Linking C shared library libteleop_robot_bridge__rosidl_typesupport_introspection_c.so
[ 71%] Linking CXX shared library libteleop_robot_bridge__rosidl_typesupport_introspection_cpp.so
[ 71%] Building CXX object CMakeFiles/teleop_robot_bridge__rosidl_typesupport_fastrtps_cpp.dir/rosidl_typesupport_fastrtps_cpp/teleop_robot_bridge/msg/detail/dds_fastrtps/agv_vda5050_state__type_support.cpp.o
[ 71%] Building CXX object CMakeFiles/teleop_robot_bridge__rosidl_typesupport_fastrtps_cpp.dir/rosidl_typesupport_fastrtps_cpp/teleop_robot_bridge/msg/detail/dds_fastrtps/agv_vel__type_support.cpp.o
[ 71%] Built target teleop_robot_bridge__rosidl_typesupport_introspection_c
[ 72%] Building CXX object CMakeFiles/teleop_robot_bridge__rosidl_typesupport_fastrtps_cpp.dir/rosidl_typesupport_fastrtps_cpp/teleop_robot_bridge/msg/detail/dds_fastrtps/arm_joint_command__type_support.cpp.o
[ 72%] Building CXX object CMakeFiles/teleop_robot_bridge__rosidl_typesupport_fastrtps_cpp.dir/rosidl_typesupport_fastrtps_cpp/teleop_robot_bridge/msg/detail/dds_fastrtps/arm_joint_feedback__type_support.cpp.o
[ 72%] Built target teleop_robot_bridge__rosidl_typesupport_introspection_cpp
[ 72%] Building CXX object CMakeFiles/teleop_robot_bridge__rosidl_typesupport_fastrtps_cpp.dir/rosidl_typesupport_fastrtps_cpp/teleop_robot_bridge/msg/detail/dds_fastrtps/arm_joint_status__type_support.cpp.o
[ 72%] Building CXX object CMakeFiles/teleop_robot_bridge__rosidl_typesupport_fastrtps_c.dir/rosidl_typesupport_fastrtps_c/teleop_robot_bridge/msg/detail/agv_vel__type_support_c.cpp.o
[ 72%] Linking CXX shared library libteleop_robot_bridge__rosidl_typesupport_cpp.so
[ 72%] Building CXX object CMakeFiles/teleop_robot_bridge__rosidl_typesupport_fastrtps_c.dir/rosidl_typesupport_fastrtps_c/teleop_robot_bridge/msg/detail/arm_joint_command__type_support_c.cpp.o
[ 72%] Built target teleop_robot_bridge__rosidl_typesupport_cpp
[ 72%] Building CXX object CMakeFiles/teleop_robot_bridge__rosidl_typesupport_fastrtps_c.dir/rosidl_typesupport_fastrtps_c/teleop_robot_bridge/msg/detail/arm_joint_feedback__type_support_c.cpp.o
[ 72%] Building CXX object CMakeFiles/teleop_robot_bridge_node.dir/src/main_node.cpp.o
[ 72%] Building CXX object CMakeFiles/teleop_robot_bridge__rosidl_typesupport_fastrtps_cpp.dir/rosidl_typesupport_fastrtps_cpp/teleop_robot_bridge/msg/detail/dds_fastrtps/arm_motion_ctrl__type_support.cpp.o
[ 73%] Building CXX object CMakeFiles/teleop_robot_bridge_node.dir/src/audio/audio_module.cpp.o
[ 73%] Building CXX object CMakeFiles/teleop_robot_bridge_node.dir/src/audio/audio_manager.cpp.o
[ 74%] Building CXX object CMakeFiles/teleop_robot_bridge__rosidl_typesupport_fastrtps_cpp.dir/rosidl_typesupport_fastrtps_cpp/teleop_robot_bridge/msg/detail/dds_fastrtps/ee_tcp_command__type_support.cpp.o
[ 74%] Building CXX object CMakeFiles/teleop_robot_bridge__rosidl_typesupport_fastrtps_cpp.dir/rosidl_typesupport_fastrtps_cpp/teleop_robot_bridge/msg/detail/dds_fastrtps/gripper_device_state__type_support.cpp.o
[ 74%] Building CXX object CMakeFiles/teleop_robot_bridge__rosidl_typesupport_fastrtps_c.dir/rosidl_typesupport_fastrtps_c/teleop_robot_bridge/msg/detail/arm_joint_status__type_support_c.cpp.o
[ 74%] Building CXX object CMakeFiles/teleop_robot_bridge__rosidl_typesupport_fastrtps_cpp.dir/rosidl_typesupport_fastrtps_cpp/teleop_robot_bridge/msg/detail/dds_fastrtps/gripper_move__type_support.cpp.o
[ 74%] Building CXX object CMakeFiles/teleop_robot_bridge__rosidl_typesupport_fastrtps_cpp.dir/rosidl_typesupport_fastrtps_cpp/teleop_robot_bridge/msg/detail/dds_fastrtps/gripper_status__type_support.cpp.o
[ 74%] Building CXX object CMakeFiles/teleop_robot_bridge__rosidl_typesupport_fastrtps_cpp.dir/rosidl_typesupport_fastrtps_cpp/teleop_robot_bridge/msg/detail/dds_fastrtps/gripper_tactile__type_support.cpp.o
[ 74%] Building CXX object CMakeFiles/teleop_robot_bridge_node.dir/src/audio/audio_receiver.cpp.o
[ 75%] Building CXX object CMakeFiles/teleop_robot_bridge__rosidl_typesupport_fastrtps_cpp.dir/rosidl_typesupport_fastrtps_cpp/teleop_robot_bridge/msg/detail/dds_fastrtps/hand_tactile__type_support.cpp.o
[ 76%] Building CXX object CMakeFiles/teleop_robot_bridge__rosidl_typesupport_fastrtps_c.dir/rosidl_typesupport_fastrtps_c/teleop_robot_bridge/msg/detail/arm_motion_ctrl__type_support_c.cpp.o
[ 76%] Building CXX object CMakeFiles/teleop_robot_bridge__rosidl_typesupport_fastrtps_cpp.dir/rosidl_typesupport_fastrtps_cpp/teleop_robot_bridge/msg/detail/dds_fastrtps/head_joint_command__type_support.cpp.o
[ 76%] Building CXX object CMakeFiles/teleop_robot_bridge__rosidl_typesupport_fastrtps_c.dir/rosidl_typesupport_fastrtps_c/teleop_robot_bridge/msg/detail/ee_tcp_command__type_support_c.cpp.o
[ 76%] Building CXX object CMakeFiles/teleop_robot_bridge__rosidl_typesupport_fastrtps_cpp.dir/rosidl_typesupport_fastrtps_cpp/teleop_robot_bridge/msg/detail/dds_fastrtps/head_joint_feedback__type_support.cpp.o
[ 76%] Building CXX object CMakeFiles/teleop_robot_bridge_node.dir/src/grpc/grpc_manager.cpp.o
[ 76%] Building CXX object CMakeFiles/teleop_robot_bridge__rosidl_typesupport_fastrtps_c.dir/rosidl_typesupport_fastrtps_c/teleop_robot_bridge/msg/detail/gripper_device_state__type_support_c.cpp.o
[ 76%] Building CXX object CMakeFiles/teleop_robot_bridge__rosidl_typesupport_fastrtps_cpp.dir/rosidl_typesupport_fastrtps_cpp/teleop_robot_bridge/msg/detail/dds_fastrtps/head_joint_status__type_support.cpp.o
[ 77%] Building CXX object CMakeFiles/teleop_robot_bridge__rosidl_typesupport_fastrtps_cpp.dir/rosidl_typesupport_fastrtps_cpp/teleop_robot_bridge/msg/detail/dds_fastrtps/head_motion_ctrl__type_support.cpp.o
[ 78%] Building CXX object CMakeFiles/teleop_robot_bridge_node.dir/src/grpc/grpc_module.cpp.o
[ 78%] Building CXX object CMakeFiles/teleop_robot_bridge__rosidl_typesupport_fastrtps_cpp.dir/rosidl_typesupport_fastrtps_cpp/teleop_robot_bridge/msg/detail/dds_fastrtps/joint_status__type_support.cpp.o
[ 78%] Building CXX object CMakeFiles/teleop_robot_bridge__rosidl_typesupport_fastrtps_c.dir/rosidl_typesupport_fastrtps_c/teleop_robot_bridge/msg/detail/gripper_move__type_support_c.cpp.o
[ 78%] Building CXX object CMakeFiles/teleop_robot_bridge__rosidl_typesupport_fastrtps_cpp.dir/rosidl_typesupport_fastrtps_cpp/teleop_robot_bridge/msg/detail/dds_fastrtps/joy_state__type_support.cpp.o
[ 78%] Building CXX object CMakeFiles/teleop_robot_bridge__rosidl_typesupport_fastrtps_cpp.dir/rosidl_typesupport_fastrtps_cpp/teleop_robot_bridge/msg/detail/dds_fastrtps/single_device_state__type_support.cpp.o
[ 79%] Building CXX object CMakeFiles/teleop_robot_bridge__rosidl_typesupport_fastrtps_c.dir/rosidl_typesupport_fastrtps_c/teleop_robot_bridge/msg/detail/gripper_status__type_support_c.cpp.o
[ 80%] Building CXX object CMakeFiles/teleop_robot_bridge__rosidl_typesupport_fastrtps_cpp.dir/rosidl_typesupport_fastrtps_cpp/teleop_robot_bridge/msg/detail/dds_fastrtps/single_gripper_move__type_support.cpp.o
[ 80%] Building CXX object CMakeFiles/teleop_robot_bridge__rosidl_typesupport_fastrtps_cpp.dir/rosidl_typesupport_fastrtps_cpp/teleop_robot_bridge/msg/detail/dds_fastrtps/single_gripper_status__type_support.cpp.o
[ 80%] Building CXX object CMakeFiles/teleop_robot_bridge__rosidl_typesupport_fastrtps_cpp.dir/rosidl_typesupport_fastrtps_cpp/teleop_robot_bridge/msg/detail/dds_fastrtps/temperature__type_support.cpp.o
[ 80%] Building CXX object CMakeFiles/teleop_robot_bridge__rosidl_typesupport_fastrtps_cpp.dir/rosidl_typesupport_fastrtps_cpp/teleop_robot_bridge/msg/detail/dds_fastrtps/upper_body_device_state__type_support.cpp.o
[ 80%] Building CXX object CMakeFiles/teleop_robot_bridge__rosidl_typesupport_fastrtps_c.dir/rosidl_typesupport_fastrtps_c/teleop_robot_bridge/msg/detail/gripper_tactile__type_support_c.cpp.o
[ 80%] Building CXX object CMakeFiles/teleop_robot_bridge__rosidl_typesupport_fastrtps_cpp.dir/rosidl_typesupport_fastrtps_cpp/teleop_robot_bridge/msg/detail/dds_fastrtps/waist_joint_command__type_support.cpp.o
[ 80%] Building CXX object CMakeFiles/teleop_robot_bridge__rosidl_typesupport_fastrtps_c.dir/rosidl_typesupport_fastrtps_c/teleop_robot_bridge/msg/detail/hand_tactile__type_support_c.cpp.o
[ 81%] Building CXX object CMakeFiles/teleop_robot_bridge__rosidl_typesupport_fastrtps_cpp.dir/rosidl_typesupport_fastrtps_cpp/teleop_robot_bridge/msg/detail/dds_fastrtps/waist_joint_feedback__type_support.cpp.o
[ 81%] Building CXX object CMakeFiles/teleop_robot_bridge__rosidl_typesupport_fastrtps_cpp.dir/rosidl_typesupport_fastrtps_cpp/teleop_robot_bridge/msg/detail/dds_fastrtps/waist_joint_status__type_support.cpp.o
[ 81%] Building CXX object CMakeFiles/teleop_robot_bridge__rosidl_typesupport_fastrtps_cpp.dir/rosidl_typesupport_fastrtps_cpp/teleop_robot_bridge/msg/detail/dds_fastrtps/waist_motion_ctrl__type_support.cpp.o
[ 81%] Building CXX object CMakeFiles/teleop_robot_bridge__rosidl_typesupport_fastrtps_cpp.dir/rosidl_typesupport_fastrtps_cpp/teleop_robot_bridge/msg/detail/dds_fastrtps/waist_tcp_command__type_support.cpp.o
[ 81%] Building CXX object CMakeFiles/teleop_robot_bridge__rosidl_typesupport_fastrtps_c.dir/rosidl_typesupport_fastrtps_c/teleop_robot_bridge/msg/detail/head_joint_command__type_support_c.cpp.o
[ 81%] Building CXX object CMakeFiles/teleop_robot_bridge__rosidl_typesupport_fastrtps_c.dir/rosidl_typesupport_fastrtps_c/teleop_robot_bridge/msg/detail/head_joint_feedback__type_support_c.cpp.o
[ 82%] Building CXX object CMakeFiles/teleop_robot_bridge__rosidl_typesupport_fastrtps_c.dir/rosidl_typesupport_fastrtps_c/teleop_robot_bridge/msg/detail/head_joint_status__type_support_c.cpp.o
[ 82%] Building CXX object CMakeFiles/teleop_robot_bridge__rosidl_typesupport_fastrtps_c.dir/rosidl_typesupport_fastrtps_c/teleop_robot_bridge/msg/detail/head_motion_ctrl__type_support_c.cpp.o
[ 82%] Building CXX object CMakeFiles/teleop_robot_bridge_node.dir/src/utils/teleop_logger.cpp.o
[ 82%] Building CXX object CMakeFiles/teleop_robot_bridge_node.dir/src/video/video_recorder.cpp.o
[ 82%] Building CXX object CMakeFiles/teleop_robot_bridge_node.dir/src/video/video_module.cpp.o
[ 83%] Linking CXX shared library libteleop_robot_bridge__rosidl_typesupport_fastrtps_cpp.so
[ 83%] Building CXX object CMakeFiles/teleop_robot_bridge__rosidl_typesupport_fastrtps_c.dir/rosidl_typesupport_fastrtps_c/teleop_robot_bridge/msg/detail/joint_status__type_support_c.cpp.o
[ 83%] Built target teleop_robot_bridge__rosidl_typesupport_fastrtps_cpp
[ 83%] Building CXX object CMakeFiles/teleop_robot_bridge_node.dir/src/video/video_stream_manager.cpp.o
[ 83%] Building CXX object CMakeFiles/teleop_robot_bridge__rosidl_typesupport_fastrtps_c.dir/rosidl_typesupport_fastrtps_c/teleop_robot_bridge/msg/detail/joy_state__type_support_c.cpp.o
[ 84%] Building CXX object CMakeFiles/teleop_robot_bridge__rosidl_typesupport_fastrtps_c.dir/rosidl_typesupport_fastrtps_c/teleop_robot_bridge/msg/detail/single_device_state__type_support_c.cpp.o
[ 84%] Building CXX object CMakeFiles/teleop_robot_bridge__rosidl_typesupport_fastrtps_c.dir/rosidl_typesupport_fastrtps_c/teleop_robot_bridge/msg/detail/single_gripper_move__type_support_c.cpp.o
[ 84%] Building CXX object CMakeFiles/teleop_robot_bridge__rosidl_typesupport_fastrtps_c.dir/rosidl_typesupport_fastrtps_c/teleop_robot_bridge/msg/detail/single_gripper_status__type_support_c.cpp.o
[ 84%] Building CXX object CMakeFiles/teleop_robot_bridge__rosidl_typesupport_fastrtps_c.dir/rosidl_typesupport_fastrtps_c/teleop_robot_bridge/msg/detail/temperature__type_support_c.cpp.o
[ 85%] Building CXX object CMakeFiles/teleop_robot_bridge__rosidl_typesupport_fastrtps_c.dir/rosidl_typesupport_fastrtps_c/teleop_robot_bridge/msg/detail/upper_body_device_state__type_support_c.cpp.o
[ 85%] Building CXX object CMakeFiles/teleop_robot_bridge__rosidl_typesupport_fastrtps_c.dir/rosidl_typesupport_fastrtps_c/teleop_robot_bridge/msg/detail/waist_joint_command__type_support_c.cpp.o
[ 85%] Building CXX object CMakeFiles/teleop_robot_bridge__rosidl_typesupport_fastrtps_c.dir/rosidl_typesupport_fastrtps_c/teleop_robot_bridge/msg/detail/waist_joint_feedback__type_support_c.cpp.o
[ 85%] Building CXX object CMakeFiles/teleop_robot_bridge__rosidl_typesupport_fastrtps_c.dir/rosidl_typesupport_fastrtps_c/teleop_robot_bridge/msg/detail/waist_joint_status__type_support_c.cpp.o
[ 85%] Building CXX object CMakeFiles/teleop_robot_bridge__rosidl_typesupport_fastrtps_c.dir/rosidl_typesupport_fastrtps_c/teleop_robot_bridge/msg/detail/waist_motion_ctrl__type_support_c.cpp.o
[ 86%] Building CXX object CMakeFiles/teleop_robot_bridge__rosidl_typesupport_fastrtps_c.dir/rosidl_typesupport_fastrtps_c/teleop_robot_bridge/msg/detail/waist_tcp_command__type_support_c.cpp.o
[ 87%] Building CXX object CMakeFiles/teleop_robot_bridge_node.dir/src/video/video_decoder.cpp.o
[ 87%] Building CXX object CMakeFiles/teleop_robot_bridge_node.dir/src/video/video_undistorter.cpp.o
[ 87%] Building CXX object CMakeFiles/teleop_robot_bridge_node.dir/src/video/eye_image_publisher.cpp.o
[ 87%] Linking CXX shared library libteleop_robot_bridge__rosidl_typesupport_fastrtps_c.so
[ 87%] Building CXX object CMakeFiles/teleop_robot_bridge_node.dir/src/udp/udp_socket.cpp.o
[ 87%] Built target teleop_robot_bridge__rosidl_typesupport_fastrtps_c
[ 88%] Building CXX object CMakeFiles/teleop_robot_bridge_node.dir/src/udp/gf256.cpp.o
[ 88%] Building CXX object CMakeFiles/teleop_robot_bridge_node.dir/src/udp/packet_codec.cpp.o
[ 88%] Built target teleop_robot_bridge
[ 88%] Building CXX object CMakeFiles/teleop_robot_bridge_node.dir/src/udp/control_plane.cpp.o
[ 88%] Building CXX object CMakeFiles/teleop_robot_bridge_node.dir/src/udp/send_queue.cpp.o
[ 88%] Building CXX object CMakeFiles/teleop_robot_bridge_node.dir/src/udp/pacer.cpp.o
[ 89%] Building CXX object CMakeFiles/teleop_robot_bridge_node.dir/src/udp/fec_v2.cpp.o
[ 89%] Building CXX object CMakeFiles/teleop_robot_bridge_node.dir/src/udp/udp_manager.cpp.o
[ 89%] Building CXX object CMakeFiles/teleop_robot_bridge_node.dir/src/udp/udp_module.cpp.o
[ 89%] Building CXX object CMakeFiles/teleop_robot_bridge_node.dir/src/udp/pose_udp_receiver.cpp.o
[ 89%] Generating Python code for ROS interfaces
[ 89%] Built target teleop_robot_bridge__py
[ 89%] Building C object CMakeFiles/teleop_robot_bridge__rosidl_generator_py.dir/rosidl_generator_py/teleop_robot_bridge/msg/_agv_battery_state_s.c.o
[ 90%] Building C object CMakeFiles/teleop_robot_bridge__rosidl_generator_py.dir/rosidl_generator_py/teleop_robot_bridge/msg/_agv_cmd_vel_s.c.o
[ 90%] Building C object CMakeFiles/teleop_robot_bridge__rosidl_generator_py.dir/rosidl_generator_py/teleop_robot_bridge/msg/_agv_device_state_s.c.o
[ 90%] Building C object CMakeFiles/teleop_robot_bridge__rosidl_generator_py.dir/rosidl_generator_py/teleop_robot_bridge/msg/_agv_imu_s.c.o
[ 90%] Building C object CMakeFiles/teleop_robot_bridge__rosidl_generator_py.dir/rosidl_generator_py/teleop_robot_bridge/msg/_agv_motion_ctrl_s.c.o
[ 90%] Building C object CMakeFiles/teleop_robot_bridge__rosidl_generator_py.dir/rosidl_generator_py/teleop_robot_bridge/msg/_agv_joint_feedback_s.c.o
[ 90%] Building C object CMakeFiles/teleop_robot_bridge__rosidl_generator_py.dir/rosidl_generator_py/teleop_robot_bridge/msg/_agv_ultrasonic_s.c.o
[ 91%] Building C object CMakeFiles/teleop_robot_bridge__rosidl_generator_py.dir/rosidl_generator_py/teleop_robot_bridge/msg/_agv_joint_status_s.c.o
[ 91%] Building C object CMakeFiles/teleop_robot_bridge__rosidl_generator_py.dir/rosidl_generator_py/teleop_robot_bridge/msg/_agv_vda5050_state_s.c.o
[ 91%] Building C object CMakeFiles/teleop_robot_bridge__rosidl_generator_py.dir/rosidl_generator_py/teleop_robot_bridge/msg/_agv_vel_s.c.o
[ 92%] Building C object CMakeFiles/teleop_robot_bridge__rosidl_generator_py.dir/rosidl_generator_py/teleop_robot_bridge/msg/_arm_joint_command_s.c.o
[ 92%] Building C object CMakeFiles/teleop_robot_bridge__rosidl_generator_py.dir/rosidl_generator_py/teleop_robot_bridge/msg/_arm_joint_feedback_s.c.o
[ 92%] Building C object CMakeFiles/teleop_robot_bridge__rosidl_generator_py.dir/rosidl_generator_py/teleop_robot_bridge/msg/_arm_joint_status_s.c.o
[ 92%] Building C object CMakeFiles/teleop_robot_bridge__rosidl_generator_py.dir/rosidl_generator_py/teleop_robot_bridge/msg/_arm_motion_ctrl_s.c.o
[ 93%] Building C object CMakeFiles/teleop_robot_bridge__rosidl_generator_py.dir/rosidl_generator_py/teleop_robot_bridge/msg/_ee_tcp_command_s.c.o
[ 93%] Building C object CMakeFiles/teleop_robot_bridge__rosidl_generator_py.dir/rosidl_generator_py/teleop_robot_bridge/msg/_gripper_device_state_s.c.o
[ 93%] Building C object CMakeFiles/teleop_robot_bridge__rosidl_generator_py.dir/rosidl_generator_py/teleop_robot_bridge/msg/_gripper_status_s.c.o
[ 93%] Building C object CMakeFiles/teleop_robot_bridge__rosidl_generator_py.dir/rosidl_generator_py/teleop_robot_bridge/msg/_gripper_move_s.c.o
[ 93%] Building C object CMakeFiles/teleop_robot_bridge__rosidl_generator_py.dir/rosidl_generator_py/teleop_robot_bridge/msg/_gripper_tactile_s.c.o
[ 94%] Building C object CMakeFiles/teleop_robot_bridge__rosidl_generator_py.dir/rosidl_generator_py/teleop_robot_bridge/msg/_hand_tactile_s.c.o
[ 94%] Building C object CMakeFiles/teleop_robot_bridge__rosidl_generator_py.dir/rosidl_generator_py/teleop_robot_bridge/msg/_head_joint_feedback_s.c.o
[ 94%] Building C object CMakeFiles/teleop_robot_bridge__rosidl_generator_py.dir/rosidl_generator_py/teleop_robot_bridge/msg/_head_joint_command_s.c.o
[ 94%] Building C object CMakeFiles/teleop_robot_bridge__rosidl_generator_py.dir/rosidl_generator_py/teleop_robot_bridge/msg/_head_joint_status_s.c.o
[ 95%] Building C object CMakeFiles/teleop_robot_bridge__rosidl_generator_py.dir/rosidl_generator_py/teleop_robot_bridge/msg/_head_motion_ctrl_s.c.o
[ 95%] Building C object CMakeFiles/teleop_robot_bridge__rosidl_generator_py.dir/rosidl_generator_py/teleop_robot_bridge/msg/_joint_status_s.c.o
[ 95%] Building C object CMakeFiles/teleop_robot_bridge__rosidl_generator_py.dir/rosidl_generator_py/teleop_robot_bridge/msg/_joy_state_s.c.o
[ 95%] Building C object CMakeFiles/teleop_robot_bridge__rosidl_generator_py.dir/rosidl_generator_py/teleop_robot_bridge/msg/_single_device_state_s.c.o
[ 95%] Building C object CMakeFiles/teleop_robot_bridge__rosidl_generator_py.dir/rosidl_generator_py/teleop_robot_bridge/msg/_single_gripper_status_s.c.o
[ 96%] Building C object CMakeFiles/teleop_robot_bridge__rosidl_generator_py.dir/rosidl_generator_py/teleop_robot_bridge/msg/_single_gripper_move_s.c.o
[ 96%] Building C object CMakeFiles/teleop_robot_bridge__rosidl_generator_py.dir/rosidl_generator_py/teleop_robot_bridge/msg/_temperature_s.c.o
[ 96%] Building C object CMakeFiles/teleop_robot_bridge__rosidl_generator_py.dir/rosidl_generator_py/teleop_robot_bridge/msg/_upper_body_device_state_s.c.o
[ 96%] Building C object CMakeFiles/teleop_robot_bridge__rosidl_generator_py.dir/rosidl_generator_py/teleop_robot_bridge/msg/_waist_joint_command_s.c.o
[ 97%] Building C object CMakeFiles/teleop_robot_bridge__rosidl_generator_py.dir/rosidl_generator_py/teleop_robot_bridge/msg/_waist_motion_ctrl_s.c.o
[ 97%] Building C object CMakeFiles/teleop_robot_bridge__rosidl_generator_py.dir/rosidl_generator_py/teleop_robot_bridge/msg/_waist_joint_feedback_s.c.o
[ 97%] Building C object CMakeFiles/teleop_robot_bridge__rosidl_generator_py.dir/rosidl_generator_py/teleop_robot_bridge/msg/_waist_tcp_command_s.c.o
[ 97%] Building C object CMakeFiles/teleop_robot_bridge__rosidl_generator_py.dir/rosidl_generator_py/teleop_robot_bridge/msg/_waist_joint_status_s.c.o
[ 98%] Linking C shared library libteleop_robot_bridge__rosidl_generator_py.so
[ 98%] Built target teleop_robot_bridge__rosidl_generator_py
[ 98%] Building C object CMakeFiles/teleop_robot_bridge_s__rosidl_typesupport_introspection_c.dir/rosidl_generator_py/teleop_robot_bridge/_teleop_robot_bridge_s.ep.rosidl_typesupport_introspection_c.c.o
[ 98%] Building C object CMakeFiles/teleop_robot_bridge_s__rosidl_typesupport_c.dir/rosidl_generator_py/teleop_robot_bridge/_teleop_robot_bridge_s.ep.rosidl_typesupport_c.c.o
[ 98%] Building C object CMakeFiles/teleop_robot_bridge_s__rosidl_typesupport_fastrtps_c.dir/rosidl_generator_py/teleop_robot_bridge/_teleop_robot_bridge_s.ep.rosidl_typesupport_fastrtps_c.c.o
[ 99%] Linking C shared module rosidl_generator_py/teleop_robot_bridge/teleop_robot_bridge_s__rosidl_typesupport_fastrtps_c.so
[ 99%] Linking C shared module rosidl_generator_py/teleop_robot_bridge/teleop_robot_bridge_s__rosidl_typesupport_introspection_c.so
[ 99%] Linking C shared module rosidl_generator_py/teleop_robot_bridge/teleop_robot_bridge_s__rosidl_typesupport_c.so
[ 99%] Built target teleop_robot_bridge_s__rosidl_typesupport_introspection_c
[ 99%] Built target teleop_robot_bridge_s__rosidl_typesupport_fastrtps_c
[ 99%] Built target teleop_robot_bridge_s__rosidl_typesupport_c
[100%] Linking CXX executable teleop_robot_bridge
[100%] Built target teleop_robot_bridge_node
-- Install configuration: "RelWithDebInfo"
-- Installing: /home/eierobot/ROS/teleop_ws/src/teleop_robot_bridge/install/teleop_robot_bridge/share/ament_index/resource_index/rosidl_interfaces/teleop_robot_bridge
-- Installing: /home/eierobot/ROS/teleop_ws/src/teleop_robot_bridge/install/teleop_robot_bridge/share/teleop_robot_bridge/msg/AgvBatteryState.json
-- Installing: /home/eierobot/ROS/teleop_ws/src/teleop_robot_bridge/install/teleop_robot_bridge/share/teleop_robot_bridge/msg/AgvCmdVel.json
-- Installing: /home/eierobot/ROS/teleop_ws/src/teleop_robot_bridge/install/teleop_robot_bridge/share/teleop_robot_bridge/msg/AgvDeviceState.json
-- Installing: /home/eierobot/ROS/teleop_ws/src/teleop_robot_bridge/install/teleop_robot_bridge/share/teleop_robot_bridge/msg/AgvImu.json
-- Installing: /home/eierobot/ROS/teleop_ws/src/teleop_robot_bridge/install/teleop_robot_bridge/share/teleop_robot_bridge/msg/AgvJointFeedback.json
-- Installing: /home/eierobot/ROS/teleop_ws/src/teleop_robot_bridge/install/teleop_robot_bridge/share/teleop_robot_bridge/msg/AgvJointStatus.json
-- Installing: /home/eierobot/ROS/teleop_ws/src/teleop_robot_bridge/install/teleop_robot_bridge/share/teleop_robot_bridge/msg/AgvMotionCtrl.json
-- Installing: /home/eierobot/ROS/teleop_ws/src/teleop_robot_bridge/install/teleop_robot_bridge/share/teleop_robot_bridge/msg/AgvUltrasonic.json
-- Installing: /home/eierobot/ROS/teleop_ws/src/teleop_robot_bridge/install/teleop_robot_bridge/share/teleop_robot_bridge/msg/AgvVda5050State.json
-- Installing: /home/eierobot/ROS/teleop_ws/src/teleop_robot_bridge/install/teleop_robot_bridge/share/teleop_robot_bridge/msg/AgvVel.json
-- Installing: /home/eierobot/ROS/teleop_ws/src/teleop_robot_bridge/install/teleop_robot_bridge/share/teleop_robot_bridge/msg/ArmJointCommand.json
-- Installing: /home/eierobot/ROS/teleop_ws/src/teleop_robot_bridge/install/teleop_robot_bridge/share/teleop_robot_bridge/msg/ArmJointFeedback.json
-- Installing: /home/eierobot/ROS/teleop_ws/src/teleop_robot_bridge/install/teleop_robot_bridge/share/teleop_robot_bridge/msg/ArmJointStatus.json
-- Installing: /home/eierobot/ROS/teleop_ws/src/teleop_robot_bridge/install/teleop_robot_bridge/share/teleop_robot_bridge/msg/ArmMotionCtrl.json
-- Installing: /home/eierobot/ROS/teleop_ws/src/teleop_robot_bridge/install/teleop_robot_bridge/share/teleop_robot_bridge/msg/EeTcpCommand.json
-- Installing: /home/eierobot/ROS/teleop_ws/src/teleop_robot_bridge/install/teleop_robot_bridge/share/teleop_robot_bridge/msg/GripperDeviceState.json
-- Installing: /home/eierobot/ROS/teleop_ws/src/teleop_robot_bridge/install/teleop_robot_bridge/share/teleop_robot_bridge/msg/GripperMove.json
-- Installing: /home/eierobot/ROS/teleop_ws/src/teleop_robot_bridge/install/teleop_robot_bridge/share/teleop_robot_bridge/msg/GripperStatus.json
-- Installing: /home/eierobot/ROS/teleop_ws/src/teleop_robot_bridge/install/teleop_robot_bridge/share/teleop_robot_bridge/msg/GripperTactile.json
-- Installing: /home/eierobot/ROS/teleop_ws/src/teleop_robot_bridge/install/teleop_robot_bridge/share/teleop_robot_bridge/msg/HandTactile.json
-- Installing: /home/eierobot/ROS/teleop_ws/src/teleop_robot_bridge/install/teleop_robot_bridge/share/teleop_robot_bridge/msg/HeadJointCommand.json
-- Installing: /home/eierobot/ROS/teleop_ws/src/teleop_robot_bridge/install/teleop_robot_bridge/share/teleop_robot_bridge/msg/HeadJointFeedback.json
-- Installing: /home/eierobot/ROS/teleop_ws/src/teleop_robot_bridge/install/teleop_robot_bridge/share/teleop_robot_bridge/msg/HeadJointStatus.json
-- Installing: /home/eierobot/ROS/teleop_ws/src/teleop_robot_bridge/install/teleop_robot_bridge/share/teleop_robot_bridge/msg/HeadMotionCtrl.json
-- Installing: /home/eierobot/ROS/teleop_ws/src/teleop_robot_bridge/install/teleop_robot_bridge/share/teleop_robot_bridge/msg/JointStatus.json
-- Installing: /home/eierobot/ROS/teleop_ws/src/teleop_robot_bridge/install/teleop_robot_bridge/share/teleop_robot_bridge/msg/JoyState.json
-- Installing: /home/eierobot/ROS/teleop_ws/src/teleop_robot_bridge/install/teleop_robot_bridge/share/teleop_robot_bridge/msg/SingleDeviceState.json
-- Installing: /home/eierobot/ROS/teleop_ws/src/teleop_robot_bridge/install/teleop_robot_bridge/share/teleop_robot_bridge/msg/SingleGripperMove.json
-- Installing: /home/eierobot/ROS/teleop_ws/src/teleop_robot_bridge/install/teleop_robot_bridge/share/teleop_robot_bridge/msg/SingleGripperStatus.json
-- Installing: /home/eierobot/ROS/teleop_ws/src/teleop_robot_bridge/install/teleop_robot_bridge/share/teleop_robot_bridge/msg/Temperature.json
-- Installing: /home/eierobot/ROS/teleop_ws/src/teleop_robot_bridge/install/teleop_robot_bridge/share/teleop_robot_bridge/msg/UpperBodyDeviceState.json
-- Installing: /home/eierobot/ROS/teleop_ws/src/teleop_robot_bridge/install/teleop_robot_bridge/share/teleop_robot_bridge/msg/WaistJointCommand.json
-- Installing: /home/eierobot/ROS/teleop_ws/src/teleop_robot_bridge/install/teleop_robot_bridge/share/teleop_robot_bridge/msg/WaistJointFeedback.json
-- Installing: /home/eierobot/ROS/teleop_ws/src/teleop_robot_bridge/install/teleop_robot_bridge/share/teleop_robot_bridge/msg/WaistJointStatus.json
-- Installing: /home/eierobot/ROS/teleop_ws/src/teleop_robot_bridge/install/teleop_robot_bridge/share/teleop_robot_bridge/msg/WaistMotionCtrl.json
-- Installing: /home/eierobot/ROS/teleop_ws/src/teleop_robot_bridge/install/teleop_robot_bridge/share/teleop_robot_bridge/msg/WaistTcpCommand.json
-- Installing: /home/eierobot/ROS/teleop_ws/src/teleop_robot_bridge/install/teleop_robot_bridge/include/teleop_robot_bridge/teleop_robot_bridge
-- Installing: /home/eierobot/ROS/teleop_ws/src/teleop_robot_bridge/install/teleop_robot_bridge/include/teleop_robot_bridge/teleop_robot_bridge/msg
-- Installing: /home/eierobot/ROS/teleop_ws/src/teleop_robot_bridge/install/teleop_robot_bridge/include/teleop_robot_bridge/teleop_robot_bridge/msg/agv_cmd_vel.h
-- Installing: /home/eierobot/ROS/teleop_ws/src/teleop_robot_bridge/install/teleop_robot_bridge/include/teleop_robot_bridge/teleop_robot_bridge/msg/joy_state.h
-- Installing: /home/eierobot/ROS/teleop_ws/src/teleop_robot_bridge/install/teleop_robot_bridge/include/teleop_robot_bridge/teleop_robot_bridge/msg/arm_joint_status.h
-- Installing: /home/eierobot/ROS/teleop_ws/src/teleop_robot_bridge/install/teleop_robot_bridge/include/teleop_robot_bridge/teleop_robot_bridge/msg/head_joint_status.h
-- Installing: /home/eierobot/ROS/teleop_ws/src/teleop_robot_bridge/install/teleop_robot_bridge/include/teleop_robot_bridge/teleop_robot_bridge/msg/gripper_status.h
-- Installing: /home/eierobot/ROS/teleop_ws/src/teleop_robot_bridge/install/teleop_robot_bridge/include/teleop_robot_bridge/teleop_robot_bridge/msg/head_joint_feedback.h
-- Installing: /home/eierobot/ROS/teleop_ws/src/teleop_robot_bridge/install/teleop_robot_bridge/include/teleop_robot_bridge/teleop_robot_bridge/msg/single_gripper_status.h
-- Installing: /home/eierobot/ROS/teleop_ws/src/teleop_robot_bridge/install/teleop_robot_bridge/include/teleop_robot_bridge/teleop_robot_bridge/msg/temperature.h
-- Installing: /home/eierobot/ROS/teleop_ws/src/teleop_robot_bridge/install/teleop_robot_bridge/include/teleop_robot_bridge/teleop_robot_bridge/msg/waist_joint_feedback.h
-- Installing: /home/eierobot/ROS/teleop_ws/src/teleop_robot_bridge/install/teleop_robot_bridge/include/teleop_robot_bridge/teleop_robot_bridge/msg/single_gripper_move.h
-- Installing: /home/eierobot/ROS/teleop_ws/src/teleop_robot_bridge/install/teleop_robot_bridge/include/teleop_robot_bridge/teleop_robot_bridge/msg/arm_motion_ctrl.h
-- Installing: /home/eierobot/ROS/teleop_ws/src/teleop_robot_bridge/install/teleop_robot_bridge/include/teleop_robot_bridge/teleop_robot_bridge/msg/agv_device_state.h
-- Installing: /home/eierobot/ROS/teleop_ws/src/teleop_robot_bridge/install/teleop_robot_bridge/include/teleop_robot_bridge/teleop_robot_bridge/msg/gripper_move.h
-- Installing: /home/eierobot/ROS/teleop_ws/src/teleop_robot_bridge/install/teleop_robot_bridge/include/teleop_robot_bridge/teleop_robot_bridge/msg/arm_joint_command.h
-- Installing: /home/eierobot/ROS/teleop_ws/src/teleop_robot_bridge/install/teleop_robot_bridge/include/teleop_robot_bridge/teleop_robot_bridge/msg/agv_imu.h
-- Installing: /home/eierobot/ROS/teleop_ws/src/teleop_robot_bridge/install/teleop_robot_bridge/include/teleop_robot_bridge/teleop_robot_bridge/msg/ee_tcp_command.h
-- Installing: /home/eierobot/ROS/teleop_ws/src/teleop_robot_bridge/install/teleop_robot_bridge/include/teleop_robot_bridge/teleop_robot_bridge/msg/agv_motion_ctrl.h
-- Installing: /home/eierobot/ROS/teleop_ws/src/teleop_robot_bridge/install/teleop_robot_bridge/include/teleop_robot_bridge/teleop_robot_bridge/msg/joint_status.h
-- Installing: /home/eierobot/ROS/teleop_ws/src/teleop_robot_bridge/install/teleop_robot_bridge/include/teleop_robot_bridge/teleop_robot_bridge/msg/agv_vda5050_state.h
-- Installing: /home/eierobot/ROS/teleop_ws/src/teleop_robot_bridge/install/teleop_robot_bridge/include/teleop_robot_bridge/teleop_robot_bridge/msg/gripper_device_state.h
-- Installing: /home/eierobot/ROS/teleop_ws/src/teleop_robot_bridge/install/teleop_robot_bridge/include/teleop_robot_bridge/teleop_robot_bridge/msg/arm_joint_feedback.h
-- Installing: /home/eierobot/ROS/teleop_ws/src/teleop_robot_bridge/install/teleop_robot_bridge/include/teleop_robot_bridge/teleop_robot_bridge/msg/agv_battery_state.h
-- Installing: /home/eierobot/ROS/teleop_ws/src/teleop_robot_bridge/install/teleop_robot_bridge/include/teleop_robot_bridge/teleop_robot_bridge/msg/waist_joint_status.h
-- Installing: /home/eierobot/ROS/teleop_ws/src/teleop_robot_bridge/install/teleop_robot_bridge/include/teleop_robot_bridge/teleop_robot_bridge/msg/agv_vel.h
-- Installing: /home/eierobot/ROS/teleop_ws/src/teleop_robot_bridge/install/teleop_robot_bridge/include/teleop_robot_bridge/teleop_robot_bridge/msg/rosidl_generator_c__visibility_control.h
-- Installing: /home/eierobot/ROS/teleop_ws/src/teleop_robot_bridge/install/teleop_robot_bridge/include/teleop_robot_bridge/teleop_robot_bridge/msg/single_device_state.h
-- Installing: /home/eierobot/ROS/teleop_ws/src/teleop_robot_bridge/install/teleop_robot_bridge/include/teleop_robot_bridge/teleop_robot_bridge/msg/head_motion_ctrl.h
-- Installing: /home/eierobot/ROS/teleop_ws/src/teleop_robot_bridge/install/teleop_robot_bridge/include/teleop_robot_bridge/teleop_robot_bridge/msg/gripper_tactile.h
-- Installing: /home/eierobot/ROS/teleop_ws/src/teleop_robot_bridge/install/teleop_robot_bridge/include/teleop_robot_bridge/teleop_robot_bridge/msg/waist_joint_command.h
-- Installing: /home/eierobot/ROS/teleop_ws/src/teleop_robot_bridge/install/teleop_robot_bridge/include/teleop_robot_bridge/teleop_robot_bridge/msg/hand_tactile.h
-- Installing: /home/eierobot/ROS/teleop_ws/src/teleop_robot_bridge/install/teleop_robot_bridge/include/teleop_robot_bridge/teleop_robot_bridge/msg/agv_ultrasonic.h
-- Installing: /home/eierobot/ROS/teleop_ws/src/teleop_robot_bridge/install/teleop_robot_bridge/include/teleop_robot_bridge/teleop_robot_bridge/msg/waist_motion_ctrl.h
-- Installing: /home/eierobot/ROS/teleop_ws/src/teleop_robot_bridge/install/teleop_robot_bridge/include/teleop_robot_bridge/teleop_robot_bridge/msg/upper_body_device_state.h
-- Installing: /home/eierobot/ROS/teleop_ws/src/teleop_robot_bridge/install/teleop_robot_bridge/include/teleop_robot_bridge/teleop_robot_bridge/msg/detail
-- Installing: /home/eierobot/ROS/teleop_ws/src/teleop_robot_bridge/install/teleop_robot_bridge/include/teleop_robot_bridge/teleop_robot_bridge/msg/detail/agv_joint_feedback__type_support.h
-- Installing: /home/eierobot/ROS/teleop_ws/src/teleop_robot_bridge/install/teleop_robot_bridge/include/teleop_robot_bridge/teleop_robot_bridge/msg/detail/agv_cmd_vel__struct.h
-- Installing: /home/eierobot/ROS/teleop_ws/src/teleop_robot_bridge/install/teleop_robot_bridge/include/teleop_robot_bridge/teleop_robot_bridge/msg/detail/arm_joint_command__description.c
-- Installing: /home/eierobot/ROS/teleop_ws/src/teleop_robot_bridge/install/teleop_robot_bridge/include/teleop_robot_bridge/teleop_robot_bridge/msg/detail/head_joint_command__functions.h
-- Installing: /home/eierobot/ROS/teleop_ws/src/teleop_robot_bridge/install/teleop_robot_bridge/include/teleop_robot_bridge/teleop_robot_bridge/msg/detail/head_joint_status__functions.h
-- Installing: /home/eierobot/ROS/teleop_ws/src/teleop_robot_bridge/install/teleop_robot_bridge/include/teleop_robot_bridge/teleop_robot_bridge/msg/detail/arm_joint_feedback__functions.c
-- Installing: /home/eierobot/ROS/teleop_ws/src/teleop_robot_bridge/install/teleop_robot_bridge/include/teleop_robot_bridge/teleop_robot_bridge/msg/detail/agv_battery_state__type_support.c
-- Installing: /home/eierobot/ROS/teleop_ws/src/teleop_robot_bridge/install/teleop_robot_bridge/include/teleop_robot_bridge/teleop_robot_bridge/msg/detail/ee_tcp_command__type_support.h
-- Installing: /home/eierobot/ROS/teleop_ws/src/teleop_robot_bridge/install/teleop_robot_bridge/include/teleop_robot_bridge/teleop_robot_bridge/msg/detail/waist_tcp_command__struct.h
-- Installing: /home/eierobot/ROS/teleop_ws/src/teleop_robot_bridge/install/teleop_robot_bridge/include/teleop_robot_bridge/teleop_robot_bridge/msg/detail/hand_tactile__type_support.c
-- Installing: /home/eierobot/ROS/teleop_ws/src/teleop_robot_bridge/install/teleop_robot_bridge/include/teleop_robot_bridge/teleop_robot_bridge/msg/detail/single_device_state__functions.c
-- Installing: /home/eierobot/ROS/teleop_ws/src/teleop_robot_bridge/install/teleop_robot_bridge/include/teleop_robot_bridge/teleop_robot_bridge/msg/detail/agv_battery_state__description.c
-- Installing: /home/eierobot/ROS/teleop_ws/src/teleop_robot_bridge/install/teleop_robot_bridge/include/teleop_robot_bridge/teleop_robot_bridge/msg/detail/agv_imu__description.c
-- Installing: /home/eierobot/ROS/teleop_ws/src/teleop_robot_bridge/install/teleop_robot_bridge/include/teleop_robot_bridge/teleop_robot_bridge/msg/detail/waist_tcp_command__type_support.c
-- Installing: /home/eierobot/ROS/teleop_ws/src/teleop_robot_bridge/install/teleop_robot_bridge/include/teleop_robot_bridge/teleop_robot_bridge/msg/detail/single_device_state__type_support.h
-- Installing: /home/eierobot/ROS/teleop_ws/src/teleop_robot_bridge/install/teleop_robot_bridge/include/teleop_robot_bridge/teleop_robot_bridge/msg/detail/waist_joint_command__type_support.c
-- Installing: /home/eierobot/ROS/teleop_ws/src/teleop_robot_bridge/install/teleop_robot_bridge/include/teleop_robot_bridge/teleop_robot_bridge/msg/detail/head_motion_ctrl__functions.h
-- Installing: /home/eierobot/ROS/teleop_ws/src/teleop_robot_bridge/install/teleop_robot_bridge/include/teleop_robot_bridge/teleop_robot_bridge/msg/detail/agv_joint_status__type_support.c
-- Installing: /home/eierobot/ROS/teleop_ws/src/teleop_robot_bridge/install/teleop_robot_bridge/include/teleop_robot_bridge/teleop_robot_bridge/msg/detail/gripper_device_state__functions.h
-- Installing: /home/eierobot/ROS/teleop_ws/src/teleop_robot_bridge/install/teleop_robot_bridge/include/teleop_robot_bridge/teleop_robot_bridge/msg/detail/joy_state__functions.h
-- Installing: /home/eierobot/ROS/teleop_ws/src/teleop_robot_bridge/install/teleop_robot_bridge/include/teleop_robot_bridge/teleop_robot_bridge/msg/detail/ee_tcp_command__functions.c
-- Installing: /home/eierobot/ROS/teleop_ws/src/teleop_robot_bridge/install/teleop_robot_bridge/include/teleop_robot_bridge/teleop_robot_bridge/msg/detail/head_joint_feedback__type_support.h
-- Installing: /home/eierobot/ROS/teleop_ws/src/teleop_robot_bridge/install/teleop_robot_bridge/include/teleop_robot_bridge/teleop_robot_bridge/msg/detail/agv_joint_status__struct.h
-- Installing: /home/eierobot/ROS/teleop_ws/src/teleop_robot_bridge/install/teleop_robot_bridge/include/teleop_robot_bridge/teleop_robot_bridge/msg/detail/gripper_move__struct.h
-- Installing: /home/eierobot/ROS/teleop_ws/src/teleop_robot_bridge/install/teleop_robot_bridge/include/teleop_robot_bridge/teleop_robot_bridge/msg/detail/waist_joint_command__description.c
-- Installing: /home/eierobot/ROS/teleop_ws/src/teleop_robot_bridge/install/teleop_robot_bridge/include/teleop_robot_bridge/teleop_robot_bridge/msg/detail/gripper_tactile__struct.h
-- Installing: /home/eierobot/ROS/teleop_ws/src/teleop_robot_bridge/install/teleop_robot_bridge/include/teleop_robot_bridge/teleop_robot_bridge/msg/detail/arm_motion_ctrl__type_support.c
-- Installing: /home/eierobot/ROS/teleop_ws/src/teleop_robot_bridge/install/teleop_robot_bridge/include/teleop_robot_bridge/teleop_robot_bridge/msg/detail/temperature__type_support.h
-- Installing: /home/eierobot/ROS/teleop_ws/src/teleop_robot_bridge/install/teleop_robot_bridge/include/teleop_robot_bridge/teleop_robot_bridge/msg/detail/agv_motion_ctrl__functions.c
-- Installing: /home/eierobot/ROS/teleop_ws/src/teleop_robot_bridge/install/teleop_robot_bridge/include/teleop_robot_bridge/teleop_robot_bridge/msg/detail/agv_cmd_vel__type_support.c
-- Installing: /home/eierobot/ROS/teleop_ws/src/teleop_robot_bridge/install/teleop_robot_bridge/include/teleop_robot_bridge/teleop_robot_bridge/msg/detail/waist_joint_status__functions.h
-- Installing: /home/eierobot/ROS/teleop_ws/src/teleop_robot_bridge/install/teleop_robot_bridge/include/teleop_robot_bridge/teleop_robot_bridge/msg/detail/arm_joint_feedback__type_support.h
-- Installing: /home/eierobot/ROS/teleop_ws/src/teleop_robot_bridge/install/teleop_robot_bridge/include/teleop_robot_bridge/teleop_robot_bridge/msg/detail/agv_vda5050_state__type_support.c
-- Installing: /home/eierobot/ROS/teleop_ws/src/teleop_robot_bridge/install/teleop_robot_bridge/include/teleop_robot_bridge/teleop_robot_bridge/msg/detail/arm_joint_command__struct.h
-- Installing: /home/eierobot/ROS/teleop_ws/src/teleop_robot_bridge/install/teleop_robot_bridge/include/teleop_robot_bridge/teleop_robot_bridge/msg/detail/joy_state__description.c
-- Installing: /home/eierobot/ROS/teleop_ws/src/teleop_robot_bridge/install/teleop_robot_bridge/include/teleop_robot_bridge/teleop_robot_bridge/msg/detail/agv_vel__struct.h
-- Installing: /home/eierobot/ROS/teleop_ws/src/teleop_robot_bridge/install/teleop_robot_bridge/include/teleop_robot_bridge/teleop_robot_bridge/msg/detail/upper_body_device_state__functions.c
-- Installing: /home/eierobot/ROS/teleop_ws/src/teleop_robot_bridge/install/teleop_robot_bridge/include/teleop_robot_bridge/teleop_robot_bridge/msg/detail/gripper_tactile__functions.h
-- Installing: /home/eierobot/ROS/teleop_ws/src/teleop_robot_bridge/install/teleop_robot_bridge/include/teleop_robot_bridge/teleop_robot_bridge/msg/detail/agv_joint_feedback__struct.h
-- Installing: /home/eierobot/ROS/teleop_ws/src/teleop_robot_bridge/install/teleop_robot_bridge/include/teleop_robot_bridge/teleop_robot_bridge/msg/detail/head_joint_feedback__struct.h
-- Installing: /home/eierobot/ROS/teleop_ws/src/teleop_robot_bridge/install/teleop_robot_bridge/include/teleop_robot_bridge/teleop_robot_bridge/msg/detail/ee_tcp_command__functions.h
-- Installing: /home/eierobot/ROS/teleop_ws/src/teleop_robot_bridge/install/teleop_robot_bridge/include/teleop_robot_bridge/teleop_robot_bridge/msg/detail/joint_status__functions.c
-- Installing: /home/eierobot/ROS/teleop_ws/src/teleop_robot_bridge/install/teleop_robot_bridge/include/teleop_robot_bridge/teleop_robot_bridge/msg/detail/waist_joint_command__type_support.h
-- Installing: /home/eierobot/ROS/teleop_ws/src/teleop_robot_bridge/install/teleop_robot_bridge/include/teleop_robot_bridge/teleop_robot_bridge/msg/detail/head_joint_status__description.c
-- Installing: /home/eierobot/ROS/teleop_ws/src/teleop_robot_bridge/install/teleop_robot_bridge/include/teleop_robot_bridge/teleop_robot_bridge/msg/detail/agv_cmd_vel__description.c
-- Installing: /home/eierobot/ROS/teleop_ws/src/teleop_robot_bridge/install/teleop_robot_bridge/include/teleop_robot_bridge/teleop_robot_bridge/msg/detail/agv_ultrasonic__type_support.h
-- Installing: /home/eierobot/ROS/teleop_ws/src/teleop_robot_bridge/install/teleop_robot_bridge/include/teleop_robot_bridge/teleop_robot_bridge/msg/detail/agv_vel__description.c
-- Installing: /home/eierobot/ROS/teleop_ws/src/teleop_robot_bridge/install/teleop_robot_bridge/include/teleop_robot_bridge/teleop_robot_bridge/msg/detail/waist_joint_command__functions.c
-- Installing: /home/eierobot/ROS/teleop_ws/src/teleop_robot_bridge/install/teleop_robot_bridge/include/teleop_robot_bridge/teleop_robot_bridge/msg/detail/agv_imu__functions.c
-- Installing: /home/eierobot/ROS/teleop_ws/src/teleop_robot_bridge/install/teleop_robot_bridge/include/teleop_robot_bridge/teleop_robot_bridge/msg/detail/head_joint_status__type_support.c
-- Installing: /home/eierobot/ROS/teleop_ws/src/teleop_robot_bridge/install/teleop_robot_bridge/include/teleop_robot_bridge/teleop_robot_bridge/msg/detail/agv_device_state__struct.h
-- Installing: /home/eierobot/ROS/teleop_ws/src/teleop_robot_bridge/install/teleop_robot_bridge/include/teleop_robot_bridge/teleop_robot_bridge/msg/detail/head_motion_ctrl__type_support.c
-- Installing: /home/eierobot/ROS/teleop_ws/src/teleop_robot_bridge/install/teleop_robot_bridge/include/teleop_robot_bridge/teleop_robot_bridge/msg/detail/agv_device_state__functions.h
-- Installing: /home/eierobot/ROS/teleop_ws/src/teleop_robot_bridge/install/teleop_robot_bridge/include/teleop_robot_bridge/teleop_robot_bridge/msg/detail/arm_joint_status__type_support.h
-- Installing: /home/eierobot/ROS/teleop_ws/src/teleop_robot_bridge/install/teleop_robot_bridge/include/teleop_robot_bridge/teleop_robot_bridge/msg/detail/gripper_move__functions.c
-- Installing: /home/eierobot/ROS/teleop_ws/src/teleop_robot_bridge/install/teleop_robot_bridge/include/teleop_robot_bridge/teleop_robot_bridge/msg/detail/head_joint_status__struct.h
-- Installing: /home/eierobot/ROS/teleop_ws/src/teleop_robot_bridge/install/teleop_robot_bridge/include/teleop_robot_bridge/teleop_robot_bridge/msg/detail/agv_vda5050_state__description.c
-- Installing: /home/eierobot/ROS/teleop_ws/src/teleop_robot_bridge/install/teleop_robot_bridge/include/teleop_robot_bridge/teleop_robot_bridge/msg/detail/temperature__functions.h
-- Installing: /home/eierobot/ROS/teleop_ws/src/teleop_robot_bridge/install/teleop_robot_bridge/include/teleop_robot_bridge/teleop_robot_bridge/msg/detail/ee_tcp_command__description.c
-- Installing: /home/eierobot/ROS/teleop_ws/src/teleop_robot_bridge/install/teleop_robot_bridge/include/teleop_robot_bridge/teleop_robot_bridge/msg/detail/waist_motion_ctrl__description.c
-- Installing: /home/eierobot/ROS/teleop_ws/src/teleop_robot_bridge/install/teleop_robot_bridge/include/teleop_robot_bridge/teleop_robot_bridge/msg/detail/upper_body_device_state__functions.h
-- Installing: /home/eierobot/ROS/teleop_ws/src/teleop_robot_bridge/install/teleop_robot_bridge/include/teleop_robot_bridge/teleop_robot_bridge/msg/detail/temperature__struct.h
-- Installing: /home/eierobot/ROS/teleop_ws/src/teleop_robot_bridge/install/teleop_robot_bridge/include/teleop_robot_bridge/teleop_robot_bridge/msg/detail/joint_status__type_support.h
-- Installing: /home/eierobot/ROS/teleop_ws/src/teleop_robot_bridge/install/teleop_robot_bridge/include/teleop_robot_bridge/teleop_robot_bridge/msg/detail/temperature__functions.c
-- Installing: /home/eierobot/ROS/teleop_ws/src/teleop_robot_bridge/install/teleop_robot_bridge/include/teleop_robot_bridge/teleop_robot_bridge/msg/detail/gripper_move__description.c
-- Installing: /home/eierobot/ROS/teleop_ws/src/teleop_robot_bridge/install/teleop_robot_bridge/include/teleop_robot_bridge/teleop_robot_bridge/msg/detail/waist_joint_feedback__functions.c
-- Installing: /home/eierobot/ROS/teleop_ws/src/teleop_robot_bridge/install/teleop_robot_bridge/include/teleop_robot_bridge/teleop_robot_bridge/msg/detail/joy_state__type_support.h
-- Installing: /home/eierobot/ROS/teleop_ws/src/teleop_robot_bridge/install/teleop_robot_bridge/include/teleop_robot_bridge/teleop_robot_bridge/msg/detail/agv_ultrasonic__functions.h
-- Installing: /home/eierobot/ROS/teleop_ws/src/teleop_robot_bridge/install/teleop_robot_bridge/include/teleop_robot_bridge/teleop_robot_bridge/msg/detail/single_gripper_move__functions.h
-- Installing: /home/eierobot/ROS/teleop_ws/src/teleop_robot_bridge/install/teleop_robot_bridge/include/teleop_robot_bridge/teleop_robot_bridge/msg/detail/agv_motion_ctrl__type_support.c
-- Installing: /home/eierobot/ROS/teleop_ws/src/teleop_robot_bridge/install/teleop_robot_bridge/include/teleop_robot_bridge/teleop_robot_bridge/msg/detail/agv_vda5050_state__struct.h
-- Installing: /home/eierobot/ROS/teleop_ws/src/teleop_robot_bridge/install/teleop_robot_bridge/include/teleop_robot_bridge/teleop_robot_bridge/msg/detail/agv_joint_feedback__functions.h
-- Installing: /home/eierobot/ROS/teleop_ws/src/teleop_robot_bridge/install/teleop_robot_bridge/include/teleop_robot_bridge/teleop_robot_bridge/msg/detail/gripper_move__functions.h
-- Installing: /home/eierobot/ROS/teleop_ws/src/teleop_robot_bridge/install/teleop_robot_bridge/include/teleop_robot_bridge/teleop_robot_bridge/msg/detail/agv_vda5050_state__type_support.h
-- Installing: /home/eierobot/ROS/teleop_ws/src/teleop_robot_bridge/install/teleop_robot_bridge/include/teleop_robot_bridge/teleop_robot_bridge/msg/detail/gripper_status__type_support.c
-- Installing: /home/eierobot/ROS/teleop_ws/src/teleop_robot_bridge/install/teleop_robot_bridge/include/teleop_robot_bridge/teleop_robot_bridge/msg/detail/agv_joint_status__functions.c
-- Installing: /home/eierobot/ROS/teleop_ws/src/teleop_robot_bridge/install/teleop_robot_bridge/include/teleop_robot_bridge/teleop_robot_bridge/msg/detail/gripper_status__functions.h
-- Installing: /home/eierobot/ROS/teleop_ws/src/teleop_robot_bridge/install/teleop_robot_bridge/include/teleop_robot_bridge/teleop_robot_bridge/msg/detail/gripper_device_state__struct.h
-- Installing: /home/eierobot/ROS/teleop_ws/src/teleop_robot_bridge/install/teleop_robot_bridge/include/teleop_robot_bridge/teleop_robot_bridge/msg/detail/waist_tcp_command__functions.c
-- Installing: /home/eierobot/ROS/teleop_ws/src/teleop_robot_bridge/install/teleop_robot_bridge/include/teleop_robot_bridge/teleop_robot_bridge/msg/detail/gripper_device_state__functions.c
-- Installing: /home/eierobot/ROS/teleop_ws/src/teleop_robot_bridge/install/teleop_robot_bridge/include/teleop_robot_bridge/teleop_robot_bridge/msg/detail/agv_joint_status__description.c
-- Installing: /home/eierobot/ROS/teleop_ws/src/teleop_robot_bridge/install/teleop_robot_bridge/include/teleop_robot_bridge/teleop_robot_bridge/msg/detail/waist_tcp_command__type_support.h
-- Installing: /home/eierobot/ROS/teleop_ws/src/teleop_robot_bridge/install/teleop_robot_bridge/include/teleop_robot_bridge/teleop_robot_bridge/msg/detail/single_gripper_status__type_support.h
-- Installing: /home/eierobot/ROS/teleop_ws/src/teleop_robot_bridge/install/teleop_robot_bridge/include/teleop_robot_bridge/teleop_robot_bridge/msg/detail/agv_vel__functions.c
-- Installing: /home/eierobot/ROS/teleop_ws/src/teleop_robot_bridge/install/teleop_robot_bridge/include/teleop_robot_bridge/teleop_robot_bridge/msg/detail/agv_ultrasonic__description.c
-- Installing: /home/eierobot/ROS/teleop_ws/src/teleop_robot_bridge/install/teleop_robot_bridge/include/teleop_robot_bridge/teleop_robot_bridge/msg/detail/hand_tactile__functions.c
-- Installing: /home/eierobot/ROS/teleop_ws/src/teleop_robot_bridge/install/teleop_robot_bridge/include/teleop_robot_bridge/teleop_robot_bridge/msg/detail/upper_body_device_state__struct.h
-- Installing: /home/eierobot/ROS/teleop_ws/src/teleop_robot_bridge/install/teleop_robot_bridge/include/teleop_robot_bridge/teleop_robot_bridge/msg/detail/waist_joint_status__struct.h
-- Installing: /home/eierobot/ROS/teleop_ws/src/teleop_robot_bridge/install/teleop_robot_bridge/include/teleop_robot_bridge/teleop_robot_bridge/msg/detail/waist_motion_ctrl__functions.h
-- Installing: /home/eierobot/ROS/teleop_ws/src/teleop_robot_bridge/install/teleop_robot_bridge/include/teleop_robot_bridge/teleop_robot_bridge/msg/detail/single_gripper_move__struct.h
-- Installing: /home/eierobot/ROS/teleop_ws/src/teleop_robot_bridge/install/teleop_robot_bridge/include/teleop_robot_bridge/teleop_robot_bridge/msg/detail/arm_joint_command__type_support.h
-- Installing: /home/eierobot/ROS/teleop_ws/src/teleop_robot_bridge/install/teleop_robot_bridge/include/teleop_robot_bridge/teleop_robot_bridge/msg/detail/temperature__type_support.c
-- Installing: /home/eierobot/ROS/teleop_ws/src/teleop_robot_bridge/install/teleop_robot_bridge/include/teleop_robot_bridge/teleop_robot_bridge/msg/detail/gripper_tactile__description.c
-- Installing: /home/eierobot/ROS/teleop_ws/src/teleop_robot_bridge/install/teleop_robot_bridge/include/teleop_robot_bridge/teleop_robot_bridge/msg/detail/single_gripper_status__type_support.c
-- Installing: /home/eierobot/ROS/teleop_ws/src/teleop_robot_bridge/install/teleop_robot_bridge/include/teleop_robot_bridge/teleop_robot_bridge/msg/detail/joy_state__type_support.c
-- Installing: /home/eierobot/ROS/teleop_ws/src/teleop_robot_bridge/install/teleop_robot_bridge/include/teleop_robot_bridge/teleop_robot_bridge/msg/detail/arm_motion_ctrl__description.c
-- Installing: /home/eierobot/ROS/teleop_ws/src/teleop_robot_bridge/install/teleop_robot_bridge/include/teleop_robot_bridge/teleop_robot_bridge/msg/detail/arm_joint_status__type_support.c
-- Installing: /home/eierobot/ROS/teleop_ws/src/teleop_robot_bridge/install/teleop_robot_bridge/include/teleop_robot_bridge/teleop_robot_bridge/msg/detail/gripper_move__type_support.c
-- Installing: /home/eierobot/ROS/teleop_ws/src/teleop_robot_bridge/install/teleop_robot_bridge/include/teleop_robot_bridge/teleop_robot_bridge/msg/detail/waist_joint_feedback__functions.h
-- Installing: /home/eierobot/ROS/teleop_ws/src/teleop_robot_bridge/install/teleop_robot_bridge/include/teleop_robot_bridge/teleop_robot_bridge/msg/detail/gripper_status__functions.c
-- Installing: /home/eierobot/ROS/teleop_ws/src/teleop_robot_bridge/install/teleop_robot_bridge/include/teleop_robot_bridge/teleop_robot_bridge/msg/detail/agv_imu__type_support.h
-- Installing: /home/eierobot/ROS/teleop_ws/src/teleop_robot_bridge/install/teleop_robot_bridge/include/teleop_robot_bridge/teleop_robot_bridge/msg/detail/agv_joint_status__functions.h
-- Installing: /home/eierobot/ROS/teleop_ws/src/teleop_robot_bridge/install/teleop_robot_bridge/include/teleop_robot_bridge/teleop_robot_bridge/msg/detail/head_motion_ctrl__functions.c
-- Installing: /home/eierobot/ROS/teleop_ws/src/teleop_robot_bridge/install/teleop_robot_bridge/include/teleop_robot_bridge/teleop_robot_bridge/msg/detail/waist_tcp_command__description.c
-- Installing: /home/eierobot/ROS/teleop_ws/src/teleop_robot_bridge/install/teleop_robot_bridge/include/teleop_robot_bridge/teleop_robot_bridge/msg/detail/gripper_move__type_support.h
-- Installing: /home/eierobot/ROS/teleop_ws/src/teleop_robot_bridge/install/teleop_robot_bridge/include/teleop_robot_bridge/teleop_robot_bridge/msg/detail/waist_joint_feedback__description.c
-- Installing: /home/eierobot/ROS/teleop_ws/src/teleop_robot_bridge/install/teleop_robot_bridge/include/teleop_robot_bridge/teleop_robot_bridge/msg/detail/joint_status__struct.h
-- Installing: /home/eierobot/ROS/teleop_ws/src/teleop_robot_bridge/install/teleop_robot_bridge/include/teleop_robot_bridge/teleop_robot_bridge/msg/detail/head_joint_command__description.c
-- Installing: /home/eierobot/ROS/teleop_ws/src/teleop_robot_bridge/install/teleop_robot_bridge/include/teleop_robot_bridge/teleop_robot_bridge/msg/detail/agv_motion_ctrl__type_support.h
-- Installing: /home/eierobot/ROS/teleop_ws/src/teleop_robot_bridge/install/teleop_robot_bridge/include/teleop_robot_bridge/teleop_robot_bridge/msg/detail/agv_motion_ctrl__functions.h
-- Installing: /home/eierobot/ROS/teleop_ws/src/teleop_robot_bridge/install/teleop_robot_bridge/include/teleop_robot_bridge/teleop_robot_bridge/msg/detail/ee_tcp_command__type_support.c
-- Installing: /home/eierobot/ROS/teleop_ws/src/teleop_robot_bridge/install/teleop_robot_bridge/include/teleop_robot_bridge/teleop_robot_bridge/msg/detail/arm_joint_command__functions.c
-- Installing: /home/eierobot/ROS/teleop_ws/src/teleop_robot_bridge/install/teleop_robot_bridge/include/teleop_robot_bridge/teleop_robot_bridge/msg/detail/agv_cmd_vel__functions.h
-- Installing: /home/eierobot/ROS/teleop_ws/src/teleop_robot_bridge/install/teleop_robot_bridge/include/teleop_robot_bridge/teleop_robot_bridge/msg/detail/agv_device_state__type_support.c
-- Installing: /home/eierobot/ROS/teleop_ws/src/teleop_robot_bridge/install/teleop_robot_bridge/include/teleop_robot_bridge/teleop_robot_bridge/msg/detail/agv_ultrasonic__functions.c
-- Installing: /home/eierobot/ROS/teleop_ws/src/teleop_robot_bridge/install/teleop_robot_bridge/include/teleop_robot_bridge/teleop_robot_bridge/msg/detail/arm_joint_feedback__type_support.c
-- Installing: /home/eierobot/ROS/teleop_ws/src/teleop_robot_bridge/install/teleop_robot_bridge/include/teleop_robot_bridge/teleop_robot_bridge/msg/detail/agv_motion_ctrl__description.c
-- Installing: /home/eierobot/ROS/teleop_ws/src/teleop_robot_bridge/install/teleop_robot_bridge/include/teleop_robot_bridge/teleop_robot_bridge/msg/detail/arm_joint_status__functions.h
-- Installing: /home/eierobot/ROS/teleop_ws/src/teleop_robot_bridge/install/teleop_robot_bridge/include/teleop_robot_bridge/teleop_robot_bridge/msg/detail/single_gripper_move__description.c
-- Installing: /home/eierobot/ROS/teleop_ws/src/teleop_robot_bridge/install/teleop_robot_bridge/include/teleop_robot_bridge/teleop_robot_bridge/msg/detail/hand_tactile__functions.h
-- Installing: /home/eierobot/ROS/teleop_ws/src/teleop_robot_bridge/install/teleop_robot_bridge/include/teleop_robot_bridge/teleop_robot_bridge/msg/detail/agv_imu__struct.h
-- Installing: /home/eierobot/ROS/teleop_ws/src/teleop_robot_bridge/install/teleop_robot_bridge/include/teleop_robot_bridge/teleop_robot_bridge/msg/detail/agv_device_state__type_support.h
-- Installing: /home/eierobot/ROS/teleop_ws/src/teleop_robot_bridge/install/teleop_robot_bridge/include/teleop_robot_bridge/teleop_robot_bridge/msg/detail/head_motion_ctrl__type_support.h
-- Installing: /home/eierobot/ROS/teleop_ws/src/teleop_robot_bridge/install/teleop_robot_bridge/include/teleop_robot_bridge/teleop_robot_bridge/msg/detail/agv_device_state__description.c
-- Installing: /home/eierobot/ROS/teleop_ws/src/teleop_robot_bridge/install/teleop_robot_bridge/include/teleop_robot_bridge/teleop_robot_bridge/msg/detail/waist_joint_status__functions.c
-- Installing: /home/eierobot/ROS/teleop_ws/src/teleop_robot_bridge/install/teleop_robot_bridge/include/teleop_robot_bridge/teleop_robot_bridge/msg/detail/arm_joint_feedback__description.c
-- Installing: /home/eierobot/ROS/teleop_ws/src/teleop_robot_bridge/install/teleop_robot_bridge/include/teleop_robot_bridge/teleop_robot_bridge/msg/detail/agv_joint_status__type_support.h
-- Installing: /home/eierobot/ROS/teleop_ws/src/teleop_robot_bridge/install/teleop_robot_bridge/include/teleop_robot_bridge/teleop_robot_bridge/msg/detail/agv_joint_feedback__description.c
-- Installing: /home/eierobot/ROS/teleop_ws/src/teleop_robot_bridge/install/teleop_robot_bridge/include/teleop_robot_bridge/teleop_robot_bridge/msg/detail/agv_motion_ctrl__struct.h
-- Installing: /home/eierobot/ROS/teleop_ws/src/teleop_robot_bridge/install/teleop_robot_bridge/include/teleop_robot_bridge/teleop_robot_bridge/msg/detail/agv_device_state__functions.c
-- Installing: /home/eierobot/ROS/teleop_ws/src/teleop_robot_bridge/install/teleop_robot_bridge/include/teleop_robot_bridge/teleop_robot_bridge/msg/detail/ee_tcp_command__struct.h
-- Installing: /home/eierobot/ROS/teleop_ws/src/teleop_robot_bridge/install/teleop_robot_bridge/include/teleop_robot_bridge/teleop_robot_bridge/msg/detail/agv_imu__type_support.c
-- Installing: /home/eierobot/ROS/teleop_ws/src/teleop_robot_bridge/install/teleop_robot_bridge/include/teleop_robot_bridge/teleop_robot_bridge/msg/detail/head_joint_command__struct.h
-- Installing: /home/eierobot/ROS/teleop_ws/src/teleop_robot_bridge/install/teleop_robot_bridge/include/teleop_robot_bridge/teleop_robot_bridge/msg/detail/gripper_status__type_support.h
-- Installing: /home/eierobot/ROS/teleop_ws/src/teleop_robot_bridge/install/teleop_robot_bridge/include/teleop_robot_bridge/teleop_robot_bridge/msg/detail/arm_joint_feedback__struct.h
-- Installing: /home/eierobot/ROS/teleop_ws/src/teleop_robot_bridge/install/teleop_robot_bridge/include/teleop_robot_bridge/teleop_robot_bridge/msg/detail/single_gripper_move__functions.c
-- Installing: /home/eierobot/ROS/teleop_ws/src/teleop_robot_bridge/install/teleop_robot_bridge/include/teleop_robot_bridge/teleop_robot_bridge/msg/detail/hand_tactile__struct.h
-- Installing: /home/eierobot/ROS/teleop_ws/src/teleop_robot_bridge/install/teleop_robot_bridge/include/teleop_robot_bridge/teleop_robot_bridge/msg/detail/joy_state__functions.c
-- Installing: /home/eierobot/ROS/teleop_ws/src/teleop_robot_bridge/install/teleop_robot_bridge/include/teleop_robot_bridge/teleop_robot_bridge/msg/detail/single_gripper_move__type_support.c
-- Installing: /home/eierobot/ROS/teleop_ws/src/teleop_robot_bridge/install/teleop_robot_bridge/include/teleop_robot_bridge/teleop_robot_bridge/msg/detail/agv_vel__type_support.h
-- Installing: /home/eierobot/ROS/teleop_ws/src/teleop_robot_bridge/install/teleop_robot_bridge/include/teleop_robot_bridge/teleop_robot_bridge/msg/detail/waist_joint_command__struct.h
-- Installing: /home/eierobot/ROS/teleop_ws/src/teleop_robot_bridge/install/teleop_robot_bridge/include/teleop_robot_bridge/teleop_robot_bridge/msg/detail/waist_motion_ctrl__functions.c
-- Installing: /home/eierobot/ROS/teleop_ws/src/teleop_robot_bridge/install/teleop_robot_bridge/include/teleop_robot_bridge/teleop_robot_bridge/msg/detail/upper_body_device_state__type_support.c
-- Installing: /home/eierobot/ROS/teleop_ws/src/teleop_robot_bridge/install/teleop_robot_bridge/include/teleop_robot_bridge/teleop_robot_bridge/msg/detail/head_motion_ctrl__description.c
-- Installing: /home/eierobot/ROS/teleop_ws/src/teleop_robot_bridge/install/teleop_robot_bridge/include/teleop_robot_bridge/teleop_robot_bridge/msg/detail/temperature__description.c
-- Installing: /home/eierobot/ROS/teleop_ws/src/teleop_robot_bridge/install/teleop_robot_bridge/include/teleop_robot_bridge/teleop_robot_bridge/msg/detail/single_device_state__struct.h
-- Installing: /home/eierobot/ROS/teleop_ws/src/teleop_robot_bridge/install/teleop_robot_bridge/include/teleop_robot_bridge/teleop_robot_bridge/msg/detail/upper_body_device_state__type_support.h
-- Installing: /home/eierobot/ROS/teleop_ws/src/teleop_robot_bridge/install/teleop_robot_bridge/include/teleop_robot_bridge/teleop_robot_bridge/msg/detail/single_device_state__functions.h
-- Installing: /home/eierobot/ROS/teleop_ws/src/teleop_robot_bridge/install/teleop_robot_bridge/include/teleop_robot_bridge/teleop_robot_bridge/msg/detail/arm_joint_feedback__functions.h
-- Installing: /home/eierobot/ROS/teleop_ws/src/teleop_robot_bridge/install/teleop_robot_bridge/include/teleop_robot_bridge/teleop_robot_bridge/msg/detail/arm_motion_ctrl__functions.c
-- Installing: /home/eierobot/ROS/teleop_ws/src/teleop_robot_bridge/install/teleop_robot_bridge/include/teleop_robot_bridge/teleop_robot_bridge/msg/detail/head_joint_feedback__functions.c
-- Installing: /home/eierobot/ROS/teleop_ws/src/teleop_robot_bridge/install/teleop_robot_bridge/include/teleop_robot_bridge/teleop_robot_bridge/msg/detail/joint_status__type_support.c
-- Installing: /home/eierobot/ROS/teleop_ws/src/teleop_robot_bridge/install/teleop_robot_bridge/include/teleop_robot_bridge/teleop_robot_bridge/msg/detail/waist_joint_feedback__struct.h
-- Installing: /home/eierobot/ROS/teleop_ws/src/teleop_robot_bridge/install/teleop_robot_bridge/include/teleop_robot_bridge/teleop_robot_bridge/msg/detail/gripper_tactile__type_support.c
-- Installing: /home/eierobot/ROS/teleop_ws/src/teleop_robot_bridge/install/teleop_robot_bridge/include/teleop_robot_bridge/teleop_robot_bridge/msg/detail/arm_motion_ctrl__struct.h
-- Installing: /home/eierobot/ROS/teleop_ws/src/teleop_robot_bridge/install/teleop_robot_bridge/include/teleop_robot_bridge/teleop_robot_bridge/msg/detail/gripper_status__struct.h
-- Installing: /home/eierobot/ROS/teleop_ws/src/teleop_robot_bridge/install/teleop_robot_bridge/include/teleop_robot_bridge/teleop_robot_bridge/msg/detail/agv_cmd_vel__functions.c
-- Installing: /home/eierobot/ROS/teleop_ws/src/teleop_robot_bridge/install/teleop_robot_bridge/include/teleop_robot_bridge/teleop_robot_bridge/msg/detail/agv_battery_state__functions.h
-- Installing: /home/eierobot/ROS/teleop_ws/src/teleop_robot_bridge/install/teleop_robot_bridge/include/teleop_robot_bridge/teleop_robot_bridge/msg/detail/agv_battery_state__type_support.h
-- Installing: /home/eierobot/ROS/teleop_ws/src/teleop_robot_bridge/install/teleop_robot_bridge/include/teleop_robot_bridge/teleop_robot_bridge/msg/detail/head_joint_status__functions.c
-- Installing: /home/eierobot/ROS/teleop_ws/src/teleop_robot_bridge/install/teleop_robot_bridge/include/teleop_robot_bridge/teleop_robot_bridge/msg/detail/agv_cmd_vel__type_support.h
-- Installing: /home/eierobot/ROS/teleop_ws/src/teleop_robot_bridge/install/teleop_robot_bridge/include/teleop_robot_bridge/teleop_robot_bridge/msg/detail/single_device_state__type_support.c
-- Installing: /home/eierobot/ROS/teleop_ws/src/teleop_robot_bridge/install/teleop_robot_bridge/include/teleop_robot_bridge/teleop_robot_bridge/msg/detail/single_device_state__description.c
-- Installing: /home/eierobot/ROS/teleop_ws/src/teleop_robot_bridge/install/teleop_robot_bridge/include/teleop_robot_bridge/teleop_robot_bridge/msg/detail/gripper_device_state__description.c
-- Installing: /home/eierobot/ROS/teleop_ws/src/teleop_robot_bridge/install/teleop_robot_bridge/include/teleop_robot_bridge/teleop_robot_bridge/msg/detail/gripper_status__description.c
-- Installing: /home/eierobot/ROS/teleop_ws/src/teleop_robot_bridge/install/teleop_robot_bridge/include/teleop_robot_bridge/teleop_robot_bridge/msg/detail/upper_body_device_state__description.c
-- Installing: /home/eierobot/ROS/teleop_ws/src/teleop_robot_bridge/install/teleop_robot_bridge/include/teleop_robot_bridge/teleop_robot_bridge/msg/detail/gripper_device_state__type_support.c
-- Installing: /home/eierobot/ROS/teleop_ws/src/teleop_robot_bridge/install/teleop_robot_bridge/include/teleop_robot_bridge/teleop_robot_bridge/msg/detail/agv_vel__type_support.c
-- Installing: /home/eierobot/ROS/teleop_ws/src/teleop_robot_bridge/install/teleop_robot_bridge/include/teleop_robot_bridge/teleop_robot_bridge/msg/detail/agv_vel__functions.h
-- Installing: /home/eierobot/ROS/teleop_ws/src/teleop_robot_bridge/install/teleop_robot_bridge/include/teleop_robot_bridge/teleop_robot_bridge/msg/detail/arm_joint_command__type_support.c
-- Installing: /home/eierobot/ROS/teleop_ws/src/teleop_robot_bridge/install/teleop_robot_bridge/include/teleop_robot_bridge/teleop_robot_bridge/msg/detail/agv_battery_state__functions.c
-- Installing: /home/eierobot/ROS/teleop_ws/src/teleop_robot_bridge/install/teleop_robot_bridge/include/teleop_robot_bridge/teleop_robot_bridge/msg/detail/head_joint_command__type_support.h
-- Installing: /home/eierobot/ROS/teleop_ws/src/teleop_robot_bridge/install/teleop_robot_bridge/include/teleop_robot_bridge/teleop_robot_bridge/msg/detail/single_gripper_status__description.c
-- Installing: /home/eierobot/ROS/teleop_ws/src/teleop_robot_bridge/install/teleop_robot_bridge/include/teleop_robot_bridge/teleop_robot_bridge/msg/detail/agv_ultrasonic__struct.h
-- Installing: /home/eierobot/ROS/teleop_ws/src/teleop_robot_bridge/install/teleop_robot_bridge/include/teleop_robot_bridge/teleop_robot_bridge/msg/detail/gripper_device_state__type_support.h
-- Installing: /home/eierobot/ROS/teleop_ws/src/teleop_robot_bridge/install/teleop_robot_bridge/include/teleop_robot_bridge/teleop_robot_bridge/msg/detail/agv_vda5050_state__functions.c
-- Installing: /home/eierobot/ROS/teleop_ws/src/teleop_robot_bridge/install/teleop_robot_bridge/include/teleop_robot_bridge/teleop_robot_bridge/msg/detail/agv_ultrasonic__type_support.c
-- Installing: /home/eierobot/ROS/teleop_ws/src/teleop_robot_bridge/install/teleop_robot_bridge/include/teleop_robot_bridge/teleop_robot_bridge/msg/detail/head_joint_feedback__type_support.c
-- Installing: /home/eierobot/ROS/teleop_ws/src/teleop_robot_bridge/install/teleop_robot_bridge/include/teleop_robot_bridge/teleop_robot_bridge/msg/detail/head_joint_command__functions.c
-- Installing: /home/eierobot/ROS/teleop_ws/src/teleop_robot_bridge/install/teleop_robot_bridge/include/teleop_robot_bridge/teleop_robot_bridge/msg/detail/agv_joint_feedback__functions.c
-- Installing: /home/eierobot/ROS/teleop_ws/src/teleop_robot_bridge/install/teleop_robot_bridge/include/teleop_robot_bridge/teleop_robot_bridge/msg/detail/waist_joint_status__type_support.c
-- Installing: /home/eierobot/ROS/teleop_ws/src/teleop_robot_bridge/install/teleop_robot_bridge/include/teleop_robot_bridge/teleop_robot_bridge/msg/detail/waist_joint_status__description.c
-- Installing: /home/eierobot/ROS/teleop_ws/src/teleop_robot_bridge/install/teleop_robot_bridge/include/teleop_robot_bridge/teleop_robot_bridge/msg/detail/waist_joint_feedback__type_support.c
-- Installing: /home/eierobot/ROS/teleop_ws/src/teleop_robot_bridge/install/teleop_robot_bridge/include/teleop_robot_bridge/teleop_robot_bridge/msg/detail/joint_status__functions.h
-- Installing: /home/eierobot/ROS/teleop_ws/src/teleop_robot_bridge/install/teleop_robot_bridge/include/teleop_robot_bridge/teleop_robot_bridge/msg/detail/single_gripper_move__type_support.h
-- Installing: /home/eierobot/ROS/teleop_ws/src/teleop_robot_bridge/install/teleop_robot_bridge/include/teleop_robot_bridge/teleop_robot_bridge/msg/detail/single_gripper_status__functions.h
-- Installing: /home/eierobot/ROS/teleop_ws/src/teleop_robot_bridge/install/teleop_robot_bridge/include/teleop_robot_bridge/teleop_robot_bridge/msg/detail/head_joint_status__type_support.h
-- Installing: /home/eierobot/ROS/teleop_ws/src/teleop_robot_bridge/install/teleop_robot_bridge/include/teleop_robot_bridge/teleop_robot_bridge/msg/detail/joy_state__struct.h
-- Installing: /home/eierobot/ROS/teleop_ws/src/teleop_robot_bridge/install/teleop_robot_bridge/include/teleop_robot_bridge/teleop_robot_bridge/msg/detail/waist_tcp_command__functions.h
-- Installing: /home/eierobot/ROS/teleop_ws/src/teleop_robot_bridge/install/teleop_robot_bridge/include/teleop_robot_bridge/teleop_robot_bridge/msg/detail/agv_vda5050_state__functions.h
-- Installing: /home/eierobot/ROS/teleop_ws/src/teleop_robot_bridge/install/teleop_robot_bridge/include/teleop_robot_bridge/teleop_robot_bridge/msg/detail/arm_motion_ctrl__type_support.h
-- Installing: /home/eierobot/ROS/teleop_ws/src/teleop_robot_bridge/install/teleop_robot_bridge/include/teleop_robot_bridge/teleop_robot_bridge/msg/detail/waist_joint_status__type_support.h
-- Installing: /home/eierobot/ROS/teleop_ws/src/teleop_robot_bridge/install/teleop_robot_bridge/include/teleop_robot_bridge/teleop_robot_bridge/msg/detail/head_joint_command__type_support.c
-- Installing: /home/eierobot/ROS/teleop_ws/src/teleop_robot_bridge/install/teleop_robot_bridge/include/teleop_robot_bridge/teleop_robot_bridge/msg/detail/arm_joint_command__functions.h
-- Installing: /home/eierobot/ROS/teleop_ws/src/teleop_robot_bridge/install/teleop_robot_bridge/include/teleop_robot_bridge/teleop_robot_bridge/msg/detail/hand_tactile__description.c
-- Installing: /home/eierobot/ROS/teleop_ws/src/teleop_robot_bridge/install/teleop_robot_bridge/include/teleop_robot_bridge/teleop_robot_bridge/msg/detail/waist_joint_command__functions.h
-- Installing: /home/eierobot/ROS/teleop_ws/src/teleop_robot_bridge/install/teleop_robot_bridge/include/teleop_robot_bridge/teleop_robot_bridge/msg/detail/agv_joint_feedback__type_support.c
-- Installing: /home/eierobot/ROS/teleop_ws/src/teleop_robot_bridge/install/teleop_robot_bridge/include/teleop_robot_bridge/teleop_robot_bridge/msg/detail/waist_joint_feedback__type_support.h
-- Installing: /home/eierobot/ROS/teleop_ws/src/teleop_robot_bridge/install/teleop_robot_bridge/include/teleop_robot_bridge/teleop_robot_bridge/msg/detail/arm_joint_status__struct.h
-- Installing: /home/eierobot/ROS/teleop_ws/src/teleop_robot_bridge/install/teleop_robot_bridge/include/teleop_robot_bridge/teleop_robot_bridge/msg/detail/agv_battery_state__struct.h
-- Installing: /home/eierobot/ROS/teleop_ws/src/teleop_robot_bridge/install/teleop_robot_bridge/include/teleop_robot_bridge/teleop_robot_bridge/msg/detail/single_gripper_status__functions.c
-- Installing: /home/eierobot/ROS/teleop_ws/src/teleop_robot_bridge/install/teleop_robot_bridge/include/teleop_robot_bridge/teleop_robot_bridge/msg/detail/waist_motion_ctrl__struct.h
-- Installing: /home/eierobot/ROS/teleop_ws/src/teleop_robot_bridge/install/teleop_robot_bridge/include/teleop_robot_bridge/teleop_robot_bridge/msg/detail/head_joint_feedback__description.c
-- Installing: /home/eierobot/ROS/teleop_ws/src/teleop_robot_bridge/install/teleop_robot_bridge/include/teleop_robot_bridge/teleop_robot_bridge/msg/detail/agv_imu__functions.h
-- Installing: /home/eierobot/ROS/teleop_ws/src/teleop_robot_bridge/install/teleop_robot_bridge/include/teleop_robot_bridge/teleop_robot_bridge/msg/detail/head_joint_feedback__functions.h
-- Installing: /home/eierobot/ROS/teleop_ws/src/teleop_robot_bridge/install/teleop_robot_bridge/include/teleop_robot_bridge/teleop_robot_bridge/msg/detail/waist_motion_ctrl__type_support.c
-- Installing: /home/eierobot/ROS/teleop_ws/src/teleop_robot_bridge/install/teleop_robot_bridge/include/teleop_robot_bridge/teleop_robot_bridge/msg/detail/waist_motion_ctrl__type_support.h
-- Installing: /home/eierobot/ROS/teleop_ws/src/teleop_robot_bridge/install/teleop_robot_bridge/include/teleop_robot_bridge/teleop_robot_bridge/msg/detail/arm_joint_status__functions.c
-- Installing: /home/eierobot/ROS/teleop_ws/src/teleop_robot_bridge/install/teleop_robot_bridge/include/teleop_robot_bridge/teleop_robot_bridge/msg/detail/hand_tactile__type_support.h
-- Installing: /home/eierobot/ROS/teleop_ws/src/teleop_robot_bridge/install/teleop_robot_bridge/include/teleop_robot_bridge/teleop_robot_bridge/msg/detail/arm_motion_ctrl__functions.h
-- Installing: /home/eierobot/ROS/teleop_ws/src/teleop_robot_bridge/install/teleop_robot_bridge/include/teleop_robot_bridge/teleop_robot_bridge/msg/detail/arm_joint_status__description.c
-- Installing: /home/eierobot/ROS/teleop_ws/src/teleop_robot_bridge/install/teleop_robot_bridge/include/teleop_robot_bridge/teleop_robot_bridge/msg/detail/gripper_tactile__type_support.h
-- Installing: /home/eierobot/ROS/teleop_ws/src/teleop_robot_bridge/install/teleop_robot_bridge/include/teleop_robot_bridge/teleop_robot_bridge/msg/detail/gripper_tactile__functions.c
-- Installing: /home/eierobot/ROS/teleop_ws/src/teleop_robot_bridge/install/teleop_robot_bridge/include/teleop_robot_bridge/teleop_robot_bridge/msg/detail/single_gripper_status__struct.h
-- Installing: /home/eierobot/ROS/teleop_ws/src/teleop_robot_bridge/install/teleop_robot_bridge/include/teleop_robot_bridge/teleop_robot_bridge/msg/detail/joint_status__description.c
-- Installing: /home/eierobot/ROS/teleop_ws/src/teleop_robot_bridge/install/teleop_robot_bridge/include/teleop_robot_bridge/teleop_robot_bridge/msg/detail/head_motion_ctrl__struct.h
-- Installing: /home/eierobot/ROS/teleop_ws/src/teleop_robot_bridge/install/teleop_robot_bridge/include/teleop_robot_bridge/teleop_robot_bridge/msg/waist_tcp_command.h
-- Installing: /home/eierobot/ROS/teleop_ws/src/teleop_robot_bridge/install/teleop_robot_bridge/include/teleop_robot_bridge/teleop_robot_bridge/msg/head_joint_command.h
-- Installing: /home/eierobot/ROS/teleop_ws/src/teleop_robot_bridge/install/teleop_robot_bridge/include/teleop_robot_bridge/teleop_robot_bridge/msg/agv_joint_status.h
-- Installing: /home/eierobot/ROS/teleop_ws/src/teleop_robot_bridge/install/teleop_robot_bridge/include/teleop_robot_bridge/teleop_robot_bridge/msg/agv_joint_feedback.h
-- Installing: /home/eierobot/ROS/teleop_ws/src/teleop_robot_bridge/install/teleop_robot_bridge/share/teleop_robot_bridge/environment/library_path.sh
-- Installing: /home/eierobot/ROS/teleop_ws/src/teleop_robot_bridge/install/teleop_robot_bridge/share/teleop_robot_bridge/environment/library_path.dsv
-- Installing: /home/eierobot/ROS/teleop_ws/src/teleop_robot_bridge/install/teleop_robot_bridge/lib/libteleop_robot_bridge__rosidl_generator_c.so
-- Set non-toolchain portion of runtime path of "/home/eierobot/ROS/teleop_ws/src/teleop_robot_bridge/install/teleop_robot_bridge/lib/libteleop_robot_bridge__rosidl_generator_c.so" to ""
-- Up-to-date: /home/eierobot/ROS/teleop_ws/src/teleop_robot_bridge/install/teleop_robot_bridge/include/teleop_robot_bridge/teleop_robot_bridge
-- Up-to-date: /home/eierobot/ROS/teleop_ws/src/teleop_robot_bridge/install/teleop_robot_bridge/include/teleop_robot_bridge/teleop_robot_bridge/msg
-- Installing: /home/eierobot/ROS/teleop_ws/src/teleop_robot_bridge/install/teleop_robot_bridge/include/teleop_robot_bridge/teleop_robot_bridge/msg/rosidl_typesupport_fastrtps_c__visibility_control.h
-- Up-to-date: /home/eierobot/ROS/teleop_ws/src/teleop_robot_bridge/install/teleop_robot_bridge/include/teleop_robot_bridge/teleop_robot_bridge/msg/detail
-- Installing: /home/eierobot/ROS/teleop_ws/src/teleop_robot_bridge/install/teleop_robot_bridge/include/teleop_robot_bridge/teleop_robot_bridge/msg/detail/single_gripper_move__rosidl_typesupport_fastrtps_c.h
-- Installing: /home/eierobot/ROS/teleop_ws/src/teleop_robot_bridge/install/teleop_robot_bridge/include/teleop_robot_bridge/teleop_robot_bridge/msg/detail/arm_joint_status__rosidl_typesupport_fastrtps_c.h
-- Installing: /home/eierobot/ROS/teleop_ws/src/teleop_robot_bridge/install/teleop_robot_bridge/include/teleop_robot_bridge/teleop_robot_bridge/msg/detail/agv_joint_status__rosidl_typesupport_fastrtps_c.h
-- Installing: /home/eierobot/ROS/teleop_ws/src/teleop_robot_bridge/install/teleop_robot_bridge/include/teleop_robot_bridge/teleop_robot_bridge/msg/detail/gripper_move__rosidl_typesupport_fastrtps_c.h
-- Installing: /home/eierobot/ROS/teleop_ws/src/teleop_robot_bridge/install/teleop_robot_bridge/include/teleop_robot_bridge/teleop_robot_bridge/msg/detail/joint_status__rosidl_typesupport_fastrtps_c.h
-- Installing: /home/eierobot/ROS/teleop_ws/src/teleop_robot_bridge/install/teleop_robot_bridge/include/teleop_robot_bridge/teleop_robot_bridge/msg/detail/arm_joint_command__rosidl_typesupport_fastrtps_c.h
-- Installing: /home/eierobot/ROS/teleop_ws/src/teleop_robot_bridge/install/teleop_robot_bridge/include/teleop_robot_bridge/teleop_robot_bridge/msg/detail/arm_joint_feedback__rosidl_typesupport_fastrtps_c.h
-- Installing: /home/eierobot/ROS/teleop_ws/src/teleop_robot_bridge/install/teleop_robot_bridge/include/teleop_robot_bridge/teleop_robot_bridge/msg/detail/gripper_status__rosidl_typesupport_fastrtps_c.h
-- Installing: /home/eierobot/ROS/teleop_ws/src/teleop_robot_bridge/install/teleop_robot_bridge/include/teleop_robot_bridge/teleop_robot_bridge/msg/detail/agv_motion_ctrl__rosidl_typesupport_fastrtps_c.h
-- Installing: /home/eierobot/ROS/teleop_ws/src/teleop_robot_bridge/install/teleop_robot_bridge/include/teleop_robot_bridge/teleop_robot_bridge/msg/detail/joy_state__rosidl_typesupport_fastrtps_c.h
-- Installing: /home/eierobot/ROS/teleop_ws/src/teleop_robot_bridge/install/teleop_robot_bridge/include/teleop_robot_bridge/teleop_robot_bridge/msg/detail/arm_motion_ctrl__rosidl_typesupport_fastrtps_c.h
-- Installing: /home/eierobot/ROS/teleop_ws/src/teleop_robot_bridge/install/teleop_robot_bridge/include/teleop_robot_bridge/teleop_robot_bridge/msg/detail/waist_tcp_command__rosidl_typesupport_fastrtps_c.h
-- Installing: /home/eierobot/ROS/teleop_ws/src/teleop_robot_bridge/install/teleop_robot_bridge/include/teleop_robot_bridge/teleop_robot_bridge/msg/detail/waist_joint_status__rosidl_typesupport_fastrtps_c.h
-- Installing: /home/eierobot/ROS/teleop_ws/src/teleop_robot_bridge/install/teleop_robot_bridge/include/teleop_robot_bridge/teleop_robot_bridge/msg/detail/waist_motion_ctrl__rosidl_typesupport_fastrtps_c.h
-- Installing: /home/eierobot/ROS/teleop_ws/src/teleop_robot_bridge/install/teleop_robot_bridge/include/teleop_robot_bridge/teleop_robot_bridge/msg/detail/head_joint_command__rosidl_typesupport_fastrtps_c.h
-- Installing: /home/eierobot/ROS/teleop_ws/src/teleop_robot_bridge/install/teleop_robot_bridge/include/teleop_robot_bridge/teleop_robot_bridge/msg/detail/ee_tcp_command__rosidl_typesupport_fastrtps_c.h
-- Installing: /home/eierobot/ROS/teleop_ws/src/teleop_robot_bridge/install/teleop_robot_bridge/include/teleop_robot_bridge/teleop_robot_bridge/msg/detail/agv_battery_state__rosidl_typesupport_fastrtps_c.h
-- Installing: /home/eierobot/ROS/teleop_ws/src/teleop_robot_bridge/install/teleop_robot_bridge/include/teleop_robot_bridge/teleop_robot_bridge/msg/detail/agv_vda5050_state__rosidl_typesupport_fastrtps_c.h
-- Installing: /home/eierobot/ROS/teleop_ws/src/teleop_robot_bridge/install/teleop_robot_bridge/include/teleop_robot_bridge/teleop_robot_bridge/msg/detail/agv_device_state__rosidl_typesupport_fastrtps_c.h
-- Installing: /home/eierobot/ROS/teleop_ws/src/teleop_robot_bridge/install/teleop_robot_bridge/include/teleop_robot_bridge/teleop_robot_bridge/msg/detail/agv_ultrasonic__rosidl_typesupport_fastrtps_c.h
-- Installing: /home/eierobot/ROS/teleop_ws/src/teleop_robot_bridge/install/teleop_robot_bridge/include/teleop_robot_bridge/teleop_robot_bridge/msg/detail/gripper_device_state__rosidl_typesupport_fastrtps_c.h
-- Installing: /home/eierobot/ROS/teleop_ws/src/teleop_robot_bridge/install/teleop_robot_bridge/include/teleop_robot_bridge/teleop_robot_bridge/msg/detail/agv_imu__rosidl_typesupport_fastrtps_c.h
-- Installing: /home/eierobot/ROS/teleop_ws/src/teleop_robot_bridge/install/teleop_robot_bridge/include/teleop_robot_bridge/teleop_robot_bridge/msg/detail/head_joint_feedback__rosidl_typesupport_fastrtps_c.h
-- Installing: /home/eierobot/ROS/teleop_ws/src/teleop_robot_bridge/install/teleop_robot_bridge/include/teleop_robot_bridge/teleop_robot_bridge/msg/detail/agv_vel__rosidl_typesupport_fastrtps_c.h
-- Installing: /home/eierobot/ROS/teleop_ws/src/teleop_robot_bridge/install/teleop_robot_bridge/include/teleop_robot_bridge/teleop_robot_bridge/msg/detail/agv_joint_feedback__rosidl_typesupport_fastrtps_c.h
-- Installing: /home/eierobot/ROS/teleop_ws/src/teleop_robot_bridge/install/teleop_robot_bridge/include/teleop_robot_bridge/teleop_robot_bridge/msg/detail/single_device_state__rosidl_typesupport_fastrtps_c.h
-- Installing: /home/eierobot/ROS/teleop_ws/src/teleop_robot_bridge/install/teleop_robot_bridge/include/teleop_robot_bridge/teleop_robot_bridge/msg/detail/hand_tactile__rosidl_typesupport_fastrtps_c.h
-- Installing: /home/eierobot/ROS/teleop_ws/src/teleop_robot_bridge/install/teleop_robot_bridge/include/teleop_robot_bridge/teleop_robot_bridge/msg/detail/waist_joint_feedback__rosidl_typesupport_fastrtps_c.h
-- Installing: /home/eierobot/ROS/teleop_ws/src/teleop_robot_bridge/install/teleop_robot_bridge/include/teleop_robot_bridge/teleop_robot_bridge/msg/detail/single_gripper_status__rosidl_typesupport_fastrtps_c.h
-- Installing: /home/eierobot/ROS/teleop_ws/src/teleop_robot_bridge/install/teleop_robot_bridge/include/teleop_robot_bridge/teleop_robot_bridge/msg/detail/agv_cmd_vel__rosidl_typesupport_fastrtps_c.h
-- Installing: /home/eierobot/ROS/teleop_ws/src/teleop_robot_bridge/install/teleop_robot_bridge/include/teleop_robot_bridge/teleop_robot_bridge/msg/detail/gripper_tactile__rosidl_typesupport_fastrtps_c.h
-- Installing: /home/eierobot/ROS/teleop_ws/src/teleop_robot_bridge/install/teleop_robot_bridge/include/teleop_robot_bridge/teleop_robot_bridge/msg/detail/head_joint_status__rosidl_typesupport_fastrtps_c.h
-- Installing: /home/eierobot/ROS/teleop_ws/src/teleop_robot_bridge/install/teleop_robot_bridge/include/teleop_robot_bridge/teleop_robot_bridge/msg/detail/upper_body_device_state__rosidl_typesupport_fastrtps_c.h
-- Installing: /home/eierobot/ROS/teleop_ws/src/teleop_robot_bridge/install/teleop_robot_bridge/include/teleop_robot_bridge/teleop_robot_bridge/msg/detail/temperature__rosidl_typesupport_fastrtps_c.h
-- Installing: /home/eierobot/ROS/teleop_ws/src/teleop_robot_bridge/install/teleop_robot_bridge/include/teleop_robot_bridge/teleop_robot_bridge/msg/detail/head_motion_ctrl__rosidl_typesupport_fastrtps_c.h
-- Installing: /home/eierobot/ROS/teleop_ws/src/teleop_robot_bridge/install/teleop_robot_bridge/include/teleop_robot_bridge/teleop_robot_bridge/msg/detail/waist_joint_command__rosidl_typesupport_fastrtps_c.h
-- Installing: /home/eierobot/ROS/teleop_ws/src/teleop_robot_bridge/install/teleop_robot_bridge/lib/libteleop_robot_bridge__rosidl_typesupport_fastrtps_c.so
-- Set non-toolchain portion of runtime path of "/home/eierobot/ROS/teleop_ws/src/teleop_robot_bridge/install/teleop_robot_bridge/lib/libteleop_robot_bridge__rosidl_typesupport_fastrtps_c.so" to ""
-- Up-to-date: /home/eierobot/ROS/teleop_ws/src/teleop_robot_bridge/install/teleop_robot_bridge/include/teleop_robot_bridge/teleop_robot_bridge
-- Up-to-date: /home/eierobot/ROS/teleop_ws/src/teleop_robot_bridge/install/teleop_robot_bridge/include/teleop_robot_bridge/teleop_robot_bridge/msg
-- Installing: /home/eierobot/ROS/teleop_ws/src/teleop_robot_bridge/install/teleop_robot_bridge/include/teleop_robot_bridge/teleop_robot_bridge/msg/rosidl_typesupport_introspection_c__visibility_control.h
-- Up-to-date: /home/eierobot/ROS/teleop_ws/src/teleop_robot_bridge/install/teleop_robot_bridge/include/teleop_robot_bridge/teleop_robot_bridge/msg/detail
-- Installing: /home/eierobot/ROS/teleop_ws/src/teleop_robot_bridge/install/teleop_robot_bridge/include/teleop_robot_bridge/teleop_robot_bridge/msg/detail/upper_body_device_state__rosidl_typesupport_introspection_c.h
-- Installing: /home/eierobot/ROS/teleop_ws/src/teleop_robot_bridge/install/teleop_robot_bridge/include/teleop_robot_bridge/teleop_robot_bridge/msg/detail/waist_motion_ctrl__rosidl_typesupport_introspection_c.h
-- Installing: /home/eierobot/ROS/teleop_ws/src/teleop_robot_bridge/install/teleop_robot_bridge/include/teleop_robot_bridge/teleop_robot_bridge/msg/detail/single_gripper_move__rosidl_typesupport_introspection_c.h
-- Installing: /home/eierobot/ROS/teleop_ws/src/teleop_robot_bridge/install/teleop_robot_bridge/include/teleop_robot_bridge/teleop_robot_bridge/msg/detail/head_joint_feedback__rosidl_typesupport_introspection_c.h
-- Installing: /home/eierobot/ROS/teleop_ws/src/teleop_robot_bridge/install/teleop_robot_bridge/include/teleop_robot_bridge/teleop_robot_bridge/msg/detail/head_joint_command__rosidl_typesupport_introspection_c.h
-- Installing: /home/eierobot/ROS/teleop_ws/src/teleop_robot_bridge/install/teleop_robot_bridge/include/teleop_robot_bridge/teleop_robot_bridge/msg/detail/agv_battery_state__type_support.c
-- Installing: /home/eierobot/ROS/teleop_ws/src/teleop_robot_bridge/install/teleop_robot_bridge/include/teleop_robot_bridge/teleop_robot_bridge/msg/detail/hand_tactile__type_support.c
-- Installing: /home/eierobot/ROS/teleop_ws/src/teleop_robot_bridge/install/teleop_robot_bridge/include/teleop_robot_bridge/teleop_robot_bridge/msg/detail/waist_tcp_command__type_support.c
-- Installing: /home/eierobot/ROS/teleop_ws/src/teleop_robot_bridge/install/teleop_robot_bridge/include/teleop_robot_bridge/teleop_robot_bridge/msg/detail/waist_joint_command__type_support.c
-- Installing: /home/eierobot/ROS/teleop_ws/src/teleop_robot_bridge/install/teleop_robot_bridge/include/teleop_robot_bridge/teleop_robot_bridge/msg/detail/arm_joint_command__rosidl_typesupport_introspection_c.h
-- Installing: /home/eierobot/ROS/teleop_ws/src/teleop_robot_bridge/install/teleop_robot_bridge/include/teleop_robot_bridge/teleop_robot_bridge/msg/detail/agv_joint_status__type_support.c
-- Installing: /home/eierobot/ROS/teleop_ws/src/teleop_robot_bridge/install/teleop_robot_bridge/include/teleop_robot_bridge/teleop_robot_bridge/msg/detail/single_device_state__rosidl_typesupport_introspection_c.h
-- Installing: /home/eierobot/ROS/teleop_ws/src/teleop_robot_bridge/install/teleop_robot_bridge/include/teleop_robot_bridge/teleop_robot_bridge/msg/detail/joy_state__rosidl_typesupport_introspection_c.h
-- Installing: /home/eierobot/ROS/teleop_ws/src/teleop_robot_bridge/install/teleop_robot_bridge/include/teleop_robot_bridge/teleop_robot_bridge/msg/detail/arm_motion_ctrl__type_support.c
-- Installing: /home/eierobot/ROS/teleop_ws/src/teleop_robot_bridge/install/teleop_robot_bridge/include/teleop_robot_bridge/teleop_robot_bridge/msg/detail/agv_vel__rosidl_typesupport_introspection_c.h
-- Installing: /home/eierobot/ROS/teleop_ws/src/teleop_robot_bridge/install/teleop_robot_bridge/include/teleop_robot_bridge/teleop_robot_bridge/msg/detail/arm_joint_status__rosidl_typesupport_introspection_c.h
-- Installing: /home/eierobot/ROS/teleop_ws/src/teleop_robot_bridge/install/teleop_robot_bridge/include/teleop_robot_bridge/teleop_robot_bridge/msg/detail/agv_cmd_vel__type_support.c
-- Installing: /home/eierobot/ROS/teleop_ws/src/teleop_robot_bridge/install/teleop_robot_bridge/include/teleop_robot_bridge/teleop_robot_bridge/msg/detail/agv_vda5050_state__type_support.c
-- Installing: /home/eierobot/ROS/teleop_ws/src/teleop_robot_bridge/install/teleop_robot_bridge/include/teleop_robot_bridge/teleop_robot_bridge/msg/detail/head_joint_status__rosidl_typesupport_introspection_c.h
-- Installing: /home/eierobot/ROS/teleop_ws/src/teleop_robot_bridge/install/teleop_robot_bridge/include/teleop_robot_bridge/teleop_robot_bridge/msg/detail/gripper_tactile__rosidl_typesupport_introspection_c.h
-- Installing: /home/eierobot/ROS/teleop_ws/src/teleop_robot_bridge/install/teleop_robot_bridge/include/teleop_robot_bridge/teleop_robot_bridge/msg/detail/agv_joint_feedback__rosidl_typesupport_introspection_c.h
-- Installing: /home/eierobot/ROS/teleop_ws/src/teleop_robot_bridge/install/teleop_robot_bridge/include/teleop_robot_bridge/teleop_robot_bridge/msg/detail/gripper_status__rosidl_typesupport_introspection_c.h
-- Installing: /home/eierobot/ROS/teleop_ws/src/teleop_robot_bridge/install/teleop_robot_bridge/include/teleop_robot_bridge/teleop_robot_bridge/msg/detail/single_gripper_status__rosidl_typesupport_introspection_c.h
-- Installing: /home/eierobot/ROS/teleop_ws/src/teleop_robot_bridge/install/teleop_robot_bridge/include/teleop_robot_bridge/teleop_robot_bridge/msg/detail/head_joint_status__type_support.c
-- Installing: /home/eierobot/ROS/teleop_ws/src/teleop_robot_bridge/install/teleop_robot_bridge/include/teleop_robot_bridge/teleop_robot_bridge/msg/detail/head_motion_ctrl__type_support.c
-- Installing: /home/eierobot/ROS/teleop_ws/src/teleop_robot_bridge/install/teleop_robot_bridge/include/teleop_robot_bridge/teleop_robot_bridge/msg/detail/arm_joint_feedback__rosidl_typesupport_introspection_c.h
-- Installing: /home/eierobot/ROS/teleop_ws/src/teleop_robot_bridge/install/teleop_robot_bridge/include/teleop_robot_bridge/teleop_robot_bridge/msg/detail/waist_joint_feedback__rosidl_typesupport_introspection_c.h
-- Installing: /home/eierobot/ROS/teleop_ws/src/teleop_robot_bridge/install/teleop_robot_bridge/include/teleop_robot_bridge/teleop_robot_bridge/msg/detail/agv_motion_ctrl__type_support.c
-- Installing: /home/eierobot/ROS/teleop_ws/src/teleop_robot_bridge/install/teleop_robot_bridge/include/teleop_robot_bridge/teleop_robot_bridge/msg/detail/gripper_status__type_support.c
-- Installing: /home/eierobot/ROS/teleop_ws/src/teleop_robot_bridge/install/teleop_robot_bridge/include/teleop_robot_bridge/teleop_robot_bridge/msg/detail/ee_tcp_command__rosidl_typesupport_introspection_c.h
-- Installing: /home/eierobot/ROS/teleop_ws/src/teleop_robot_bridge/install/teleop_robot_bridge/include/teleop_robot_bridge/teleop_robot_bridge/msg/detail/agv_cmd_vel__rosidl_typesupport_introspection_c.h
-- Installing: /home/eierobot/ROS/teleop_ws/src/teleop_robot_bridge/install/teleop_robot_bridge/include/teleop_robot_bridge/teleop_robot_bridge/msg/detail/waist_joint_command__rosidl_typesupport_introspection_c.h
-- Installing: /home/eierobot/ROS/teleop_ws/src/teleop_robot_bridge/install/teleop_robot_bridge/include/teleop_robot_bridge/teleop_robot_bridge/msg/detail/temperature__type_support.c
-- Installing: /home/eierobot/ROS/teleop_ws/src/teleop_robot_bridge/install/teleop_robot_bridge/include/teleop_robot_bridge/teleop_robot_bridge/msg/detail/single_gripper_status__type_support.c
-- Installing: /home/eierobot/ROS/teleop_ws/src/teleop_robot_bridge/install/teleop_robot_bridge/include/teleop_robot_bridge/teleop_robot_bridge/msg/detail/joy_state__type_support.c
-- Installing: /home/eierobot/ROS/teleop_ws/src/teleop_robot_bridge/install/teleop_robot_bridge/include/teleop_robot_bridge/teleop_robot_bridge/msg/detail/arm_joint_status__type_support.c
-- Installing: /home/eierobot/ROS/teleop_ws/src/teleop_robot_bridge/install/teleop_robot_bridge/include/teleop_robot_bridge/teleop_robot_bridge/msg/detail/gripper_move__type_support.c
-- Installing: /home/eierobot/ROS/teleop_ws/src/teleop_robot_bridge/install/teleop_robot_bridge/include/teleop_robot_bridge/teleop_robot_bridge/msg/detail/waist_joint_status__rosidl_typesupport_introspection_c.h
-- Installing: /home/eierobot/ROS/teleop_ws/src/teleop_robot_bridge/install/teleop_robot_bridge/include/teleop_robot_bridge/teleop_robot_bridge/msg/detail/agv_vda5050_state__rosidl_typesupport_introspection_c.h
-- Installing: /home/eierobot/ROS/teleop_ws/src/teleop_robot_bridge/install/teleop_robot_bridge/include/teleop_robot_bridge/teleop_robot_bridge/msg/detail/ee_tcp_command__type_support.c
-- Installing: /home/eierobot/ROS/teleop_ws/src/teleop_robot_bridge/install/teleop_robot_bridge/include/teleop_robot_bridge/teleop_robot_bridge/msg/detail/agv_device_state__type_support.c
-- Installing: /home/eierobot/ROS/teleop_ws/src/teleop_robot_bridge/install/teleop_robot_bridge/include/teleop_robot_bridge/teleop_robot_bridge/msg/detail/waist_tcp_command__rosidl_typesupport_introspection_c.h
-- Installing: /home/eierobot/ROS/teleop_ws/src/teleop_robot_bridge/install/teleop_robot_bridge/include/teleop_robot_bridge/teleop_robot_bridge/msg/detail/arm_joint_feedback__type_support.c
-- Installing: /home/eierobot/ROS/teleop_ws/src/teleop_robot_bridge/install/teleop_robot_bridge/include/teleop_robot_bridge/teleop_robot_bridge/msg/detail/hand_tactile__rosidl_typesupport_introspection_c.h
-- Installing: /home/eierobot/ROS/teleop_ws/src/teleop_robot_bridge/install/teleop_robot_bridge/include/teleop_robot_bridge/teleop_robot_bridge/msg/detail/arm_motion_ctrl__rosidl_typesupport_introspection_c.h
-- Installing: /home/eierobot/ROS/teleop_ws/src/teleop_robot_bridge/install/teleop_robot_bridge/include/teleop_robot_bridge/teleop_robot_bridge/msg/detail/agv_joint_status__rosidl_typesupport_introspection_c.h
-- Installing: /home/eierobot/ROS/teleop_ws/src/teleop_robot_bridge/install/teleop_robot_bridge/include/teleop_robot_bridge/teleop_robot_bridge/msg/detail/agv_imu__type_support.c
-- Installing: /home/eierobot/ROS/teleop_ws/src/teleop_robot_bridge/install/teleop_robot_bridge/include/teleop_robot_bridge/teleop_robot_bridge/msg/detail/single_gripper_move__type_support.c
-- Installing: /home/eierobot/ROS/teleop_ws/src/teleop_robot_bridge/install/teleop_robot_bridge/include/teleop_robot_bridge/teleop_robot_bridge/msg/detail/upper_body_device_state__type_support.c
-- Installing: /home/eierobot/ROS/teleop_ws/src/teleop_robot_bridge/install/teleop_robot_bridge/include/teleop_robot_bridge/teleop_robot_bridge/msg/detail/joint_status__type_support.c
-- Installing: /home/eierobot/ROS/teleop_ws/src/teleop_robot_bridge/install/teleop_robot_bridge/include/teleop_robot_bridge/teleop_robot_bridge/msg/detail/gripper_tactile__type_support.c
-- Installing: /home/eierobot/ROS/teleop_ws/src/teleop_robot_bridge/install/teleop_robot_bridge/include/teleop_robot_bridge/teleop_robot_bridge/msg/detail/single_device_state__type_support.c
-- Installing: /home/eierobot/ROS/teleop_ws/src/teleop_robot_bridge/install/teleop_robot_bridge/include/teleop_robot_bridge/teleop_robot_bridge/msg/detail/head_motion_ctrl__rosidl_typesupport_introspection_c.h
-- Installing: /home/eierobot/ROS/teleop_ws/src/teleop_robot_bridge/install/teleop_robot_bridge/include/teleop_robot_bridge/teleop_robot_bridge/msg/detail/agv_battery_state__rosidl_typesupport_introspection_c.h
-- Installing: /home/eierobot/ROS/teleop_ws/src/teleop_robot_bridge/install/teleop_robot_bridge/include/teleop_robot_bridge/teleop_robot_bridge/msg/detail/gripper_device_state__type_support.c
-- Installing: /home/eierobot/ROS/teleop_ws/src/teleop_robot_bridge/install/teleop_robot_bridge/include/teleop_robot_bridge/teleop_robot_bridge/msg/detail/agv_vel__type_support.c
-- Installing: /home/eierobot/ROS/teleop_ws/src/teleop_robot_bridge/install/teleop_robot_bridge/include/teleop_robot_bridge/teleop_robot_bridge/msg/detail/arm_joint_command__type_support.c
-- Installing: /home/eierobot/ROS/teleop_ws/src/teleop_robot_bridge/install/teleop_robot_bridge/include/teleop_robot_bridge/teleop_robot_bridge/msg/detail/gripper_device_state__rosidl_typesupport_introspection_c.h
-- Installing: /home/eierobot/ROS/teleop_ws/src/teleop_robot_bridge/install/teleop_robot_bridge/include/teleop_robot_bridge/teleop_robot_bridge/msg/detail/joint_status__rosidl_typesupport_introspection_c.h
-- Installing: /home/eierobot/ROS/teleop_ws/src/teleop_robot_bridge/install/teleop_robot_bridge/include/teleop_robot_bridge/teleop_robot_bridge/msg/detail/agv_device_state__rosidl_typesupport_introspection_c.h
-- Installing: /home/eierobot/ROS/teleop_ws/src/teleop_robot_bridge/install/teleop_robot_bridge/include/teleop_robot_bridge/teleop_robot_bridge/msg/detail/temperature__rosidl_typesupport_introspection_c.h
-- Installing: /home/eierobot/ROS/teleop_ws/src/teleop_robot_bridge/install/teleop_robot_bridge/include/teleop_robot_bridge/teleop_robot_bridge/msg/detail/agv_imu__rosidl_typesupport_introspection_c.h
-- Installing: /home/eierobot/ROS/teleop_ws/src/teleop_robot_bridge/install/teleop_robot_bridge/include/teleop_robot_bridge/teleop_robot_bridge/msg/detail/agv_ultrasonic__type_support.c
-- Installing: /home/eierobot/ROS/teleop_ws/src/teleop_robot_bridge/install/teleop_robot_bridge/include/teleop_robot_bridge/teleop_robot_bridge/msg/detail/head_joint_feedback__type_support.c
-- Installing: /home/eierobot/ROS/teleop_ws/src/teleop_robot_bridge/install/teleop_robot_bridge/include/teleop_robot_bridge/teleop_robot_bridge/msg/detail/waist_joint_status__type_support.c
-- Installing: /home/eierobot/ROS/teleop_ws/src/teleop_robot_bridge/install/teleop_robot_bridge/include/teleop_robot_bridge/teleop_robot_bridge/msg/detail/waist_joint_feedback__type_support.c
-- Installing: /home/eierobot/ROS/teleop_ws/src/teleop_robot_bridge/install/teleop_robot_bridge/include/teleop_robot_bridge/teleop_robot_bridge/msg/detail/agv_ultrasonic__rosidl_typesupport_introspection_c.h
-- Installing: /home/eierobot/ROS/teleop_ws/src/teleop_robot_bridge/install/teleop_robot_bridge/include/teleop_robot_bridge/teleop_robot_bridge/msg/detail/head_joint_command__type_support.c
-- Installing: /home/eierobot/ROS/teleop_ws/src/teleop_robot_bridge/install/teleop_robot_bridge/include/teleop_robot_bridge/teleop_robot_bridge/msg/detail/agv_joint_feedback__type_support.c
-- Installing: /home/eierobot/ROS/teleop_ws/src/teleop_robot_bridge/install/teleop_robot_bridge/include/teleop_robot_bridge/teleop_robot_bridge/msg/detail/gripper_move__rosidl_typesupport_introspection_c.h
-- Installing: /home/eierobot/ROS/teleop_ws/src/teleop_robot_bridge/install/teleop_robot_bridge/include/teleop_robot_bridge/teleop_robot_bridge/msg/detail/waist_motion_ctrl__type_support.c
-- Installing: /home/eierobot/ROS/teleop_ws/src/teleop_robot_bridge/install/teleop_robot_bridge/include/teleop_robot_bridge/teleop_robot_bridge/msg/detail/agv_motion_ctrl__rosidl_typesupport_introspection_c.h
-- Installing: /home/eierobot/ROS/teleop_ws/src/teleop_robot_bridge/install/teleop_robot_bridge/lib/libteleop_robot_bridge__rosidl_typesupport_introspection_c.so
-- Set non-toolchain portion of runtime path of "/home/eierobot/ROS/teleop_ws/src/teleop_robot_bridge/install/teleop_robot_bridge/lib/libteleop_robot_bridge__rosidl_typesupport_introspection_c.so" to ""
-- Installing: /home/eierobot/ROS/teleop_ws/src/teleop_robot_bridge/install/teleop_robot_bridge/lib/libteleop_robot_bridge__rosidl_typesupport_c.so
-- Set non-toolchain portion of runtime path of "/home/eierobot/ROS/teleop_ws/src/teleop_robot_bridge/install/teleop_robot_bridge/lib/libteleop_robot_bridge__rosidl_typesupport_c.so" to ""
-- Up-to-date: /home/eierobot/ROS/teleop_ws/src/teleop_robot_bridge/install/teleop_robot_bridge/include/teleop_robot_bridge/teleop_robot_bridge
-- Up-to-date: /home/eierobot/ROS/teleop_ws/src/teleop_robot_bridge/install/teleop_robot_bridge/include/teleop_robot_bridge/teleop_robot_bridge/msg
-- Installing: /home/eierobot/ROS/teleop_ws/src/teleop_robot_bridge/install/teleop_robot_bridge/include/teleop_robot_bridge/teleop_robot_bridge/msg/gripper_move.hpp
-- Installing: /home/eierobot/ROS/teleop_ws/src/teleop_robot_bridge/install/teleop_robot_bridge/include/teleop_robot_bridge/teleop_robot_bridge/msg/arm_joint_command.hpp
-- Installing: /home/eierobot/ROS/teleop_ws/src/teleop_robot_bridge/install/teleop_robot_bridge/include/teleop_robot_bridge/teleop_robot_bridge/msg/ee_tcp_command.hpp
-- Installing: /home/eierobot/ROS/teleop_ws/src/teleop_robot_bridge/install/teleop_robot_bridge/include/teleop_robot_bridge/teleop_robot_bridge/msg/head_joint_feedback.hpp
-- Installing: /home/eierobot/ROS/teleop_ws/src/teleop_robot_bridge/install/teleop_robot_bridge/include/teleop_robot_bridge/teleop_robot_bridge/msg/arm_joint_status.hpp
-- Installing: /home/eierobot/ROS/teleop_ws/src/teleop_robot_bridge/install/teleop_robot_bridge/include/teleop_robot_bridge/teleop_robot_bridge/msg/agv_vda5050_state.hpp
-- Installing: /home/eierobot/ROS/teleop_ws/src/teleop_robot_bridge/install/teleop_robot_bridge/include/teleop_robot_bridge/teleop_robot_bridge/msg/agv_ultrasonic.hpp
-- Installing: /home/eierobot/ROS/teleop_ws/src/teleop_robot_bridge/install/teleop_robot_bridge/include/teleop_robot_bridge/teleop_robot_bridge/msg/waist_tcp_command.hpp
-- Installing: /home/eierobot/ROS/teleop_ws/src/teleop_robot_bridge/install/teleop_robot_bridge/include/teleop_robot_bridge/teleop_robot_bridge/msg/waist_joint_status.hpp
-- Installing: /home/eierobot/ROS/teleop_ws/src/teleop_robot_bridge/install/teleop_robot_bridge/include/teleop_robot_bridge/teleop_robot_bridge/msg/single_device_state.hpp
-- Installing: /home/eierobot/ROS/teleop_ws/src/teleop_robot_bridge/install/teleop_robot_bridge/include/teleop_robot_bridge/teleop_robot_bridge/msg/upper_body_device_state.hpp
-- Installing: /home/eierobot/ROS/teleop_ws/src/teleop_robot_bridge/install/teleop_robot_bridge/include/teleop_robot_bridge/teleop_robot_bridge/msg/head_joint_status.hpp
-- Installing: /home/eierobot/ROS/teleop_ws/src/teleop_robot_bridge/install/teleop_robot_bridge/include/teleop_robot_bridge/teleop_robot_bridge/msg/agv_vel.hpp
-- Installing: /home/eierobot/ROS/teleop_ws/src/teleop_robot_bridge/install/teleop_robot_bridge/include/teleop_robot_bridge/teleop_robot_bridge/msg/waist_motion_ctrl.hpp
-- Installing: /home/eierobot/ROS/teleop_ws/src/teleop_robot_bridge/install/teleop_robot_bridge/include/teleop_robot_bridge/teleop_robot_bridge/msg/head_motion_ctrl.hpp
-- Installing: /home/eierobot/ROS/teleop_ws/src/teleop_robot_bridge/install/teleop_robot_bridge/include/teleop_robot_bridge/teleop_robot_bridge/msg/gripper_device_state.hpp
-- Installing: /home/eierobot/ROS/teleop_ws/src/teleop_robot_bridge/install/teleop_robot_bridge/include/teleop_robot_bridge/teleop_robot_bridge/msg/single_gripper_move.hpp
-- Installing: /home/eierobot/ROS/teleop_ws/src/teleop_robot_bridge/install/teleop_robot_bridge/include/teleop_robot_bridge/teleop_robot_bridge/msg/agv_cmd_vel.hpp
-- Installing: /home/eierobot/ROS/teleop_ws/src/teleop_robot_bridge/install/teleop_robot_bridge/include/teleop_robot_bridge/teleop_robot_bridge/msg/arm_joint_feedback.hpp
-- Installing: /home/eierobot/ROS/teleop_ws/src/teleop_robot_bridge/install/teleop_robot_bridge/include/teleop_robot_bridge/teleop_robot_bridge/msg/agv_imu.hpp
-- Installing: /home/eierobot/ROS/teleop_ws/src/teleop_robot_bridge/install/teleop_robot_bridge/include/teleop_robot_bridge/teleop_robot_bridge/msg/head_joint_command.hpp
-- Installing: /home/eierobot/ROS/teleop_ws/src/teleop_robot_bridge/install/teleop_robot_bridge/include/teleop_robot_bridge/teleop_robot_bridge/msg/arm_motion_ctrl.hpp
-- Installing: /home/eierobot/ROS/teleop_ws/src/teleop_robot_bridge/install/teleop_robot_bridge/include/teleop_robot_bridge/teleop_robot_bridge/msg/hand_tactile.hpp
-- Installing: /home/eierobot/ROS/teleop_ws/src/teleop_robot_bridge/install/teleop_robot_bridge/include/teleop_robot_bridge/teleop_robot_bridge/msg/joint_status.hpp
-- Installing: /home/eierobot/ROS/teleop_ws/src/teleop_robot_bridge/install/teleop_robot_bridge/include/teleop_robot_bridge/teleop_robot_bridge/msg/gripper_status.hpp
-- Installing: /home/eierobot/ROS/teleop_ws/src/teleop_robot_bridge/install/teleop_robot_bridge/include/teleop_robot_bridge/teleop_robot_bridge/msg/joy_state.hpp
-- Up-to-date: /home/eierobot/ROS/teleop_ws/src/teleop_robot_bridge/install/teleop_robot_bridge/include/teleop_robot_bridge/teleop_robot_bridge/msg/detail
-- Installing: /home/eierobot/ROS/teleop_ws/src/teleop_robot_bridge/install/teleop_robot_bridge/include/teleop_robot_bridge/teleop_robot_bridge/msg/detail/head_joint_command__builder.hpp
-- Installing: /home/eierobot/ROS/teleop_ws/src/teleop_robot_bridge/install/teleop_robot_bridge/include/teleop_robot_bridge/teleop_robot_bridge/msg/detail/agv_joint_status__builder.hpp
-- Installing: /home/eierobot/ROS/teleop_ws/src/teleop_robot_bridge/install/teleop_robot_bridge/include/teleop_robot_bridge/teleop_robot_bridge/msg/detail/hand_tactile__struct.hpp
-- Installing: /home/eierobot/ROS/teleop_ws/src/teleop_robot_bridge/install/teleop_robot_bridge/include/teleop_robot_bridge/teleop_robot_bridge/msg/detail/joint_status__type_support.hpp
-- Installing: /home/eierobot/ROS/teleop_ws/src/teleop_robot_bridge/install/teleop_robot_bridge/include/teleop_robot_bridge/teleop_robot_bridge/msg/detail/arm_joint_feedback__traits.hpp
-- Installing: /home/eierobot/ROS/teleop_ws/src/teleop_robot_bridge/install/teleop_robot_bridge/include/teleop_robot_bridge/teleop_robot_bridge/msg/detail/agv_imu__traits.hpp
-- Installing: /home/eierobot/ROS/teleop_ws/src/teleop_robot_bridge/install/teleop_robot_bridge/include/teleop_robot_bridge/teleop_robot_bridge/msg/detail/agv_battery_state__builder.hpp
-- Installing: /home/eierobot/ROS/teleop_ws/src/teleop_robot_bridge/install/teleop_robot_bridge/include/teleop_robot_bridge/teleop_robot_bridge/msg/detail/agv_joint_status__traits.hpp
-- Installing: /home/eierobot/ROS/teleop_ws/src/teleop_robot_bridge/install/teleop_robot_bridge/include/teleop_robot_bridge/teleop_robot_bridge/msg/detail/joy_state__type_support.hpp
-- Installing: /home/eierobot/ROS/teleop_ws/src/teleop_robot_bridge/install/teleop_robot_bridge/include/teleop_robot_bridge/teleop_robot_bridge/msg/detail/agv_motion_ctrl__builder.hpp
-- Installing: /home/eierobot/ROS/teleop_ws/src/teleop_robot_bridge/install/teleop_robot_bridge/include/teleop_robot_bridge/teleop_robot_bridge/msg/detail/head_joint_feedback__type_support.hpp
-- Installing: /home/eierobot/ROS/teleop_ws/src/teleop_robot_bridge/install/teleop_robot_bridge/include/teleop_robot_bridge/teleop_robot_bridge/msg/detail/gripper_status__builder.hpp
-- Installing: /home/eierobot/ROS/teleop_ws/src/teleop_robot_bridge/install/teleop_robot_bridge/include/teleop_robot_bridge/teleop_robot_bridge/msg/detail/gripper_tactile__struct.hpp
-- Installing: /home/eierobot/ROS/teleop_ws/src/teleop_robot_bridge/install/teleop_robot_bridge/include/teleop_robot_bridge/teleop_robot_bridge/msg/detail/head_motion_ctrl__builder.hpp
-- Installing: /home/eierobot/ROS/teleop_ws/src/teleop_robot_bridge/install/teleop_robot_bridge/include/teleop_robot_bridge/teleop_robot_bridge/msg/detail/head_joint_command__struct.hpp
-- Installing: /home/eierobot/ROS/teleop_ws/src/teleop_robot_bridge/install/teleop_robot_bridge/include/teleop_robot_bridge/teleop_robot_bridge/msg/detail/arm_motion_ctrl__struct.hpp
-- Installing: /home/eierobot/ROS/teleop_ws/src/teleop_robot_bridge/install/teleop_robot_bridge/include/teleop_robot_bridge/teleop_robot_bridge/msg/detail/waist_joint_status__struct.hpp
-- Installing: /home/eierobot/ROS/teleop_ws/src/teleop_robot_bridge/install/teleop_robot_bridge/include/teleop_robot_bridge/teleop_robot_bridge/msg/detail/head_joint_status__type_support.hpp
-- Installing: /home/eierobot/ROS/teleop_ws/src/teleop_robot_bridge/install/teleop_robot_bridge/include/teleop_robot_bridge/teleop_robot_bridge/msg/detail/agv_imu__builder.hpp
-- Installing: /home/eierobot/ROS/teleop_ws/src/teleop_robot_bridge/install/teleop_robot_bridge/include/teleop_robot_bridge/teleop_robot_bridge/msg/detail/single_gripper_status__traits.hpp
-- Installing: /home/eierobot/ROS/teleop_ws/src/teleop_robot_bridge/install/teleop_robot_bridge/include/teleop_robot_bridge/teleop_robot_bridge/msg/detail/arm_joint_command__type_support.hpp
-- Installing: /home/eierobot/ROS/teleop_ws/src/teleop_robot_bridge/install/teleop_robot_bridge/include/teleop_robot_bridge/teleop_robot_bridge/msg/detail/temperature__type_support.hpp
-- Installing: /home/eierobot/ROS/teleop_ws/src/teleop_robot_bridge/install/teleop_robot_bridge/include/teleop_robot_bridge/teleop_robot_bridge/msg/detail/hand_tactile__type_support.hpp
-- Installing: /home/eierobot/ROS/teleop_ws/src/teleop_robot_bridge/install/teleop_robot_bridge/include/teleop_robot_bridge/teleop_robot_bridge/msg/detail/agv_battery_state__traits.hpp
-- Installing: /home/eierobot/ROS/teleop_ws/src/teleop_robot_bridge/install/teleop_robot_bridge/include/teleop_robot_bridge/teleop_robot_bridge/msg/detail/head_joint_command__traits.hpp
-- Installing: /home/eierobot/ROS/teleop_ws/src/teleop_robot_bridge/install/teleop_robot_bridge/include/teleop_robot_bridge/teleop_robot_bridge/msg/detail/waist_joint_feedback__builder.hpp
-- Installing: /home/eierobot/ROS/teleop_ws/src/teleop_robot_bridge/install/teleop_robot_bridge/include/teleop_robot_bridge/teleop_robot_bridge/msg/detail/agv_vda5050_state__traits.hpp
-- Installing: /home/eierobot/ROS/teleop_ws/src/teleop_robot_bridge/install/teleop_robot_bridge/include/teleop_robot_bridge/teleop_robot_bridge/msg/detail/gripper_move__builder.hpp
-- Installing: /home/eierobot/ROS/teleop_ws/src/teleop_robot_bridge/install/teleop_robot_bridge/include/teleop_robot_bridge/teleop_robot_bridge/msg/detail/single_device_state__struct.hpp
-- Installing: /home/eierobot/ROS/teleop_ws/src/teleop_robot_bridge/install/teleop_robot_bridge/include/teleop_robot_bridge/teleop_robot_bridge/msg/detail/agv_vda5050_state__type_support.hpp
-- Installing: /home/eierobot/ROS/teleop_ws/src/teleop_robot_bridge/install/teleop_robot_bridge/include/teleop_robot_bridge/teleop_robot_bridge/msg/detail/agv_ultrasonic__struct.hpp
-- Installing: /home/eierobot/ROS/teleop_ws/src/teleop_robot_bridge/install/teleop_robot_bridge/include/teleop_robot_bridge/teleop_robot_bridge/msg/detail/agv_vda5050_state__struct.hpp
-- Installing: /home/eierobot/ROS/teleop_ws/src/teleop_robot_bridge/install/teleop_robot_bridge/include/teleop_robot_bridge/teleop_robot_bridge/msg/detail/waist_motion_ctrl__traits.hpp
-- Installing: /home/eierobot/ROS/teleop_ws/src/teleop_robot_bridge/install/teleop_robot_bridge/include/teleop_robot_bridge/teleop_robot_bridge/msg/detail/agv_cmd_vel__struct.hpp
-- Installing: /home/eierobot/ROS/teleop_ws/src/teleop_robot_bridge/install/teleop_robot_bridge/include/teleop_robot_bridge/teleop_robot_bridge/msg/detail/waist_joint_command__struct.hpp
-- Installing: /home/eierobot/ROS/teleop_ws/src/teleop_robot_bridge/install/teleop_robot_bridge/include/teleop_robot_bridge/teleop_robot_bridge/msg/detail/head_joint_feedback__struct.hpp
-- Installing: /home/eierobot/ROS/teleop_ws/src/teleop_robot_bridge/install/teleop_robot_bridge/include/teleop_robot_bridge/teleop_robot_bridge/msg/detail/agv_joint_feedback__struct.hpp
-- Installing: /home/eierobot/ROS/teleop_ws/src/teleop_robot_bridge/install/teleop_robot_bridge/include/teleop_robot_bridge/teleop_robot_bridge/msg/detail/joy_state__builder.hpp
-- Installing: /home/eierobot/ROS/teleop_ws/src/teleop_robot_bridge/install/teleop_robot_bridge/include/teleop_robot_bridge/teleop_robot_bridge/msg/detail/agv_device_state__traits.hpp
-- Installing: /home/eierobot/ROS/teleop_ws/src/teleop_robot_bridge/install/teleop_robot_bridge/include/teleop_robot_bridge/teleop_robot_bridge/msg/detail/hand_tactile__builder.hpp
-- Installing: /home/eierobot/ROS/teleop_ws/src/teleop_robot_bridge/install/teleop_robot_bridge/include/teleop_robot_bridge/teleop_robot_bridge/msg/detail/ee_tcp_command__builder.hpp
-- Installing: /home/eierobot/ROS/teleop_ws/src/teleop_robot_bridge/install/teleop_robot_bridge/include/teleop_robot_bridge/teleop_robot_bridge/msg/detail/agv_ultrasonic__traits.hpp
-- Installing: /home/eierobot/ROS/teleop_ws/src/teleop_robot_bridge/install/teleop_robot_bridge/include/teleop_robot_bridge/teleop_robot_bridge/msg/detail/upper_body_device_state__traits.hpp
-- Installing: /home/eierobot/ROS/teleop_ws/src/teleop_robot_bridge/install/teleop_robot_bridge/include/teleop_robot_bridge/teleop_robot_bridge/msg/detail/head_joint_status__struct.hpp
-- Installing: /home/eierobot/ROS/teleop_ws/src/teleop_robot_bridge/install/teleop_robot_bridge/include/teleop_robot_bridge/teleop_robot_bridge/msg/detail/gripper_device_state__builder.hpp
-- Installing: /home/eierobot/ROS/teleop_ws/src/teleop_robot_bridge/install/teleop_robot_bridge/include/teleop_robot_bridge/teleop_robot_bridge/msg/detail/arm_joint_feedback__builder.hpp
-- Installing: /home/eierobot/ROS/teleop_ws/src/teleop_robot_bridge/install/teleop_robot_bridge/include/teleop_robot_bridge/teleop_robot_bridge/msg/detail/gripper_device_state__traits.hpp
-- Installing: /home/eierobot/ROS/teleop_ws/src/teleop_robot_bridge/install/teleop_robot_bridge/include/teleop_robot_bridge/teleop_robot_bridge/msg/detail/gripper_tactile__builder.hpp
-- Installing: /home/eierobot/ROS/teleop_ws/src/teleop_robot_bridge/install/teleop_robot_bridge/include/teleop_robot_bridge/teleop_robot_bridge/msg/detail/gripper_status__struct.hpp
-- Installing: /home/eierobot/ROS/teleop_ws/src/teleop_robot_bridge/install/teleop_robot_bridge/include/teleop_robot_bridge/teleop_robot_bridge/msg/detail/waist_joint_status__builder.hpp
-- Installing: /home/eierobot/ROS/teleop_ws/src/teleop_robot_bridge/install/teleop_robot_bridge/include/teleop_robot_bridge/teleop_robot_bridge/msg/detail/head_motion_ctrl__struct.hpp
-- Installing: /home/eierobot/ROS/teleop_ws/src/teleop_robot_bridge/install/teleop_robot_bridge/include/teleop_robot_bridge/teleop_robot_bridge/msg/detail/gripper_tactile__traits.hpp
-- Installing: /home/eierobot/ROS/teleop_ws/src/teleop_robot_bridge/install/teleop_robot_bridge/include/teleop_robot_bridge/teleop_robot_bridge/msg/detail/arm_joint_status__builder.hpp
-- Installing: /home/eierobot/ROS/teleop_ws/src/teleop_robot_bridge/install/teleop_robot_bridge/include/teleop_robot_bridge/teleop_robot_bridge/msg/detail/agv_joint_feedback__builder.hpp
-- Installing: /home/eierobot/ROS/teleop_ws/src/teleop_robot_bridge/install/teleop_robot_bridge/include/teleop_robot_bridge/teleop_robot_bridge/msg/detail/arm_joint_status__type_support.hpp
-- Installing: /home/eierobot/ROS/teleop_ws/src/teleop_robot_bridge/install/teleop_robot_bridge/include/teleop_robot_bridge/teleop_robot_bridge/msg/detail/agv_vel__struct.hpp
-- Installing: /home/eierobot/ROS/teleop_ws/src/teleop_robot_bridge/install/teleop_robot_bridge/include/teleop_robot_bridge/teleop_robot_bridge/msg/detail/joint_status__traits.hpp
-- Installing: /home/eierobot/ROS/teleop_ws/src/teleop_robot_bridge/install/teleop_robot_bridge/include/teleop_robot_bridge/teleop_robot_bridge/msg/detail/agv_vda5050_state__builder.hpp
-- Installing: /home/eierobot/ROS/teleop_ws/src/teleop_robot_bridge/install/teleop_robot_bridge/include/teleop_robot_bridge/teleop_robot_bridge/msg/detail/waist_joint_feedback__type_support.hpp
-- Installing: /home/eierobot/ROS/teleop_ws/src/teleop_robot_bridge/install/teleop_robot_bridge/include/teleop_robot_bridge/teleop_robot_bridge/msg/detail/agv_device_state__builder.hpp
-- Installing: /home/eierobot/ROS/teleop_ws/src/teleop_robot_bridge/install/teleop_robot_bridge/include/teleop_robot_bridge/teleop_robot_bridge/msg/detail/arm_joint_command__builder.hpp
-- Installing: /home/eierobot/ROS/teleop_ws/src/teleop_robot_bridge/install/teleop_robot_bridge/include/teleop_robot_bridge/teleop_robot_bridge/msg/detail/head_motion_ctrl__traits.hpp
-- Installing: /home/eierobot/ROS/teleop_ws/src/teleop_robot_bridge/install/teleop_robot_bridge/include/teleop_robot_bridge/teleop_robot_bridge/msg/detail/agv_battery_state__struct.hpp
-- Installing: /home/eierobot/ROS/teleop_ws/src/teleop_robot_bridge/install/teleop_robot_bridge/include/teleop_robot_bridge/teleop_robot_bridge/msg/detail/temperature__struct.hpp
-- Installing: /home/eierobot/ROS/teleop_ws/src/teleop_robot_bridge/install/teleop_robot_bridge/include/teleop_robot_bridge/teleop_robot_bridge/msg/detail/ee_tcp_command__struct.hpp
-- Installing: /home/eierobot/ROS/teleop_ws/src/teleop_robot_bridge/install/teleop_robot_bridge/include/teleop_robot_bridge/teleop_robot_bridge/msg/detail/gripper_device_state__struct.hpp
-- Installing: /home/eierobot/ROS/teleop_ws/src/teleop_robot_bridge/install/teleop_robot_bridge/include/teleop_robot_bridge/teleop_robot_bridge/msg/detail/head_joint_command__type_support.hpp
-- Installing: /home/eierobot/ROS/teleop_ws/src/teleop_robot_bridge/install/teleop_robot_bridge/include/teleop_robot_bridge/teleop_robot_bridge/msg/detail/upper_body_device_state__type_support.hpp
-- Installing: /home/eierobot/ROS/teleop_ws/src/teleop_robot_bridge/install/teleop_robot_bridge/include/teleop_robot_bridge/teleop_robot_bridge/msg/detail/upper_body_device_state__struct.hpp
-- Installing: /home/eierobot/ROS/teleop_ws/src/teleop_robot_bridge/install/teleop_robot_bridge/include/teleop_robot_bridge/teleop_robot_bridge/msg/detail/waist_motion_ctrl__type_support.hpp
-- Installing: /home/eierobot/ROS/teleop_ws/src/teleop_robot_bridge/install/teleop_robot_bridge/include/teleop_robot_bridge/teleop_robot_bridge/msg/detail/single_gripper_move__struct.hpp
-- Installing: /home/eierobot/ROS/teleop_ws/src/teleop_robot_bridge/install/teleop_robot_bridge/include/teleop_robot_bridge/teleop_robot_bridge/msg/detail/agv_vel__builder.hpp
-- Installing: /home/eierobot/ROS/teleop_ws/src/teleop_robot_bridge/install/teleop_robot_bridge/include/teleop_robot_bridge/teleop_robot_bridge/msg/detail/ee_tcp_command__type_support.hpp
-- Installing: /home/eierobot/ROS/teleop_ws/src/teleop_robot_bridge/install/teleop_robot_bridge/include/teleop_robot_bridge/teleop_robot_bridge/msg/detail/waist_joint_feedback__struct.hpp
-- Installing: /home/eierobot/ROS/teleop_ws/src/teleop_robot_bridge/install/teleop_robot_bridge/include/teleop_robot_bridge/teleop_robot_bridge/msg/detail/agv_cmd_vel__builder.hpp
-- Installing: /home/eierobot/ROS/teleop_ws/src/teleop_robot_bridge/install/teleop_robot_bridge/include/teleop_robot_bridge/teleop_robot_bridge/msg/detail/agv_device_state__type_support.hpp
-- Installing: /home/eierobot/ROS/teleop_ws/src/teleop_robot_bridge/install/teleop_robot_bridge/include/teleop_robot_bridge/teleop_robot_bridge/msg/detail/head_joint_feedback__traits.hpp
-- Installing: /home/eierobot/ROS/teleop_ws/src/teleop_robot_bridge/install/teleop_robot_bridge/include/teleop_robot_bridge/teleop_robot_bridge/msg/detail/arm_joint_feedback__type_support.hpp
-- Installing: /home/eierobot/ROS/teleop_ws/src/teleop_robot_bridge/install/teleop_robot_bridge/include/teleop_robot_bridge/teleop_robot_bridge/msg/detail/temperature__traits.hpp
-- Installing: /home/eierobot/ROS/teleop_ws/src/teleop_robot_bridge/install/teleop_robot_bridge/include/teleop_robot_bridge/teleop_robot_bridge/msg/detail/single_gripper_move__builder.hpp
-- Installing: /home/eierobot/ROS/teleop_ws/src/teleop_robot_bridge/install/teleop_robot_bridge/include/teleop_robot_bridge/teleop_robot_bridge/msg/detail/arm_joint_command__traits.hpp
-- Installing: /home/eierobot/ROS/teleop_ws/src/teleop_robot_bridge/install/teleop_robot_bridge/include/teleop_robot_bridge/teleop_robot_bridge/msg/detail/agv_joint_feedback__traits.hpp
-- Installing: /home/eierobot/ROS/teleop_ws/src/teleop_robot_bridge/install/teleop_robot_bridge/include/teleop_robot_bridge/teleop_robot_bridge/msg/detail/agv_battery_state__type_support.hpp
-- Installing: /home/eierobot/ROS/teleop_ws/src/teleop_robot_bridge/install/teleop_robot_bridge/include/teleop_robot_bridge/teleop_robot_bridge/msg/detail/waist_joint_command__type_support.hpp
-- Installing: /home/eierobot/ROS/teleop_ws/src/teleop_robot_bridge/install/teleop_robot_bridge/include/teleop_robot_bridge/teleop_robot_bridge/msg/detail/head_joint_feedback__builder.hpp
-- Installing: /home/eierobot/ROS/teleop_ws/src/teleop_robot_bridge/install/teleop_robot_bridge/include/teleop_robot_bridge/teleop_robot_bridge/msg/detail/single_device_state__builder.hpp
-- Installing: /home/eierobot/ROS/teleop_ws/src/teleop_robot_bridge/install/teleop_robot_bridge/include/teleop_robot_bridge/teleop_robot_bridge/msg/detail/agv_joint_feedback__type_support.hpp
-- Installing: /home/eierobot/ROS/teleop_ws/src/teleop_robot_bridge/install/teleop_robot_bridge/include/teleop_robot_bridge/teleop_robot_bridge/msg/detail/agv_joint_status__struct.hpp
-- Installing: /home/eierobot/ROS/teleop_ws/src/teleop_robot_bridge/install/teleop_robot_bridge/include/teleop_robot_bridge/teleop_robot_bridge/msg/detail/agv_vel__traits.hpp
-- Installing: /home/eierobot/ROS/teleop_ws/src/teleop_robot_bridge/install/teleop_robot_bridge/include/teleop_robot_bridge/teleop_robot_bridge/msg/detail/waist_joint_status__traits.hpp
-- Installing: /home/eierobot/ROS/teleop_ws/src/teleop_robot_bridge/install/teleop_robot_bridge/include/teleop_robot_bridge/teleop_robot_bridge/msg/detail/agv_vel__type_support.hpp
-- Installing: /home/eierobot/ROS/teleop_ws/src/teleop_robot_bridge/install/teleop_robot_bridge/include/teleop_robot_bridge/teleop_robot_bridge/msg/detail/agv_imu__struct.hpp
-- Installing: /home/eierobot/ROS/teleop_ws/src/teleop_robot_bridge/install/teleop_robot_bridge/include/teleop_robot_bridge/teleop_robot_bridge/msg/detail/upper_body_device_state__builder.hpp
-- Installing: /home/eierobot/ROS/teleop_ws/src/teleop_robot_bridge/install/teleop_robot_bridge/include/teleop_robot_bridge/teleop_robot_bridge/msg/detail/gripper_move__struct.hpp
-- Installing: /home/eierobot/ROS/teleop_ws/src/teleop_robot_bridge/install/teleop_robot_bridge/include/teleop_robot_bridge/teleop_robot_bridge/msg/detail/joint_status__builder.hpp
-- Installing: /home/eierobot/ROS/teleop_ws/src/teleop_robot_bridge/install/teleop_robot_bridge/include/teleop_robot_bridge/teleop_robot_bridge/msg/detail/waist_tcp_command__traits.hpp
-- Installing: /home/eierobot/ROS/teleop_ws/src/teleop_robot_bridge/install/teleop_robot_bridge/include/teleop_robot_bridge/teleop_robot_bridge/msg/detail/head_joint_status__builder.hpp
-- Installing: /home/eierobot/ROS/teleop_ws/src/teleop_robot_bridge/install/teleop_robot_bridge/include/teleop_robot_bridge/teleop_robot_bridge/msg/detail/gripper_status__type_support.hpp
-- Installing: /home/eierobot/ROS/teleop_ws/src/teleop_robot_bridge/install/teleop_robot_bridge/include/teleop_robot_bridge/teleop_robot_bridge/msg/detail/agv_imu__type_support.hpp
-- Installing: /home/eierobot/ROS/teleop_ws/src/teleop_robot_bridge/install/teleop_robot_bridge/include/teleop_robot_bridge/teleop_robot_bridge/msg/detail/temperature__builder.hpp
-- Installing: /home/eierobot/ROS/teleop_ws/src/teleop_robot_bridge/install/teleop_robot_bridge/include/teleop_robot_bridge/teleop_robot_bridge/msg/detail/single_gripper_status__builder.hpp
-- Installing: /home/eierobot/ROS/teleop_ws/src/teleop_robot_bridge/install/teleop_robot_bridge/include/teleop_robot_bridge/teleop_robot_bridge/msg/detail/arm_motion_ctrl__builder.hpp
-- Installing: /home/eierobot/ROS/teleop_ws/src/teleop_robot_bridge/install/teleop_robot_bridge/include/teleop_robot_bridge/teleop_robot_bridge/msg/detail/agv_joint_status__type_support.hpp
-- Installing: /home/eierobot/ROS/teleop_ws/src/teleop_robot_bridge/install/teleop_robot_bridge/include/teleop_robot_bridge/teleop_robot_bridge/msg/detail/waist_tcp_command__type_support.hpp
-- Installing: /home/eierobot/ROS/teleop_ws/src/teleop_robot_bridge/install/teleop_robot_bridge/include/teleop_robot_bridge/teleop_robot_bridge/msg/detail/head_joint_status__traits.hpp
-- Installing: /home/eierobot/ROS/teleop_ws/src/teleop_robot_bridge/install/teleop_robot_bridge/include/teleop_robot_bridge/teleop_robot_bridge/msg/detail/agv_cmd_vel__traits.hpp
-- Installing: /home/eierobot/ROS/teleop_ws/src/teleop_robot_bridge/install/teleop_robot_bridge/include/teleop_robot_bridge/teleop_robot_bridge/msg/detail/waist_joint_feedback__traits.hpp
-- Installing: /home/eierobot/ROS/teleop_ws/src/teleop_robot_bridge/install/teleop_robot_bridge/include/teleop_robot_bridge/teleop_robot_bridge/msg/detail/waist_joint_command__builder.hpp
-- Installing: /home/eierobot/ROS/teleop_ws/src/teleop_robot_bridge/install/teleop_robot_bridge/include/teleop_robot_bridge/teleop_robot_bridge/msg/detail/single_gripper_move__type_support.hpp
-- Installing: /home/eierobot/ROS/teleop_ws/src/teleop_robot_bridge/install/teleop_robot_bridge/include/teleop_robot_bridge/teleop_robot_bridge/msg/detail/agv_ultrasonic__type_support.hpp
-- Installing: /home/eierobot/ROS/teleop_ws/src/teleop_robot_bridge/install/teleop_robot_bridge/include/teleop_robot_bridge/teleop_robot_bridge/msg/detail/arm_joint_feedback__struct.hpp
-- Installing: /home/eierobot/ROS/teleop_ws/src/teleop_robot_bridge/install/teleop_robot_bridge/include/teleop_robot_bridge/teleop_robot_bridge/msg/detail/waist_tcp_command__builder.hpp
-- Installing: /home/eierobot/ROS/teleop_ws/src/teleop_robot_bridge/install/teleop_robot_bridge/include/teleop_robot_bridge/teleop_robot_bridge/msg/detail/single_gripper_move__traits.hpp
-- Installing: /home/eierobot/ROS/teleop_ws/src/teleop_robot_bridge/install/teleop_robot_bridge/include/teleop_robot_bridge/teleop_robot_bridge/msg/detail/single_device_state__type_support.hpp
-- Installing: /home/eierobot/ROS/teleop_ws/src/teleop_robot_bridge/install/teleop_robot_bridge/include/teleop_robot_bridge/teleop_robot_bridge/msg/detail/arm_joint_command__struct.hpp
-- Installing: /home/eierobot/ROS/teleop_ws/src/teleop_robot_bridge/install/teleop_robot_bridge/include/teleop_robot_bridge/teleop_robot_bridge/msg/detail/agv_motion_ctrl__type_support.hpp
-- Installing: /home/eierobot/ROS/teleop_ws/src/teleop_robot_bridge/install/teleop_robot_bridge/include/teleop_robot_bridge/teleop_robot_bridge/msg/detail/single_device_state__traits.hpp
-- Installing: /home/eierobot/ROS/teleop_ws/src/teleop_robot_bridge/install/teleop_robot_bridge/include/teleop_robot_bridge/teleop_robot_bridge/msg/detail/agv_motion_ctrl__traits.hpp
-- Installing: /home/eierobot/ROS/teleop_ws/src/teleop_robot_bridge/install/teleop_robot_bridge/include/teleop_robot_bridge/teleop_robot_bridge/msg/detail/head_motion_ctrl__type_support.hpp
-- Installing: /home/eierobot/ROS/teleop_ws/src/teleop_robot_bridge/install/teleop_robot_bridge/include/teleop_robot_bridge/teleop_robot_bridge/msg/detail/agv_ultrasonic__builder.hpp
-- Installing: /home/eierobot/ROS/teleop_ws/src/teleop_robot_bridge/install/teleop_robot_bridge/include/teleop_robot_bridge/teleop_robot_bridge/msg/detail/waist_joint_command__traits.hpp
-- Installing: /home/eierobot/ROS/teleop_ws/src/teleop_robot_bridge/install/teleop_robot_bridge/include/teleop_robot_bridge/teleop_robot_bridge/msg/detail/single_gripper_status__type_support.hpp
-- Installing: /home/eierobot/ROS/teleop_ws/src/teleop_robot_bridge/install/teleop_robot_bridge/include/teleop_robot_bridge/teleop_robot_bridge/msg/detail/ee_tcp_command__traits.hpp
-- Installing: /home/eierobot/ROS/teleop_ws/src/teleop_robot_bridge/install/teleop_robot_bridge/include/teleop_robot_bridge/teleop_robot_bridge/msg/detail/waist_joint_status__type_support.hpp
-- Installing: /home/eierobot/ROS/teleop_ws/src/teleop_robot_bridge/install/teleop_robot_bridge/include/teleop_robot_bridge/teleop_robot_bridge/msg/detail/arm_joint_status__struct.hpp
-- Installing: /home/eierobot/ROS/teleop_ws/src/teleop_robot_bridge/install/teleop_robot_bridge/include/teleop_robot_bridge/teleop_robot_bridge/msg/detail/joy_state__traits.hpp
-- Installing: /home/eierobot/ROS/teleop_ws/src/teleop_robot_bridge/install/teleop_robot_bridge/include/teleop_robot_bridge/teleop_robot_bridge/msg/detail/waist_tcp_command__struct.hpp
-- Installing: /home/eierobot/ROS/teleop_ws/src/teleop_robot_bridge/install/teleop_robot_bridge/include/teleop_robot_bridge/teleop_robot_bridge/msg/detail/arm_motion_ctrl__type_support.hpp
-- Installing: /home/eierobot/ROS/teleop_ws/src/teleop_robot_bridge/install/teleop_robot_bridge/include/teleop_robot_bridge/teleop_robot_bridge/msg/detail/arm_motion_ctrl__traits.hpp
-- Installing: /home/eierobot/ROS/teleop_ws/src/teleop_robot_bridge/install/teleop_robot_bridge/include/teleop_robot_bridge/teleop_robot_bridge/msg/detail/waist_motion_ctrl__struct.hpp
-- Installing: /home/eierobot/ROS/teleop_ws/src/teleop_robot_bridge/install/teleop_robot_bridge/include/teleop_robot_bridge/teleop_robot_bridge/msg/detail/agv_cmd_vel__type_support.hpp
-- Installing: /home/eierobot/ROS/teleop_ws/src/teleop_robot_bridge/install/teleop_robot_bridge/include/teleop_robot_bridge/teleop_robot_bridge/msg/detail/single_gripper_status__struct.hpp
-- Installing: /home/eierobot/ROS/teleop_ws/src/teleop_robot_bridge/install/teleop_robot_bridge/include/teleop_robot_bridge/teleop_robot_bridge/msg/detail/joy_state__struct.hpp
-- Installing: /home/eierobot/ROS/teleop_ws/src/teleop_robot_bridge/install/teleop_robot_bridge/include/teleop_robot_bridge/teleop_robot_bridge/msg/detail/joint_status__struct.hpp
-- Installing: /home/eierobot/ROS/teleop_ws/src/teleop_robot_bridge/install/teleop_robot_bridge/include/teleop_robot_bridge/teleop_robot_bridge/msg/detail/gripper_move__traits.hpp
-- Installing: /home/eierobot/ROS/teleop_ws/src/teleop_robot_bridge/install/teleop_robot_bridge/include/teleop_robot_bridge/teleop_robot_bridge/msg/detail/waist_motion_ctrl__builder.hpp
-- Installing: /home/eierobot/ROS/teleop_ws/src/teleop_robot_bridge/install/teleop_robot_bridge/include/teleop_robot_bridge/teleop_robot_bridge/msg/detail/gripper_move__type_support.hpp
-- Installing: /home/eierobot/ROS/teleop_ws/src/teleop_robot_bridge/install/teleop_robot_bridge/include/teleop_robot_bridge/teleop_robot_bridge/msg/detail/gripper_tactile__type_support.hpp
-- Installing: /home/eierobot/ROS/teleop_ws/src/teleop_robot_bridge/install/teleop_robot_bridge/include/teleop_robot_bridge/teleop_robot_bridge/msg/detail/gripper_status__traits.hpp
-- Installing: /home/eierobot/ROS/teleop_ws/src/teleop_robot_bridge/install/teleop_robot_bridge/include/teleop_robot_bridge/teleop_robot_bridge/msg/detail/agv_motion_ctrl__struct.hpp
-- Installing: /home/eierobot/ROS/teleop_ws/src/teleop_robot_bridge/install/teleop_robot_bridge/include/teleop_robot_bridge/teleop_robot_bridge/msg/detail/agv_device_state__struct.hpp
-- Installing: /home/eierobot/ROS/teleop_ws/src/teleop_robot_bridge/install/teleop_robot_bridge/include/teleop_robot_bridge/teleop_robot_bridge/msg/detail/gripper_device_state__type_support.hpp
-- Installing: /home/eierobot/ROS/teleop_ws/src/teleop_robot_bridge/install/teleop_robot_bridge/include/teleop_robot_bridge/teleop_robot_bridge/msg/detail/arm_joint_status__traits.hpp
-- Installing: /home/eierobot/ROS/teleop_ws/src/teleop_robot_bridge/install/teleop_robot_bridge/include/teleop_robot_bridge/teleop_robot_bridge/msg/detail/hand_tactile__traits.hpp
-- Installing: /home/eierobot/ROS/teleop_ws/src/teleop_robot_bridge/install/teleop_robot_bridge/include/teleop_robot_bridge/teleop_robot_bridge/msg/agv_battery_state.hpp
-- Installing: /home/eierobot/ROS/teleop_ws/src/teleop_robot_bridge/install/teleop_robot_bridge/include/teleop_robot_bridge/teleop_robot_bridge/msg/gripper_tactile.hpp
-- Installing: /home/eierobot/ROS/teleop_ws/src/teleop_robot_bridge/install/teleop_robot_bridge/include/teleop_robot_bridge/teleop_robot_bridge/msg/temperature.hpp
-- Installing: /home/eierobot/ROS/teleop_ws/src/teleop_robot_bridge/install/teleop_robot_bridge/include/teleop_robot_bridge/teleop_robot_bridge/msg/single_gripper_status.hpp
-- Installing: /home/eierobot/ROS/teleop_ws/src/teleop_robot_bridge/install/teleop_robot_bridge/include/teleop_robot_bridge/teleop_robot_bridge/msg/rosidl_generator_cpp__visibility_control.hpp
-- Installing: /home/eierobot/ROS/teleop_ws/src/teleop_robot_bridge/install/teleop_robot_bridge/include/teleop_robot_bridge/teleop_robot_bridge/msg/waist_joint_feedback.hpp
-- Installing: /home/eierobot/ROS/teleop_ws/src/teleop_robot_bridge/install/teleop_robot_bridge/include/teleop_robot_bridge/teleop_robot_bridge/msg/waist_joint_command.hpp
-- Installing: /home/eierobot/ROS/teleop_ws/src/teleop_robot_bridge/install/teleop_robot_bridge/include/teleop_robot_bridge/teleop_robot_bridge/msg/agv_joint_status.hpp
-- Installing: /home/eierobot/ROS/teleop_ws/src/teleop_robot_bridge/install/teleop_robot_bridge/include/teleop_robot_bridge/teleop_robot_bridge/msg/agv_device_state.hpp
-- Installing: /home/eierobot/ROS/teleop_ws/src/teleop_robot_bridge/install/teleop_robot_bridge/include/teleop_robot_bridge/teleop_robot_bridge/msg/agv_joint_feedback.hpp
-- Installing: /home/eierobot/ROS/teleop_ws/src/teleop_robot_bridge/install/teleop_robot_bridge/include/teleop_robot_bridge/teleop_robot_bridge/msg/agv_motion_ctrl.hpp
-- Up-to-date: /home/eierobot/ROS/teleop_ws/src/teleop_robot_bridge/install/teleop_robot_bridge/include/teleop_robot_bridge/teleop_robot_bridge
-- Up-to-date: /home/eierobot/ROS/teleop_ws/src/teleop_robot_bridge/install/teleop_robot_bridge/include/teleop_robot_bridge/teleop_robot_bridge/msg
-- Installing: /home/eierobot/ROS/teleop_ws/src/teleop_robot_bridge/install/teleop_robot_bridge/include/teleop_robot_bridge/teleop_robot_bridge/msg/rosidl_typesupport_fastrtps_cpp__visibility_control.h
-- Up-to-date: /home/eierobot/ROS/teleop_ws/src/teleop_robot_bridge/install/teleop_robot_bridge/include/teleop_robot_bridge/teleop_robot_bridge/msg/detail
-- Installing: /home/eierobot/ROS/teleop_ws/src/teleop_robot_bridge/install/teleop_robot_bridge/include/teleop_robot_bridge/teleop_robot_bridge/msg/detail/single_device_state__rosidl_typesupport_fastrtps_cpp.hpp
-- Installing: /home/eierobot/ROS/teleop_ws/src/teleop_robot_bridge/install/teleop_robot_bridge/include/teleop_robot_bridge/teleop_robot_bridge/msg/detail/waist_joint_status__rosidl_typesupport_fastrtps_cpp.hpp
-- Installing: /home/eierobot/ROS/teleop_ws/src/teleop_robot_bridge/install/teleop_robot_bridge/include/teleop_robot_bridge/teleop_robot_bridge/msg/detail/agv_joint_status__rosidl_typesupport_fastrtps_cpp.hpp
-- Installing: /home/eierobot/ROS/teleop_ws/src/teleop_robot_bridge/install/teleop_robot_bridge/include/teleop_robot_bridge/teleop_robot_bridge/msg/detail/waist_joint_feedback__rosidl_typesupport_fastrtps_cpp.hpp
-- Installing: /home/eierobot/ROS/teleop_ws/src/teleop_robot_bridge/install/teleop_robot_bridge/include/teleop_robot_bridge/teleop_robot_bridge/msg/detail/gripper_device_state__rosidl_typesupport_fastrtps_cpp.hpp
-- Installing: /home/eierobot/ROS/teleop_ws/src/teleop_robot_bridge/install/teleop_robot_bridge/include/teleop_robot_bridge/teleop_robot_bridge/msg/detail/agv_imu__rosidl_typesupport_fastrtps_cpp.hpp
-- Installing: /home/eierobot/ROS/teleop_ws/src/teleop_robot_bridge/install/teleop_robot_bridge/include/teleop_robot_bridge/teleop_robot_bridge/msg/detail/arm_joint_command__rosidl_typesupport_fastrtps_cpp.hpp
-- Installing: /home/eierobot/ROS/teleop_ws/src/teleop_robot_bridge/install/teleop_robot_bridge/include/teleop_robot_bridge/teleop_robot_bridge/msg/detail/gripper_tactile__rosidl_typesupport_fastrtps_cpp.hpp
-- Installing: /home/eierobot/ROS/teleop_ws/src/teleop_robot_bridge/install/teleop_robot_bridge/include/teleop_robot_bridge/teleop_robot_bridge/msg/detail/single_gripper_status__rosidl_typesupport_fastrtps_cpp.hpp
-- Installing: /home/eierobot/ROS/teleop_ws/src/teleop_robot_bridge/install/teleop_robot_bridge/include/teleop_robot_bridge/teleop_robot_bridge/msg/detail/gripper_status__rosidl_typesupport_fastrtps_cpp.hpp
-- Installing: /home/eierobot/ROS/teleop_ws/src/teleop_robot_bridge/install/teleop_robot_bridge/include/teleop_robot_bridge/teleop_robot_bridge/msg/detail/arm_joint_feedback__rosidl_typesupport_fastrtps_cpp.hpp
-- Installing: /home/eierobot/ROS/teleop_ws/src/teleop_robot_bridge/install/teleop_robot_bridge/include/teleop_robot_bridge/teleop_robot_bridge/msg/detail/waist_motion_ctrl__rosidl_typesupport_fastrtps_cpp.hpp
-- Installing: /home/eierobot/ROS/teleop_ws/src/teleop_robot_bridge/install/teleop_robot_bridge/include/teleop_robot_bridge/teleop_robot_bridge/msg/detail/head_joint_command__rosidl_typesupport_fastrtps_cpp.hpp
-- Installing: /home/eierobot/ROS/teleop_ws/src/teleop_robot_bridge/install/teleop_robot_bridge/include/teleop_robot_bridge/teleop_robot_bridge/msg/detail/agv_battery_state__rosidl_typesupport_fastrtps_cpp.hpp
-- Installing: /home/eierobot/ROS/teleop_ws/src/teleop_robot_bridge/install/teleop_robot_bridge/include/teleop_robot_bridge/teleop_robot_bridge/msg/detail/agv_joint_feedback__rosidl_typesupport_fastrtps_cpp.hpp
-- Installing: /home/eierobot/ROS/teleop_ws/src/teleop_robot_bridge/install/teleop_robot_bridge/include/teleop_robot_bridge/teleop_robot_bridge/msg/detail/ee_tcp_command__rosidl_typesupport_fastrtps_cpp.hpp
-- Installing: /home/eierobot/ROS/teleop_ws/src/teleop_robot_bridge/install/teleop_robot_bridge/include/teleop_robot_bridge/teleop_robot_bridge/msg/detail/agv_cmd_vel__rosidl_typesupport_fastrtps_cpp.hpp
-- Installing: /home/eierobot/ROS/teleop_ws/src/teleop_robot_bridge/install/teleop_robot_bridge/include/teleop_robot_bridge/teleop_robot_bridge/msg/detail/upper_body_device_state__rosidl_typesupport_fastrtps_cpp.hpp
-- Installing: /home/eierobot/ROS/teleop_ws/src/teleop_robot_bridge/install/teleop_robot_bridge/include/teleop_robot_bridge/teleop_robot_bridge/msg/detail/waist_joint_command__rosidl_typesupport_fastrtps_cpp.hpp
-- Installing: /home/eierobot/ROS/teleop_ws/src/teleop_robot_bridge/install/teleop_robot_bridge/include/teleop_robot_bridge/teleop_robot_bridge/msg/detail/agv_vda5050_state__rosidl_typesupport_fastrtps_cpp.hpp
-- Installing: /home/eierobot/ROS/teleop_ws/src/teleop_robot_bridge/install/teleop_robot_bridge/include/teleop_robot_bridge/teleop_robot_bridge/msg/detail/joint_status__rosidl_typesupport_fastrtps_cpp.hpp
-- Installing: /home/eierobot/ROS/teleop_ws/src/teleop_robot_bridge/install/teleop_robot_bridge/include/teleop_robot_bridge/teleop_robot_bridge/msg/detail/joy_state__rosidl_typesupport_fastrtps_cpp.hpp
-- Installing: /home/eierobot/ROS/teleop_ws/src/teleop_robot_bridge/install/teleop_robot_bridge/include/teleop_robot_bridge/teleop_robot_bridge/msg/detail/head_joint_status__rosidl_typesupport_fastrtps_cpp.hpp
-- Installing: /home/eierobot/ROS/teleop_ws/src/teleop_robot_bridge/install/teleop_robot_bridge/include/teleop_robot_bridge/teleop_robot_bridge/msg/detail/head_motion_ctrl__rosidl_typesupport_fastrtps_cpp.hpp
-- Installing: /home/eierobot/ROS/teleop_ws/src/teleop_robot_bridge/install/teleop_robot_bridge/include/teleop_robot_bridge/teleop_robot_bridge/msg/detail/arm_joint_status__rosidl_typesupport_fastrtps_cpp.hpp
-- Installing: /home/eierobot/ROS/teleop_ws/src/teleop_robot_bridge/install/teleop_robot_bridge/include/teleop_robot_bridge/teleop_robot_bridge/msg/detail/dds_fastrtps
-- Installing: /home/eierobot/ROS/teleop_ws/src/teleop_robot_bridge/install/teleop_robot_bridge/include/teleop_robot_bridge/teleop_robot_bridge/msg/detail/gripper_move__rosidl_typesupport_fastrtps_cpp.hpp
-- Installing: /home/eierobot/ROS/teleop_ws/src/teleop_robot_bridge/install/teleop_robot_bridge/include/teleop_robot_bridge/teleop_robot_bridge/msg/detail/hand_tactile__rosidl_typesupport_fastrtps_cpp.hpp
-- Installing: /home/eierobot/ROS/teleop_ws/src/teleop_robot_bridge/install/teleop_robot_bridge/include/teleop_robot_bridge/teleop_robot_bridge/msg/detail/agv_motion_ctrl__rosidl_typesupport_fastrtps_cpp.hpp
-- Installing: /home/eierobot/ROS/teleop_ws/src/teleop_robot_bridge/install/teleop_robot_bridge/include/teleop_robot_bridge/teleop_robot_bridge/msg/detail/waist_tcp_command__rosidl_typesupport_fastrtps_cpp.hpp
-- Installing: /home/eierobot/ROS/teleop_ws/src/teleop_robot_bridge/install/teleop_robot_bridge/include/teleop_robot_bridge/teleop_robot_bridge/msg/detail/temperature__rosidl_typesupport_fastrtps_cpp.hpp
-- Installing: /home/eierobot/ROS/teleop_ws/src/teleop_robot_bridge/install/teleop_robot_bridge/include/teleop_robot_bridge/teleop_robot_bridge/msg/detail/agv_device_state__rosidl_typesupport_fastrtps_cpp.hpp
-- Installing: /home/eierobot/ROS/teleop_ws/src/teleop_robot_bridge/install/teleop_robot_bridge/include/teleop_robot_bridge/teleop_robot_bridge/msg/detail/arm_motion_ctrl__rosidl_typesupport_fastrtps_cpp.hpp
-- Installing: /home/eierobot/ROS/teleop_ws/src/teleop_robot_bridge/install/teleop_robot_bridge/include/teleop_robot_bridge/teleop_robot_bridge/msg/detail/agv_vel__rosidl_typesupport_fastrtps_cpp.hpp
-- Installing: /home/eierobot/ROS/teleop_ws/src/teleop_robot_bridge/install/teleop_robot_bridge/include/teleop_robot_bridge/teleop_robot_bridge/msg/detail/single_gripper_move__rosidl_typesupport_fastrtps_cpp.hpp
-- Installing: /home/eierobot/ROS/teleop_ws/src/teleop_robot_bridge/install/teleop_robot_bridge/include/teleop_robot_bridge/teleop_robot_bridge/msg/detail/head_joint_feedback__rosidl_typesupport_fastrtps_cpp.hpp
-- Installing: /home/eierobot/ROS/teleop_ws/src/teleop_robot_bridge/install/teleop_robot_bridge/include/teleop_robot_bridge/teleop_robot_bridge/msg/detail/agv_ultrasonic__rosidl_typesupport_fastrtps_cpp.hpp
-- Installing: /home/eierobot/ROS/teleop_ws/src/teleop_robot_bridge/install/teleop_robot_bridge/lib/libteleop_robot_bridge__rosidl_typesupport_fastrtps_cpp.so
-- Set non-toolchain portion of runtime path of "/home/eierobot/ROS/teleop_ws/src/teleop_robot_bridge/install/teleop_robot_bridge/lib/libteleop_robot_bridge__rosidl_typesupport_fastrtps_cpp.so" to ""
-- Up-to-date: /home/eierobot/ROS/teleop_ws/src/teleop_robot_bridge/install/teleop_robot_bridge/include/teleop_robot_bridge/teleop_robot_bridge
-- Up-to-date: /home/eierobot/ROS/teleop_ws/src/teleop_robot_bridge/install/teleop_robot_bridge/include/teleop_robot_bridge/teleop_robot_bridge/msg
-- Up-to-date: /home/eierobot/ROS/teleop_ws/src/teleop_robot_bridge/install/teleop_robot_bridge/include/teleop_robot_bridge/teleop_robot_bridge/msg/detail
-- Installing: /home/eierobot/ROS/teleop_ws/src/teleop_robot_bridge/install/teleop_robot_bridge/include/teleop_robot_bridge/teleop_robot_bridge/msg/detail/waist_motion_ctrl__type_support.cpp
-- Installing: /home/eierobot/ROS/teleop_ws/src/teleop_robot_bridge/install/teleop_robot_bridge/include/teleop_robot_bridge/teleop_robot_bridge/msg/detail/waist_motion_ctrl__rosidl_typesupport_introspection_cpp.hpp
-- Installing: /home/eierobot/ROS/teleop_ws/src/teleop_robot_bridge/install/teleop_robot_bridge/include/teleop_robot_bridge/teleop_robot_bridge/msg/detail/arm_motion_ctrl__type_support.cpp
-- Installing: /home/eierobot/ROS/teleop_ws/src/teleop_robot_bridge/install/teleop_robot_bridge/include/teleop_robot_bridge/teleop_robot_bridge/msg/detail/arm_joint_feedback__rosidl_typesupport_introspection_cpp.hpp
-- Installing: /home/eierobot/ROS/teleop_ws/src/teleop_robot_bridge/install/teleop_robot_bridge/include/teleop_robot_bridge/teleop_robot_bridge/msg/detail/agv_imu__rosidl_typesupport_introspection_cpp.hpp
-- Installing: /home/eierobot/ROS/teleop_ws/src/teleop_robot_bridge/install/teleop_robot_bridge/include/teleop_robot_bridge/teleop_robot_bridge/msg/detail/single_gripper_status__rosidl_typesupport_introspection_cpp.hpp
-- Installing: /home/eierobot/ROS/teleop_ws/src/teleop_robot_bridge/install/teleop_robot_bridge/include/teleop_robot_bridge/teleop_robot_bridge/msg/detail/gripper_device_state__type_support.cpp
-- Installing: /home/eierobot/ROS/teleop_ws/src/teleop_robot_bridge/install/teleop_robot_bridge/include/teleop_robot_bridge/teleop_robot_bridge/msg/detail/joy_state__rosidl_typesupport_introspection_cpp.hpp
-- Installing: /home/eierobot/ROS/teleop_ws/src/teleop_robot_bridge/install/teleop_robot_bridge/include/teleop_robot_bridge/teleop_robot_bridge/msg/detail/head_motion_ctrl__rosidl_typesupport_introspection_cpp.hpp
-- Installing: /home/eierobot/ROS/teleop_ws/src/teleop_robot_bridge/install/teleop_robot_bridge/include/teleop_robot_bridge/teleop_robot_bridge/msg/detail/agv_ultrasonic__rosidl_typesupport_introspection_cpp.hpp
-- Installing: /home/eierobot/ROS/teleop_ws/src/teleop_robot_bridge/install/teleop_robot_bridge/include/teleop_robot_bridge/teleop_robot_bridge/msg/detail/single_device_state__rosidl_typesupport_introspection_cpp.hpp
-- Installing: /home/eierobot/ROS/teleop_ws/src/teleop_robot_bridge/install/teleop_robot_bridge/include/teleop_robot_bridge/teleop_robot_bridge/msg/detail/agv_ultrasonic__type_support.cpp
-- Installing: /home/eierobot/ROS/teleop_ws/src/teleop_robot_bridge/install/teleop_robot_bridge/include/teleop_robot_bridge/teleop_robot_bridge/msg/detail/head_joint_command__type_support.cpp
-- Installing: /home/eierobot/ROS/teleop_ws/src/teleop_robot_bridge/install/teleop_robot_bridge/include/teleop_robot_bridge/teleop_robot_bridge/msg/detail/agv_joint_feedback__rosidl_typesupport_introspection_cpp.hpp
-- Installing: /home/eierobot/ROS/teleop_ws/src/teleop_robot_bridge/install/teleop_robot_bridge/include/teleop_robot_bridge/teleop_robot_bridge/msg/detail/waist_tcp_command__type_support.cpp
-- Installing: /home/eierobot/ROS/teleop_ws/src/teleop_robot_bridge/install/teleop_robot_bridge/include/teleop_robot_bridge/teleop_robot_bridge/msg/detail/gripper_tactile__rosidl_typesupport_introspection_cpp.hpp
-- Installing: /home/eierobot/ROS/teleop_ws/src/teleop_robot_bridge/install/teleop_robot_bridge/include/teleop_robot_bridge/teleop_robot_bridge/msg/detail/agv_vda5050_state__type_support.cpp
-- Installing: /home/eierobot/ROS/teleop_ws/src/teleop_robot_bridge/install/teleop_robot_bridge/include/teleop_robot_bridge/teleop_robot_bridge/msg/detail/upper_body_device_state__type_support.cpp
-- Installing: /home/eierobot/ROS/teleop_ws/src/teleop_robot_bridge/install/teleop_robot_bridge/include/teleop_robot_bridge/teleop_robot_bridge/msg/detail/head_joint_feedback__type_support.cpp
-- Installing: /home/eierobot/ROS/teleop_ws/src/teleop_robot_bridge/install/teleop_robot_bridge/include/teleop_robot_bridge/teleop_robot_bridge/msg/detail/gripper_tactile__type_support.cpp
-- Installing: /home/eierobot/ROS/teleop_ws/src/teleop_robot_bridge/install/teleop_robot_bridge/include/teleop_robot_bridge/teleop_robot_bridge/msg/detail/waist_joint_status__rosidl_typesupport_introspection_cpp.hpp
-- Installing: /home/eierobot/ROS/teleop_ws/src/teleop_robot_bridge/install/teleop_robot_bridge/include/teleop_robot_bridge/teleop_robot_bridge/msg/detail/single_gripper_move__type_support.cpp
-- Installing: /home/eierobot/ROS/teleop_ws/src/teleop_robot_bridge/install/teleop_robot_bridge/include/teleop_robot_bridge/teleop_robot_bridge/msg/detail/arm_joint_command__rosidl_typesupport_introspection_cpp.hpp
-- Installing: /home/eierobot/ROS/teleop_ws/src/teleop_robot_bridge/install/teleop_robot_bridge/include/teleop_robot_bridge/teleop_robot_bridge/msg/detail/arm_motion_ctrl__rosidl_typesupport_introspection_cpp.hpp
-- Installing: /home/eierobot/ROS/teleop_ws/src/teleop_robot_bridge/install/teleop_robot_bridge/include/teleop_robot_bridge/teleop_robot_bridge/msg/detail/joint_status__type_support.cpp
-- Installing: /home/eierobot/ROS/teleop_ws/src/teleop_robot_bridge/install/teleop_robot_bridge/include/teleop_robot_bridge/teleop_robot_bridge/msg/detail/hand_tactile__type_support.cpp
-- Installing: /home/eierobot/ROS/teleop_ws/src/teleop_robot_bridge/install/teleop_robot_bridge/include/teleop_robot_bridge/teleop_robot_bridge/msg/detail/arm_joint_feedback__type_support.cpp
-- Installing: /home/eierobot/ROS/teleop_ws/src/teleop_robot_bridge/install/teleop_robot_bridge/include/teleop_robot_bridge/teleop_robot_bridge/msg/detail/temperature__rosidl_typesupport_introspection_cpp.hpp
-- Installing: /home/eierobot/ROS/teleop_ws/src/teleop_robot_bridge/install/teleop_robot_bridge/include/teleop_robot_bridge/teleop_robot_bridge/msg/detail/agv_motion_ctrl__type_support.cpp
-- Installing: /home/eierobot/ROS/teleop_ws/src/teleop_robot_bridge/install/teleop_robot_bridge/include/teleop_robot_bridge/teleop_robot_bridge/msg/detail/arm_joint_command__type_support.cpp
-- Installing: /home/eierobot/ROS/teleop_ws/src/teleop_robot_bridge/install/teleop_robot_bridge/include/teleop_robot_bridge/teleop_robot_bridge/msg/detail/head_joint_status__rosidl_typesupport_introspection_cpp.hpp
-- Installing: /home/eierobot/ROS/teleop_ws/src/teleop_robot_bridge/install/teleop_robot_bridge/include/teleop_robot_bridge/teleop_robot_bridge/msg/detail/ee_tcp_command__rosidl_typesupport_introspection_cpp.hpp
-- Installing: /home/eierobot/ROS/teleop_ws/src/teleop_robot_bridge/install/teleop_robot_bridge/include/teleop_robot_bridge/teleop_robot_bridge/msg/detail/arm_joint_status__type_support.cpp
-- Installing: /home/eierobot/ROS/teleop_ws/src/teleop_robot_bridge/install/teleop_robot_bridge/include/teleop_robot_bridge/teleop_robot_bridge/msg/detail/agv_motion_ctrl__rosidl_typesupport_introspection_cpp.hpp
-- Installing: /home/eierobot/ROS/teleop_ws/src/teleop_robot_bridge/install/teleop_robot_bridge/include/teleop_robot_bridge/teleop_robot_bridge/msg/detail/single_gripper_move__rosidl_typesupport_introspection_cpp.hpp
-- Installing: /home/eierobot/ROS/teleop_ws/src/teleop_robot_bridge/install/teleop_robot_bridge/include/teleop_robot_bridge/teleop_robot_bridge/msg/detail/waist_tcp_command__rosidl_typesupport_introspection_cpp.hpp
-- Installing: /home/eierobot/ROS/teleop_ws/src/teleop_robot_bridge/install/teleop_robot_bridge/include/teleop_robot_bridge/teleop_robot_bridge/msg/detail/agv_vel__type_support.cpp
-- Installing: /home/eierobot/ROS/teleop_ws/src/teleop_robot_bridge/install/teleop_robot_bridge/include/teleop_robot_bridge/teleop_robot_bridge/msg/detail/waist_joint_command__type_support.cpp
-- Installing: /home/eierobot/ROS/teleop_ws/src/teleop_robot_bridge/install/teleop_robot_bridge/include/teleop_robot_bridge/teleop_robot_bridge/msg/detail/gripper_status__type_support.cpp
-- Installing: /home/eierobot/ROS/teleop_ws/src/teleop_robot_bridge/install/teleop_robot_bridge/include/teleop_robot_bridge/teleop_robot_bridge/msg/detail/agv_battery_state__type_support.cpp
-- Installing: /home/eierobot/ROS/teleop_ws/src/teleop_robot_bridge/install/teleop_robot_bridge/include/teleop_robot_bridge/teleop_robot_bridge/msg/detail/gripper_move__type_support.cpp
-- Installing: /home/eierobot/ROS/teleop_ws/src/teleop_robot_bridge/install/teleop_robot_bridge/include/teleop_robot_bridge/teleop_robot_bridge/msg/detail/agv_battery_state__rosidl_typesupport_introspection_cpp.hpp
-- Installing: /home/eierobot/ROS/teleop_ws/src/teleop_robot_bridge/install/teleop_robot_bridge/include/teleop_robot_bridge/teleop_robot_bridge/msg/detail/agv_cmd_vel__rosidl_typesupport_introspection_cpp.hpp
-- Installing: /home/eierobot/ROS/teleop_ws/src/teleop_robot_bridge/install/teleop_robot_bridge/include/teleop_robot_bridge/teleop_robot_bridge/msg/detail/joint_status__rosidl_typesupport_introspection_cpp.hpp
-- Installing: /home/eierobot/ROS/teleop_ws/src/teleop_robot_bridge/install/teleop_robot_bridge/include/teleop_robot_bridge/teleop_robot_bridge/msg/detail/gripper_status__rosidl_typesupport_introspection_cpp.hpp
-- Installing: /home/eierobot/ROS/teleop_ws/src/teleop_robot_bridge/install/teleop_robot_bridge/include/teleop_robot_bridge/teleop_robot_bridge/msg/detail/head_joint_command__rosidl_typesupport_introspection_cpp.hpp
-- Installing: /home/eierobot/ROS/teleop_ws/src/teleop_robot_bridge/install/teleop_robot_bridge/include/teleop_robot_bridge/teleop_robot_bridge/msg/detail/agv_imu__type_support.cpp
-- Installing: /home/eierobot/ROS/teleop_ws/src/teleop_robot_bridge/install/teleop_robot_bridge/include/teleop_robot_bridge/teleop_robot_bridge/msg/detail/single_device_state__type_support.cpp
-- Installing: /home/eierobot/ROS/teleop_ws/src/teleop_robot_bridge/install/teleop_robot_bridge/include/teleop_robot_bridge/teleop_robot_bridge/msg/detail/single_gripper_status__type_support.cpp
-- Installing: /home/eierobot/ROS/teleop_ws/src/teleop_robot_bridge/install/teleop_robot_bridge/include/teleop_robot_bridge/teleop_robot_bridge/msg/detail/head_joint_status__type_support.cpp
-- Installing: /home/eierobot/ROS/teleop_ws/src/teleop_robot_bridge/install/teleop_robot_bridge/include/teleop_robot_bridge/teleop_robot_bridge/msg/detail/agv_joint_status__type_support.cpp
-- Installing: /home/eierobot/ROS/teleop_ws/src/teleop_robot_bridge/install/teleop_robot_bridge/include/teleop_robot_bridge/teleop_robot_bridge/msg/detail/temperature__type_support.cpp
-- Installing: /home/eierobot/ROS/teleop_ws/src/teleop_robot_bridge/install/teleop_robot_bridge/include/teleop_robot_bridge/teleop_robot_bridge/msg/detail/waist_joint_feedback__type_support.cpp
-- Installing: /home/eierobot/ROS/teleop_ws/src/teleop_robot_bridge/install/teleop_robot_bridge/include/teleop_robot_bridge/teleop_robot_bridge/msg/detail/agv_vel__rosidl_typesupport_introspection_cpp.hpp
-- Installing: /home/eierobot/ROS/teleop_ws/src/teleop_robot_bridge/install/teleop_robot_bridge/include/teleop_robot_bridge/teleop_robot_bridge/msg/detail/head_motion_ctrl__type_support.cpp
-- Installing: /home/eierobot/ROS/teleop_ws/src/teleop_robot_bridge/install/teleop_robot_bridge/include/teleop_robot_bridge/teleop_robot_bridge/msg/detail/agv_vda5050_state__rosidl_typesupport_introspection_cpp.hpp
-- Installing: /home/eierobot/ROS/teleop_ws/src/teleop_robot_bridge/install/teleop_robot_bridge/include/teleop_robot_bridge/teleop_robot_bridge/msg/detail/waist_joint_command__rosidl_typesupport_introspection_cpp.hpp
-- Installing: /home/eierobot/ROS/teleop_ws/src/teleop_robot_bridge/install/teleop_robot_bridge/include/teleop_robot_bridge/teleop_robot_bridge/msg/detail/gripper_device_state__rosidl_typesupport_introspection_cpp.hpp
-- Installing: /home/eierobot/ROS/teleop_ws/src/teleop_robot_bridge/install/teleop_robot_bridge/include/teleop_robot_bridge/teleop_robot_bridge/msg/detail/waist_joint_feedback__rosidl_typesupport_introspection_cpp.hpp
-- Installing: /home/eierobot/ROS/teleop_ws/src/teleop_robot_bridge/install/teleop_robot_bridge/include/teleop_robot_bridge/teleop_robot_bridge/msg/detail/gripper_move__rosidl_typesupport_introspection_cpp.hpp
-- Installing: /home/eierobot/ROS/teleop_ws/src/teleop_robot_bridge/install/teleop_robot_bridge/include/teleop_robot_bridge/teleop_robot_bridge/msg/detail/agv_cmd_vel__type_support.cpp
-- Installing: /home/eierobot/ROS/teleop_ws/src/teleop_robot_bridge/install/teleop_robot_bridge/include/teleop_robot_bridge/teleop_robot_bridge/msg/detail/ee_tcp_command__type_support.cpp
-- Installing: /home/eierobot/ROS/teleop_ws/src/teleop_robot_bridge/install/teleop_robot_bridge/include/teleop_robot_bridge/teleop_robot_bridge/msg/detail/hand_tactile__rosidl_typesupport_introspection_cpp.hpp
-- Installing: /home/eierobot/ROS/teleop_ws/src/teleop_robot_bridge/install/teleop_robot_bridge/include/teleop_robot_bridge/teleop_robot_bridge/msg/detail/upper_body_device_state__rosidl_typesupport_introspection_cpp.hpp
-- Installing: /home/eierobot/ROS/teleop_ws/src/teleop_robot_bridge/install/teleop_robot_bridge/include/teleop_robot_bridge/teleop_robot_bridge/msg/detail/head_joint_feedback__rosidl_typesupport_introspection_cpp.hpp
-- Installing: /home/eierobot/ROS/teleop_ws/src/teleop_robot_bridge/install/teleop_robot_bridge/include/teleop_robot_bridge/teleop_robot_bridge/msg/detail/agv_joint_feedback__type_support.cpp
-- Installing: /home/eierobot/ROS/teleop_ws/src/teleop_robot_bridge/install/teleop_robot_bridge/include/teleop_robot_bridge/teleop_robot_bridge/msg/detail/waist_joint_status__type_support.cpp
-- Installing: /home/eierobot/ROS/teleop_ws/src/teleop_robot_bridge/install/teleop_robot_bridge/include/teleop_robot_bridge/teleop_robot_bridge/msg/detail/agv_joint_status__rosidl_typesupport_introspection_cpp.hpp
-- Installing: /home/eierobot/ROS/teleop_ws/src/teleop_robot_bridge/install/teleop_robot_bridge/include/teleop_robot_bridge/teleop_robot_bridge/msg/detail/arm_joint_status__rosidl_typesupport_introspection_cpp.hpp
-- Installing: /home/eierobot/ROS/teleop_ws/src/teleop_robot_bridge/install/teleop_robot_bridge/include/teleop_robot_bridge/teleop_robot_bridge/msg/detail/agv_device_state__rosidl_typesupport_introspection_cpp.hpp
-- Installing: /home/eierobot/ROS/teleop_ws/src/teleop_robot_bridge/install/teleop_robot_bridge/include/teleop_robot_bridge/teleop_robot_bridge/msg/detail/agv_device_state__type_support.cpp
-- Installing: /home/eierobot/ROS/teleop_ws/src/teleop_robot_bridge/install/teleop_robot_bridge/include/teleop_robot_bridge/teleop_robot_bridge/msg/detail/joy_state__type_support.cpp
-- Installing: /home/eierobot/ROS/teleop_ws/src/teleop_robot_bridge/install/teleop_robot_bridge/lib/libteleop_robot_bridge__rosidl_typesupport_introspection_cpp.so
-- Set non-toolchain portion of runtime path of "/home/eierobot/ROS/teleop_ws/src/teleop_robot_bridge/install/teleop_robot_bridge/lib/libteleop_robot_bridge__rosidl_typesupport_introspection_cpp.so" to ""
-- Installing: /home/eierobot/ROS/teleop_ws/src/teleop_robot_bridge/install/teleop_robot_bridge/lib/libteleop_robot_bridge__rosidl_typesupport_cpp.so
-- Set non-toolchain portion of runtime path of "/home/eierobot/ROS/teleop_ws/src/teleop_robot_bridge/install/teleop_robot_bridge/lib/libteleop_robot_bridge__rosidl_typesupport_cpp.so" to ""
-- Installing: /home/eierobot/ROS/teleop_ws/src/teleop_robot_bridge/install/teleop_robot_bridge/share/teleop_robot_bridge/environment/pythonpath.sh
-- Installing: /home/eierobot/ROS/teleop_ws/src/teleop_robot_bridge/install/teleop_robot_bridge/share/teleop_robot_bridge/environment/pythonpath.dsv
-- Installing: /home/eierobot/ROS/teleop_ws/src/teleop_robot_bridge/install/teleop_robot_bridge/lib/python3.12/site-packages/teleop_robot_bridge-0.0.0-py3.12.egg-info
-- Installing: /home/eierobot/ROS/teleop_ws/src/teleop_robot_bridge/install/teleop_robot_bridge/lib/python3.12/site-packages/teleop_robot_bridge-0.0.0-py3.12.egg-info/SOURCES.txt
-- Installing: /home/eierobot/ROS/teleop_ws/src/teleop_robot_bridge/install/teleop_robot_bridge/lib/python3.12/site-packages/teleop_robot_bridge-0.0.0-py3.12.egg-info/top_level.txt
-- Installing: /home/eierobot/ROS/teleop_ws/src/teleop_robot_bridge/install/teleop_robot_bridge/lib/python3.12/site-packages/teleop_robot_bridge-0.0.0-py3.12.egg-info/dependency_links.txt
-- Installing: /home/eierobot/ROS/teleop_ws/src/teleop_robot_bridge/install/teleop_robot_bridge/lib/python3.12/site-packages/teleop_robot_bridge-0.0.0-py3.12.egg-info/PKG-INFO
-- Installing: /home/eierobot/ROS/teleop_ws/src/teleop_robot_bridge/install/teleop_robot_bridge/lib/python3.12/site-packages/teleop_robot_bridge
-- Installing: /home/eierobot/ROS/teleop_ws/src/teleop_robot_bridge/install/teleop_robot_bridge/lib/python3.12/site-packages/teleop_robot_bridge/msg
-- Installing: /home/eierobot/ROS/teleop_ws/src/teleop_robot_bridge/install/teleop_robot_bridge/lib/python3.12/site-packages/teleop_robot_bridge/msg/_agv_joint_feedback_s.c
-- Installing: /home/eierobot/ROS/teleop_ws/src/teleop_robot_bridge/install/teleop_robot_bridge/lib/python3.12/site-packages/teleop_robot_bridge/msg/_head_joint_command.py
-- Installing: /home/eierobot/ROS/teleop_ws/src/teleop_robot_bridge/install/teleop_robot_bridge/lib/python3.12/site-packages/teleop_robot_bridge/msg/_gripper_move_s.c
-- Installing: /home/eierobot/ROS/teleop_ws/src/teleop_robot_bridge/install/teleop_robot_bridge/lib/python3.12/site-packages/teleop_robot_bridge/msg/_head_joint_status_s.c
-- Installing: /home/eierobot/ROS/teleop_ws/src/teleop_robot_bridge/install/teleop_robot_bridge/lib/python3.12/site-packages/teleop_robot_bridge/msg/__init__.py
-- Installing: /home/eierobot/ROS/teleop_ws/src/teleop_robot_bridge/install/teleop_robot_bridge/lib/python3.12/site-packages/teleop_robot_bridge/msg/_gripper_move.py
-- Installing: /home/eierobot/ROS/teleop_ws/src/teleop_robot_bridge/install/teleop_robot_bridge/lib/python3.12/site-packages/teleop_robot_bridge/msg/_waist_joint_status.py
-- Installing: /home/eierobot/ROS/teleop_ws/src/teleop_robot_bridge/install/teleop_robot_bridge/lib/python3.12/site-packages/teleop_robot_bridge/msg/_agv_joint_status.py
-- Installing: /home/eierobot/ROS/teleop_ws/src/teleop_robot_bridge/install/teleop_robot_bridge/lib/python3.12/site-packages/teleop_robot_bridge/msg/_waist_joint_command.py
-- Installing: /home/eierobot/ROS/teleop_ws/src/teleop_robot_bridge/install/teleop_robot_bridge/lib/python3.12/site-packages/teleop_robot_bridge/msg/_agv_battery_state.py
-- Installing: /home/eierobot/ROS/teleop_ws/src/teleop_robot_bridge/install/teleop_robot_bridge/lib/python3.12/site-packages/teleop_robot_bridge/msg/_head_joint_feedback_s.c
-- Installing: /home/eierobot/ROS/teleop_ws/src/teleop_robot_bridge/install/teleop_robot_bridge/lib/python3.12/site-packages/teleop_robot_bridge/msg/_waist_joint_feedback_s.c
-- Installing: /home/eierobot/ROS/teleop_ws/src/teleop_robot_bridge/install/teleop_robot_bridge/lib/python3.12/site-packages/teleop_robot_bridge/msg/_agv_joint_status_s.c
-- Installing: /home/eierobot/ROS/teleop_ws/src/teleop_robot_bridge/install/teleop_robot_bridge/lib/python3.12/site-packages/teleop_robot_bridge/msg/_gripper_device_state.py
-- Installing: /home/eierobot/ROS/teleop_ws/src/teleop_robot_bridge/install/teleop_robot_bridge/lib/python3.12/site-packages/teleop_robot_bridge/msg/_temperature_s.c
-- Installing: /home/eierobot/ROS/teleop_ws/src/teleop_robot_bridge/install/teleop_robot_bridge/lib/python3.12/site-packages/teleop_robot_bridge/msg/_waist_joint_feedback.py
-- Installing: /home/eierobot/ROS/teleop_ws/src/teleop_robot_bridge/install/teleop_robot_bridge/lib/python3.12/site-packages/teleop_robot_bridge/msg/_head_joint_feedback.py
-- Installing: /home/eierobot/ROS/teleop_ws/src/teleop_robot_bridge/install/teleop_robot_bridge/lib/python3.12/site-packages/teleop_robot_bridge/msg/_agv_cmd_vel_s.c
-- Installing: /home/eierobot/ROS/teleop_ws/src/teleop_robot_bridge/install/teleop_robot_bridge/lib/python3.12/site-packages/teleop_robot_bridge/msg/_single_gripper_move.py
-- Installing: /home/eierobot/ROS/teleop_ws/src/teleop_robot_bridge/install/teleop_robot_bridge/lib/python3.12/site-packages/teleop_robot_bridge/msg/_single_device_state.py
-- Installing: /home/eierobot/ROS/teleop_ws/src/teleop_robot_bridge/install/teleop_robot_bridge/lib/python3.12/site-packages/teleop_robot_bridge/msg/_arm_motion_ctrl_s.c
-- Installing: /home/eierobot/ROS/teleop_ws/src/teleop_robot_bridge/install/teleop_robot_bridge/lib/python3.12/site-packages/teleop_robot_bridge/msg/_single_gripper_status.py
-- Installing: /home/eierobot/ROS/teleop_ws/src/teleop_robot_bridge/install/teleop_robot_bridge/lib/python3.12/site-packages/teleop_robot_bridge/msg/_agv_battery_state_s.c
-- Installing: /home/eierobot/ROS/teleop_ws/src/teleop_robot_bridge/install/teleop_robot_bridge/lib/python3.12/site-packages/teleop_robot_bridge/msg/_single_gripper_status_s.c
-- Installing: /home/eierobot/ROS/teleop_ws/src/teleop_robot_bridge/install/teleop_robot_bridge/lib/python3.12/site-packages/teleop_robot_bridge/msg/_head_motion_ctrl_s.c
-- Installing: /home/eierobot/ROS/teleop_ws/src/teleop_robot_bridge/install/teleop_robot_bridge/lib/python3.12/site-packages/teleop_robot_bridge/msg/_head_joint_command_s.c
-- Installing: /home/eierobot/ROS/teleop_ws/src/teleop_robot_bridge/install/teleop_robot_bridge/lib/python3.12/site-packages/teleop_robot_bridge/msg/_head_motion_ctrl.py
-- Installing: /home/eierobot/ROS/teleop_ws/src/teleop_robot_bridge/install/teleop_robot_bridge/lib/python3.12/site-packages/teleop_robot_bridge/msg/_arm_joint_feedback.py
-- Installing: /home/eierobot/ROS/teleop_ws/src/teleop_robot_bridge/install/teleop_robot_bridge/lib/python3.12/site-packages/teleop_robot_bridge/msg/_joint_status_s.c
-- Installing: /home/eierobot/ROS/teleop_ws/src/teleop_robot_bridge/install/teleop_robot_bridge/lib/python3.12/site-packages/teleop_robot_bridge/msg/_upper_body_device_state.py
-- Installing: /home/eierobot/ROS/teleop_ws/src/teleop_robot_bridge/install/teleop_robot_bridge/lib/python3.12/site-packages/teleop_robot_bridge/msg/_ee_tcp_command_s.c
-- Installing: /home/eierobot/ROS/teleop_ws/src/teleop_robot_bridge/install/teleop_robot_bridge/lib/python3.12/site-packages/teleop_robot_bridge/msg/_agv_ultrasonic.py
-- Installing: /home/eierobot/ROS/teleop_ws/src/teleop_robot_bridge/install/teleop_robot_bridge/lib/python3.12/site-packages/teleop_robot_bridge/msg/_gripper_device_state_s.c
-- Installing: /home/eierobot/ROS/teleop_ws/src/teleop_robot_bridge/install/teleop_robot_bridge/lib/python3.12/site-packages/teleop_robot_bridge/msg/_joy_state.py
-- Installing: /home/eierobot/ROS/teleop_ws/src/teleop_robot_bridge/install/teleop_robot_bridge/lib/python3.12/site-packages/teleop_robot_bridge/msg/_waist_joint_command_s.c
-- Installing: /home/eierobot/ROS/teleop_ws/src/teleop_robot_bridge/install/teleop_robot_bridge/lib/python3.12/site-packages/teleop_robot_bridge/msg/_agv_vda5050_state.py
-- Installing: /home/eierobot/ROS/teleop_ws/src/teleop_robot_bridge/install/teleop_robot_bridge/lib/python3.12/site-packages/teleop_robot_bridge/msg/_waist_tcp_command_s.c
-- Installing: /home/eierobot/ROS/teleop_ws/src/teleop_robot_bridge/install/teleop_robot_bridge/lib/python3.12/site-packages/teleop_robot_bridge/msg/_joy_state_s.c
-- Installing: /home/eierobot/ROS/teleop_ws/src/teleop_robot_bridge/install/teleop_robot_bridge/lib/python3.12/site-packages/teleop_robot_bridge/msg/_head_joint_status.py
-- Installing: /home/eierobot/ROS/teleop_ws/src/teleop_robot_bridge/install/teleop_robot_bridge/lib/python3.12/site-packages/teleop_robot_bridge/msg/_agv_ultrasonic_s.c
-- Installing: /home/eierobot/ROS/teleop_ws/src/teleop_robot_bridge/install/teleop_robot_bridge/lib/python3.12/site-packages/teleop_robot_bridge/msg/_gripper_status.py
-- Installing: /home/eierobot/ROS/teleop_ws/src/teleop_robot_bridge/install/teleop_robot_bridge/lib/python3.12/site-packages/teleop_robot_bridge/msg/_agv_motion_ctrl_s.c
-- Installing: /home/eierobot/ROS/teleop_ws/src/teleop_robot_bridge/install/teleop_robot_bridge/lib/python3.12/site-packages/teleop_robot_bridge/msg/_temperature.py
-- Installing: /home/eierobot/ROS/teleop_ws/src/teleop_robot_bridge/install/teleop_robot_bridge/lib/python3.12/site-packages/teleop_robot_bridge/msg/_arm_joint_status_s.c
-- Installing: /home/eierobot/ROS/teleop_ws/src/teleop_robot_bridge/install/teleop_robot_bridge/lib/python3.12/site-packages/teleop_robot_bridge/msg/_arm_motion_ctrl.py
-- Installing: /home/eierobot/ROS/teleop_ws/src/teleop_robot_bridge/install/teleop_robot_bridge/lib/python3.12/site-packages/teleop_robot_bridge/msg/_single_gripper_move_s.c
-- Installing: /home/eierobot/ROS/teleop_ws/src/teleop_robot_bridge/install/teleop_robot_bridge/lib/python3.12/site-packages/teleop_robot_bridge/msg/_gripper_tactile_s.c
-- Installing: /home/eierobot/ROS/teleop_ws/src/teleop_robot_bridge/install/teleop_robot_bridge/lib/python3.12/site-packages/teleop_robot_bridge/msg/_agv_vel.py
-- Installing: /home/eierobot/ROS/teleop_ws/src/teleop_robot_bridge/install/teleop_robot_bridge/lib/python3.12/site-packages/teleop_robot_bridge/msg/_agv_device_state_s.c
-- Installing: /home/eierobot/ROS/teleop_ws/src/teleop_robot_bridge/install/teleop_robot_bridge/lib/python3.12/site-packages/teleop_robot_bridge/msg/_gripper_tactile.py
-- Installing: /home/eierobot/ROS/teleop_ws/src/teleop_robot_bridge/install/teleop_robot_bridge/lib/python3.12/site-packages/teleop_robot_bridge/msg/_arm_joint_status.py
-- Installing: /home/eierobot/ROS/teleop_ws/src/teleop_robot_bridge/install/teleop_robot_bridge/lib/python3.12/site-packages/teleop_robot_bridge/msg/_waist_tcp_command.py
-- Installing: /home/eierobot/ROS/teleop_ws/src/teleop_robot_bridge/install/teleop_robot_bridge/lib/python3.12/site-packages/teleop_robot_bridge/msg/_waist_motion_ctrl_s.c
-- Installing: /home/eierobot/ROS/teleop_ws/src/teleop_robot_bridge/install/teleop_robot_bridge/lib/python3.12/site-packages/teleop_robot_bridge/msg/_arm_joint_command_s.c
-- Installing: /home/eierobot/ROS/teleop_ws/src/teleop_robot_bridge/install/teleop_robot_bridge/lib/python3.12/site-packages/teleop_robot_bridge/msg/_hand_tactile_s.c
-- Installing: /home/eierobot/ROS/teleop_ws/src/teleop_robot_bridge/install/teleop_robot_bridge/lib/python3.12/site-packages/teleop_robot_bridge/msg/_arm_joint_command.py
-- Installing: /home/eierobot/ROS/teleop_ws/src/teleop_robot_bridge/install/teleop_robot_bridge/lib/python3.12/site-packages/teleop_robot_bridge/msg/_agv_device_state.py
-- Installing: /home/eierobot/ROS/teleop_ws/src/teleop_robot_bridge/install/teleop_robot_bridge/lib/python3.12/site-packages/teleop_robot_bridge/msg/_single_device_state_s.c
-- Installing: /home/eierobot/ROS/teleop_ws/src/teleop_robot_bridge/install/teleop_robot_bridge/lib/python3.12/site-packages/teleop_robot_bridge/msg/_joint_status.py
-- Installing: /home/eierobot/ROS/teleop_ws/src/teleop_robot_bridge/install/teleop_robot_bridge/lib/python3.12/site-packages/teleop_robot_bridge/msg/_agv_vda5050_state_s.c
-- Installing: /home/eierobot/ROS/teleop_ws/src/teleop_robot_bridge/install/teleop_robot_bridge/lib/python3.12/site-packages/teleop_robot_bridge/msg/_agv_vel_s.c
-- Installing: /home/eierobot/ROS/teleop_ws/src/teleop_robot_bridge/install/teleop_robot_bridge/lib/python3.12/site-packages/teleop_robot_bridge/msg/_agv_imu_s.c
-- Installing: /home/eierobot/ROS/teleop_ws/src/teleop_robot_bridge/install/teleop_robot_bridge/lib/python3.12/site-packages/teleop_robot_bridge/msg/_arm_joint_feedback_s.c
-- Installing: /home/eierobot/ROS/teleop_ws/src/teleop_robot_bridge/install/teleop_robot_bridge/lib/python3.12/site-packages/teleop_robot_bridge/msg/_agv_joint_feedback.py
-- Installing: /home/eierobot/ROS/teleop_ws/src/teleop_robot_bridge/install/teleop_robot_bridge/lib/python3.12/site-packages/teleop_robot_bridge/msg/_agv_motion_ctrl.py
-- Installing: /home/eierobot/ROS/teleop_ws/src/teleop_robot_bridge/install/teleop_robot_bridge/lib/python3.12/site-packages/teleop_robot_bridge/msg/_upper_body_device_state_s.c
-- Installing: /home/eierobot/ROS/teleop_ws/src/teleop_robot_bridge/install/teleop_robot_bridge/lib/python3.12/site-packages/teleop_robot_bridge/msg/_hand_tactile.py
-- Installing: /home/eierobot/ROS/teleop_ws/src/teleop_robot_bridge/install/teleop_robot_bridge/lib/python3.12/site-packages/teleop_robot_bridge/msg/_gripper_status_s.c
-- Installing: /home/eierobot/ROS/teleop_ws/src/teleop_robot_bridge/install/teleop_robot_bridge/lib/python3.12/site-packages/teleop_robot_bridge/msg/_agv_cmd_vel.py
-- Installing: /home/eierobot/ROS/teleop_ws/src/teleop_robot_bridge/install/teleop_robot_bridge/lib/python3.12/site-packages/teleop_robot_bridge/msg/_waist_motion_ctrl.py
-- Installing: /home/eierobot/ROS/teleop_ws/src/teleop_robot_bridge/install/teleop_robot_bridge/lib/python3.12/site-packages/teleop_robot_bridge/msg/_waist_joint_status_s.c
-- Installing: /home/eierobot/ROS/teleop_ws/src/teleop_robot_bridge/install/teleop_robot_bridge/lib/python3.12/site-packages/teleop_robot_bridge/msg/_agv_imu.py
-- Installing: /home/eierobot/ROS/teleop_ws/src/teleop_robot_bridge/install/teleop_robot_bridge/lib/python3.12/site-packages/teleop_robot_bridge/msg/_ee_tcp_command.py
-- Installing: /home/eierobot/ROS/teleop_ws/src/teleop_robot_bridge/install/teleop_robot_bridge/lib/python3.12/site-packages/teleop_robot_bridge/__init__.py
-- Installing: /home/eierobot/ROS/teleop_ws/src/teleop_robot_bridge/install/teleop_robot_bridge/lib/python3.12/site-packages/teleop_robot_bridge/_teleop_robot_bridge_s.ep.rosidl_typesupport_c.c
-- Installing: /home/eierobot/ROS/teleop_ws/src/teleop_robot_bridge/install/teleop_robot_bridge/lib/python3.12/site-packages/teleop_robot_bridge/teleop_robot_bridge_s__rosidl_typesupport_fastrtps_c.so
-- Installing: /home/eierobot/ROS/teleop_ws/src/teleop_robot_bridge/install/teleop_robot_bridge/lib/python3.12/site-packages/teleop_robot_bridge/teleop_robot_bridge_s__rosidl_typesupport_introspection_c.so
-- Installing: /home/eierobot/ROS/teleop_ws/src/teleop_robot_bridge/install/teleop_robot_bridge/lib/python3.12/site-packages/teleop_robot_bridge/teleop_robot_bridge_s__rosidl_typesupport_c.so
-- Installing: /home/eierobot/ROS/teleop_ws/src/teleop_robot_bridge/install/teleop_robot_bridge/lib/python3.12/site-packages/teleop_robot_bridge/_teleop_robot_bridge_s.ep.rosidl_typesupport_fastrtps_c.c
-- Installing: /home/eierobot/ROS/teleop_ws/src/teleop_robot_bridge/install/teleop_robot_bridge/lib/python3.12/site-packages/teleop_robot_bridge/_teleop_robot_bridge_s.ep.rosidl_typesupport_introspection_c.c
Listing '/home/eierobot/ROS/teleop_ws/src/teleop_robot_bridge/install/teleop_robot_bridge/lib/python3.12/site-packages/teleop_robot_bridge'...
Compiling '/home/eierobot/ROS/teleop_ws/src/teleop_robot_bridge/install/teleop_robot_bridge/lib/python3.12/site-packages/teleop_robot_bridge/__init__.py'...
Listing '/home/eierobot/ROS/teleop_ws/src/teleop_robot_bridge/install/teleop_robot_bridge/lib/python3.12/site-packages/teleop_robot_bridge/msg'...
Compiling '/home/eierobot/ROS/teleop_ws/src/teleop_robot_bridge/install/teleop_robot_bridge/lib/python3.12/site-packages/teleop_robot_bridge/msg/__init__.py'...
Compiling '/home/eierobot/ROS/teleop_ws/src/teleop_robot_bridge/install/teleop_robot_bridge/lib/python3.12/site-packages/teleop_robot_bridge/msg/_agv_battery_state.py'...
Compiling '/home/eierobot/ROS/teleop_ws/src/teleop_robot_bridge/install/teleop_robot_bridge/lib/python3.12/site-packages/teleop_robot_bridge/msg/_agv_cmd_vel.py'...
Compiling '/home/eierobot/ROS/teleop_ws/src/teleop_robot_bridge/install/teleop_robot_bridge/lib/python3.12/site-packages/teleop_robot_bridge/msg/_agv_device_state.py'...
Compiling '/home/eierobot/ROS/teleop_ws/src/teleop_robot_bridge/install/teleop_robot_bridge/lib/python3.12/site-packages/teleop_robot_bridge/msg/_agv_imu.py'...
Compiling '/home/eierobot/ROS/teleop_ws/src/teleop_robot_bridge/install/teleop_robot_bridge/lib/python3.12/site-packages/teleop_robot_bridge/msg/_agv_joint_feedback.py'...
Compiling '/home/eierobot/ROS/teleop_ws/src/teleop_robot_bridge/install/teleop_robot_bridge/lib/python3.12/site-packages/teleop_robot_bridge/msg/_agv_joint_status.py'...
Compiling '/home/eierobot/ROS/teleop_ws/src/teleop_robot_bridge/install/teleop_robot_bridge/lib/python3.12/site-packages/teleop_robot_bridge/msg/_agv_motion_ctrl.py'...
Compiling '/home/eierobot/ROS/teleop_ws/src/teleop_robot_bridge/install/teleop_robot_bridge/lib/python3.12/site-packages/teleop_robot_bridge/msg/_agv_ultrasonic.py'...
Compiling '/home/eierobot/ROS/teleop_ws/src/teleop_robot_bridge/install/teleop_robot_bridge/lib/python3.12/site-packages/teleop_robot_bridge/msg/_agv_vda5050_state.py'...
Compiling '/home/eierobot/ROS/teleop_ws/src/teleop_robot_bridge/install/teleop_robot_bridge/lib/python3.12/site-packages/teleop_robot_bridge/msg/_agv_vel.py'...
Compiling '/home/eierobot/ROS/teleop_ws/src/teleop_robot_bridge/install/teleop_robot_bridge/lib/python3.12/site-packages/teleop_robot_bridge/msg/_arm_joint_command.py'...
Compiling '/home/eierobot/ROS/teleop_ws/src/teleop_robot_bridge/install/teleop_robot_bridge/lib/python3.12/site-packages/teleop_robot_bridge/msg/_arm_joint_feedback.py'...
Compiling '/home/eierobot/ROS/teleop_ws/src/teleop_robot_bridge/install/teleop_robot_bridge/lib/python3.12/site-packages/teleop_robot_bridge/msg/_arm_joint_status.py'...
Compiling '/home/eierobot/ROS/teleop_ws/src/teleop_robot_bridge/install/teleop_robot_bridge/lib/python3.12/site-packages/teleop_robot_bridge/msg/_arm_motion_ctrl.py'...
Compiling '/home/eierobot/ROS/teleop_ws/src/teleop_robot_bridge/install/teleop_robot_bridge/lib/python3.12/site-packages/teleop_robot_bridge/msg/_ee_tcp_command.py'...
Compiling '/home/eierobot/ROS/teleop_ws/src/teleop_robot_bridge/install/teleop_robot_bridge/lib/python3.12/site-packages/teleop_robot_bridge/msg/_gripper_device_state.py'...
Compiling '/home/eierobot/ROS/teleop_ws/src/teleop_robot_bridge/install/teleop_robot_bridge/lib/python3.12/site-packages/teleop_robot_bridge/msg/_gripper_move.py'...
Compiling '/home/eierobot/ROS/teleop_ws/src/teleop_robot_bridge/install/teleop_robot_bridge/lib/python3.12/site-packages/teleop_robot_bridge/msg/_gripper_status.py'...
Compiling '/home/eierobot/ROS/teleop_ws/src/teleop_robot_bridge/install/teleop_robot_bridge/lib/python3.12/site-packages/teleop_robot_bridge/msg/_gripper_tactile.py'...
Compiling '/home/eierobot/ROS/teleop_ws/src/teleop_robot_bridge/install/teleop_robot_bridge/lib/python3.12/site-packages/teleop_robot_bridge/msg/_hand_tactile.py'...
Compiling '/home/eierobot/ROS/teleop_ws/src/teleop_robot_bridge/install/teleop_robot_bridge/lib/python3.12/site-packages/teleop_robot_bridge/msg/_head_joint_command.py'...
Compiling '/home/eierobot/ROS/teleop_ws/src/teleop_robot_bridge/install/teleop_robot_bridge/lib/python3.12/site-packages/teleop_robot_bridge/msg/_head_joint_feedback.py'...
Compiling '/home/eierobot/ROS/teleop_ws/src/teleop_robot_bridge/install/teleop_robot_bridge/lib/python3.12/site-packages/teleop_robot_bridge/msg/_head_joint_status.py'...
Compiling '/home/eierobot/ROS/teleop_ws/src/teleop_robot_bridge/install/teleop_robot_bridge/lib/python3.12/site-packages/teleop_robot_bridge/msg/_head_motion_ctrl.py'...
Compiling '/home/eierobot/ROS/teleop_ws/src/teleop_robot_bridge/install/teleop_robot_bridge/lib/python3.12/site-packages/teleop_robot_bridge/msg/_joint_status.py'...
Compiling '/home/eierobot/ROS/teleop_ws/src/teleop_robot_bridge/install/teleop_robot_bridge/lib/python3.12/site-packages/teleop_robot_bridge/msg/_joy_state.py'...
Compiling '/home/eierobot/ROS/teleop_ws/src/teleop_robot_bridge/install/teleop_robot_bridge/lib/python3.12/site-packages/teleop_robot_bridge/msg/_single_device_state.py'...
Compiling '/home/eierobot/ROS/teleop_ws/src/teleop_robot_bridge/install/teleop_robot_bridge/lib/python3.12/site-packages/teleop_robot_bridge/msg/_single_gripper_move.py'...
Compiling '/home/eierobot/ROS/teleop_ws/src/teleop_robot_bridge/install/teleop_robot_bridge/lib/python3.12/site-packages/teleop_robot_bridge/msg/_single_gripper_status.py'...
Compiling '/home/eierobot/ROS/teleop_ws/src/teleop_robot_bridge/install/teleop_robot_bridge/lib/python3.12/site-packages/teleop_robot_bridge/msg/_temperature.py'...
Compiling '/home/eierobot/ROS/teleop_ws/src/teleop_robot_bridge/install/teleop_robot_bridge/lib/python3.12/site-packages/teleop_robot_bridge/msg/_upper_body_device_state.py'...
Compiling '/home/eierobot/ROS/teleop_ws/src/teleop_robot_bridge/install/teleop_robot_bridge/lib/python3.12/site-packages/teleop_robot_bridge/msg/_waist_joint_command.py'...
Compiling '/home/eierobot/ROS/teleop_ws/src/teleop_robot_bridge/install/teleop_robot_bridge/lib/python3.12/site-packages/teleop_robot_bridge/msg/_waist_joint_feedback.py'...
Compiling '/home/eierobot/ROS/teleop_ws/src/teleop_robot_bridge/install/teleop_robot_bridge/lib/python3.12/site-packages/teleop_robot_bridge/msg/_waist_joint_status.py'...
Compiling '/home/eierobot/ROS/teleop_ws/src/teleop_robot_bridge/install/teleop_robot_bridge/lib/python3.12/site-packages/teleop_robot_bridge/msg/_waist_motion_ctrl.py'...
Compiling '/home/eierobot/ROS/teleop_ws/src/teleop_robot_bridge/install/teleop_robot_bridge/lib/python3.12/site-packages/teleop_robot_bridge/msg/_waist_tcp_command.py'...
-- Installing: /home/eierobot/ROS/teleop_ws/src/teleop_robot_bridge/install/teleop_robot_bridge/lib/python3.12/site-packages/teleop_robot_bridge/teleop_robot_bridge_s__rosidl_typesupport_fastrtps_c.so
-- Set non-toolchain portion of runtime path of "/home/eierobot/ROS/teleop_ws/src/teleop_robot_bridge/install/teleop_robot_bridge/lib/python3.12/site-packages/teleop_robot_bridge/teleop_robot_bridge_s__rosidl_typesupport_fastrtps_c.so" to ""
-- Installing: /home/eierobot/ROS/teleop_ws/src/teleop_robot_bridge/install/teleop_robot_bridge/lib/python3.12/site-packages/teleop_robot_bridge/teleop_robot_bridge_s__rosidl_typesupport_introspection_c.so
-- Set non-toolchain portion of runtime path of "/home/eierobot/ROS/teleop_ws/src/teleop_robot_bridge/install/teleop_robot_bridge/lib/python3.12/site-packages/teleop_robot_bridge/teleop_robot_bridge_s__rosidl_typesupport_introspection_c.so" to ""
-- Installing: /home/eierobot/ROS/teleop_ws/src/teleop_robot_bridge/install/teleop_robot_bridge/lib/python3.12/site-packages/teleop_robot_bridge/teleop_robot_bridge_s__rosidl_typesupport_c.so
-- Set non-toolchain portion of runtime path of "/home/eierobot/ROS/teleop_ws/src/teleop_robot_bridge/install/teleop_robot_bridge/lib/python3.12/site-packages/teleop_robot_bridge/teleop_robot_bridge_s__rosidl_typesupport_c.so" to ""
-- Installing: /home/eierobot/ROS/teleop_ws/src/teleop_robot_bridge/install/teleop_robot_bridge/lib/libteleop_robot_bridge__rosidl_generator_py.so
-- Set non-toolchain portion of runtime path of "/home/eierobot/ROS/teleop_ws/src/teleop_robot_bridge/install/teleop_robot_bridge/lib/libteleop_robot_bridge__rosidl_generator_py.so" to ""
-- Installing: /home/eierobot/ROS/teleop_ws/src/teleop_robot_bridge/install/teleop_robot_bridge/share/ament_index/resource_index/rust_packages/teleop_robot_bridge
-- Installing: /home/eierobot/ROS/teleop_ws/src/teleop_robot_bridge/install/teleop_robot_bridge/share/teleop_robot_bridge/rust
-- Installing: /home/eierobot/ROS/teleop_ws/src/teleop_robot_bridge/install/teleop_robot_bridge/share/teleop_robot_bridge/rust/build.rs
-- Installing: /home/eierobot/ROS/teleop_ws/src/teleop_robot_bridge/install/teleop_robot_bridge/share/teleop_robot_bridge/rust/Cargo.toml
-- Installing: /home/eierobot/ROS/teleop_ws/src/teleop_robot_bridge/install/teleop_robot_bridge/share/teleop_robot_bridge/rust/src
-- Installing: /home/eierobot/ROS/teleop_ws/src/teleop_robot_bridge/install/teleop_robot_bridge/share/teleop_robot_bridge/rust/src/msg
-- Installing: /home/eierobot/ROS/teleop_ws/src/teleop_robot_bridge/install/teleop_robot_bridge/share/teleop_robot_bridge/rust/src/msg/rmw.rs
-- Installing: /home/eierobot/ROS/teleop_ws/src/teleop_robot_bridge/install/teleop_robot_bridge/share/teleop_robot_bridge/rust/src/lib.rs
-- Installing: /home/eierobot/ROS/teleop_ws/src/teleop_robot_bridge/install/teleop_robot_bridge/share/teleop_robot_bridge/rust/src/msg.rs
-- Installing: /home/eierobot/ROS/teleop_ws/src/teleop_robot_bridge/install/teleop_robot_bridge/share/teleop_robot_bridge/msg/AgvBatteryState.idl
-- Installing: /home/eierobot/ROS/teleop_ws/src/teleop_robot_bridge/install/teleop_robot_bridge/share/teleop_robot_bridge/msg/AgvCmdVel.idl
-- Installing: /home/eierobot/ROS/teleop_ws/src/teleop_robot_bridge/install/teleop_robot_bridge/share/teleop_robot_bridge/msg/AgvDeviceState.idl
-- Installing: /home/eierobot/ROS/teleop_ws/src/teleop_robot_bridge/install/teleop_robot_bridge/share/teleop_robot_bridge/msg/AgvImu.idl
-- Installing: /home/eierobot/ROS/teleop_ws/src/teleop_robot_bridge/install/teleop_robot_bridge/share/teleop_robot_bridge/msg/AgvJointFeedback.idl
-- Installing: /home/eierobot/ROS/teleop_ws/src/teleop_robot_bridge/install/teleop_robot_bridge/share/teleop_robot_bridge/msg/AgvJointStatus.idl
-- Installing: /home/eierobot/ROS/teleop_ws/src/teleop_robot_bridge/install/teleop_robot_bridge/share/teleop_robot_bridge/msg/AgvMotionCtrl.idl
-- Installing: /home/eierobot/ROS/teleop_ws/src/teleop_robot_bridge/install/teleop_robot_bridge/share/teleop_robot_bridge/msg/AgvUltrasonic.idl
-- Installing: /home/eierobot/ROS/teleop_ws/src/teleop_robot_bridge/install/teleop_robot_bridge/share/teleop_robot_bridge/msg/AgvVda5050State.idl
-- Installing: /home/eierobot/ROS/teleop_ws/src/teleop_robot_bridge/install/teleop_robot_bridge/share/teleop_robot_bridge/msg/AgvVel.idl
-- Installing: /home/eierobot/ROS/teleop_ws/src/teleop_robot_bridge/install/teleop_robot_bridge/share/teleop_robot_bridge/msg/ArmJointCommand.idl
-- Installing: /home/eierobot/ROS/teleop_ws/src/teleop_robot_bridge/install/teleop_robot_bridge/share/teleop_robot_bridge/msg/ArmJointFeedback.idl
-- Installing: /home/eierobot/ROS/teleop_ws/src/teleop_robot_bridge/install/teleop_robot_bridge/share/teleop_robot_bridge/msg/ArmJointStatus.idl
-- Installing: /home/eierobot/ROS/teleop_ws/src/teleop_robot_bridge/install/teleop_robot_bridge/share/teleop_robot_bridge/msg/ArmMotionCtrl.idl
-- Installing: /home/eierobot/ROS/teleop_ws/src/teleop_robot_bridge/install/teleop_robot_bridge/share/teleop_robot_bridge/msg/EeTcpCommand.idl
-- Installing: /home/eierobot/ROS/teleop_ws/src/teleop_robot_bridge/install/teleop_robot_bridge/share/teleop_robot_bridge/msg/GripperDeviceState.idl
-- Installing: /home/eierobot/ROS/teleop_ws/src/teleop_robot_bridge/install/teleop_robot_bridge/share/teleop_robot_bridge/msg/GripperMove.idl
-- Installing: /home/eierobot/ROS/teleop_ws/src/teleop_robot_bridge/install/teleop_robot_bridge/share/teleop_robot_bridge/msg/GripperStatus.idl
-- Installing: /home/eierobot/ROS/teleop_ws/src/teleop_robot_bridge/install/teleop_robot_bridge/share/teleop_robot_bridge/msg/GripperTactile.idl
-- Installing: /home/eierobot/ROS/teleop_ws/src/teleop_robot_bridge/install/teleop_robot_bridge/share/teleop_robot_bridge/msg/HandTactile.idl
-- Installing: /home/eierobot/ROS/teleop_ws/src/teleop_robot_bridge/install/teleop_robot_bridge/share/teleop_robot_bridge/msg/HeadJointCommand.idl
-- Installing: /home/eierobot/ROS/teleop_ws/src/teleop_robot_bridge/install/teleop_robot_bridge/share/teleop_robot_bridge/msg/HeadJointFeedback.idl
-- Installing: /home/eierobot/ROS/teleop_ws/src/teleop_robot_bridge/install/teleop_robot_bridge/share/teleop_robot_bridge/msg/HeadJointStatus.idl
-- Installing: /home/eierobot/ROS/teleop_ws/src/teleop_robot_bridge/install/teleop_robot_bridge/share/teleop_robot_bridge/msg/HeadMotionCtrl.idl
-- Installing: /home/eierobot/ROS/teleop_ws/src/teleop_robot_bridge/install/teleop_robot_bridge/share/teleop_robot_bridge/msg/JointStatus.idl
-- Installing: /home/eierobot/ROS/teleop_ws/src/teleop_robot_bridge/install/teleop_robot_bridge/share/teleop_robot_bridge/msg/JoyState.idl
-- Installing: /home/eierobot/ROS/teleop_ws/src/teleop_robot_bridge/install/teleop_robot_bridge/share/teleop_robot_bridge/msg/SingleDeviceState.idl
-- Installing: /home/eierobot/ROS/teleop_ws/src/teleop_robot_bridge/install/teleop_robot_bridge/share/teleop_robot_bridge/msg/SingleGripperMove.idl
-- Installing: /home/eierobot/ROS/teleop_ws/src/teleop_robot_bridge/install/teleop_robot_bridge/share/teleop_robot_bridge/msg/SingleGripperStatus.idl
-- Installing: /home/eierobot/ROS/teleop_ws/src/teleop_robot_bridge/install/teleop_robot_bridge/share/teleop_robot_bridge/msg/Temperature.idl
-- Installing: /home/eierobot/ROS/teleop_ws/src/teleop_robot_bridge/install/teleop_robot_bridge/share/teleop_robot_bridge/msg/UpperBodyDeviceState.idl
-- Installing: /home/eierobot/ROS/teleop_ws/src/teleop_robot_bridge/install/teleop_robot_bridge/share/teleop_robot_bridge/msg/WaistJointCommand.idl
-- Installing: /home/eierobot/ROS/teleop_ws/src/teleop_robot_bridge/install/teleop_robot_bridge/share/teleop_robot_bridge/msg/WaistJointFeedback.idl
-- Installing: /home/eierobot/ROS/teleop_ws/src/teleop_robot_bridge/install/teleop_robot_bridge/share/teleop_robot_bridge/msg/WaistJointStatus.idl
-- Installing: /home/eierobot/ROS/teleop_ws/src/teleop_robot_bridge/install/teleop_robot_bridge/share/teleop_robot_bridge/msg/WaistMotionCtrl.idl
-- Installing: /home/eierobot/ROS/teleop_ws/src/teleop_robot_bridge/install/teleop_robot_bridge/share/teleop_robot_bridge/msg/WaistTcpCommand.idl
-- Installing: /home/eierobot/ROS/teleop_ws/src/teleop_robot_bridge/install/teleop_robot_bridge/share/teleop_robot_bridge/msg/AgvBatteryState.msg
-- Installing: /home/eierobot/ROS/teleop_ws/src/teleop_robot_bridge/install/teleop_robot_bridge/share/teleop_robot_bridge/msg/AgvCmdVel.msg
-- Installing: /home/eierobot/ROS/teleop_ws/src/teleop_robot_bridge/install/teleop_robot_bridge/share/teleop_robot_bridge/msg/AgvDeviceState.msg
-- Installing: /home/eierobot/ROS/teleop_ws/src/teleop_robot_bridge/install/teleop_robot_bridge/share/teleop_robot_bridge/msg/AgvImu.msg
-- Installing: /home/eierobot/ROS/teleop_ws/src/teleop_robot_bridge/install/teleop_robot_bridge/share/teleop_robot_bridge/msg/AgvJointFeedback.msg
-- Installing: /home/eierobot/ROS/teleop_ws/src/teleop_robot_bridge/install/teleop_robot_bridge/share/teleop_robot_bridge/msg/AgvJointStatus.msg
-- Installing: /home/eierobot/ROS/teleop_ws/src/teleop_robot_bridge/install/teleop_robot_bridge/share/teleop_robot_bridge/msg/AgvMotionCtrl.msg
-- Installing: /home/eierobot/ROS/teleop_ws/src/teleop_robot_bridge/install/teleop_robot_bridge/share/teleop_robot_bridge/msg/AgvUltrasonic.msg
-- Installing: /home/eierobot/ROS/teleop_ws/src/teleop_robot_bridge/install/teleop_robot_bridge/share/teleop_robot_bridge/msg/AgvVda5050State.msg
-- Installing: /home/eierobot/ROS/teleop_ws/src/teleop_robot_bridge/install/teleop_robot_bridge/share/teleop_robot_bridge/msg/AgvVel.msg
-- Installing: /home/eierobot/ROS/teleop_ws/src/teleop_robot_bridge/install/teleop_robot_bridge/share/teleop_robot_bridge/msg/ArmJointCommand.msg
-- Installing: /home/eierobot/ROS/teleop_ws/src/teleop_robot_bridge/install/teleop_robot_bridge/share/teleop_robot_bridge/msg/ArmJointFeedback.msg
-- Installing: /home/eierobot/ROS/teleop_ws/src/teleop_robot_bridge/install/teleop_robot_bridge/share/teleop_robot_bridge/msg/ArmJointStatus.msg
-- Installing: /home/eierobot/ROS/teleop_ws/src/teleop_robot_bridge/install/teleop_robot_bridge/share/teleop_robot_bridge/msg/ArmMotionCtrl.msg
-- Installing: /home/eierobot/ROS/teleop_ws/src/teleop_robot_bridge/install/teleop_robot_bridge/share/teleop_robot_bridge/msg/EeTcpCommand.msg
-- Installing: /home/eierobot/ROS/teleop_ws/src/teleop_robot_bridge/install/teleop_robot_bridge/share/teleop_robot_bridge/msg/GripperDeviceState.msg
-- Installing: /home/eierobot/ROS/teleop_ws/src/teleop_robot_bridge/install/teleop_robot_bridge/share/teleop_robot_bridge/msg/GripperMove.msg
-- Installing: /home/eierobot/ROS/teleop_ws/src/teleop_robot_bridge/install/teleop_robot_bridge/share/teleop_robot_bridge/msg/GripperStatus.msg
-- Installing: /home/eierobot/ROS/teleop_ws/src/teleop_robot_bridge/install/teleop_robot_bridge/share/teleop_robot_bridge/msg/GripperTactile.msg
-- Installing: /home/eierobot/ROS/teleop_ws/src/teleop_robot_bridge/install/teleop_robot_bridge/share/teleop_robot_bridge/msg/HandTactile.msg
-- Installing: /home/eierobot/ROS/teleop_ws/src/teleop_robot_bridge/install/teleop_robot_bridge/share/teleop_robot_bridge/msg/HeadJointCommand.msg
-- Installing: /home/eierobot/ROS/teleop_ws/src/teleop_robot_bridge/install/teleop_robot_bridge/share/teleop_robot_bridge/msg/HeadJointFeedback.msg
-- Installing: /home/eierobot/ROS/teleop_ws/src/teleop_robot_bridge/install/teleop_robot_bridge/share/teleop_robot_bridge/msg/HeadJointStatus.msg
-- Installing: /home/eierobot/ROS/teleop_ws/src/teleop_robot_bridge/install/teleop_robot_bridge/share/teleop_robot_bridge/msg/HeadMotionCtrl.msg
-- Installing: /home/eierobot/ROS/teleop_ws/src/teleop_robot_bridge/install/teleop_robot_bridge/share/teleop_robot_bridge/msg/JointStatus.msg
-- Installing: /home/eierobot/ROS/teleop_ws/src/teleop_robot_bridge/install/teleop_robot_bridge/share/teleop_robot_bridge/msg/JoyState.msg
-- Installing: /home/eierobot/ROS/teleop_ws/src/teleop_robot_bridge/install/teleop_robot_bridge/share/teleop_robot_bridge/msg/SingleDeviceState.msg
-- Installing: /home/eierobot/ROS/teleop_ws/src/teleop_robot_bridge/install/teleop_robot_bridge/share/teleop_robot_bridge/msg/SingleGripperMove.msg
-- Installing: /home/eierobot/ROS/teleop_ws/src/teleop_robot_bridge/install/teleop_robot_bridge/share/teleop_robot_bridge/msg/SingleGripperStatus.msg
-- Installing: /home/eierobot/ROS/teleop_ws/src/teleop_robot_bridge/install/teleop_robot_bridge/share/teleop_robot_bridge/msg/Temperature.msg
-- Installing: /home/eierobot/ROS/teleop_ws/src/teleop_robot_bridge/install/teleop_robot_bridge/share/teleop_robot_bridge/msg/UpperBodyDeviceState.msg
-- Installing: /home/eierobot/ROS/teleop_ws/src/teleop_robot_bridge/install/teleop_robot_bridge/share/teleop_robot_bridge/msg/WaistJointCommand.msg
-- Installing: /home/eierobot/ROS/teleop_ws/src/teleop_robot_bridge/install/teleop_robot_bridge/share/teleop_robot_bridge/msg/WaistJointFeedback.msg
-- Installing: /home/eierobot/ROS/teleop_ws/src/teleop_robot_bridge/install/teleop_robot_bridge/share/teleop_robot_bridge/msg/WaistJointStatus.msg
-- Installing: /home/eierobot/ROS/teleop_ws/src/teleop_robot_bridge/install/teleop_robot_bridge/share/teleop_robot_bridge/msg/WaistMotionCtrl.msg
-- Installing: /home/eierobot/ROS/teleop_ws/src/teleop_robot_bridge/install/teleop_robot_bridge/share/teleop_robot_bridge/msg/WaistTcpCommand.msg
-- Installing: /home/eierobot/ROS/teleop_ws/src/teleop_robot_bridge/install/teleop_robot_bridge/lib/teleop_robot_bridge/teleop_robot_bridge
-- Set non-toolchain portion of runtime path of "/home/eierobot/ROS/teleop_ws/src/teleop_robot_bridge/install/teleop_robot_bridge/lib/teleop_robot_bridge/teleop_robot_bridge" to ""
-- Installing: /home/eierobot/ROS/teleop_ws/src/teleop_robot_bridge/install/teleop_robot_bridge/include/teleop_robot_bridge/main_node.hpp
-- Installing: /home/eierobot/ROS/teleop_ws/src/teleop_robot_bridge/install/teleop_robot_bridge/include/teleop_robot_bridge/video
-- Installing: /home/eierobot/ROS/teleop_ws/src/teleop_robot_bridge/install/teleop_robot_bridge/include/teleop_robot_bridge/video/video_module.hpp
-- Installing: /home/eierobot/ROS/teleop_ws/src/teleop_robot_bridge/install/teleop_robot_bridge/include/teleop_robot_bridge/video/video_recorder.hpp
-- Installing: /home/eierobot/ROS/teleop_ws/src/teleop_robot_bridge/install/teleop_robot_bridge/include/teleop_robot_bridge/video/nvbuf_mutex.hpp
-- Installing: /home/eierobot/ROS/teleop_ws/src/teleop_robot_bridge/install/teleop_robot_bridge/include/teleop_robot_bridge/video/video_stream_manager.hpp
-- Installing: /home/eierobot/ROS/teleop_ws/src/teleop_robot_bridge/install/teleop_robot_bridge/include/teleop_robot_bridge/video/video_encoder.hpp
-- Installing: /home/eierobot/ROS/teleop_ws/src/teleop_robot_bridge/install/teleop_robot_bridge/include/teleop_robot_bridge/video/video_undistorter.hpp
-- Installing: /home/eierobot/ROS/teleop_ws/src/teleop_robot_bridge/install/teleop_robot_bridge/include/teleop_robot_bridge/video/video_v4l2_capturer.hpp
-- Installing: /home/eierobot/ROS/teleop_ws/src/teleop_robot_bridge/install/teleop_robot_bridge/include/teleop_robot_bridge/video/eye_image_publisher.hpp
-- Installing: /home/eierobot/ROS/teleop_ws/src/teleop_robot_bridge/install/teleop_robot_bridge/include/teleop_robot_bridge/video/video_converter.hpp
-- Installing: /home/eierobot/ROS/teleop_ws/src/teleop_robot_bridge/install/teleop_robot_bridge/include/teleop_robot_bridge/video/video_decoder.hpp
-- Installing: /home/eierobot/ROS/teleop_ws/src/teleop_robot_bridge/install/teleop_robot_bridge/include/teleop_robot_bridge/grpc
-- Installing: /home/eierobot/ROS/teleop_ws/src/teleop_robot_bridge/install/teleop_robot_bridge/include/teleop_robot_bridge/grpc/grpc_manager.hpp
-- Installing: /home/eierobot/ROS/teleop_ws/src/teleop_robot_bridge/install/teleop_robot_bridge/include/teleop_robot_bridge/grpc/grpc_module.hpp
-- Installing: /home/eierobot/ROS/teleop_ws/src/teleop_robot_bridge/install/teleop_robot_bridge/include/teleop_robot_bridge/audio
-- Installing: /home/eierobot/ROS/teleop_ws/src/teleop_robot_bridge/install/teleop_robot_bridge/include/teleop_robot_bridge/audio/audio_manager.hpp
-- Installing: /home/eierobot/ROS/teleop_ws/src/teleop_robot_bridge/install/teleop_robot_bridge/include/teleop_robot_bridge/audio/audio_receiver.hpp
-- Installing: /home/eierobot/ROS/teleop_ws/src/teleop_robot_bridge/install/teleop_robot_bridge/include/teleop_robot_bridge/audio/audio_module.hpp
-- Installing: /home/eierobot/ROS/teleop_ws/src/teleop_robot_bridge/install/teleop_robot_bridge/include/teleop_robot_bridge/udp
-- Installing: /home/eierobot/ROS/teleop_ws/src/teleop_robot_bridge/install/teleop_robot_bridge/include/teleop_robot_bridge/udp/fec_interface.hpp
-- Installing: /home/eierobot/ROS/teleop_ws/src/teleop_robot_bridge/install/teleop_robot_bridge/include/teleop_robot_bridge/udp/gf256.hpp
-- Installing: /home/eierobot/ROS/teleop_ws/src/teleop_robot_bridge/install/teleop_robot_bridge/include/teleop_robot_bridge/udp/control_plane.hpp
-- Installing: /home/eierobot/ROS/teleop_ws/src/teleop_robot_bridge/install/teleop_robot_bridge/include/teleop_robot_bridge/udp/send_queue.hpp
-- Installing: /home/eierobot/ROS/teleop_ws/src/teleop_robot_bridge/install/teleop_robot_bridge/include/teleop_robot_bridge/udp/pacer.hpp
-- Installing: /home/eierobot/ROS/teleop_ws/src/teleop_robot_bridge/install/teleop_robot_bridge/include/teleop_robot_bridge/udp/fec_v2.hpp
-- Installing: /home/eierobot/ROS/teleop_ws/src/teleop_robot_bridge/install/teleop_robot_bridge/include/teleop_robot_bridge/udp/udp_socket.hpp
-- Installing: /home/eierobot/ROS/teleop_ws/src/teleop_robot_bridge/install/teleop_robot_bridge/include/teleop_robot_bridge/udp/packet_codec.hpp
-- Installing: /home/eierobot/ROS/teleop_ws/src/teleop_robot_bridge/install/teleop_robot_bridge/include/teleop_robot_bridge/udp/udp_module.hpp
-- Installing: /home/eierobot/ROS/teleop_ws/src/teleop_robot_bridge/install/teleop_robot_bridge/include/teleop_robot_bridge/udp/udp_manager.hpp
-- Installing: /home/eierobot/ROS/teleop_ws/src/teleop_robot_bridge/install/teleop_robot_bridge/include/teleop_robot_bridge/udp/pose_udp_receiver.hpp
-- Installing: /home/eierobot/ROS/teleop_ws/src/teleop_robot_bridge/install/teleop_robot_bridge/include/teleop_robot_bridge/telemetry
-- Installing: /home/eierobot/ROS/teleop_ws/src/teleop_robot_bridge/install/teleop_robot_bridge/include/teleop_robot_bridge/telemetry/robot_telemetry_types.hpp
-- Installing: /home/eierobot/ROS/teleop_ws/src/teleop_robot_bridge/install/teleop_robot_bridge/share/teleop_robot_bridge/config
-- Installing: /home/eierobot/ROS/teleop_ws/src/teleop_robot_bridge/install/teleop_robot_bridge/share/teleop_robot_bridge/config/calibration_stereo.yaml
-- Installing: /home/eierobot/ROS/teleop_ws/src/teleop_robot_bridge/install/teleop_robot_bridge/share/teleop_robot_bridge/config/params.yaml
-- Installing: /home/eierobot/ROS/teleop_ws/src/teleop_robot_bridge/install/teleop_robot_bridge/share/teleop_robot_bridge/config/UDP_VIDEO_FEC_TABLE_V1(1).json
-- Installing: /home/eierobot/ROS/teleop_ws/src/teleop_robot_bridge/install/teleop_robot_bridge/share/teleop_robot_bridge/config/fov.yaml
-- Installing: /home/eierobot/ROS/teleop_ws/src/teleop_robot_bridge/install/teleop_robot_bridge/share/teleop_robot_bridge/launch
-- Installing: /home/eierobot/ROS/teleop_ws/src/teleop_robot_bridge/install/teleop_robot_bridge/share/teleop_robot_bridge/launch/bringup.launch.py
-- Installing: /home/eierobot/ROS/teleop_ws/src/teleop_robot_bridge/install/teleop_robot_bridge/share/ament_index/resource_index/package_run_dependencies/teleop_robot_bridge
-- Installing: /home/eierobot/ROS/teleop_ws/src/teleop_robot_bridge/install/teleop_robot_bridge/share/ament_index/resource_index/parent_prefix_path/teleop_robot_bridge
-- Installing: /home/eierobot/ROS/teleop_ws/src/teleop_robot_bridge/install/teleop_robot_bridge/share/teleop_robot_bridge/environment/ament_prefix_path.sh
-- Installing: /home/eierobot/ROS/teleop_ws/src/teleop_robot_bridge/install/teleop_robot_bridge/share/teleop_robot_bridge/environment/ament_prefix_path.dsv
-- Installing: /home/eierobot/ROS/teleop_ws/src/teleop_robot_bridge/install/teleop_robot_bridge/share/teleop_robot_bridge/environment/path.sh
-- Installing: /home/eierobot/ROS/teleop_ws/src/teleop_robot_bridge/install/teleop_robot_bridge/share/teleop_robot_bridge/environment/path.dsv
-- Installing: /home/eierobot/ROS/teleop_ws/src/teleop_robot_bridge/install/teleop_robot_bridge/share/teleop_robot_bridge/local_setup.bash
-- Installing: /home/eierobot/ROS/teleop_ws/src/teleop_robot_bridge/install/teleop_robot_bridge/share/teleop_robot_bridge/local_setup.sh
-- Installing: /home/eierobot/ROS/teleop_ws/src/teleop_robot_bridge/install/teleop_robot_bridge/share/teleop_robot_bridge/local_setup.zsh
-- Installing: /home/eierobot/ROS/teleop_ws/src/teleop_robot_bridge/install/teleop_robot_bridge/share/teleop_robot_bridge/local_setup.dsv
-- Installing: /home/eierobot/ROS/teleop_ws/src/teleop_robot_bridge/install/teleop_robot_bridge/share/teleop_robot_bridge/package.dsv
-- Installing: /home/eierobot/ROS/teleop_ws/src/teleop_robot_bridge/install/teleop_robot_bridge/share/ament_index/resource_index/packages/teleop_robot_bridge
-- Installing: /home/eierobot/ROS/teleop_ws/src/teleop_robot_bridge/install/teleop_robot_bridge/share/teleop_robot_bridge/cmake/export_teleop_robot_bridge__rosidl_generator_cExport.cmake
-- Installing: /home/eierobot/ROS/teleop_ws/src/teleop_robot_bridge/install/teleop_robot_bridge/share/teleop_robot_bridge/cmake/export_teleop_robot_bridge__rosidl_generator_cExport-relwithdebinfo.cmake
-- Installing: /home/eierobot/ROS/teleop_ws/src/teleop_robot_bridge/install/teleop_robot_bridge/share/teleop_robot_bridge/cmake/export_teleop_robot_bridge__rosidl_typesupport_fastrtps_cExport.cmake
-- Installing: /home/eierobot/ROS/teleop_ws/src/teleop_robot_bridge/install/teleop_robot_bridge/share/teleop_robot_bridge/cmake/export_teleop_robot_bridge__rosidl_typesupport_fastrtps_cExport-relwithdebinfo.cmake
-- Installing: /home/eierobot/ROS/teleop_ws/src/teleop_robot_bridge/install/teleop_robot_bridge/share/teleop_robot_bridge/cmake/teleop_robot_bridge__rosidl_typesupport_introspection_cExport.cmake
-- Installing: /home/eierobot/ROS/teleop_ws/src/teleop_robot_bridge/install/teleop_robot_bridge/share/teleop_robot_bridge/cmake/teleop_robot_bridge__rosidl_typesupport_introspection_cExport-relwithdebinfo.cmake
-- Installing: /home/eierobot/ROS/teleop_ws/src/teleop_robot_bridge/install/teleop_robot_bridge/share/teleop_robot_bridge/cmake/teleop_robot_bridge__rosidl_typesupport_cExport.cmake
-- Installing: /home/eierobot/ROS/teleop_ws/src/teleop_robot_bridge/install/teleop_robot_bridge/share/teleop_robot_bridge/cmake/teleop_robot_bridge__rosidl_typesupport_cExport-relwithdebinfo.cmake
-- Installing: /home/eierobot/ROS/teleop_ws/src/teleop_robot_bridge/install/teleop_robot_bridge/share/teleop_robot_bridge/cmake/export_teleop_robot_bridge__rosidl_generator_cppExport.cmake
-- Installing: /home/eierobot/ROS/teleop_ws/src/teleop_robot_bridge/install/teleop_robot_bridge/share/teleop_robot_bridge/cmake/export_teleop_robot_bridge__rosidl_typesupport_fastrtps_cppExport.cmake
-- Installing: /home/eierobot/ROS/teleop_ws/src/teleop_robot_bridge/install/teleop_robot_bridge/share/teleop_robot_bridge/cmake/export_teleop_robot_bridge__rosidl_typesupport_fastrtps_cppExport-relwithdebinfo.cmake
-- Installing: /home/eierobot/ROS/teleop_ws/src/teleop_robot_bridge/install/teleop_robot_bridge/share/teleop_robot_bridge/cmake/teleop_robot_bridge__rosidl_typesupport_introspection_cppExport.cmake
-- Installing: /home/eierobot/ROS/teleop_ws/src/teleop_robot_bridge/install/teleop_robot_bridge/share/teleop_robot_bridge/cmake/teleop_robot_bridge__rosidl_typesupport_introspection_cppExport-relwithdebinfo.cmake
-- Installing: /home/eierobot/ROS/teleop_ws/src/teleop_robot_bridge/install/teleop_robot_bridge/share/teleop_robot_bridge/cmake/teleop_robot_bridge__rosidl_typesupport_cppExport.cmake
-- Installing: /home/eierobot/ROS/teleop_ws/src/teleop_robot_bridge/install/teleop_robot_bridge/share/teleop_robot_bridge/cmake/teleop_robot_bridge__rosidl_typesupport_cppExport-relwithdebinfo.cmake
-- Installing: /home/eierobot/ROS/teleop_ws/src/teleop_robot_bridge/install/teleop_robot_bridge/share/teleop_robot_bridge/cmake/export_teleop_robot_bridge__rosidl_generator_pyExport.cmake
-- Installing: /home/eierobot/ROS/teleop_ws/src/teleop_robot_bridge/install/teleop_robot_bridge/share/teleop_robot_bridge/cmake/export_teleop_robot_bridge__rosidl_generator_pyExport-relwithdebinfo.cmake
-- Installing: /home/eierobot/ROS/teleop_ws/src/teleop_robot_bridge/install/teleop_robot_bridge/share/teleop_robot_bridge/cmake/rosidl_cmake-extras.cmake
-- Installing: /home/eierobot/ROS/teleop_ws/src/teleop_robot_bridge/install/teleop_robot_bridge/share/teleop_robot_bridge/cmake/ament_cmake_export_dependencies-extras.cmake
-- Installing: /home/eierobot/ROS/teleop_ws/src/teleop_robot_bridge/install/teleop_robot_bridge/share/teleop_robot_bridge/cmake/ament_cmake_export_include_directories-extras.cmake
-- Installing: /home/eierobot/ROS/teleop_ws/src/teleop_robot_bridge/install/teleop_robot_bridge/share/teleop_robot_bridge/cmake/ament_cmake_export_libraries-extras.cmake
-- Installing: /home/eierobot/ROS/teleop_ws/src/teleop_robot_bridge/install/teleop_robot_bridge/share/teleop_robot_bridge/cmake/ament_cmake_export_targets-extras.cmake
-- Installing: /home/eierobot/ROS/teleop_ws/src/teleop_robot_bridge/install/teleop_robot_bridge/share/teleop_robot_bridge/cmake/rosidl_cmake_export_typesupport_targets-extras.cmake
-- Installing: /home/eierobot/ROS/teleop_ws/src/teleop_robot_bridge/install/teleop_robot_bridge/share/teleop_robot_bridge/cmake/rosidl_cmake_export_typesupport_libraries-extras.cmake
-- Installing: /home/eierobot/ROS/teleop_ws/src/teleop_robot_bridge/install/teleop_robot_bridge/share/teleop_robot_bridge/cmake/teleop_robot_bridgeConfig.cmake
-- Installing: /home/eierobot/ROS/teleop_ws/src/teleop_robot_bridge/install/teleop_robot_bridge/share/teleop_robot_bridge/cmake/teleop_robot_bridgeConfig-version.cmake
-- Installing: /home/eierobot/ROS/teleop_ws/src/teleop_robot_bridge/install/teleop_robot_bridge/share/teleop_robot_bridge/package.xml
