[0.008s] Invoking command in '/home/eierobot/ROS/teleop_ws/src/teleop_robot_bridge/build/teleop_robot_bridge': CMAKE_PREFIX_PATH=${CMAKE_PREFIX_PATH}:/opt/ros/jazzy DEBUGINFOD_URLS=https://debuginfod.ubuntu.com /usr/bin/cmake /home/eierobot/ROS/teleop_ws/src/teleop_robot_bridge -DCMAKE_BUILD_TYPE=RelWithDebInfo -DCMAKE_INSTALL_PREFIX=/home/eierobot/ROS/teleop_ws/src/teleop_robot_bridge/install/teleop_robot_bridge
[0.081s] -- The C compiler identification is GNU 13.3.0
[0.148s] -- The CXX compiler identification is GNU 13.3.0
[0.167s] -- Detecting C compiler ABI info
[0.272s] -- Detecting C compiler ABI info - done
[0.291s] -- Check for working C compiler: /usr/bin/cc - skipped
[0.292s] -- Detecting C compile features
[0.293s] -- Detecting C compile features - done
[0.309s] -- Detecting CXX compiler ABI info
[0.435s] -- Detecting CXX compiler ABI info - done
[0.454s] -- Check for working CXX compiler: /usr/bin/c++ - skipped
[0.455s] -- Detecting CXX compile features
[0.456s] -- Detecting CXX compile features - done
[0.461s] -- Found ament_cmake: 2.5.6 (/opt/ros/jazzy/share/ament_cmake/cmake)
[0.643s] -- Found Python3: /usr/bin/python3 (found version "3.12.3") found components: Interpreter 
[0.776s] -- Found rosidl_default_generators: 1.6.0 (/opt/ros/jazzy/share/rosidl_default_generators/cmake)
[0.785s] -- Using all available rosidl_typesupport_c: rosidl_typesupport_fastrtps_c;rosidl_typesupport_introspection_c
[0.846s] -- Using all available rosidl_typesupport_cpp: rosidl_typesupport_fastrtps_cpp;rosidl_typesupport_introspection_cpp
[0.879s] -- Found rosidl_adapter: 4.6.7 (/opt/ros/jazzy/share/rosidl_adapter/cmake)
[0.882s] -- Found rclcpp: 28.1.18 (/opt/ros/jazzy/share/rclcpp/cmake)
[0.934s] -- Found rmw_implementation_cmake: 7.3.3 (/opt/ros/jazzy/share/rmw_implementation_cmake/cmake)
[0.936s] -- Found rmw_fastrtps_cpp: 8.4.3 (/opt/ros/jazzy/share/rmw_fastrtps_cpp/cmake)
[1.027s] -- Found OpenSSL: /usr/lib/aarch64-linux-gnu/libcrypto.so (found version "3.0.13")  
[1.059s] -- Found FastRTPS: /opt/ros/jazzy/include (Required is at least version "2.13") 
[1.093s] -- Using RMW implementation 'rmw_fastrtps_cpp' as default
[1.158s] -- Found rclpy: 7.1.11 (/opt/ros/jazzy/share/rclpy/cmake)
[1.159s] -- Found std_msgs: 5.3.7 (/opt/ros/jazzy/share/std_msgs/cmake)
[1.169s] -- Found sensor_msgs: 5.3.7 (/opt/ros/jazzy/share/sensor_msgs/cmake)
[1.194s] -- Performing Test CMAKE_HAVE_LIBC_PTHREAD
[1.302s] -- Performing Test CMAKE_HAVE_LIBC_PTHREAD - Success
[1.303s] -- Found Threads: TRUE  
[1.328s] -- Found OpenCV: /usr (found version "4.8.0") 
[1.447s] -- Found GStreamer audio development packages
[1.473s] -- Found Protobuf: /usr/lib/aarch64-linux-gnu/libprotobuf.so (found version "3.21.12") 
[1.501s] -- Found ZLIB: /usr/lib/aarch64-linux-gnu/libz.so (found version "1.3")  
[1.506s] -- Found c-ares: /usr/lib/aarch64-linux-gnu/cmake/c-ares/c-ares-config.cmake (found version "1.27.0") 
[1.537s] -- Found PkgConfig: /usr/bin/pkg-config (found version "1.8.1") 
[1.604s] -- Found RE2 via pkg-config.
[1.608s] -- Found Jetson Multimedia API at /usr/src/jetson_multimedia_api
[1.609s] -- Using Jetson JPEG headers: /usr/src/jetson_multimedia_api/include/libjpeg-9f
[1.654s] -- Found CUDA: /usr/local/cuda-13.2 (found version "13.2") 
[2.571s] -- Found ament_cmake_ros: 0.12.0 (/opt/ros/jazzy/share/ament_cmake_ros/cmake)
[3.293s] -- Using all available rosidl_typesupport_c: rosidl_typesupport_fastrtps_c;rosidl_typesupport_introspection_c
[4.253s] -- Using all available rosidl_typesupport_cpp: rosidl_typesupport_fastrtps_cpp;rosidl_typesupport_introspection_cpp
[4.259s] -- Found python_cmake_module: 0.11.1 (/opt/ros/jazzy/share/python_cmake_module/cmake)
[4.431s] -- Found PythonExtra: /usr/bin/python3  
[4.906s] -- Found Python3: /usr/bin/python3 (found version "3.12.3") found components: Interpreter Development NumPy Development.Module Development.Embed 
[5.119s] -- Found Python3: /usr/bin/python3 (found version "3.12.3") found components: Interpreter 
[5.128s] -- Found ament_lint_auto: 0.17.5 (/opt/ros/jazzy/share/ament_lint_auto/cmake)
[5.157s] -- Added test 'copyright' to check source files copyright and LICENSE
[5.173s] -- Added test 'cppcheck' to perform static code analysis on C / C++ code
[5.174s] -- Configured cppcheck include dirs: /home/eierobot/ROS/teleop_ws/src/teleop_robot_bridge/build/teleop_robot_bridge/generated;$<BUILD_INTERFACE:/home/eierobot/ROS/teleop_ws/src/teleop_robot_bridge/include>;$<BUILD_INTERFACE:/home/eierobot/ROS/teleop_ws/src/teleop_robot_bridge/build/teleop_robot_bridge/rosidl_generator_c>;$<BUILD_INTERFACE:/home/eierobot/ROS/teleop_ws/src/teleop_robot_bridge/build/teleop_robot_bridge/rosidl_typesupport_fastrtps_c>;$<BUILD_INTERFACE:/home/eierobot/ROS/teleop_ws/src/teleop_robot_bridge/build/teleop_robot_bridge/rosidl_typesupport_introspection_c>;$<BUILD_INTERFACE:/home/eierobot/ROS/teleop_ws/src/teleop_robot_bridge/build/teleop_robot_bridge/rosidl_generator_cpp>;$<BUILD_INTERFACE:/home/eierobot/ROS/teleop_ws/src/teleop_robot_bridge/build/teleop_robot_bridge/rosidl_typesupport_fastrtps_cpp>;$<BUILD_INTERFACE:/home/eierobot/ROS/teleop_ws/src/teleop_robot_bridge/build/teleop_robot_bridge/rosidl_typesupport_introspection_cpp>;/home/eierobot/ROS/teleop_ws/src/teleop_robot_bridge/build/teleop_robot_bridge/rosidl_generator_c;/home/eierobot/ROS/teleop_ws/src/teleop_robot_bridge/build/teleop_robot_bridge/rosidl_generator_py
[5.174s] -- Configured cppcheck exclude dirs and/or files: 
[5.187s] -- Added test 'cpplint' to check C / C++ code against the Google style
[5.187s] -- Configured cpplint exclude dirs and/or files: 
[5.189s] -- Added test 'flake8' to check Python code syntax and style conventions
[5.189s] -- Configured 'flake8' exclude dirs and/or files: 
[5.192s] -- Added test 'lint_cmake' to check CMake code style
[5.194s] -- Added test 'pep257' to check Python code against some of the docstring style conventions in PEP 257
[5.205s] -- Added test 'uncrustify' to check C / C++ code style
[5.205s] -- Configured uncrustify additional arguments: 
[5.207s] -- Added test 'xmllint' to check XML markup files
[5.209s] -- Configuring done (5.2s)
[5.350s] -- Generating done (0.1s)
[5.374s] -- Build files have been written to: /home/eierobot/ROS/teleop_ws/src/teleop_robot_bridge/build/teleop_robot_bridge
[5.404s] Invoked command in '/home/eierobot/ROS/teleop_ws/src/teleop_robot_bridge/build/teleop_robot_bridge' returned '0': CMAKE_PREFIX_PATH=${CMAKE_PREFIX_PATH}:/opt/ros/jazzy DEBUGINFOD_URLS=https://debuginfod.ubuntu.com /usr/bin/cmake /home/eierobot/ROS/teleop_ws/src/teleop_robot_bridge -DCMAKE_BUILD_TYPE=RelWithDebInfo -DCMAKE_INSTALL_PREFIX=/home/eierobot/ROS/teleop_ws/src/teleop_robot_bridge/install/teleop_robot_bridge
[5.408s] Invoking command in '/home/eierobot/ROS/teleop_ws/src/teleop_robot_bridge/build/teleop_robot_bridge': CMAKE_PREFIX_PATH=${CMAKE_PREFIX_PATH}:/opt/ros/jazzy DEBUGINFOD_URLS=https://debuginfod.ubuntu.com /usr/bin/cmake --build /home/eierobot/ROS/teleop_ws/src/teleop_robot_bridge/build/teleop_robot_bridge -- -j14 -l14
[5.485s] [  0%] Generating generated/signaling.pb.cc, generated/signaling.pb.h, generated/signaling.grpc.pb.cc, generated/signaling.grpc.pb.h
[5.498s] [  0%] Building CXX object CMakeFiles/video_v4l2_capturer.dir/src/video/video_v4l2_capturer.cpp.o
[5.498s] [  0%] Building CXX object CMakeFiles/video_encoder.dir/src/video/video_encoder.cpp.o
[5.498s] [  0%] Building CXX object CMakeFiles/video_converter.dir/src/video/video_converter.cpp.o
[5.498s] [  0%] Building CXX object CMakeFiles/video_converter.dir/usr/src/jetson_multimedia_api/samples/common/classes/NvJpegDecoder.cpp.o
[5.498s] [  1%] Building CXX object CMakeFiles/video_converter.dir/usr/src/jetson_multimedia_api/samples/common/classes/NvBufSurface.cpp.o
[5.498s] [  1%] Generating Rust code for ROS interfaces
[5.498s] [  1%] Building CXX object CMakeFiles/video_converter.dir/usr/src/jetson_multimedia_api/samples/common/classes/NvElement.cpp.o
[5.499s] [  2%] Building CXX object CMakeFiles/video_converter.dir/usr/src/jetson_multimedia_api/samples/common/classes/NvElementProfiler.cpp.o
[5.500s] [  2%] Building CXX object CMakeFiles/video_converter.dir/usr/src/jetson_multimedia_api/samples/common/classes/NvUtils.cpp.o
[5.500s] [  2%] Building CXX object CMakeFiles/video_converter.dir/usr/src/jetson_multimedia_api/samples/common/classes/NvLogging.cpp.o
[5.501s] [  2%] Generating type hashes for ROS interfaces
[5.501s] [  2%] Building CXX object CMakeFiles/video_converter.dir/usr/src/jetson_multimedia_api/samples/common/classes/NvBuffer.cpp.o
[5.508s] [  2%] Built target ament_cmake_python_copy_teleop_robot_bridge
[5.518s] [  2%] Building CXX object CMakeFiles/video_converter.dir/usr/src/jetson_multimedia_api/samples/common/classes/NvV4l2Element.cpp.o
[5.625s] [  3%] Building CXX object CMakeFiles/teleop_robot_bridge_grpc_proto.dir/generated/signaling.pb.cc.o
[5.814s] [  3%] Building CXX object CMakeFiles/video_converter.dir/usr/src/jetson_multimedia_api/samples/common/classes/NvV4l2ElementPlane.cpp.o
[5.822s] [  3%] Building CXX object CMakeFiles/video_encoder.dir/usr/src/jetson_multimedia_api/samples/common/classes/NvVideoEncoder.cpp.o
[5.954s] [  3%] Building CXX object CMakeFiles/teleop_robot_bridge_grpc_proto.dir/generated/signaling.grpc.pb.cc.o
[5.988s] [  3%] Building CXX object CMakeFiles/video_encoder.dir/usr/src/jetson_multimedia_api/samples/common/classes/NvBufSurface.cpp.o
[5.988s] running egg_info
[5.989s] creating teleop_robot_bridge.egg-info
[6.001s] writing teleop_robot_bridge.egg-info/PKG-INFO
[6.001s] writing dependency_links to teleop_robot_bridge.egg-info/dependency_links.txt
[6.001s] writing top-level names to teleop_robot_bridge.egg-info/top_level.txt
[6.001s] writing manifest file 'teleop_robot_bridge.egg-info/SOURCES.txt'
[6.037s] reading manifest file 'teleop_robot_bridge.egg-info/SOURCES.txt'
[6.038s] writing manifest file 'teleop_robot_bridge.egg-info/SOURCES.txt'
[6.085s] [  3%] Built target ament_cmake_python_build_teleop_robot_bridge_egg
[6.094s] [  3%] Building CXX object CMakeFiles/video_encoder.dir/usr/src/jetson_multimedia_api/samples/common/classes/NvBuffer.cpp.o
[6.251s] [  4%] Linking CXX static library libvideo_v4l2_capturer.a
[6.310s] [  4%] Built target video_v4l2_capturer
[6.318s] [  5%] Building CXX object CMakeFiles/video_encoder.dir/usr/src/jetson_multimedia_api/samples/common/classes/NvElement.cpp.o
[6.420s] [  5%] Building CXX object CMakeFiles/video_encoder.dir/usr/src/jetson_multimedia_api/samples/common/classes/NvLogging.cpp.o
[6.491s] [  5%] Building CXX object CMakeFiles/video_encoder.dir/usr/src/jetson_multimedia_api/samples/common/classes/NvElementProfiler.cpp.o
[6.544s] [  5%] Building CXX object CMakeFiles/video_encoder.dir/usr/src/jetson_multimedia_api/samples/common/classes/NvUtils.cpp.o
[6.659s] [  6%] Building CXX object CMakeFiles/video_encoder.dir/usr/src/jetson_multimedia_api/samples/common/classes/NvV4l2Element.cpp.o
[6.672s] [  6%] Building CXX object CMakeFiles/video_encoder.dir/usr/src/jetson_multimedia_api/samples/common/classes/NvV4l2ElementPlane.cpp.o
[7.594s] [  6%] Built target teleop_robot_bridge__rs
[7.656s] [  6%] Built target teleop_robot_bridge__rosidl_generator_type_description
[7.672s] [  6%] Generating C code for ROS interfaces
[7.686s] [  6%] Generating C++ code for ROS interfaces
[8.710s] /home/eierobot/ROS/teleop_ws/src/teleop_robot_bridge/src/video/video_encoder.cpp:398:28: warning: ‘std::string trb::video::{anonymous}::base64Encode(const uint8_t*, size_t)’ defined but not used [-Wunused-function]
[8.711s]   398 |         static std::string base64Encode(const uint8_t *data, size_t size)
[8.711s]       |                            ^~~~~~~~~~~~
[8.711s] /home/eierobot/ROS/teleop_ws/src/teleop_robot_bridge/src/video/video_encoder.cpp:384:28: warning: ‘std::string trb::video::{anonymous}::bytesToHex(const uint8_t*, size_t)’ defined but not used [-Wunused-function]
[8.711s]   384 |         static std::string bytesToHex(const uint8_t *data, size_t size)
[8.711s]       |                            ^~~~~~~~~~
[8.711s] /home/eierobot/ROS/teleop_ws/src/teleop_robot_bridge/src/video/video_encoder.cpp:337:21: warning: ‘bool trb::video::{anonymous}::containsH264ISlice(const uint8_t*, size_t)’ defined but not used [-Wunused-function]
[8.711s]   337 |         static bool containsH264ISlice(const uint8_t *data, size_t size)
[8.711s]       |                     ^~~~~~~~~~~~~~~~~~
[9.781s] [  7%] Linking CXX static library libvideo_converter.a
[9.874s] [  7%] Built target video_converter
[10.111s] [  7%] Linking CXX static library libvideo_encoder.a
[10.214s] [  7%] Built target video_encoder
[10.418s] [  7%] Built target teleop_robot_bridge__cpp
[10.868s] [  7%] Building C object CMakeFiles/teleop_robot_bridge__rosidl_generator_c.dir/rosidl_generator_c/teleop_robot_bridge/msg/detail/agv_battery_state__description.c.o
[10.868s] [  8%] Building C object CMakeFiles/teleop_robot_bridge__rosidl_generator_c.dir/rosidl_generator_c/teleop_robot_bridge/msg/detail/agv_battery_state__functions.c.o
[10.868s] [  8%] Building C object CMakeFiles/teleop_robot_bridge__rosidl_generator_c.dir/rosidl_generator_c/teleop_robot_bridge/msg/detail/agv_device_state__description.c.o
[10.868s] [  8%] Building C object CMakeFiles/teleop_robot_bridge__rosidl_generator_c.dir/rosidl_generator_c/teleop_robot_bridge/msg/detail/agv_battery_state__type_support.c.o
[10.868s] [  9%] Building C object CMakeFiles/teleop_robot_bridge__rosidl_generator_c.dir/rosidl_generator_c/teleop_robot_bridge/msg/detail/agv_cmd_vel__type_support.c.o
[10.868s] [  9%] Building C object CMakeFiles/teleop_robot_bridge__rosidl_generator_c.dir/rosidl_generator_c/teleop_robot_bridge/msg/detail/agv_cmd_vel__functions.c.o
[10.868s] [  9%] Building C object CMakeFiles/teleop_robot_bridge__rosidl_generator_c.dir/rosidl_generator_c/teleop_robot_bridge/msg/detail/agv_device_state__functions.c.o
[10.868s] [  9%] Building C object CMakeFiles/teleop_robot_bridge__rosidl_generator_c.dir/rosidl_generator_c/teleop_robot_bridge/msg/detail/agv_device_state__type_support.c.o
[10.868s] [  9%] Building C object CMakeFiles/teleop_robot_bridge__rosidl_generator_c.dir/rosidl_generator_c/teleop_robot_bridge/msg/detail/agv_imu__description.c.o
[10.868s] [ 10%] Building C object CMakeFiles/teleop_robot_bridge__rosidl_generator_c.dir/rosidl_generator_c/teleop_robot_bridge/msg/detail/agv_imu__functions.c.o
[10.869s] [ 10%] Building C object CMakeFiles/teleop_robot_bridge__rosidl_generator_c.dir/rosidl_generator_c/teleop_robot_bridge/msg/detail/agv_joint_feedback__description.c.o
[10.869s] [ 10%] Building C object CMakeFiles/teleop_robot_bridge__rosidl_generator_c.dir/rosidl_generator_c/teleop_robot_bridge/msg/detail/agv_cmd_vel__description.c.o
[10.873s] [ 10%] Building C object CMakeFiles/teleop_robot_bridge__rosidl_generator_c.dir/rosidl_generator_c/teleop_robot_bridge/msg/detail/agv_imu__type_support.c.o
[10.904s] [ 11%] Building C object CMakeFiles/teleop_robot_bridge__rosidl_generator_c.dir/rosidl_generator_c/teleop_robot_bridge/msg/detail/agv_joint_feedback__type_support.c.o
[10.904s] [ 11%] Building C object CMakeFiles/teleop_robot_bridge__rosidl_generator_c.dir/rosidl_generator_c/teleop_robot_bridge/msg/detail/agv_joint_feedback__functions.c.o
[10.905s] [ 11%] Building C object CMakeFiles/teleop_robot_bridge__rosidl_generator_c.dir/rosidl_generator_c/teleop_robot_bridge/msg/detail/agv_joint_status__description.c.o
[10.916s] [ 11%] Building C object CMakeFiles/teleop_robot_bridge__rosidl_generator_c.dir/rosidl_generator_c/teleop_robot_bridge/msg/detail/agv_joint_status__functions.c.o
[10.922s] [ 11%] Building C object CMakeFiles/teleop_robot_bridge__rosidl_generator_c.dir/rosidl_generator_c/teleop_robot_bridge/msg/detail/agv_joint_status__type_support.c.o
[10.923s] [ 11%] Building C object CMakeFiles/teleop_robot_bridge__rosidl_generator_c.dir/rosidl_generator_c/teleop_robot_bridge/msg/detail/agv_motion_ctrl__functions.c.o
[10.923s] [ 12%] Building C object CMakeFiles/teleop_robot_bridge__rosidl_generator_c.dir/rosidl_generator_c/teleop_robot_bridge/msg/detail/agv_motion_ctrl__description.c.o
[10.928s] [ 12%] Building C object CMakeFiles/teleop_robot_bridge__rosidl_generator_c.dir/rosidl_generator_c/teleop_robot_bridge/msg/detail/agv_motion_ctrl__type_support.c.o
[10.945s] [ 12%] Building C object CMakeFiles/teleop_robot_bridge__rosidl_generator_c.dir/rosidl_generator_c/teleop_robot_bridge/msg/detail/agv_ultrasonic__description.c.o
[10.955s] [ 12%] Building C object CMakeFiles/teleop_robot_bridge__rosidl_generator_c.dir/rosidl_generator_c/teleop_robot_bridge/msg/detail/agv_ultrasonic__functions.c.o
[10.958s] [ 13%] Building C object CMakeFiles/teleop_robot_bridge__rosidl_generator_c.dir/rosidl_generator_c/teleop_robot_bridge/msg/detail/agv_ultrasonic__type_support.c.o
[10.967s] [ 13%] Building C object CMakeFiles/teleop_robot_bridge__rosidl_generator_c.dir/rosidl_generator_c/teleop_robot_bridge/msg/detail/agv_vda5050_state__description.c.o
[10.969s] [ 13%] Building C object CMakeFiles/teleop_robot_bridge__rosidl_generator_c.dir/rosidl_generator_c/teleop_robot_bridge/msg/detail/agv_vda5050_state__functions.c.o
[10.971s] [ 14%] Building C object CMakeFiles/teleop_robot_bridge__rosidl_generator_c.dir/rosidl_generator_c/teleop_robot_bridge/msg/detail/agv_vel__description.c.o
[10.971s] [ 14%] Building C object CMakeFiles/teleop_robot_bridge__rosidl_generator_c.dir/rosidl_generator_c/teleop_robot_bridge/msg/detail/agv_vda5050_state__type_support.c.o
[10.973s] [ 14%] Building C object CMakeFiles/teleop_robot_bridge__rosidl_generator_c.dir/rosidl_generator_c/teleop_robot_bridge/msg/detail/agv_vel__functions.c.o
[10.973s] [ 14%] Building C object CMakeFiles/teleop_robot_bridge__rosidl_generator_c.dir/rosidl_generator_c/teleop_robot_bridge/msg/detail/agv_vel__type_support.c.o
[10.978s] [ 14%] Building C object CMakeFiles/teleop_robot_bridge__rosidl_generator_c.dir/rosidl_generator_c/teleop_robot_bridge/msg/detail/arm_joint_command__description.c.o
[11.001s] [ 15%] Building C object CMakeFiles/teleop_robot_bridge__rosidl_generator_c.dir/rosidl_generator_c/teleop_robot_bridge/msg/detail/arm_joint_command__functions.c.o
[11.005s] [ 15%] Building C object CMakeFiles/teleop_robot_bridge__rosidl_generator_c.dir/rosidl_generator_c/teleop_robot_bridge/msg/detail/arm_joint_command__type_support.c.o
[11.010s] [ 15%] Building C object CMakeFiles/teleop_robot_bridge__rosidl_generator_c.dir/rosidl_generator_c/teleop_robot_bridge/msg/detail/arm_joint_feedback__description.c.o
[11.020s] [ 15%] Building C object CMakeFiles/teleop_robot_bridge__rosidl_generator_c.dir/rosidl_generator_c/teleop_robot_bridge/msg/detail/arm_joint_feedback__functions.c.o
[11.026s] [ 15%] Building C object CMakeFiles/teleop_robot_bridge__rosidl_generator_c.dir/rosidl_generator_c/teleop_robot_bridge/msg/detail/arm_joint_feedback__type_support.c.o
[11.034s] [ 16%] Building C object CMakeFiles/teleop_robot_bridge__rosidl_generator_c.dir/rosidl_generator_c/teleop_robot_bridge/msg/detail/arm_joint_status__description.c.o
[11.034s] [ 16%] Building C object CMakeFiles/teleop_robot_bridge__rosidl_generator_c.dir/rosidl_generator_c/teleop_robot_bridge/msg/detail/arm_joint_status__type_support.c.o
[11.034s] [ 16%] Building C object CMakeFiles/teleop_robot_bridge__rosidl_generator_c.dir/rosidl_generator_c/teleop_robot_bridge/msg/detail/arm_motion_ctrl__description.c.o
[11.034s] [ 16%] Building C object CMakeFiles/teleop_robot_bridge__rosidl_generator_c.dir/rosidl_generator_c/teleop_robot_bridge/msg/detail/arm_joint_status__functions.c.o
[11.034s] [ 17%] Building C object CMakeFiles/teleop_robot_bridge__rosidl_generator_c.dir/rosidl_generator_c/teleop_robot_bridge/msg/detail/arm_motion_ctrl__functions.c.o
[11.048s] [ 17%] Building C object CMakeFiles/teleop_robot_bridge__rosidl_generator_c.dir/rosidl_generator_c/teleop_robot_bridge/msg/detail/arm_motion_ctrl__type_support.c.o
[11.062s] [ 17%] Building C object CMakeFiles/teleop_robot_bridge__rosidl_generator_c.dir/rosidl_generator_c/teleop_robot_bridge/msg/detail/ee_tcp_command__functions.c.o
[11.062s] [ 17%] Building C object CMakeFiles/teleop_robot_bridge__rosidl_generator_c.dir/rosidl_generator_c/teleop_robot_bridge/msg/detail/ee_tcp_command__description.c.o
[11.063s] [ 17%] Building C object CMakeFiles/teleop_robot_bridge__rosidl_generator_c.dir/rosidl_generator_c/teleop_robot_bridge/msg/detail/ee_tcp_command__type_support.c.o
[11.065s] [ 18%] Building C object CMakeFiles/teleop_robot_bridge__rosidl_generator_c.dir/rosidl_generator_c/teleop_robot_bridge/msg/detail/gripper_device_state__description.c.o
[11.078s] [ 18%] Building C object CMakeFiles/teleop_robot_bridge__rosidl_generator_c.dir/rosidl_generator_c/teleop_robot_bridge/msg/detail/gripper_device_state__functions.c.o
[11.082s] [ 18%] Building C object CMakeFiles/teleop_robot_bridge__rosidl_generator_c.dir/rosidl_generator_c/teleop_robot_bridge/msg/detail/gripper_device_state__type_support.c.o
[11.093s] [ 18%] Building C object CMakeFiles/teleop_robot_bridge__rosidl_generator_c.dir/rosidl_generator_c/teleop_robot_bridge/msg/detail/gripper_move__description.c.o
[11.097s] [ 19%] Building C object CMakeFiles/teleop_robot_bridge__rosidl_generator_c.dir/rosidl_generator_c/teleop_robot_bridge/msg/detail/gripper_move__functions.c.o
[11.105s] [ 19%] Building C object CMakeFiles/teleop_robot_bridge__rosidl_generator_c.dir/rosidl_generator_c/teleop_robot_bridge/msg/detail/gripper_move__type_support.c.o
[11.113s] [ 19%] Building C object CMakeFiles/teleop_robot_bridge__rosidl_generator_c.dir/rosidl_generator_c/teleop_robot_bridge/msg/detail/gripper_status__functions.c.o
[11.115s] [ 20%] Building C object CMakeFiles/teleop_robot_bridge__rosidl_generator_c.dir/rosidl_generator_c/teleop_robot_bridge/msg/detail/gripper_status__type_support.c.o
[11.117s] [ 20%] Building C object CMakeFiles/teleop_robot_bridge__rosidl_generator_c.dir/rosidl_generator_c/teleop_robot_bridge/msg/detail/gripper_status__description.c.o
[11.117s] [ 20%] Building C object CMakeFiles/teleop_robot_bridge__rosidl_generator_c.dir/rosidl_generator_c/teleop_robot_bridge/msg/detail/gripper_tactile__description.c.o
[11.134s] [ 20%] Building C object CMakeFiles/teleop_robot_bridge__rosidl_generator_c.dir/rosidl_generator_c/teleop_robot_bridge/msg/detail/gripper_tactile__functions.c.o
[11.139s] [ 20%] Building C object CMakeFiles/teleop_robot_bridge__rosidl_generator_c.dir/rosidl_generator_c/teleop_robot_bridge/msg/detail/gripper_tactile__type_support.c.o
[11.145s] [ 21%] Building C object CMakeFiles/teleop_robot_bridge__rosidl_generator_c.dir/rosidl_generator_c/teleop_robot_bridge/msg/detail/hand_tactile__functions.c.o
[11.149s] [ 21%] Building C object CMakeFiles/teleop_robot_bridge__rosidl_generator_c.dir/rosidl_generator_c/teleop_robot_bridge/msg/detail/hand_tactile__description.c.o
[11.150s] [ 21%] Building C object CMakeFiles/teleop_robot_bridge__rosidl_generator_c.dir/rosidl_generator_c/teleop_robot_bridge/msg/detail/hand_tactile__type_support.c.o
[11.151s] [ 21%] Building C object CMakeFiles/teleop_robot_bridge__rosidl_generator_c.dir/rosidl_generator_c/teleop_robot_bridge/msg/detail/head_joint_command__description.c.o
[11.158s] [ 21%] Building C object CMakeFiles/teleop_robot_bridge__rosidl_generator_c.dir/rosidl_generator_c/teleop_robot_bridge/msg/detail/head_joint_command__functions.c.o
[11.174s] [ 22%] Building C object CMakeFiles/teleop_robot_bridge__rosidl_generator_c.dir/rosidl_generator_c/teleop_robot_bridge/msg/detail/head_joint_command__type_support.c.o
[11.178s] [ 22%] Building C object CMakeFiles/teleop_robot_bridge__rosidl_generator_c.dir/rosidl_generator_c/teleop_robot_bridge/msg/detail/head_joint_feedback__description.c.o
[11.182s] [ 22%] Building C object CMakeFiles/teleop_robot_bridge__rosidl_generator_c.dir/rosidl_generator_c/teleop_robot_bridge/msg/detail/head_joint_feedback__functions.c.o
[11.183s] [ 22%] Building C object CMakeFiles/teleop_robot_bridge__rosidl_generator_c.dir/rosidl_generator_c/teleop_robot_bridge/msg/detail/head_joint_feedback__type_support.c.o
[11.199s] [ 22%] Building C object CMakeFiles/teleop_robot_bridge__rosidl_generator_c.dir/rosidl_generator_c/teleop_robot_bridge/msg/detail/head_motion_ctrl__description.c.o
[11.201s] [ 23%] Building C object CMakeFiles/teleop_robot_bridge__rosidl_generator_c.dir/rosidl_generator_c/teleop_robot_bridge/msg/detail/head_joint_status__description.c.o
[11.201s] [ 23%] Building C object CMakeFiles/teleop_robot_bridge__rosidl_generator_c.dir/rosidl_generator_c/teleop_robot_bridge/msg/detail/head_joint_status__type_support.c.o
[11.204s] [ 23%] Building C object CMakeFiles/teleop_robot_bridge__rosidl_generator_c.dir/rosidl_generator_c/teleop_robot_bridge/msg/detail/head_joint_status__functions.c.o
[11.242s] [ 24%] Building C object CMakeFiles/teleop_robot_bridge__rosidl_generator_c.dir/rosidl_generator_c/teleop_robot_bridge/msg/detail/head_motion_ctrl__type_support.c.o
[11.243s] [ 24%] Building C object CMakeFiles/teleop_robot_bridge__rosidl_generator_c.dir/rosidl_generator_c/teleop_robot_bridge/msg/detail/joint_status__description.c.o
[11.244s] [ 24%] Building C object CMakeFiles/teleop_robot_bridge__rosidl_generator_c.dir/rosidl_generator_c/teleop_robot_bridge/msg/detail/head_motion_ctrl__functions.c.o
[11.249s] [ 24%] Building C object CMakeFiles/teleop_robot_bridge__rosidl_generator_c.dir/rosidl_generator_c/teleop_robot_bridge/msg/detail/joint_status__functions.c.o
[11.249s] [ 25%] Building C object CMakeFiles/teleop_robot_bridge__rosidl_generator_c.dir/rosidl_generator_c/teleop_robot_bridge/msg/detail/joy_state__description.c.o
[11.252s] [ 25%] Building C object CMakeFiles/teleop_robot_bridge__rosidl_generator_c.dir/rosidl_generator_c/teleop_robot_bridge/msg/detail/joint_status__type_support.c.o
[11.252s] [ 25%] Building C object CMakeFiles/teleop_robot_bridge__rosidl_generator_c.dir/rosidl_generator_c/teleop_robot_bridge/msg/detail/joy_state__type_support.c.o
[11.252s] [ 25%] Building C object CMakeFiles/teleop_robot_bridge__rosidl_generator_c.dir/rosidl_generator_c/teleop_robot_bridge/msg/detail/joy_state__functions.c.o
[11.252s] [ 25%] Building C object CMakeFiles/teleop_robot_bridge__rosidl_generator_c.dir/rosidl_generator_c/teleop_robot_bridge/msg/detail/single_device_state__description.c.o
[11.268s] [ 25%] Building C object CMakeFiles/teleop_robot_bridge__rosidl_generator_c.dir/rosidl_generator_c/teleop_robot_bridge/msg/detail/single_device_state__functions.c.o
[11.281s] [ 26%] Building C object CMakeFiles/teleop_robot_bridge__rosidl_generator_c.dir/rosidl_generator_c/teleop_robot_bridge/msg/detail/single_device_state__type_support.c.o
[11.283s] [ 26%] Building C object CMakeFiles/teleop_robot_bridge__rosidl_generator_c.dir/rosidl_generator_c/teleop_robot_bridge/msg/detail/single_gripper_move__description.c.o
[11.288s] [ 26%] Building C object CMakeFiles/teleop_robot_bridge__rosidl_generator_c.dir/rosidl_generator_c/teleop_robot_bridge/msg/detail/single_gripper_move__functions.c.o
[11.294s] [ 26%] Building C object CMakeFiles/teleop_robot_bridge__rosidl_generator_c.dir/rosidl_generator_c/teleop_robot_bridge/msg/detail/single_gripper_move__type_support.c.o
[11.302s] [ 27%] Building C object CMakeFiles/teleop_robot_bridge__rosidl_generator_c.dir/rosidl_generator_c/teleop_robot_bridge/msg/detail/single_gripper_status__description.c.o
[11.302s] [ 27%] Building C object CMakeFiles/teleop_robot_bridge__rosidl_generator_c.dir/rosidl_generator_c/teleop_robot_bridge/msg/detail/single_gripper_status__type_support.c.o
[11.302s] [ 27%] Building C object CMakeFiles/teleop_robot_bridge__rosidl_generator_c.dir/rosidl_generator_c/teleop_robot_bridge/msg/detail/single_gripper_status__functions.c.o
[11.316s] [ 27%] Building C object CMakeFiles/teleop_robot_bridge__rosidl_generator_c.dir/rosidl_generator_c/teleop_robot_bridge/msg/detail/temperature__description.c.o
[11.336s] [ 28%] Building C object CMakeFiles/teleop_robot_bridge__rosidl_generator_c.dir/rosidl_generator_c/teleop_robot_bridge/msg/detail/temperature__functions.c.o
[11.336s] [ 28%] Building C object CMakeFiles/teleop_robot_bridge__rosidl_generator_c.dir/rosidl_generator_c/teleop_robot_bridge/msg/detail/temperature__type_support.c.o
[11.350s] [ 28%] Building C object CMakeFiles/teleop_robot_bridge__rosidl_generator_c.dir/rosidl_generator_c/teleop_robot_bridge/msg/detail/upper_body_device_state__functions.c.o
[11.350s] [ 28%] Building C object CMakeFiles/teleop_robot_bridge__rosidl_generator_c.dir/rosidl_generator_c/teleop_robot_bridge/msg/detail/upper_body_device_state__type_support.c.o
[11.353s] [ 28%] Building C object CMakeFiles/teleop_robot_bridge__rosidl_generator_c.dir/rosidl_generator_c/teleop_robot_bridge/msg/detail/upper_body_device_state__description.c.o
[11.364s] [ 28%] Building C object CMakeFiles/teleop_robot_bridge__rosidl_generator_c.dir/rosidl_generator_c/teleop_robot_bridge/msg/detail/waist_joint_command__functions.c.o
[11.387s] [ 29%] Building C object CMakeFiles/teleop_robot_bridge__rosidl_generator_c.dir/rosidl_generator_c/teleop_robot_bridge/msg/detail/waist_joint_command__description.c.o
[11.388s] [ 29%] Building C object CMakeFiles/teleop_robot_bridge__rosidl_generator_c.dir/rosidl_generator_c/teleop_robot_bridge/msg/detail/waist_joint_feedback__description.c.o
[11.388s] [ 29%] Building C object CMakeFiles/teleop_robot_bridge__rosidl_generator_c.dir/rosidl_generator_c/teleop_robot_bridge/msg/detail/waist_joint_command__type_support.c.o
[11.388s] [ 29%] Building C object CMakeFiles/teleop_robot_bridge__rosidl_generator_c.dir/rosidl_generator_c/teleop_robot_bridge/msg/detail/waist_joint_feedback__type_support.c.o
[11.388s] [ 30%] Building C object CMakeFiles/teleop_robot_bridge__rosidl_generator_c.dir/rosidl_generator_c/teleop_robot_bridge/msg/detail/waist_joint_feedback__functions.c.o
[11.393s] [ 30%] Building C object CMakeFiles/teleop_robot_bridge__rosidl_generator_c.dir/rosidl_generator_c/teleop_robot_bridge/msg/detail/waist_joint_status__description.c.o
[11.399s] [ 30%] Building C object CMakeFiles/teleop_robot_bridge__rosidl_generator_c.dir/rosidl_generator_c/teleop_robot_bridge/msg/detail/waist_joint_status__functions.c.o
[11.408s] [ 31%] Building C object CMakeFiles/teleop_robot_bridge__rosidl_generator_c.dir/rosidl_generator_c/teleop_robot_bridge/msg/detail/waist_joint_status__type_support.c.o
[11.410s] [ 31%] Building C object CMakeFiles/teleop_robot_bridge__rosidl_generator_c.dir/rosidl_generator_c/teleop_robot_bridge/msg/detail/waist_motion_ctrl__description.c.o
[11.419s] [ 31%] Building C object CMakeFiles/teleop_robot_bridge__rosidl_generator_c.dir/rosidl_generator_c/teleop_robot_bridge/msg/detail/waist_motion_ctrl__functions.c.o
[11.429s] [ 31%] Building C object CMakeFiles/teleop_robot_bridge__rosidl_generator_c.dir/rosidl_generator_c/teleop_robot_bridge/msg/detail/waist_motion_ctrl__type_support.c.o
[11.432s] [ 31%] Building C object CMakeFiles/teleop_robot_bridge__rosidl_generator_c.dir/rosidl_generator_c/teleop_robot_bridge/msg/detail/waist_tcp_command__description.c.o
[11.436s] [ 32%] Building C object CMakeFiles/teleop_robot_bridge__rosidl_generator_c.dir/rosidl_generator_c/teleop_robot_bridge/msg/detail/waist_tcp_command__functions.c.o
[11.442s] [ 32%] Building C object CMakeFiles/teleop_robot_bridge__rosidl_generator_c.dir/rosidl_generator_c/teleop_robot_bridge/msg/detail/waist_tcp_command__type_support.c.o
[11.556s] [ 32%] Linking C shared library libteleop_robot_bridge__rosidl_generator_c.so
[11.631s] [ 32%] Built target teleop_robot_bridge__rosidl_generator_c
[11.645s] [ 32%] Generating C type support dispatch for ROS interfaces
[11.645s] [ 32%] Generating C type support for eProsima Fast-RTPS
[11.645s] [ 32%] Generating C++ type support dispatch for ROS interfaces
[11.645s] [ 33%] Generating C++ type support for eProsima Fast-RTPS
[11.645s] [ 33%] Generating C++ introspection for ROS interfaces
[11.645s] [ 33%] Generating C introspection for ROS interfaces
[11.856s] [ 33%] Linking CXX static library libteleop_robot_bridge_grpc_proto.a
[11.954s] [ 33%] Built target teleop_robot_bridge_grpc_proto
[13.666s] [ 33%] Building CXX object CMakeFiles/teleop_robot_bridge__rosidl_typesupport_cpp.dir/rosidl_typesupport_cpp/teleop_robot_bridge/msg/agv_battery_state__type_support.cpp.o
[13.670s] [ 33%] Building CXX object CMakeFiles/teleop_robot_bridge__rosidl_typesupport_cpp.dir/rosidl_typesupport_cpp/teleop_robot_bridge/msg/agv_device_state__type_support.cpp.o
[13.671s] [ 33%] Building CXX object CMakeFiles/teleop_robot_bridge__rosidl_typesupport_cpp.dir/rosidl_typesupport_cpp/teleop_robot_bridge/msg/agv_cmd_vel__type_support.cpp.o
[13.689s] [ 34%] Building CXX object CMakeFiles/teleop_robot_bridge__rosidl_typesupport_cpp.dir/rosidl_typesupport_cpp/teleop_robot_bridge/msg/agv_imu__type_support.cpp.o
[13.689s] [ 34%] Building CXX object CMakeFiles/teleop_robot_bridge__rosidl_typesupport_cpp.dir/rosidl_typesupport_cpp/teleop_robot_bridge/msg/agv_joint_feedback__type_support.cpp.o
[13.689s] [ 34%] Building CXX object CMakeFiles/teleop_robot_bridge__rosidl_typesupport_cpp.dir/rosidl_typesupport_cpp/teleop_robot_bridge/msg/agv_joint_status__type_support.cpp.o
[13.690s] [ 34%] Building CXX object CMakeFiles/teleop_robot_bridge__rosidl_typesupport_cpp.dir/rosidl_typesupport_cpp/teleop_robot_bridge/msg/agv_motion_ctrl__type_support.cpp.o
[13.690s] [ 35%] Building CXX object CMakeFiles/teleop_robot_bridge__rosidl_typesupport_cpp.dir/rosidl_typesupport_cpp/teleop_robot_bridge/msg/agv_ultrasonic__type_support.cpp.o
[13.690s] [ 35%] Building CXX object CMakeFiles/teleop_robot_bridge__rosidl_typesupport_cpp.dir/rosidl_typesupport_cpp/teleop_robot_bridge/msg/agv_vda5050_state__type_support.cpp.o
[13.718s] [ 35%] Building CXX object CMakeFiles/teleop_robot_bridge__rosidl_typesupport_c.dir/rosidl_typesupport_c/teleop_robot_bridge/msg/agv_battery_state__type_support.cpp.o
[13.770s] [ 36%] Building CXX object CMakeFiles/teleop_robot_bridge__rosidl_typesupport_c.dir/rosidl_typesupport_c/teleop_robot_bridge/msg/agv_cmd_vel__type_support.cpp.o
[13.853s] [ 36%] Building CXX object CMakeFiles/teleop_robot_bridge__rosidl_typesupport_c.dir/rosidl_typesupport_c/teleop_robot_bridge/msg/agv_device_state__type_support.cpp.o
[13.909s] [ 36%] Building CXX object CMakeFiles/teleop_robot_bridge__rosidl_typesupport_c.dir/rosidl_typesupport_c/teleop_robot_bridge/msg/agv_imu__type_support.cpp.o
[13.934s] [ 36%] Building CXX object CMakeFiles/teleop_robot_bridge__rosidl_typesupport_cpp.dir/rosidl_typesupport_cpp/teleop_robot_bridge/msg/agv_vel__type_support.cpp.o
[13.962s] [ 36%] Building CXX object CMakeFiles/teleop_robot_bridge__rosidl_typesupport_c.dir/rosidl_typesupport_c/teleop_robot_bridge/msg/agv_joint_feedback__type_support.cpp.o
[13.962s] [ 36%] Building CXX object CMakeFiles/teleop_robot_bridge__rosidl_typesupport_cpp.dir/rosidl_typesupport_cpp/teleop_robot_bridge/msg/arm_joint_command__type_support.cpp.o
[13.962s] [ 36%] Building CXX object CMakeFiles/teleop_robot_bridge__rosidl_typesupport_c.dir/rosidl_typesupport_c/teleop_robot_bridge/msg/agv_joint_status__type_support.cpp.o
[13.964s] [ 36%] Building CXX object CMakeFiles/teleop_robot_bridge__rosidl_typesupport_cpp.dir/rosidl_typesupport_cpp/teleop_robot_bridge/msg/arm_joint_feedback__type_support.cpp.o
[13.972s] [ 37%] Building CXX object CMakeFiles/teleop_robot_bridge__rosidl_typesupport_cpp.dir/rosidl_typesupport_cpp/teleop_robot_bridge/msg/arm_joint_status__type_support.cpp.o
[13.980s] [ 37%] Building CXX object CMakeFiles/teleop_robot_bridge__rosidl_typesupport_cpp.dir/rosidl_typesupport_cpp/teleop_robot_bridge/msg/arm_motion_ctrl__type_support.cpp.o
[13.981s] [ 37%] Building CXX object CMakeFiles/teleop_robot_bridge__rosidl_typesupport_cpp.dir/rosidl_typesupport_cpp/teleop_robot_bridge/msg/ee_tcp_command__type_support.cpp.o
[14.004s] [ 37%] Building CXX object CMakeFiles/teleop_robot_bridge__rosidl_typesupport_cpp.dir/rosidl_typesupport_cpp/teleop_robot_bridge/msg/gripper_device_state__type_support.cpp.o
[14.012s] [ 38%] Building CXX object CMakeFiles/teleop_robot_bridge__rosidl_typesupport_c.dir/rosidl_typesupport_c/teleop_robot_bridge/msg/agv_motion_ctrl__type_support.cpp.o
[14.032s] [ 38%] Building CXX object CMakeFiles/teleop_robot_bridge__rosidl_typesupport_c.dir/rosidl_typesupport_c/teleop_robot_bridge/msg/agv_ultrasonic__type_support.cpp.o
[14.063s] [ 38%] Building CXX object CMakeFiles/teleop_robot_bridge__rosidl_typesupport_c.dir/rosidl_typesupport_c/teleop_robot_bridge/msg/agv_vda5050_state__type_support.cpp.o
[14.073s] [ 38%] Building CXX object CMakeFiles/teleop_robot_bridge__rosidl_typesupport_c.dir/rosidl_typesupport_c/teleop_robot_bridge/msg/agv_vel__type_support.cpp.o
[14.088s] [ 39%] Building CXX object CMakeFiles/teleop_robot_bridge__rosidl_typesupport_c.dir/rosidl_typesupport_c/teleop_robot_bridge/msg/arm_joint_command__type_support.cpp.o
[14.108s] [ 39%] Building CXX object CMakeFiles/teleop_robot_bridge__rosidl_typesupport_c.dir/rosidl_typesupport_c/teleop_robot_bridge/msg/arm_joint_feedback__type_support.cpp.o
[14.157s] [ 39%] Building CXX object CMakeFiles/teleop_robot_bridge__rosidl_typesupport_c.dir/rosidl_typesupport_c/teleop_robot_bridge/msg/arm_joint_status__type_support.cpp.o
[14.176s] [ 39%] Building CXX object CMakeFiles/teleop_robot_bridge__rosidl_typesupport_cpp.dir/rosidl_typesupport_cpp/teleop_robot_bridge/msg/gripper_status__type_support.cpp.o
[14.178s] [ 40%] Building CXX object CMakeFiles/teleop_robot_bridge__rosidl_typesupport_cpp.dir/rosidl_typesupport_cpp/teleop_robot_bridge/msg/gripper_move__type_support.cpp.o
[14.206s] [ 40%] Building CXX object CMakeFiles/teleop_robot_bridge__rosidl_typesupport_cpp.dir/rosidl_typesupport_cpp/teleop_robot_bridge/msg/gripper_tactile__type_support.cpp.o
[14.212s] [ 40%] Building CXX object CMakeFiles/teleop_robot_bridge__rosidl_typesupport_c.dir/rosidl_typesupport_c/teleop_robot_bridge/msg/arm_motion_ctrl__type_support.cpp.o
[14.260s] [ 40%] Building CXX object CMakeFiles/teleop_robot_bridge__rosidl_typesupport_c.dir/rosidl_typesupport_c/teleop_robot_bridge/msg/ee_tcp_command__type_support.cpp.o
[14.273s] [ 40%] Building CXX object CMakeFiles/teleop_robot_bridge__rosidl_typesupport_c.dir/rosidl_typesupport_c/teleop_robot_bridge/msg/gripper_move__type_support.cpp.o
[14.273s] [ 40%] Building CXX object CMakeFiles/teleop_robot_bridge__rosidl_typesupport_c.dir/rosidl_typesupport_c/teleop_robot_bridge/msg/gripper_status__type_support.cpp.o
[14.273s] [ 41%] Building CXX object CMakeFiles/teleop_robot_bridge__rosidl_typesupport_c.dir/rosidl_typesupport_c/teleop_robot_bridge/msg/gripper_device_state__type_support.cpp.o
[14.287s] [ 41%] Building CXX object CMakeFiles/teleop_robot_bridge__rosidl_typesupport_c.dir/rosidl_typesupport_c/teleop_robot_bridge/msg/gripper_tactile__type_support.cpp.o
[14.303s] [ 41%] Building CXX object CMakeFiles/teleop_robot_bridge__rosidl_typesupport_cpp.dir/rosidl_typesupport_cpp/teleop_robot_bridge/msg/hand_tactile__type_support.cpp.o
[14.322s] [ 42%] Building CXX object CMakeFiles/teleop_robot_bridge__rosidl_typesupport_cpp.dir/rosidl_typesupport_cpp/teleop_robot_bridge/msg/head_joint_command__type_support.cpp.o
[14.323s] [ 43%] Building CXX object CMakeFiles/teleop_robot_bridge__rosidl_typesupport_c.dir/rosidl_typesupport_c/teleop_robot_bridge/msg/hand_tactile__type_support.cpp.o
[14.341s] [ 43%] Building CXX object CMakeFiles/teleop_robot_bridge__rosidl_typesupport_c.dir/rosidl_typesupport_c/teleop_robot_bridge/msg/head_joint_command__type_support.cpp.o
[14.343s] [ 43%] Building CXX object CMakeFiles/teleop_robot_bridge__rosidl_typesupport_c.dir/rosidl_typesupport_c/teleop_robot_bridge/msg/head_joint_feedback__type_support.cpp.o
[14.355s] [ 43%] Building CXX object CMakeFiles/teleop_robot_bridge__rosidl_typesupport_c.dir/rosidl_typesupport_c/teleop_robot_bridge/msg/head_joint_status__type_support.cpp.o
[14.364s] [ 44%] Building CXX object CMakeFiles/teleop_robot_bridge__rosidl_typesupport_c.dir/rosidl_typesupport_c/teleop_robot_bridge/msg/head_motion_ctrl__type_support.cpp.o
[14.373s] [ 44%] Building CXX object CMakeFiles/teleop_robot_bridge__rosidl_typesupport_c.dir/rosidl_typesupport_c/teleop_robot_bridge/msg/joint_status__type_support.cpp.o
[14.408s] [ 44%] Building CXX object CMakeFiles/teleop_robot_bridge__rosidl_typesupport_c.dir/rosidl_typesupport_c/teleop_robot_bridge/msg/joy_state__type_support.cpp.o
[14.413s] [ 44%] Building CXX object CMakeFiles/teleop_robot_bridge__rosidl_typesupport_c.dir/rosidl_typesupport_c/teleop_robot_bridge/msg/single_device_state__type_support.cpp.o
[14.430s] [ 44%] Building CXX object CMakeFiles/teleop_robot_bridge__rosidl_typesupport_c.dir/rosidl_typesupport_c/teleop_robot_bridge/msg/single_gripper_move__type_support.cpp.o
[14.438s] [ 44%] Building CXX object CMakeFiles/teleop_robot_bridge__rosidl_typesupport_cpp.dir/rosidl_typesupport_cpp/teleop_robot_bridge/msg/head_joint_status__type_support.cpp.o
[14.438s] [ 44%] Building CXX object CMakeFiles/teleop_robot_bridge__rosidl_typesupport_cpp.dir/rosidl_typesupport_cpp/teleop_robot_bridge/msg/head_joint_feedback__type_support.cpp.o
[14.482s] [ 45%] Building CXX object CMakeFiles/teleop_robot_bridge__rosidl_typesupport_c.dir/rosidl_typesupport_c/teleop_robot_bridge/msg/single_gripper_status__type_support.cpp.o
[14.535s] [ 45%] Building CXX object CMakeFiles/teleop_robot_bridge__rosidl_typesupport_c.dir/rosidl_typesupport_c/teleop_robot_bridge/msg/temperature__type_support.cpp.o
[14.556s] [ 45%] Building CXX object CMakeFiles/teleop_robot_bridge__rosidl_typesupport_introspection_cpp.dir/rosidl_typesupport_introspection_cpp/teleop_robot_bridge/msg/detail/agv_battery_state__type_support.cpp.o
[14.556s] [ 45%] Building CXX object CMakeFiles/teleop_robot_bridge__rosidl_typesupport_cpp.dir/rosidl_typesupport_cpp/teleop_robot_bridge/msg/head_motion_ctrl__type_support.cpp.o
[14.562s] [ 45%] Building CXX object CMakeFiles/teleop_robot_bridge__rosidl_typesupport_introspection_cpp.dir/rosidl_typesupport_introspection_cpp/teleop_robot_bridge/msg/detail/agv_cmd_vel__type_support.cpp.o
[14.564s] [ 45%] Building C object CMakeFiles/teleop_robot_bridge__rosidl_typesupport_introspection_c.dir/rosidl_typesupport_introspection_c/teleop_robot_bridge/msg/detail/agv_battery_state__type_support.c.o
[14.566s] [ 45%] Building CXX object CMakeFiles/teleop_robot_bridge__rosidl_typesupport_introspection_cpp.dir/rosidl_typesupport_introspection_cpp/teleop_robot_bridge/msg/detail/agv_device_state__type_support.cpp.o
[14.576s] [ 45%] Building CXX object CMakeFiles/teleop_robot_bridge__rosidl_typesupport_c.dir/rosidl_typesupport_c/teleop_robot_bridge/msg/upper_body_device_state__type_support.cpp.o
[14.576s] [ 45%] Building CXX object CMakeFiles/teleop_robot_bridge__rosidl_typesupport_introspection_cpp.dir/rosidl_typesupport_introspection_cpp/teleop_robot_bridge/msg/detail/agv_imu__type_support.cpp.o
[14.607s] [ 46%] Building CXX object CMakeFiles/teleop_robot_bridge__rosidl_typesupport_introspection_cpp.dir/rosidl_typesupport_introspection_cpp/teleop_robot_bridge/msg/detail/agv_joint_feedback__type_support.cpp.o
[14.607s] [ 46%] Building CXX object CMakeFiles/teleop_robot_bridge__rosidl_typesupport_introspection_cpp.dir/rosidl_typesupport_introspection_cpp/teleop_robot_bridge/msg/detail/agv_joint_status__type_support.cpp.o
[14.613s] [ 46%] Building C object CMakeFiles/teleop_robot_bridge__rosidl_typesupport_introspection_c.dir/rosidl_typesupport_introspection_c/teleop_robot_bridge/msg/detail/agv_cmd_vel__type_support.c.o
[14.626s] [ 46%] Building CXX object CMakeFiles/teleop_robot_bridge__rosidl_typesupport_c.dir/rosidl_typesupport_c/teleop_robot_bridge/msg/waist_joint_command__type_support.cpp.o
[14.629s] [ 46%] Building CXX object CMakeFiles/teleop_robot_bridge__rosidl_typesupport_fastrtps_cpp.dir/rosidl_typesupport_fastrtps_cpp/teleop_robot_bridge/msg/detail/dds_fastrtps/agv_battery_state__type_support.cpp.o
[14.646s] [ 46%] Building CXX object CMakeFiles/teleop_robot_bridge__rosidl_typesupport_cpp.dir/rosidl_typesupport_cpp/teleop_robot_bridge/msg/joint_status__type_support.cpp.o
[14.662s] [ 47%] Building C object CMakeFiles/teleop_robot_bridge__rosidl_typesupport_introspection_c.dir/rosidl_typesupport_introspection_c/teleop_robot_bridge/msg/detail/agv_device_state__type_support.c.o
[14.675s] [ 48%] Building CXX object CMakeFiles/teleop_robot_bridge__rosidl_typesupport_c.dir/rosidl_typesupport_c/teleop_robot_bridge/msg/waist_joint_feedback__type_support.cpp.o
[14.718s] [ 48%] Building C object CMakeFiles/teleop_robot_bridge__rosidl_typesupport_introspection_c.dir/rosidl_typesupport_introspection_c/teleop_robot_bridge/msg/detail/agv_imu__type_support.c.o
[14.739s] [ 48%] Building CXX object CMakeFiles/teleop_robot_bridge__rosidl_typesupport_c.dir/rosidl_typesupport_c/teleop_robot_bridge/msg/waist_joint_status__type_support.cpp.o
[14.740s] [ 48%] Building C object CMakeFiles/teleop_robot_bridge__rosidl_typesupport_introspection_c.dir/rosidl_typesupport_introspection_c/teleop_robot_bridge/msg/detail/agv_joint_feedback__type_support.c.o
[14.755s] [ 49%] Building CXX object CMakeFiles/teleop_robot_bridge__rosidl_typesupport_fastrtps_cpp.dir/rosidl_typesupport_fastrtps_cpp/teleop_robot_bridge/msg/detail/dds_fastrtps/agv_cmd_vel__type_support.cpp.o
[14.768s] [ 49%] Building C object CMakeFiles/teleop_robot_bridge__rosidl_typesupport_introspection_c.dir/rosidl_typesupport_introspection_c/teleop_robot_bridge/msg/detail/agv_joint_status__type_support.c.o
[14.796s] [ 49%] Building CXX object CMakeFiles/teleop_robot_bridge__rosidl_typesupport_c.dir/rosidl_typesupport_c/teleop_robot_bridge/msg/waist_motion_ctrl__type_support.cpp.o
[14.806s] [ 49%] Building CXX object CMakeFiles/teleop_robot_bridge__rosidl_typesupport_c.dir/rosidl_typesupport_c/teleop_robot_bridge/msg/waist_tcp_command__type_support.cpp.o
[14.837s] [ 49%] Building CXX object CMakeFiles/teleop_robot_bridge__rosidl_typesupport_introspection_cpp.dir/rosidl_typesupport_introspection_cpp/teleop_robot_bridge/msg/detail/agv_motion_ctrl__type_support.cpp.o
[14.837s] [ 49%] Building C object CMakeFiles/teleop_robot_bridge__rosidl_typesupport_introspection_c.dir/rosidl_typesupport_introspection_c/teleop_robot_bridge/msg/detail/agv_motion_ctrl__type_support.c.o
[14.841s] [ 50%] Building CXX object CMakeFiles/teleop_robot_bridge__rosidl_typesupport_cpp.dir/rosidl_typesupport_cpp/teleop_robot_bridge/msg/joy_state__type_support.cpp.o
[14.863s] [ 50%] Building CXX object CMakeFiles/teleop_robot_bridge__rosidl_typesupport_introspection_cpp.dir/rosidl_typesupport_introspection_cpp/teleop_robot_bridge/msg/detail/agv_ultrasonic__type_support.cpp.o
[14.872s] [ 51%] Building CXX object CMakeFiles/teleop_robot_bridge__rosidl_typesupport_introspection_cpp.dir/rosidl_typesupport_introspection_cpp/teleop_robot_bridge/msg/detail/agv_vda5050_state__type_support.cpp.o
[14.877s] [ 52%] Building CXX object CMakeFiles/teleop_robot_bridge__rosidl_typesupport_introspection_cpp.dir/rosidl_typesupport_introspection_cpp/teleop_robot_bridge/msg/detail/agv_vel__type_support.cpp.o
[14.877s] [ 52%] Linking CXX shared library libteleop_robot_bridge__rosidl_typesupport_c.so
[14.906s] [ 53%] Building C object CMakeFiles/teleop_robot_bridge__rosidl_typesupport_introspection_c.dir/rosidl_typesupport_introspection_c/teleop_robot_bridge/msg/detail/agv_ultrasonic__type_support.c.o
[14.919s] [ 53%] Building CXX object CMakeFiles/teleop_robot_bridge__rosidl_typesupport_introspection_cpp.dir/rosidl_typesupport_introspection_cpp/teleop_robot_bridge/msg/detail/arm_joint_command__type_support.cpp.o
[14.929s] [ 53%] Building CXX object CMakeFiles/teleop_robot_bridge__rosidl_typesupport_introspection_cpp.dir/rosidl_typesupport_introspection_cpp/teleop_robot_bridge/msg/detail/arm_joint_feedback__type_support.cpp.o
[14.938s] [ 53%] Built target teleop_robot_bridge__rosidl_typesupport_c
[14.946s] [ 54%] Building CXX object CMakeFiles/teleop_robot_bridge__rosidl_typesupport_introspection_cpp.dir/rosidl_typesupport_introspection_cpp/teleop_robot_bridge/msg/detail/arm_joint_status__type_support.cpp.o
[14.964s] [ 54%] Building C object CMakeFiles/teleop_robot_bridge__rosidl_typesupport_introspection_c.dir/rosidl_typesupport_introspection_c/teleop_robot_bridge/msg/detail/agv_vda5050_state__type_support.c.o
[15.008s] [ 54%] Building C object CMakeFiles/teleop_robot_bridge__rosidl_typesupport_introspection_c.dir/rosidl_typesupport_introspection_c/teleop_robot_bridge/msg/detail/agv_vel__type_support.c.o
[15.010s] [ 54%] Building CXX object CMakeFiles/teleop_robot_bridge__rosidl_typesupport_introspection_cpp.dir/rosidl_typesupport_introspection_cpp/teleop_robot_bridge/msg/detail/arm_motion_ctrl__type_support.cpp.o
[15.023s] [ 54%] Building CXX object CMakeFiles/teleop_robot_bridge__rosidl_typesupport_introspection_cpp.dir/rosidl_typesupport_introspection_cpp/teleop_robot_bridge/msg/detail/ee_tcp_command__type_support.cpp.o
[15.094s] [ 55%] Building C object CMakeFiles/teleop_robot_bridge__rosidl_typesupport_introspection_c.dir/rosidl_typesupport_introspection_c/teleop_robot_bridge/msg/detail/arm_joint_command__type_support.c.o
[15.102s] [ 55%] Building CXX object CMakeFiles/teleop_robot_bridge__rosidl_typesupport_fastrtps_c.dir/rosidl_typesupport_fastrtps_c/teleop_robot_bridge/msg/detail/agv_battery_state__type_support_c.cpp.o
[15.112s] [ 55%] Building CXX object CMakeFiles/teleop_robot_bridge__rosidl_typesupport_fastrtps_c.dir/rosidl_typesupport_fastrtps_c/teleop_robot_bridge/msg/detail/agv_cmd_vel__type_support_c.cpp.o
[15.126s] [ 55%] Building CXX object CMakeFiles/teleop_robot_bridge__rosidl_typesupport_fastrtps_c.dir/rosidl_typesupport_fastrtps_c/teleop_robot_bridge/msg/detail/agv_device_state__type_support_c.cpp.o
[15.132s] [ 55%] Building CXX object CMakeFiles/teleop_robot_bridge__rosidl_typesupport_cpp.dir/rosidl_typesupport_cpp/teleop_robot_bridge/msg/single_device_state__type_support.cpp.o
[15.172s] [ 56%] Building CXX object CMakeFiles/teleop_robot_bridge__rosidl_typesupport_introspection_cpp.dir/rosidl_typesupport_introspection_cpp/teleop_robot_bridge/msg/detail/gripper_device_state__type_support.cpp.o
[15.172s] [ 56%] Building C object CMakeFiles/teleop_robot_bridge__rosidl_typesupport_introspection_c.dir/rosidl_typesupport_introspection_c/teleop_robot_bridge/msg/detail/arm_joint_feedback__type_support.c.o
[15.206s] [ 56%] Building CXX object CMakeFiles/teleop_robot_bridge__rosidl_typesupport_introspection_cpp.dir/rosidl_typesupport_introspection_cpp/teleop_robot_bridge/msg/detail/gripper_move__type_support.cpp.o
[15.225s] [ 57%] Building CXX object CMakeFiles/teleop_robot_bridge__rosidl_typesupport_introspection_cpp.dir/rosidl_typesupport_introspection_cpp/teleop_robot_bridge/msg/detail/gripper_status__type_support.cpp.o
[15.243s] [ 57%] Building C object CMakeFiles/teleop_robot_bridge__rosidl_typesupport_introspection_c.dir/rosidl_typesupport_introspection_c/teleop_robot_bridge/msg/detail/arm_joint_status__type_support.c.o
[15.254s] [ 57%] Building CXX object CMakeFiles/teleop_robot_bridge__rosidl_typesupport_fastrtps_cpp.dir/rosidl_typesupport_fastrtps_cpp/teleop_robot_bridge/msg/detail/dds_fastrtps/agv_device_state__type_support.cpp.o
[15.290s] [ 57%] Building CXX object CMakeFiles/teleop_robot_bridge__rosidl_typesupport_introspection_cpp.dir/rosidl_typesupport_introspection_cpp/teleop_robot_bridge/msg/detail/gripper_tactile__type_support.cpp.o
[15.290s] [ 57%] Building CXX object CMakeFiles/teleop_robot_bridge__rosidl_typesupport_fastrtps_cpp.dir/rosidl_typesupport_fastrtps_cpp/teleop_robot_bridge/msg/detail/dds_fastrtps/agv_joint_feedback__type_support.cpp.o
[15.290s] [ 57%] Building CXX object CMakeFiles/teleop_robot_bridge__rosidl_typesupport_fastrtps_cpp.dir/rosidl_typesupport_fastrtps_cpp/teleop_robot_bridge/msg/detail/dds_fastrtps/agv_imu__type_support.cpp.o
[15.317s] [ 57%] Building C object CMakeFiles/teleop_robot_bridge__rosidl_typesupport_introspection_c.dir/rosidl_typesupport_introspection_c/teleop_robot_bridge/msg/detail/arm_motion_ctrl__type_support.c.o
[15.370s] [ 57%] Building C object CMakeFiles/teleop_robot_bridge__rosidl_typesupport_introspection_c.dir/rosidl_typesupport_introspection_c/teleop_robot_bridge/msg/detail/ee_tcp_command__type_support.c.o
[15.398s] [ 57%] Building CXX object CMakeFiles/teleop_robot_bridge__rosidl_typesupport_introspection_cpp.dir/rosidl_typesupport_introspection_cpp/teleop_robot_bridge/msg/detail/hand_tactile__type_support.cpp.o
[15.398s] [ 57%] Building C object CMakeFiles/teleop_robot_bridge__rosidl_typesupport_introspection_c.dir/rosidl_typesupport_introspection_c/teleop_robot_bridge/msg/detail/gripper_device_state__type_support.c.o
[15.442s] [ 57%] Building CXX object CMakeFiles/teleop_robot_bridge__rosidl_typesupport_cpp.dir/rosidl_typesupport_cpp/teleop_robot_bridge/msg/single_gripper_move__type_support.cpp.o
[15.444s] [ 57%] Building CXX object CMakeFiles/teleop_robot_bridge__rosidl_typesupport_cpp.dir/rosidl_typesupport_cpp/teleop_robot_bridge/msg/single_gripper_status__type_support.cpp.o
[15.451s] [ 58%] Building C object CMakeFiles/teleop_robot_bridge__rosidl_typesupport_introspection_c.dir/rosidl_typesupport_introspection_c/teleop_robot_bridge/msg/detail/gripper_move__type_support.c.o
[15.580s] [ 58%] Building C object CMakeFiles/teleop_robot_bridge__rosidl_typesupport_introspection_c.dir/rosidl_typesupport_introspection_c/teleop_robot_bridge/msg/detail/gripper_status__type_support.c.o
[15.584s] [ 58%] Building CXX object CMakeFiles/teleop_robot_bridge__rosidl_typesupport_introspection_cpp.dir/rosidl_typesupport_introspection_cpp/teleop_robot_bridge/msg/detail/head_joint_command__type_support.cpp.o
[15.594s] [ 58%] Building C object CMakeFiles/teleop_robot_bridge__rosidl_typesupport_introspection_c.dir/rosidl_typesupport_introspection_c/teleop_robot_bridge/msg/detail/gripper_tactile__type_support.c.o
[15.601s] [ 59%] Building CXX object CMakeFiles/teleop_robot_bridge__rosidl_typesupport_introspection_cpp.dir/rosidl_typesupport_introspection_cpp/teleop_robot_bridge/msg/detail/head_joint_feedback__type_support.cpp.o
[15.610s] [ 59%] Building CXX object CMakeFiles/teleop_robot_bridge__rosidl_typesupport_introspection_cpp.dir/rosidl_typesupport_introspection_cpp/teleop_robot_bridge/msg/detail/head_motion_ctrl__type_support.cpp.o
[15.611s] [ 59%] Building CXX object CMakeFiles/teleop_robot_bridge__rosidl_typesupport_introspection_cpp.dir/rosidl_typesupport_introspection_cpp/teleop_robot_bridge/msg/detail/head_joint_status__type_support.cpp.o
[15.646s] [ 59%] Building CXX object CMakeFiles/teleop_robot_bridge__rosidl_typesupport_introspection_cpp.dir/rosidl_typesupport_introspection_cpp/teleop_robot_bridge/msg/detail/joint_status__type_support.cpp.o
[15.654s] [ 59%] Building CXX object CMakeFiles/teleop_robot_bridge__rosidl_typesupport_introspection_cpp.dir/rosidl_typesupport_introspection_cpp/teleop_robot_bridge/msg/detail/joy_state__type_support.cpp.o
[15.662s] [ 59%] Building C object CMakeFiles/teleop_robot_bridge__rosidl_typesupport_introspection_c.dir/rosidl_typesupport_introspection_c/teleop_robot_bridge/msg/detail/hand_tactile__type_support.c.o
[15.723s] [ 60%] Building CXX object CMakeFiles/teleop_robot_bridge__rosidl_typesupport_introspection_cpp.dir/rosidl_typesupport_introspection_cpp/teleop_robot_bridge/msg/detail/single_device_state__type_support.cpp.o
[15.732s] [ 61%] Building CXX object CMakeFiles/teleop_robot_bridge__rosidl_typesupport_cpp.dir/rosidl_typesupport_cpp/teleop_robot_bridge/msg/temperature__type_support.cpp.o
[15.736s] [ 61%] Building CXX object CMakeFiles/teleop_robot_bridge__rosidl_typesupport_fastrtps_c.dir/rosidl_typesupport_fastrtps_c/teleop_robot_bridge/msg/detail/agv_imu__type_support_c.cpp.o
[15.750s] [ 62%] Building C object CMakeFiles/teleop_robot_bridge__rosidl_typesupport_introspection_c.dir/rosidl_typesupport_introspection_c/teleop_robot_bridge/msg/detail/head_joint_command__type_support.c.o
[15.770s] [ 62%] Building CXX object CMakeFiles/teleop_robot_bridge__rosidl_typesupport_cpp.dir/rosidl_typesupport_cpp/teleop_robot_bridge/msg/upper_body_device_state__type_support.cpp.o
[15.773s] [ 62%] Building C object CMakeFiles/teleop_robot_bridge__rosidl_typesupport_introspection_c.dir/rosidl_typesupport_introspection_c/teleop_robot_bridge/msg/detail/head_joint_feedback__type_support.c.o
[15.843s] [ 62%] Building C object CMakeFiles/teleop_robot_bridge__rosidl_typesupport_introspection_c.dir/rosidl_typesupport_introspection_c/teleop_robot_bridge/msg/detail/head_joint_status__type_support.c.o
[15.843s] [ 62%] Building C object CMakeFiles/teleop_robot_bridge__rosidl_typesupport_introspection_c.dir/rosidl_typesupport_introspection_c/teleop_robot_bridge/msg/detail/head_motion_ctrl__type_support.c.o
[15.896s] [ 63%] Building C object CMakeFiles/teleop_robot_bridge__rosidl_typesupport_introspection_c.dir/rosidl_typesupport_introspection_c/teleop_robot_bridge/msg/detail/joint_status__type_support.c.o
[15.908s] [ 63%] Building CXX object CMakeFiles/teleop_robot_bridge__rosidl_typesupport_introspection_cpp.dir/rosidl_typesupport_introspection_cpp/teleop_robot_bridge/msg/detail/single_gripper_move__type_support.cpp.o
[15.908s] [ 63%] Building CXX object CMakeFiles/teleop_robot_bridge__rosidl_typesupport_introspection_cpp.dir/rosidl_typesupport_introspection_cpp/teleop_robot_bridge/msg/detail/single_gripper_status__type_support.cpp.o
[15.921s] [ 64%] Building CXX object CMakeFiles/teleop_robot_bridge__rosidl_typesupport_fastrtps_cpp.dir/rosidl_typesupport_fastrtps_cpp/teleop_robot_bridge/msg/detail/dds_fastrtps/agv_joint_status__type_support.cpp.o
[15.931s] [ 64%] Building CXX object CMakeFiles/teleop_robot_bridge__rosidl_typesupport_introspection_cpp.dir/rosidl_typesupport_introspection_cpp/teleop_robot_bridge/msg/detail/temperature__type_support.cpp.o
[15.935s] [ 65%] Building CXX object CMakeFiles/teleop_robot_bridge__rosidl_typesupport_introspection_cpp.dir/rosidl_typesupport_introspection_cpp/teleop_robot_bridge/msg/detail/upper_body_device_state__type_support.cpp.o
[15.955s] [ 65%] Building C object CMakeFiles/teleop_robot_bridge__rosidl_typesupport_introspection_c.dir/rosidl_typesupport_introspection_c/teleop_robot_bridge/msg/detail/joy_state__type_support.c.o
[15.972s] [ 65%] Building CXX object CMakeFiles/teleop_robot_bridge__rosidl_typesupport_introspection_cpp.dir/rosidl_typesupport_introspection_cpp/teleop_robot_bridge/msg/detail/waist_joint_command__type_support.cpp.o
[15.976s] [ 65%] Building CXX object CMakeFiles/teleop_robot_bridge__rosidl_typesupport_cpp.dir/rosidl_typesupport_cpp/teleop_robot_bridge/msg/waist_joint_command__type_support.cpp.o
[15.994s] [ 65%] Building CXX object CMakeFiles/teleop_robot_bridge__rosidl_typesupport_introspection_cpp.dir/rosidl_typesupport_introspection_cpp/teleop_robot_bridge/msg/detail/waist_joint_status__type_support.cpp.o
[15.994s] [ 65%] Building CXX object CMakeFiles/teleop_robot_bridge__rosidl_typesupport_introspection_cpp.dir/rosidl_typesupport_introspection_cpp/teleop_robot_bridge/msg/detail/waist_joint_feedback__type_support.cpp.o
[16.005s] [ 65%] Building C object CMakeFiles/teleop_robot_bridge__rosidl_typesupport_introspection_c.dir/rosidl_typesupport_introspection_c/teleop_robot_bridge/msg/detail/single_device_state__type_support.c.o
[16.020s] [ 66%] Building CXX object CMakeFiles/teleop_robot_bridge__rosidl_typesupport_introspection_cpp.dir/rosidl_typesupport_introspection_cpp/teleop_robot_bridge/msg/detail/waist_motion_ctrl__type_support.cpp.o
[16.055s] [ 66%] Building C object CMakeFiles/teleop_robot_bridge__rosidl_typesupport_introspection_c.dir/rosidl_typesupport_introspection_c/teleop_robot_bridge/msg/detail/single_gripper_move__type_support.c.o
[16.057s] [ 66%] Building CXX object CMakeFiles/teleop_robot_bridge__rosidl_typesupport_introspection_cpp.dir/rosidl_typesupport_introspection_cpp/teleop_robot_bridge/msg/detail/waist_tcp_command__type_support.cpp.o
[16.110s] [ 66%] Building C object CMakeFiles/teleop_robot_bridge__rosidl_typesupport_introspection_c.dir/rosidl_typesupport_introspection_c/teleop_robot_bridge/msg/detail/single_gripper_status__type_support.c.o
[16.149s] [ 66%] Building CXX object CMakeFiles/teleop_robot_bridge__rosidl_typesupport_cpp.dir/rosidl_typesupport_cpp/teleop_robot_bridge/msg/waist_joint_feedback__type_support.cpp.o
[16.192s] [ 67%] Building CXX object CMakeFiles/teleop_robot_bridge__rosidl_typesupport_fastrtps_c.dir/rosidl_typesupport_fastrtps_c/teleop_robot_bridge/msg/detail/agv_joint_feedback__type_support_c.cpp.o
[16.206s] [ 68%] Building C object CMakeFiles/teleop_robot_bridge__rosidl_typesupport_introspection_c.dir/rosidl_typesupport_introspection_c/teleop_robot_bridge/msg/detail/temperature__type_support.c.o
[16.214s] [ 68%] Building C object CMakeFiles/teleop_robot_bridge__rosidl_typesupport_introspection_c.dir/rosidl_typesupport_introspection_c/teleop_robot_bridge/msg/detail/upper_body_device_state__type_support.c.o
[16.217s] [ 68%] Building C object CMakeFiles/teleop_robot_bridge__rosidl_typesupport_introspection_c.dir/rosidl_typesupport_introspection_c/teleop_robot_bridge/msg/detail/waist_joint_command__type_support.c.o
[16.270s] [ 69%] Building CXX object CMakeFiles/teleop_robot_bridge__rosidl_typesupport_cpp.dir/rosidl_typesupport_cpp/teleop_robot_bridge/msg/waist_joint_status__type_support.cpp.o
[16.276s] [ 69%] Building C object CMakeFiles/teleop_robot_bridge__rosidl_typesupport_introspection_c.dir/rosidl_typesupport_introspection_c/teleop_robot_bridge/msg/detail/waist_joint_feedback__type_support.c.o
[16.277s] [ 70%] Building C object CMakeFiles/teleop_robot_bridge__rosidl_typesupport_introspection_c.dir/rosidl_typesupport_introspection_c/teleop_robot_bridge/msg/detail/waist_joint_status__type_support.c.o
[16.284s] [ 70%] Building C object CMakeFiles/teleop_robot_bridge__rosidl_typesupport_introspection_c.dir/rosidl_typesupport_introspection_c/teleop_robot_bridge/msg/detail/waist_motion_ctrl__type_support.c.o
[16.330s] [ 70%] Building CXX object CMakeFiles/teleop_robot_bridge__rosidl_typesupport_cpp.dir/rosidl_typesupport_cpp/teleop_robot_bridge/msg/waist_motion_ctrl__type_support.cpp.o
[16.330s] [ 70%] Building CXX object CMakeFiles/teleop_robot_bridge__rosidl_typesupport_fastrtps_c.dir/rosidl_typesupport_fastrtps_c/teleop_robot_bridge/msg/detail/agv_joint_status__type_support_c.cpp.o
[16.333s] [ 70%] Building C object CMakeFiles/teleop_robot_bridge__rosidl_typesupport_introspection_c.dir/rosidl_typesupport_introspection_c/teleop_robot_bridge/msg/detail/waist_tcp_command__type_support.c.o
[16.333s] [ 70%] Building CXX object CMakeFiles/teleop_robot_bridge__rosidl_typesupport_fastrtps_c.dir/rosidl_typesupport_fastrtps_c/teleop_robot_bridge/msg/detail/agv_motion_ctrl__type_support_c.cpp.o
[16.340s] [ 70%] Building CXX object CMakeFiles/teleop_robot_bridge__rosidl_typesupport_cpp.dir/rosidl_typesupport_cpp/teleop_robot_bridge/msg/waist_tcp_command__type_support.cpp.o
[16.354s] [ 70%] Building CXX object CMakeFiles/teleop_robot_bridge__rosidl_typesupport_fastrtps_cpp.dir/rosidl_typesupport_fastrtps_cpp/teleop_robot_bridge/msg/detail/dds_fastrtps/agv_motion_ctrl__type_support.cpp.o
[16.359s] [ 70%] Building CXX object CMakeFiles/teleop_robot_bridge__rosidl_typesupport_fastrtps_cpp.dir/rosidl_typesupport_fastrtps_cpp/teleop_robot_bridge/msg/detail/dds_fastrtps/agv_ultrasonic__type_support.cpp.o
[16.393s] [ 70%] Building CXX object CMakeFiles/teleop_robot_bridge__rosidl_typesupport_fastrtps_c.dir/rosidl_typesupport_fastrtps_c/teleop_robot_bridge/msg/detail/agv_ultrasonic__type_support_c.cpp.o
[16.418s] [ 71%] Building CXX object CMakeFiles/teleop_robot_bridge__rosidl_typesupport_fastrtps_c.dir/rosidl_typesupport_fastrtps_c/teleop_robot_bridge/msg/detail/agv_vda5050_state__type_support_c.cpp.o
[16.423s] [ 71%] Linking C shared library libteleop_robot_bridge__rosidl_typesupport_introspection_c.so
[16.443s] [ 71%] Linking CXX shared library libteleop_robot_bridge__rosidl_typesupport_introspection_cpp.so
[16.461s] [ 71%] Building CXX object CMakeFiles/teleop_robot_bridge__rosidl_typesupport_fastrtps_cpp.dir/rosidl_typesupport_fastrtps_cpp/teleop_robot_bridge/msg/detail/dds_fastrtps/agv_vda5050_state__type_support.cpp.o
[16.474s] [ 71%] Building CXX object CMakeFiles/teleop_robot_bridge__rosidl_typesupport_fastrtps_cpp.dir/rosidl_typesupport_fastrtps_cpp/teleop_robot_bridge/msg/detail/dds_fastrtps/agv_vel__type_support.cpp.o
[16.533s] [ 71%] Built target teleop_robot_bridge__rosidl_typesupport_introspection_c
[16.555s] [ 72%] Building CXX object CMakeFiles/teleop_robot_bridge__rosidl_typesupport_fastrtps_cpp.dir/rosidl_typesupport_fastrtps_cpp/teleop_robot_bridge/msg/detail/dds_fastrtps/arm_joint_command__type_support.cpp.o
[16.585s] [ 72%] Building CXX object CMakeFiles/teleop_robot_bridge__rosidl_typesupport_fastrtps_cpp.dir/rosidl_typesupport_fastrtps_cpp/teleop_robot_bridge/msg/detail/dds_fastrtps/arm_joint_feedback__type_support.cpp.o
[16.602s] [ 72%] Built target teleop_robot_bridge__rosidl_typesupport_introspection_cpp
[16.611s] [ 72%] Building CXX object CMakeFiles/teleop_robot_bridge__rosidl_typesupport_fastrtps_cpp.dir/rosidl_typesupport_fastrtps_cpp/teleop_robot_bridge/msg/detail/dds_fastrtps/arm_joint_status__type_support.cpp.o
[16.618s] [ 72%] Building CXX object CMakeFiles/teleop_robot_bridge__rosidl_typesupport_fastrtps_c.dir/rosidl_typesupport_fastrtps_c/teleop_robot_bridge/msg/detail/agv_vel__type_support_c.cpp.o
[16.664s] [ 72%] Linking CXX shared library libteleop_robot_bridge__rosidl_typesupport_cpp.so
[16.739s] [ 72%] Building CXX object CMakeFiles/teleop_robot_bridge__rosidl_typesupport_fastrtps_c.dir/rosidl_typesupport_fastrtps_c/teleop_robot_bridge/msg/detail/arm_joint_command__type_support_c.cpp.o
[16.777s] [ 72%] Built target teleop_robot_bridge__rosidl_typesupport_cpp
[16.790s] [ 72%] Building CXX object CMakeFiles/teleop_robot_bridge__rosidl_typesupport_fastrtps_c.dir/rosidl_typesupport_fastrtps_c/teleop_robot_bridge/msg/detail/arm_joint_feedback__type_support_c.cpp.o
[16.839s] [ 72%] Building CXX object CMakeFiles/teleop_robot_bridge_node.dir/src/main_node.cpp.o
[16.848s] [ 72%] Building CXX object CMakeFiles/teleop_robot_bridge__rosidl_typesupport_fastrtps_cpp.dir/rosidl_typesupport_fastrtps_cpp/teleop_robot_bridge/msg/detail/dds_fastrtps/arm_motion_ctrl__type_support.cpp.o
[16.867s] [ 73%] Building CXX object CMakeFiles/teleop_robot_bridge_node.dir/src/audio/audio_module.cpp.o
[16.867s] [ 73%] Building CXX object CMakeFiles/teleop_robot_bridge_node.dir/src/audio/audio_manager.cpp.o
[16.878s] [ 74%] Building CXX object CMakeFiles/teleop_robot_bridge__rosidl_typesupport_fastrtps_cpp.dir/rosidl_typesupport_fastrtps_cpp/teleop_robot_bridge/msg/detail/dds_fastrtps/ee_tcp_command__type_support.cpp.o
[16.939s] [ 74%] Building CXX object CMakeFiles/teleop_robot_bridge__rosidl_typesupport_fastrtps_cpp.dir/rosidl_typesupport_fastrtps_cpp/teleop_robot_bridge/msg/detail/dds_fastrtps/gripper_device_state__type_support.cpp.o
[17.053s] [ 74%] Building CXX object CMakeFiles/teleop_robot_bridge__rosidl_typesupport_fastrtps_c.dir/rosidl_typesupport_fastrtps_c/teleop_robot_bridge/msg/detail/arm_joint_status__type_support_c.cpp.o
[17.082s] [ 74%] Building CXX object CMakeFiles/teleop_robot_bridge__rosidl_typesupport_fastrtps_cpp.dir/rosidl_typesupport_fastrtps_cpp/teleop_robot_bridge/msg/detail/dds_fastrtps/gripper_move__type_support.cpp.o
[17.121s] [ 74%] Building CXX object CMakeFiles/teleop_robot_bridge__rosidl_typesupport_fastrtps_cpp.dir/rosidl_typesupport_fastrtps_cpp/teleop_robot_bridge/msg/detail/dds_fastrtps/gripper_status__type_support.cpp.o
[17.131s] [ 74%] Building CXX object CMakeFiles/teleop_robot_bridge__rosidl_typesupport_fastrtps_cpp.dir/rosidl_typesupport_fastrtps_cpp/teleop_robot_bridge/msg/detail/dds_fastrtps/gripper_tactile__type_support.cpp.o
[17.151s] [ 74%] Building CXX object CMakeFiles/teleop_robot_bridge_node.dir/src/audio/audio_receiver.cpp.o
[17.181s] [ 75%] Building CXX object CMakeFiles/teleop_robot_bridge__rosidl_typesupport_fastrtps_cpp.dir/rosidl_typesupport_fastrtps_cpp/teleop_robot_bridge/msg/detail/dds_fastrtps/hand_tactile__type_support.cpp.o
[17.265s] [ 76%] Building CXX object CMakeFiles/teleop_robot_bridge__rosidl_typesupport_fastrtps_c.dir/rosidl_typesupport_fastrtps_c/teleop_robot_bridge/msg/detail/arm_motion_ctrl__type_support_c.cpp.o
[17.299s] [ 76%] Building CXX object CMakeFiles/teleop_robot_bridge__rosidl_typesupport_fastrtps_cpp.dir/rosidl_typesupport_fastrtps_cpp/teleop_robot_bridge/msg/detail/dds_fastrtps/head_joint_command__type_support.cpp.o
[17.323s] [ 76%] Building CXX object CMakeFiles/teleop_robot_bridge__rosidl_typesupport_fastrtps_c.dir/rosidl_typesupport_fastrtps_c/teleop_robot_bridge/msg/detail/ee_tcp_command__type_support_c.cpp.o
[17.474s] [ 76%] Building CXX object CMakeFiles/teleop_robot_bridge__rosidl_typesupport_fastrtps_cpp.dir/rosidl_typesupport_fastrtps_cpp/teleop_robot_bridge/msg/detail/dds_fastrtps/head_joint_feedback__type_support.cpp.o
[17.511s] [ 76%] Building CXX object CMakeFiles/teleop_robot_bridge_node.dir/src/grpc/grpc_manager.cpp.o
[17.544s] [ 76%] Building CXX object CMakeFiles/teleop_robot_bridge__rosidl_typesupport_fastrtps_c.dir/rosidl_typesupport_fastrtps_c/teleop_robot_bridge/msg/detail/gripper_device_state__type_support_c.cpp.o
[17.590s] [ 76%] Building CXX object CMakeFiles/teleop_robot_bridge__rosidl_typesupport_fastrtps_cpp.dir/rosidl_typesupport_fastrtps_cpp/teleop_robot_bridge/msg/detail/dds_fastrtps/head_joint_status__type_support.cpp.o
[17.623s] [ 77%] Building CXX object CMakeFiles/teleop_robot_bridge__rosidl_typesupport_fastrtps_cpp.dir/rosidl_typesupport_fastrtps_cpp/teleop_robot_bridge/msg/detail/dds_fastrtps/head_motion_ctrl__type_support.cpp.o
[17.660s] [ 78%] Building CXX object CMakeFiles/teleop_robot_bridge_node.dir/src/grpc/grpc_module.cpp.o
[17.690s] [ 78%] Building CXX object CMakeFiles/teleop_robot_bridge__rosidl_typesupport_fastrtps_cpp.dir/rosidl_typesupport_fastrtps_cpp/teleop_robot_bridge/msg/detail/dds_fastrtps/joint_status__type_support.cpp.o
[17.713s] [ 78%] Building CXX object CMakeFiles/teleop_robot_bridge__rosidl_typesupport_fastrtps_c.dir/rosidl_typesupport_fastrtps_c/teleop_robot_bridge/msg/detail/gripper_move__type_support_c.cpp.o
[17.850s] [ 78%] Building CXX object CMakeFiles/teleop_robot_bridge__rosidl_typesupport_fastrtps_cpp.dir/rosidl_typesupport_fastrtps_cpp/teleop_robot_bridge/msg/detail/dds_fastrtps/joy_state__type_support.cpp.o
[17.869s] [ 78%] Building CXX object CMakeFiles/teleop_robot_bridge__rosidl_typesupport_fastrtps_cpp.dir/rosidl_typesupport_fastrtps_cpp/teleop_robot_bridge/msg/detail/dds_fastrtps/single_device_state__type_support.cpp.o
[17.993s] [ 79%] Building CXX object CMakeFiles/teleop_robot_bridge__rosidl_typesupport_fastrtps_c.dir/rosidl_typesupport_fastrtps_c/teleop_robot_bridge/msg/detail/gripper_status__type_support_c.cpp.o
[18.074s] [ 80%] Building CXX object CMakeFiles/teleop_robot_bridge__rosidl_typesupport_fastrtps_cpp.dir/rosidl_typesupport_fastrtps_cpp/teleop_robot_bridge/msg/detail/dds_fastrtps/single_gripper_move__type_support.cpp.o
[18.096s] [ 80%] Building CXX object CMakeFiles/teleop_robot_bridge__rosidl_typesupport_fastrtps_cpp.dir/rosidl_typesupport_fastrtps_cpp/teleop_robot_bridge/msg/detail/dds_fastrtps/single_gripper_status__type_support.cpp.o
[18.148s] [ 80%] Building CXX object CMakeFiles/teleop_robot_bridge__rosidl_typesupport_fastrtps_cpp.dir/rosidl_typesupport_fastrtps_cpp/teleop_robot_bridge/msg/detail/dds_fastrtps/temperature__type_support.cpp.o
[18.208s] [ 80%] Building CXX object CMakeFiles/teleop_robot_bridge__rosidl_typesupport_fastrtps_cpp.dir/rosidl_typesupport_fastrtps_cpp/teleop_robot_bridge/msg/detail/dds_fastrtps/upper_body_device_state__type_support.cpp.o
[18.255s] [ 80%] Building CXX object CMakeFiles/teleop_robot_bridge__rosidl_typesupport_fastrtps_c.dir/rosidl_typesupport_fastrtps_c/teleop_robot_bridge/msg/detail/gripper_tactile__type_support_c.cpp.o
[18.371s] [ 80%] Building CXX object CMakeFiles/teleop_robot_bridge__rosidl_typesupport_fastrtps_cpp.dir/rosidl_typesupport_fastrtps_cpp/teleop_robot_bridge/msg/detail/dds_fastrtps/waist_joint_command__type_support.cpp.o
[18.459s] [ 80%] Building CXX object CMakeFiles/teleop_robot_bridge__rosidl_typesupport_fastrtps_c.dir/rosidl_typesupport_fastrtps_c/teleop_robot_bridge/msg/detail/hand_tactile__type_support_c.cpp.o
[18.475s] [ 81%] Building CXX object CMakeFiles/teleop_robot_bridge__rosidl_typesupport_fastrtps_cpp.dir/rosidl_typesupport_fastrtps_cpp/teleop_robot_bridge/msg/detail/dds_fastrtps/waist_joint_feedback__type_support.cpp.o
[18.547s] [ 81%] Building CXX object CMakeFiles/teleop_robot_bridge__rosidl_typesupport_fastrtps_cpp.dir/rosidl_typesupport_fastrtps_cpp/teleop_robot_bridge/msg/detail/dds_fastrtps/waist_joint_status__type_support.cpp.o
[18.602s] [ 81%] Building CXX object CMakeFiles/teleop_robot_bridge__rosidl_typesupport_fastrtps_cpp.dir/rosidl_typesupport_fastrtps_cpp/teleop_robot_bridge/msg/detail/dds_fastrtps/waist_motion_ctrl__type_support.cpp.o
[18.637s] [ 81%] Building CXX object CMakeFiles/teleop_robot_bridge__rosidl_typesupport_fastrtps_cpp.dir/rosidl_typesupport_fastrtps_cpp/teleop_robot_bridge/msg/detail/dds_fastrtps/waist_tcp_command__type_support.cpp.o
[18.740s] [ 81%] Building CXX object CMakeFiles/teleop_robot_bridge__rosidl_typesupport_fastrtps_c.dir/rosidl_typesupport_fastrtps_c/teleop_robot_bridge/msg/detail/head_joint_command__type_support_c.cpp.o
[18.814s] [ 81%] Building CXX object CMakeFiles/teleop_robot_bridge__rosidl_typesupport_fastrtps_c.dir/rosidl_typesupport_fastrtps_c/teleop_robot_bridge/msg/detail/head_joint_feedback__type_support_c.cpp.o
[18.907s] [ 82%] Building CXX object CMakeFiles/teleop_robot_bridge__rosidl_typesupport_fastrtps_c.dir/rosidl_typesupport_fastrtps_c/teleop_robot_bridge/msg/detail/head_joint_status__type_support_c.cpp.o
[18.954s] [ 82%] Building CXX object CMakeFiles/teleop_robot_bridge__rosidl_typesupport_fastrtps_c.dir/rosidl_typesupport_fastrtps_c/teleop_robot_bridge/msg/detail/head_motion_ctrl__type_support_c.cpp.o
[19.022s] [ 82%] Building CXX object CMakeFiles/teleop_robot_bridge_node.dir/src/utils/teleop_logger.cpp.o
[19.054s] [ 82%] Building CXX object CMakeFiles/teleop_robot_bridge_node.dir/src/video/video_recorder.cpp.o
[19.074s] [ 82%] Building CXX object CMakeFiles/teleop_robot_bridge_node.dir/src/video/video_module.cpp.o
[19.175s] [ 83%] Linking CXX shared library libteleop_robot_bridge__rosidl_typesupport_fastrtps_cpp.so
[19.226s] [ 83%] Building CXX object CMakeFiles/teleop_robot_bridge__rosidl_typesupport_fastrtps_c.dir/rosidl_typesupport_fastrtps_c/teleop_robot_bridge/msg/detail/joint_status__type_support_c.cpp.o
[19.326s] [ 83%] Built target teleop_robot_bridge__rosidl_typesupport_fastrtps_cpp
[19.350s] [ 83%] Building CXX object CMakeFiles/teleop_robot_bridge_node.dir/src/video/video_stream_manager.cpp.o
[19.387s] [ 83%] Building CXX object CMakeFiles/teleop_robot_bridge__rosidl_typesupport_fastrtps_c.dir/rosidl_typesupport_fastrtps_c/teleop_robot_bridge/msg/detail/joy_state__type_support_c.cpp.o
[19.400s] [ 84%] Building CXX object CMakeFiles/teleop_robot_bridge__rosidl_typesupport_fastrtps_c.dir/rosidl_typesupport_fastrtps_c/teleop_robot_bridge/msg/detail/single_device_state__type_support_c.cpp.o
[19.564s] [ 84%] Building CXX object CMakeFiles/teleop_robot_bridge__rosidl_typesupport_fastrtps_c.dir/rosidl_typesupport_fastrtps_c/teleop_robot_bridge/msg/detail/single_gripper_move__type_support_c.cpp.o
[19.783s] [ 84%] Building CXX object CMakeFiles/teleop_robot_bridge__rosidl_typesupport_fastrtps_c.dir/rosidl_typesupport_fastrtps_c/teleop_robot_bridge/msg/detail/single_gripper_status__type_support_c.cpp.o
[19.851s] [ 84%] Building CXX object CMakeFiles/teleop_robot_bridge__rosidl_typesupport_fastrtps_c.dir/rosidl_typesupport_fastrtps_c/teleop_robot_bridge/msg/detail/temperature__type_support_c.cpp.o
[20.068s] [ 85%] Building CXX object CMakeFiles/teleop_robot_bridge__rosidl_typesupport_fastrtps_c.dir/rosidl_typesupport_fastrtps_c/teleop_robot_bridge/msg/detail/upper_body_device_state__type_support_c.cpp.o
[20.072s] [ 85%] Building CXX object CMakeFiles/teleop_robot_bridge__rosidl_typesupport_fastrtps_c.dir/rosidl_typesupport_fastrtps_c/teleop_robot_bridge/msg/detail/waist_joint_command__type_support_c.cpp.o
[20.252s] [ 85%] Building CXX object CMakeFiles/teleop_robot_bridge__rosidl_typesupport_fastrtps_c.dir/rosidl_typesupport_fastrtps_c/teleop_robot_bridge/msg/detail/waist_joint_feedback__type_support_c.cpp.o
[20.276s] [ 85%] Building CXX object CMakeFiles/teleop_robot_bridge__rosidl_typesupport_fastrtps_c.dir/rosidl_typesupport_fastrtps_c/teleop_robot_bridge/msg/detail/waist_joint_status__type_support_c.cpp.o
[20.548s] [ 85%] Building CXX object CMakeFiles/teleop_robot_bridge__rosidl_typesupport_fastrtps_c.dir/rosidl_typesupport_fastrtps_c/teleop_robot_bridge/msg/detail/waist_motion_ctrl__type_support_c.cpp.o
[20.659s] [ 86%] Building CXX object CMakeFiles/teleop_robot_bridge__rosidl_typesupport_fastrtps_c.dir/rosidl_typesupport_fastrtps_c/teleop_robot_bridge/msg/detail/waist_tcp_command__type_support_c.cpp.o
[20.746s] [ 87%] Building CXX object CMakeFiles/teleop_robot_bridge_node.dir/src/video/video_decoder.cpp.o
[20.775s] [ 87%] Building CXX object CMakeFiles/teleop_robot_bridge_node.dir/src/video/video_undistorter.cpp.o
[21.069s] [ 87%] Building CXX object CMakeFiles/teleop_robot_bridge_node.dir/src/video/eye_image_publisher.cpp.o
[21.142s] [ 87%] Linking CXX shared library libteleop_robot_bridge__rosidl_typesupport_fastrtps_c.so
[21.172s] [ 87%] Building CXX object CMakeFiles/teleop_robot_bridge_node.dir/src/udp/udp_socket.cpp.o
[21.298s] [ 87%] Built target teleop_robot_bridge__rosidl_typesupport_fastrtps_c
[21.320s] [ 88%] Building CXX object CMakeFiles/teleop_robot_bridge_node.dir/src/udp/gf256.cpp.o
[21.429s] [ 88%] Building CXX object CMakeFiles/teleop_robot_bridge_node.dir/src/udp/packet_codec.cpp.o
[21.550s] [ 88%] Built target teleop_robot_bridge
[21.571s] [ 88%] Building CXX object CMakeFiles/teleop_robot_bridge_node.dir/src/udp/control_plane.cpp.o
[21.618s] [ 88%] Building CXX object CMakeFiles/teleop_robot_bridge_node.dir/src/udp/send_queue.cpp.o
[21.638s] [ 88%] Building CXX object CMakeFiles/teleop_robot_bridge_node.dir/src/udp/pacer.cpp.o
[21.982s] [ 89%] Building CXX object CMakeFiles/teleop_robot_bridge_node.dir/src/udp/fec_v2.cpp.o
[22.424s] [ 89%] Building CXX object CMakeFiles/teleop_robot_bridge_node.dir/src/udp/udp_manager.cpp.o
[23.371s] [ 89%] Building CXX object CMakeFiles/teleop_robot_bridge_node.dir/src/udp/udp_module.cpp.o
[23.792s] [ 89%] Building CXX object CMakeFiles/teleop_robot_bridge_node.dir/src/udp/pose_udp_receiver.cpp.o
[24.150s] [ 89%] Generating Python code for ROS interfaces
[29.250s] [ 89%] Built target teleop_robot_bridge__py
[29.283s] [ 89%] Building C object CMakeFiles/teleop_robot_bridge__rosidl_generator_py.dir/rosidl_generator_py/teleop_robot_bridge/msg/_agv_battery_state_s.c.o
[29.283s] [ 90%] Building C object CMakeFiles/teleop_robot_bridge__rosidl_generator_py.dir/rosidl_generator_py/teleop_robot_bridge/msg/_agv_cmd_vel_s.c.o
[29.283s] [ 90%] Building C object CMakeFiles/teleop_robot_bridge__rosidl_generator_py.dir/rosidl_generator_py/teleop_robot_bridge/msg/_agv_device_state_s.c.o
[29.283s] [ 90%] Building C object CMakeFiles/teleop_robot_bridge__rosidl_generator_py.dir/rosidl_generator_py/teleop_robot_bridge/msg/_agv_imu_s.c.o
[29.283s] [ 90%] Building C object CMakeFiles/teleop_robot_bridge__rosidl_generator_py.dir/rosidl_generator_py/teleop_robot_bridge/msg/_agv_motion_ctrl_s.c.o
[29.283s] [ 90%] Building C object CMakeFiles/teleop_robot_bridge__rosidl_generator_py.dir/rosidl_generator_py/teleop_robot_bridge/msg/_agv_joint_feedback_s.c.o
[29.283s] [ 90%] Building C object CMakeFiles/teleop_robot_bridge__rosidl_generator_py.dir/rosidl_generator_py/teleop_robot_bridge/msg/_agv_ultrasonic_s.c.o
[29.283s] [ 91%] Building C object CMakeFiles/teleop_robot_bridge__rosidl_generator_py.dir/rosidl_generator_py/teleop_robot_bridge/msg/_agv_joint_status_s.c.o
[29.285s] [ 91%] Building C object CMakeFiles/teleop_robot_bridge__rosidl_generator_py.dir/rosidl_generator_py/teleop_robot_bridge/msg/_agv_vda5050_state_s.c.o
[29.286s] [ 91%] Building C object CMakeFiles/teleop_robot_bridge__rosidl_generator_py.dir/rosidl_generator_py/teleop_robot_bridge/msg/_agv_vel_s.c.o
[29.287s] [ 92%] Building C object CMakeFiles/teleop_robot_bridge__rosidl_generator_py.dir/rosidl_generator_py/teleop_robot_bridge/msg/_arm_joint_command_s.c.o
[29.287s] [ 92%] Building C object CMakeFiles/teleop_robot_bridge__rosidl_generator_py.dir/rosidl_generator_py/teleop_robot_bridge/msg/_arm_joint_feedback_s.c.o
[29.413s] [ 92%] Building C object CMakeFiles/teleop_robot_bridge__rosidl_generator_py.dir/rosidl_generator_py/teleop_robot_bridge/msg/_arm_joint_status_s.c.o
[29.423s] [ 92%] Building C object CMakeFiles/teleop_robot_bridge__rosidl_generator_py.dir/rosidl_generator_py/teleop_robot_bridge/msg/_arm_motion_ctrl_s.c.o
[29.426s] [ 93%] Building C object CMakeFiles/teleop_robot_bridge__rosidl_generator_py.dir/rosidl_generator_py/teleop_robot_bridge/msg/_ee_tcp_command_s.c.o
[29.437s] [ 93%] Building C object CMakeFiles/teleop_robot_bridge__rosidl_generator_py.dir/rosidl_generator_py/teleop_robot_bridge/msg/_gripper_device_state_s.c.o
[29.438s] [ 93%] Building C object CMakeFiles/teleop_robot_bridge__rosidl_generator_py.dir/rosidl_generator_py/teleop_robot_bridge/msg/_gripper_status_s.c.o
[29.439s] [ 93%] Building C object CMakeFiles/teleop_robot_bridge__rosidl_generator_py.dir/rosidl_generator_py/teleop_robot_bridge/msg/_gripper_move_s.c.o
[29.453s] [ 93%] Building C object CMakeFiles/teleop_robot_bridge__rosidl_generator_py.dir/rosidl_generator_py/teleop_robot_bridge/msg/_gripper_tactile_s.c.o
[29.466s] [ 94%] Building C object CMakeFiles/teleop_robot_bridge__rosidl_generator_py.dir/rosidl_generator_py/teleop_robot_bridge/msg/_hand_tactile_s.c.o
[29.469s] [ 94%] Building C object CMakeFiles/teleop_robot_bridge__rosidl_generator_py.dir/rosidl_generator_py/teleop_robot_bridge/msg/_head_joint_feedback_s.c.o
[29.469s] [ 94%] Building C object CMakeFiles/teleop_robot_bridge__rosidl_generator_py.dir/rosidl_generator_py/teleop_robot_bridge/msg/_head_joint_command_s.c.o
[29.472s] [ 94%] Building C object CMakeFiles/teleop_robot_bridge__rosidl_generator_py.dir/rosidl_generator_py/teleop_robot_bridge/msg/_head_joint_status_s.c.o
[29.477s] [ 95%] Building C object CMakeFiles/teleop_robot_bridge__rosidl_generator_py.dir/rosidl_generator_py/teleop_robot_bridge/msg/_head_motion_ctrl_s.c.o
[29.571s] [ 95%] Building C object CMakeFiles/teleop_robot_bridge__rosidl_generator_py.dir/rosidl_generator_py/teleop_robot_bridge/msg/_joint_status_s.c.o
[29.588s] [ 95%] Building C object CMakeFiles/teleop_robot_bridge__rosidl_generator_py.dir/rosidl_generator_py/teleop_robot_bridge/msg/_joy_state_s.c.o
[29.590s] [ 95%] Building C object CMakeFiles/teleop_robot_bridge__rosidl_generator_py.dir/rosidl_generator_py/teleop_robot_bridge/msg/_single_device_state_s.c.o
[29.596s] [ 95%] Building C object CMakeFiles/teleop_robot_bridge__rosidl_generator_py.dir/rosidl_generator_py/teleop_robot_bridge/msg/_single_gripper_status_s.c.o
[29.602s] [ 96%] Building C object CMakeFiles/teleop_robot_bridge__rosidl_generator_py.dir/rosidl_generator_py/teleop_robot_bridge/msg/_single_gripper_move_s.c.o
[29.606s] [ 96%] Building C object CMakeFiles/teleop_robot_bridge__rosidl_generator_py.dir/rosidl_generator_py/teleop_robot_bridge/msg/_temperature_s.c.o
[29.612s] [ 96%] Building C object CMakeFiles/teleop_robot_bridge__rosidl_generator_py.dir/rosidl_generator_py/teleop_robot_bridge/msg/_upper_body_device_state_s.c.o
[29.631s] [ 96%] Building C object CMakeFiles/teleop_robot_bridge__rosidl_generator_py.dir/rosidl_generator_py/teleop_robot_bridge/msg/_waist_joint_command_s.c.o
[29.645s] [ 97%] Building C object CMakeFiles/teleop_robot_bridge__rosidl_generator_py.dir/rosidl_generator_py/teleop_robot_bridge/msg/_waist_motion_ctrl_s.c.o
[29.646s] [ 97%] Building C object CMakeFiles/teleop_robot_bridge__rosidl_generator_py.dir/rosidl_generator_py/teleop_robot_bridge/msg/_waist_joint_feedback_s.c.o
[29.649s] [ 97%] Building C object CMakeFiles/teleop_robot_bridge__rosidl_generator_py.dir/rosidl_generator_py/teleop_robot_bridge/msg/_waist_tcp_command_s.c.o
[29.651s] [ 97%] Building C object CMakeFiles/teleop_robot_bridge__rosidl_generator_py.dir/rosidl_generator_py/teleop_robot_bridge/msg/_waist_joint_status_s.c.o
[29.826s] [ 98%] Linking C shared library libteleop_robot_bridge__rosidl_generator_py.so
[29.898s] [ 98%] Built target teleop_robot_bridge__rosidl_generator_py
[29.921s] [ 98%] Building C object CMakeFiles/teleop_robot_bridge_s__rosidl_typesupport_introspection_c.dir/rosidl_generator_py/teleop_robot_bridge/_teleop_robot_bridge_s.ep.rosidl_typesupport_introspection_c.c.o
[29.921s] [ 98%] Building C object CMakeFiles/teleop_robot_bridge_s__rosidl_typesupport_c.dir/rosidl_generator_py/teleop_robot_bridge/_teleop_robot_bridge_s.ep.rosidl_typesupport_c.c.o
[29.921s] [ 98%] Building C object CMakeFiles/teleop_robot_bridge_s__rosidl_typesupport_fastrtps_c.dir/rosidl_generator_py/teleop_robot_bridge/_teleop_robot_bridge_s.ep.rosidl_typesupport_fastrtps_c.c.o
[30.461s] [ 99%] Linking C shared module rosidl_generator_py/teleop_robot_bridge/teleop_robot_bridge_s__rosidl_typesupport_fastrtps_c.so
[30.462s] [ 99%] Linking C shared module rosidl_generator_py/teleop_robot_bridge/teleop_robot_bridge_s__rosidl_typesupport_introspection_c.so
[30.468s] [ 99%] Linking C shared module rosidl_generator_py/teleop_robot_bridge/teleop_robot_bridge_s__rosidl_typesupport_c.so
[30.503s] [ 99%] Built target teleop_robot_bridge_s__rosidl_typesupport_introspection_c
[30.503s] [ 99%] Built target teleop_robot_bridge_s__rosidl_typesupport_fastrtps_c
[30.505s] [ 99%] Built target teleop_robot_bridge_s__rosidl_typesupport_c
[52.742s] [100%] Linking CXX executable teleop_robot_bridge
[54.075s] [100%] Built target teleop_robot_bridge_node
[54.097s] Invoked command in '/home/eierobot/ROS/teleop_ws/src/teleop_robot_bridge/build/teleop_robot_bridge' returned '0': CMAKE_PREFIX_PATH=${CMAKE_PREFIX_PATH}:/opt/ros/jazzy DEBUGINFOD_URLS=https://debuginfod.ubuntu.com /usr/bin/cmake --build /home/eierobot/ROS/teleop_ws/src/teleop_robot_bridge/build/teleop_robot_bridge -- -j14 -l14
[54.109s] Invoking command in '/home/eierobot/ROS/teleop_ws/src/teleop_robot_bridge/build/teleop_robot_bridge': CMAKE_PREFIX_PATH=${CMAKE_PREFIX_PATH}:/opt/ros/jazzy DEBUGINFOD_URLS=https://debuginfod.ubuntu.com /usr/bin/cmake --install /home/eierobot/ROS/teleop_ws/src/teleop_robot_bridge/build/teleop_robot_bridge
[54.119s] -- Install configuration: "RelWithDebInfo"
[54.119s] -- Installing: /home/eierobot/ROS/teleop_ws/src/teleop_robot_bridge/install/teleop_robot_bridge/share/ament_index/resource_index/rosidl_interfaces/teleop_robot_bridge
[54.119s] -- Installing: /home/eierobot/ROS/teleop_ws/src/teleop_robot_bridge/install/teleop_robot_bridge/share/teleop_robot_bridge/msg/AgvBatteryState.json
[54.120s] -- Installing: /home/eierobot/ROS/teleop_ws/src/teleop_robot_bridge/install/teleop_robot_bridge/share/teleop_robot_bridge/msg/AgvCmdVel.json
[54.120s] -- Installing: /home/eierobot/ROS/teleop_ws/src/teleop_robot_bridge/install/teleop_robot_bridge/share/teleop_robot_bridge/msg/AgvDeviceState.json
[54.120s] -- Installing: /home/eierobot/ROS/teleop_ws/src/teleop_robot_bridge/install/teleop_robot_bridge/share/teleop_robot_bridge/msg/AgvImu.json
[54.120s] -- Installing: /home/eierobot/ROS/teleop_ws/src/teleop_robot_bridge/install/teleop_robot_bridge/share/teleop_robot_bridge/msg/AgvJointFeedback.json
[54.120s] -- Installing: /home/eierobot/ROS/teleop_ws/src/teleop_robot_bridge/install/teleop_robot_bridge/share/teleop_robot_bridge/msg/AgvJointStatus.json
[54.121s] -- Installing: /home/eierobot/ROS/teleop_ws/src/teleop_robot_bridge/install/teleop_robot_bridge/share/teleop_robot_bridge/msg/AgvMotionCtrl.json
[54.121s] -- Installing: /home/eierobot/ROS/teleop_ws/src/teleop_robot_bridge/install/teleop_robot_bridge/share/teleop_robot_bridge/msg/AgvUltrasonic.json
[54.121s] -- Installing: /home/eierobot/ROS/teleop_ws/src/teleop_robot_bridge/install/teleop_robot_bridge/share/teleop_robot_bridge/msg/AgvVda5050State.json
[54.121s] -- Installing: /home/eierobot/ROS/teleop_ws/src/teleop_robot_bridge/install/teleop_robot_bridge/share/teleop_robot_bridge/msg/AgvVel.json
[54.121s] -- Installing: /home/eierobot/ROS/teleop_ws/src/teleop_robot_bridge/install/teleop_robot_bridge/share/teleop_robot_bridge/msg/ArmJointCommand.json
[54.121s] -- Installing: /home/eierobot/ROS/teleop_ws/src/teleop_robot_bridge/install/teleop_robot_bridge/share/teleop_robot_bridge/msg/ArmJointFeedback.json
[54.121s] -- Installing: /home/eierobot/ROS/teleop_ws/src/teleop_robot_bridge/install/teleop_robot_bridge/share/teleop_robot_bridge/msg/ArmJointStatus.json
[54.121s] -- Installing: /home/eierobot/ROS/teleop_ws/src/teleop_robot_bridge/install/teleop_robot_bridge/share/teleop_robot_bridge/msg/ArmMotionCtrl.json
[54.122s] -- Installing: /home/eierobot/ROS/teleop_ws/src/teleop_robot_bridge/install/teleop_robot_bridge/share/teleop_robot_bridge/msg/EeTcpCommand.json
[54.122s] -- Installing: /home/eierobot/ROS/teleop_ws/src/teleop_robot_bridge/install/teleop_robot_bridge/share/teleop_robot_bridge/msg/GripperDeviceState.json
[54.122s] -- Installing: /home/eierobot/ROS/teleop_ws/src/teleop_robot_bridge/install/teleop_robot_bridge/share/teleop_robot_bridge/msg/GripperMove.json
[54.122s] -- Installing: /home/eierobot/ROS/teleop_ws/src/teleop_robot_bridge/install/teleop_robot_bridge/share/teleop_robot_bridge/msg/GripperStatus.json
[54.122s] -- Installing: /home/eierobot/ROS/teleop_ws/src/teleop_robot_bridge/install/teleop_robot_bridge/share/teleop_robot_bridge/msg/GripperTactile.json
[54.122s] -- Installing: /home/eierobot/ROS/teleop_ws/src/teleop_robot_bridge/install/teleop_robot_bridge/share/teleop_robot_bridge/msg/HandTactile.json
[54.123s] -- Installing: /home/eierobot/ROS/teleop_ws/src/teleop_robot_bridge/install/teleop_robot_bridge/share/teleop_robot_bridge/msg/HeadJointCommand.json
[54.123s] -- Installing: /home/eierobot/ROS/teleop_ws/src/teleop_robot_bridge/install/teleop_robot_bridge/share/teleop_robot_bridge/msg/HeadJointFeedback.json
[54.123s] -- Installing: /home/eierobot/ROS/teleop_ws/src/teleop_robot_bridge/install/teleop_robot_bridge/share/teleop_robot_bridge/msg/HeadJointStatus.json
[54.123s] -- Installing: /home/eierobot/ROS/teleop_ws/src/teleop_robot_bridge/install/teleop_robot_bridge/share/teleop_robot_bridge/msg/HeadMotionCtrl.json
[54.124s] -- Installing: /home/eierobot/ROS/teleop_ws/src/teleop_robot_bridge/install/teleop_robot_bridge/share/teleop_robot_bridge/msg/JointStatus.json
[54.124s] -- Installing: /home/eierobot/ROS/teleop_ws/src/teleop_robot_bridge/install/teleop_robot_bridge/share/teleop_robot_bridge/msg/JoyState.json
[54.124s] -- Installing: /home/eierobot/ROS/teleop_ws/src/teleop_robot_bridge/install/teleop_robot_bridge/share/teleop_robot_bridge/msg/SingleDeviceState.json
[54.124s] -- Installing: /home/eierobot/ROS/teleop_ws/src/teleop_robot_bridge/install/teleop_robot_bridge/share/teleop_robot_bridge/msg/SingleGripperMove.json
[54.124s] -- Installing: /home/eierobot/ROS/teleop_ws/src/teleop_robot_bridge/install/teleop_robot_bridge/share/teleop_robot_bridge/msg/SingleGripperStatus.json
[54.124s] -- Installing: /home/eierobot/ROS/teleop_ws/src/teleop_robot_bridge/install/teleop_robot_bridge/share/teleop_robot_bridge/msg/Temperature.json
[54.124s] -- Installing: /home/eierobot/ROS/teleop_ws/src/teleop_robot_bridge/install/teleop_robot_bridge/share/teleop_robot_bridge/msg/UpperBodyDeviceState.json
[54.125s] -- Installing: /home/eierobot/ROS/teleop_ws/src/teleop_robot_bridge/install/teleop_robot_bridge/share/teleop_robot_bridge/msg/WaistJointCommand.json
[54.125s] -- Installing: /home/eierobot/ROS/teleop_ws/src/teleop_robot_bridge/install/teleop_robot_bridge/share/teleop_robot_bridge/msg/WaistJointFeedback.json
[54.125s] -- Installing: /home/eierobot/ROS/teleop_ws/src/teleop_robot_bridge/install/teleop_robot_bridge/share/teleop_robot_bridge/msg/WaistJointStatus.json
[54.125s] -- Installing: /home/eierobot/ROS/teleop_ws/src/teleop_robot_bridge/install/teleop_robot_bridge/share/teleop_robot_bridge/msg/WaistMotionCtrl.json
[54.125s] -- Installing: /home/eierobot/ROS/teleop_ws/src/teleop_robot_bridge/install/teleop_robot_bridge/share/teleop_robot_bridge/msg/WaistTcpCommand.json
[54.125s] -- Installing: /home/eierobot/ROS/teleop_ws/src/teleop_robot_bridge/install/teleop_robot_bridge/include/teleop_robot_bridge/teleop_robot_bridge
[54.125s] -- Installing: /home/eierobot/ROS/teleop_ws/src/teleop_robot_bridge/install/teleop_robot_bridge/include/teleop_robot_bridge/teleop_robot_bridge/msg
[54.125s] -- Installing: /home/eierobot/ROS/teleop_ws/src/teleop_robot_bridge/install/teleop_robot_bridge/include/teleop_robot_bridge/teleop_robot_bridge/msg/agv_cmd_vel.h
[54.125s] -- Installing: /home/eierobot/ROS/teleop_ws/src/teleop_robot_bridge/install/teleop_robot_bridge/include/teleop_robot_bridge/teleop_robot_bridge/msg/joy_state.h
[54.125s] -- Installing: /home/eierobot/ROS/teleop_ws/src/teleop_robot_bridge/install/teleop_robot_bridge/include/teleop_robot_bridge/teleop_robot_bridge/msg/arm_joint_status.h
[54.126s] -- Installing: /home/eierobot/ROS/teleop_ws/src/teleop_robot_bridge/install/teleop_robot_bridge/include/teleop_robot_bridge/teleop_robot_bridge/msg/head_joint_status.h
[54.126s] -- Installing: /home/eierobot/ROS/teleop_ws/src/teleop_robot_bridge/install/teleop_robot_bridge/include/teleop_robot_bridge/teleop_robot_bridge/msg/gripper_status.h
[54.126s] -- Installing: /home/eierobot/ROS/teleop_ws/src/teleop_robot_bridge/install/teleop_robot_bridge/include/teleop_robot_bridge/teleop_robot_bridge/msg/head_joint_feedback.h
[54.126s] -- Installing: /home/eierobot/ROS/teleop_ws/src/teleop_robot_bridge/install/teleop_robot_bridge/include/teleop_robot_bridge/teleop_robot_bridge/msg/single_gripper_status.h
[54.126s] -- Installing: /home/eierobot/ROS/teleop_ws/src/teleop_robot_bridge/install/teleop_robot_bridge/include/teleop_robot_bridge/teleop_robot_bridge/msg/temperature.h
[54.126s] -- Installing: /home/eierobot/ROS/teleop_ws/src/teleop_robot_bridge/install/teleop_robot_bridge/include/teleop_robot_bridge/teleop_robot_bridge/msg/waist_joint_feedback.h
[54.126s] -- Installing: /home/eierobot/ROS/teleop_ws/src/teleop_robot_bridge/install/teleop_robot_bridge/include/teleop_robot_bridge/teleop_robot_bridge/msg/single_gripper_move.h
[54.126s] -- Installing: /home/eierobot/ROS/teleop_ws/src/teleop_robot_bridge/install/teleop_robot_bridge/include/teleop_robot_bridge/teleop_robot_bridge/msg/arm_motion_ctrl.h
[54.126s] -- Installing: /home/eierobot/ROS/teleop_ws/src/teleop_robot_bridge/install/teleop_robot_bridge/include/teleop_robot_bridge/teleop_robot_bridge/msg/agv_device_state.h
[54.126s] -- Installing: /home/eierobot/ROS/teleop_ws/src/teleop_robot_bridge/install/teleop_robot_bridge/include/teleop_robot_bridge/teleop_robot_bridge/msg/gripper_move.h
[54.126s] -- Installing: /home/eierobot/ROS/teleop_ws/src/teleop_robot_bridge/install/teleop_robot_bridge/include/teleop_robot_bridge/teleop_robot_bridge/msg/arm_joint_command.h
[54.127s] -- Installing: /home/eierobot/ROS/teleop_ws/src/teleop_robot_bridge/install/teleop_robot_bridge/include/teleop_robot_bridge/teleop_robot_bridge/msg/agv_imu.h
[54.127s] -- Installing: /home/eierobot/ROS/teleop_ws/src/teleop_robot_bridge/install/teleop_robot_bridge/include/teleop_robot_bridge/teleop_robot_bridge/msg/ee_tcp_command.h
[54.127s] -- Installing: /home/eierobot/ROS/teleop_ws/src/teleop_robot_bridge/install/teleop_robot_bridge/include/teleop_robot_bridge/teleop_robot_bridge/msg/agv_motion_ctrl.h
[54.128s] -- Installing: /home/eierobot/ROS/teleop_ws/src/teleop_robot_bridge/install/teleop_robot_bridge/include/teleop_robot_bridge/teleop_robot_bridge/msg/joint_status.h
[54.128s] -- Installing: /home/eierobot/ROS/teleop_ws/src/teleop_robot_bridge/install/teleop_robot_bridge/include/teleop_robot_bridge/teleop_robot_bridge/msg/agv_vda5050_state.h
[54.128s] -- Installing: /home/eierobot/ROS/teleop_ws/src/teleop_robot_bridge/install/teleop_robot_bridge/include/teleop_robot_bridge/teleop_robot_bridge/msg/gripper_device_state.h
[54.128s] -- Installing: /home/eierobot/ROS/teleop_ws/src/teleop_robot_bridge/install/teleop_robot_bridge/include/teleop_robot_bridge/teleop_robot_bridge/msg/arm_joint_feedback.h
[54.129s] -- Installing: /home/eierobot/ROS/teleop_ws/src/teleop_robot_bridge/install/teleop_robot_bridge/include/teleop_robot_bridge/teleop_robot_bridge/msg/agv_battery_state.h
[54.129s] -- Installing: /home/eierobot/ROS/teleop_ws/src/teleop_robot_bridge/install/teleop_robot_bridge/include/teleop_robot_bridge/teleop_robot_bridge/msg/waist_joint_status.h
[54.129s] -- Installing: /home/eierobot/ROS/teleop_ws/src/teleop_robot_bridge/install/teleop_robot_bridge/include/teleop_robot_bridge/teleop_robot_bridge/msg/agv_vel.h
[54.130s] -- Installing: /home/eierobot/ROS/teleop_ws/src/teleop_robot_bridge/install/teleop_robot_bridge/include/teleop_robot_bridge/teleop_robot_bridge/msg/rosidl_generator_c__visibility_control.h
[54.130s] -- Installing: /home/eierobot/ROS/teleop_ws/src/teleop_robot_bridge/install/teleop_robot_bridge/include/teleop_robot_bridge/teleop_robot_bridge/msg/single_device_state.h
[54.130s] -- Installing: /home/eierobot/ROS/teleop_ws/src/teleop_robot_bridge/install/teleop_robot_bridge/include/teleop_robot_bridge/teleop_robot_bridge/msg/head_motion_ctrl.h
[54.130s] -- Installing: /home/eierobot/ROS/teleop_ws/src/teleop_robot_bridge/install/teleop_robot_bridge/include/teleop_robot_bridge/teleop_robot_bridge/msg/gripper_tactile.h
[54.131s] -- Installing: /home/eierobot/ROS/teleop_ws/src/teleop_robot_bridge/install/teleop_robot_bridge/include/teleop_robot_bridge/teleop_robot_bridge/msg/waist_joint_command.h
[54.131s] -- Installing: /home/eierobot/ROS/teleop_ws/src/teleop_robot_bridge/install/teleop_robot_bridge/include/teleop_robot_bridge/teleop_robot_bridge/msg/hand_tactile.h
[54.131s] -- Installing: /home/eierobot/ROS/teleop_ws/src/teleop_robot_bridge/install/teleop_robot_bridge/include/teleop_robot_bridge/teleop_robot_bridge/msg/agv_ultrasonic.h
[54.131s] -- Installing: /home/eierobot/ROS/teleop_ws/src/teleop_robot_bridge/install/teleop_robot_bridge/include/teleop_robot_bridge/teleop_robot_bridge/msg/waist_motion_ctrl.h
[54.132s] -- Installing: /home/eierobot/ROS/teleop_ws/src/teleop_robot_bridge/install/teleop_robot_bridge/include/teleop_robot_bridge/teleop_robot_bridge/msg/upper_body_device_state.h
[54.132s] -- Installing: /home/eierobot/ROS/teleop_ws/src/teleop_robot_bridge/install/teleop_robot_bridge/include/teleop_robot_bridge/teleop_robot_bridge/msg/detail
[54.132s] -- Installing: /home/eierobot/ROS/teleop_ws/src/teleop_robot_bridge/install/teleop_robot_bridge/include/teleop_robot_bridge/teleop_robot_bridge/msg/detail/agv_joint_feedback__type_support.h
[54.132s] -- Installing: /home/eierobot/ROS/teleop_ws/src/teleop_robot_bridge/install/teleop_robot_bridge/include/teleop_robot_bridge/teleop_robot_bridge/msg/detail/agv_cmd_vel__struct.h
[54.132s] -- Installing: /home/eierobot/ROS/teleop_ws/src/teleop_robot_bridge/install/teleop_robot_bridge/include/teleop_robot_bridge/teleop_robot_bridge/msg/detail/arm_joint_command__description.c
[54.132s] -- Installing: /home/eierobot/ROS/teleop_ws/src/teleop_robot_bridge/install/teleop_robot_bridge/include/teleop_robot_bridge/teleop_robot_bridge/msg/detail/head_joint_command__functions.h
[54.133s] -- Installing: /home/eierobot/ROS/teleop_ws/src/teleop_robot_bridge/install/teleop_robot_bridge/include/teleop_robot_bridge/teleop_robot_bridge/msg/detail/head_joint_status__functions.h
[54.133s] -- Installing: /home/eierobot/ROS/teleop_ws/src/teleop_robot_bridge/install/teleop_robot_bridge/include/teleop_robot_bridge/teleop_robot_bridge/msg/detail/arm_joint_feedback__functions.c
[54.133s] -- Installing: /home/eierobot/ROS/teleop_ws/src/teleop_robot_bridge/install/teleop_robot_bridge/include/teleop_robot_bridge/teleop_robot_bridge/msg/detail/agv_battery_state__type_support.c
[54.133s] -- Installing: /home/eierobot/ROS/teleop_ws/src/teleop_robot_bridge/install/teleop_robot_bridge/include/teleop_robot_bridge/teleop_robot_bridge/msg/detail/ee_tcp_command__type_support.h
[54.133s] -- Installing: /home/eierobot/ROS/teleop_ws/src/teleop_robot_bridge/install/teleop_robot_bridge/include/teleop_robot_bridge/teleop_robot_bridge/msg/detail/waist_tcp_command__struct.h
[54.133s] -- Installing: /home/eierobot/ROS/teleop_ws/src/teleop_robot_bridge/install/teleop_robot_bridge/include/teleop_robot_bridge/teleop_robot_bridge/msg/detail/hand_tactile__type_support.c
[54.133s] -- Installing: /home/eierobot/ROS/teleop_ws/src/teleop_robot_bridge/install/teleop_robot_bridge/include/teleop_robot_bridge/teleop_robot_bridge/msg/detail/single_device_state__functions.c
[54.133s] -- Installing: /home/eierobot/ROS/teleop_ws/src/teleop_robot_bridge/install/teleop_robot_bridge/include/teleop_robot_bridge/teleop_robot_bridge/msg/detail/agv_battery_state__description.c
[54.133s] -- Installing: /home/eierobot/ROS/teleop_ws/src/teleop_robot_bridge/install/teleop_robot_bridge/include/teleop_robot_bridge/teleop_robot_bridge/msg/detail/agv_imu__description.c
[54.133s] -- Installing: /home/eierobot/ROS/teleop_ws/src/teleop_robot_bridge/install/teleop_robot_bridge/include/teleop_robot_bridge/teleop_robot_bridge/msg/detail/waist_tcp_command__type_support.c
[54.133s] -- Installing: /home/eierobot/ROS/teleop_ws/src/teleop_robot_bridge/install/teleop_robot_bridge/include/teleop_robot_bridge/teleop_robot_bridge/msg/detail/single_device_state__type_support.h
[54.134s] -- Installing: /home/eierobot/ROS/teleop_ws/src/teleop_robot_bridge/install/teleop_robot_bridge/include/teleop_robot_bridge/teleop_robot_bridge/msg/detail/waist_joint_command__type_support.c
[54.134s] -- Installing: /home/eierobot/ROS/teleop_ws/src/teleop_robot_bridge/install/teleop_robot_bridge/include/teleop_robot_bridge/teleop_robot_bridge/msg/detail/head_motion_ctrl__functions.h
[54.134s] -- Installing: /home/eierobot/ROS/teleop_ws/src/teleop_robot_bridge/install/teleop_robot_bridge/include/teleop_robot_bridge/teleop_robot_bridge/msg/detail/agv_joint_status__type_support.c
[54.134s] -- Installing: /home/eierobot/ROS/teleop_ws/src/teleop_robot_bridge/install/teleop_robot_bridge/include/teleop_robot_bridge/teleop_robot_bridge/msg/detail/gripper_device_state__functions.h
[54.135s] -- Installing: /home/eierobot/ROS/teleop_ws/src/teleop_robot_bridge/install/teleop_robot_bridge/include/teleop_robot_bridge/teleop_robot_bridge/msg/detail/joy_state__functions.h
[54.135s] -- Installing: /home/eierobot/ROS/teleop_ws/src/teleop_robot_bridge/install/teleop_robot_bridge/include/teleop_robot_bridge/teleop_robot_bridge/msg/detail/ee_tcp_command__functions.c
[54.135s] -- Installing: /home/eierobot/ROS/teleop_ws/src/teleop_robot_bridge/install/teleop_robot_bridge/include/teleop_robot_bridge/teleop_robot_bridge/msg/detail/head_joint_feedback__type_support.h
[54.136s] -- Installing: /home/eierobot/ROS/teleop_ws/src/teleop_robot_bridge/install/teleop_robot_bridge/include/teleop_robot_bridge/teleop_robot_bridge/msg/detail/agv_joint_status__struct.h
[54.136s] -- Installing: /home/eierobot/ROS/teleop_ws/src/teleop_robot_bridge/install/teleop_robot_bridge/include/teleop_robot_bridge/teleop_robot_bridge/msg/detail/gripper_move__struct.h
[54.136s] -- Installing: /home/eierobot/ROS/teleop_ws/src/teleop_robot_bridge/install/teleop_robot_bridge/include/teleop_robot_bridge/teleop_robot_bridge/msg/detail/waist_joint_command__description.c
[54.136s] -- Installing: /home/eierobot/ROS/teleop_ws/src/teleop_robot_bridge/install/teleop_robot_bridge/include/teleop_robot_bridge/teleop_robot_bridge/msg/detail/gripper_tactile__struct.h
[54.137s] -- Installing: /home/eierobot/ROS/teleop_ws/src/teleop_robot_bridge/install/teleop_robot_bridge/include/teleop_robot_bridge/teleop_robot_bridge/msg/detail/arm_motion_ctrl__type_support.c
[54.137s] -- Installing: /home/eierobot/ROS/teleop_ws/src/teleop_robot_bridge/install/teleop_robot_bridge/include/teleop_robot_bridge/teleop_robot_bridge/msg/detail/temperature__type_support.h
[54.137s] -- Installing: /home/eierobot/ROS/teleop_ws/src/teleop_robot_bridge/install/teleop_robot_bridge/include/teleop_robot_bridge/teleop_robot_bridge/msg/detail/agv_motion_ctrl__functions.c
[54.137s] -- Installing: /home/eierobot/ROS/teleop_ws/src/teleop_robot_bridge/install/teleop_robot_bridge/include/teleop_robot_bridge/teleop_robot_bridge/msg/detail/agv_cmd_vel__type_support.c
[54.137s] -- Installing: /home/eierobot/ROS/teleop_ws/src/teleop_robot_bridge/install/teleop_robot_bridge/include/teleop_robot_bridge/teleop_robot_bridge/msg/detail/waist_joint_status__functions.h
[54.137s] -- Installing: /home/eierobot/ROS/teleop_ws/src/teleop_robot_bridge/install/teleop_robot_bridge/include/teleop_robot_bridge/teleop_robot_bridge/msg/detail/arm_joint_feedback__type_support.h
[54.137s] -- Installing: /home/eierobot/ROS/teleop_ws/src/teleop_robot_bridge/install/teleop_robot_bridge/include/teleop_robot_bridge/teleop_robot_bridge/msg/detail/agv_vda5050_state__type_support.c
[54.137s] -- Installing: /home/eierobot/ROS/teleop_ws/src/teleop_robot_bridge/install/teleop_robot_bridge/include/teleop_robot_bridge/teleop_robot_bridge/msg/detail/arm_joint_command__struct.h
[54.137s] -- Installing: /home/eierobot/ROS/teleop_ws/src/teleop_robot_bridge/install/teleop_robot_bridge/include/teleop_robot_bridge/teleop_robot_bridge/msg/detail/joy_state__description.c
[54.137s] -- Installing: /home/eierobot/ROS/teleop_ws/src/teleop_robot_bridge/install/teleop_robot_bridge/include/teleop_robot_bridge/teleop_robot_bridge/msg/detail/agv_vel__struct.h
[54.137s] -- Installing: /home/eierobot/ROS/teleop_ws/src/teleop_robot_bridge/install/teleop_robot_bridge/include/teleop_robot_bridge/teleop_robot_bridge/msg/detail/upper_body_device_state__functions.c
[54.138s] -- Installing: /home/eierobot/ROS/teleop_ws/src/teleop_robot_bridge/install/teleop_robot_bridge/include/teleop_robot_bridge/teleop_robot_bridge/msg/detail/gripper_tactile__functions.h
[54.138s] -- Installing: /home/eierobot/ROS/teleop_ws/src/teleop_robot_bridge/install/teleop_robot_bridge/include/teleop_robot_bridge/teleop_robot_bridge/msg/detail/agv_joint_feedback__struct.h
[54.138s] -- Installing: /home/eierobot/ROS/teleop_ws/src/teleop_robot_bridge/install/teleop_robot_bridge/include/teleop_robot_bridge/teleop_robot_bridge/msg/detail/head_joint_feedback__struct.h
[54.138s] -- Installing: /home/eierobot/ROS/teleop_ws/src/teleop_robot_bridge/install/teleop_robot_bridge/include/teleop_robot_bridge/teleop_robot_bridge/msg/detail/ee_tcp_command__functions.h
[54.138s] -- Installing: /home/eierobot/ROS/teleop_ws/src/teleop_robot_bridge/install/teleop_robot_bridge/include/teleop_robot_bridge/teleop_robot_bridge/msg/detail/joint_status__functions.c
[54.138s] -- Installing: /home/eierobot/ROS/teleop_ws/src/teleop_robot_bridge/install/teleop_robot_bridge/include/teleop_robot_bridge/teleop_robot_bridge/msg/detail/waist_joint_command__type_support.h
[54.138s] -- Installing: /home/eierobot/ROS/teleop_ws/src/teleop_robot_bridge/install/teleop_robot_bridge/include/teleop_robot_bridge/teleop_robot_bridge/msg/detail/head_joint_status__description.c
[54.138s] -- Installing: /home/eierobot/ROS/teleop_ws/src/teleop_robot_bridge/install/teleop_robot_bridge/include/teleop_robot_bridge/teleop_robot_bridge/msg/detail/agv_cmd_vel__description.c
[54.138s] -- Installing: /home/eierobot/ROS/teleop_ws/src/teleop_robot_bridge/install/teleop_robot_bridge/include/teleop_robot_bridge/teleop_robot_bridge/msg/detail/agv_ultrasonic__type_support.h
[54.138s] -- Installing: /home/eierobot/ROS/teleop_ws/src/teleop_robot_bridge/install/teleop_robot_bridge/include/teleop_robot_bridge/teleop_robot_bridge/msg/detail/agv_vel__description.c
[54.138s] -- Installing: /home/eierobot/ROS/teleop_ws/src/teleop_robot_bridge/install/teleop_robot_bridge/include/teleop_robot_bridge/teleop_robot_bridge/msg/detail/waist_joint_command__functions.c
[54.139s] -- Installing: /home/eierobot/ROS/teleop_ws/src/teleop_robot_bridge/install/teleop_robot_bridge/include/teleop_robot_bridge/teleop_robot_bridge/msg/detail/agv_imu__functions.c
[54.139s] -- Installing: /home/eierobot/ROS/teleop_ws/src/teleop_robot_bridge/install/teleop_robot_bridge/include/teleop_robot_bridge/teleop_robot_bridge/msg/detail/head_joint_status__type_support.c
[54.139s] -- Installing: /home/eierobot/ROS/teleop_ws/src/teleop_robot_bridge/install/teleop_robot_bridge/include/teleop_robot_bridge/teleop_robot_bridge/msg/detail/agv_device_state__struct.h
[54.139s] -- Installing: /home/eierobot/ROS/teleop_ws/src/teleop_robot_bridge/install/teleop_robot_bridge/include/teleop_robot_bridge/teleop_robot_bridge/msg/detail/head_motion_ctrl__type_support.c
[54.139s] -- Installing: /home/eierobot/ROS/teleop_ws/src/teleop_robot_bridge/install/teleop_robot_bridge/include/teleop_robot_bridge/teleop_robot_bridge/msg/detail/agv_device_state__functions.h
[54.139s] -- Installing: /home/eierobot/ROS/teleop_ws/src/teleop_robot_bridge/install/teleop_robot_bridge/include/teleop_robot_bridge/teleop_robot_bridge/msg/detail/arm_joint_status__type_support.h
[54.139s] -- Installing: /home/eierobot/ROS/teleop_ws/src/teleop_robot_bridge/install/teleop_robot_bridge/include/teleop_robot_bridge/teleop_robot_bridge/msg/detail/gripper_move__functions.c
[54.139s] -- Installing: /home/eierobot/ROS/teleop_ws/src/teleop_robot_bridge/install/teleop_robot_bridge/include/teleop_robot_bridge/teleop_robot_bridge/msg/detail/head_joint_status__struct.h
[54.139s] -- Installing: /home/eierobot/ROS/teleop_ws/src/teleop_robot_bridge/install/teleop_robot_bridge/include/teleop_robot_bridge/teleop_robot_bridge/msg/detail/agv_vda5050_state__description.c
[54.139s] -- Installing: /home/eierobot/ROS/teleop_ws/src/teleop_robot_bridge/install/teleop_robot_bridge/include/teleop_robot_bridge/teleop_robot_bridge/msg/detail/temperature__functions.h
[54.139s] -- Installing: /home/eierobot/ROS/teleop_ws/src/teleop_robot_bridge/install/teleop_robot_bridge/include/teleop_robot_bridge/teleop_robot_bridge/msg/detail/ee_tcp_command__description.c
[54.140s] -- Installing: /home/eierobot/ROS/teleop_ws/src/teleop_robot_bridge/install/teleop_robot_bridge/include/teleop_robot_bridge/teleop_robot_bridge/msg/detail/waist_motion_ctrl__description.c
[54.140s] -- Installing: /home/eierobot/ROS/teleop_ws/src/teleop_robot_bridge/install/teleop_robot_bridge/include/teleop_robot_bridge/teleop_robot_bridge/msg/detail/upper_body_device_state__functions.h
[54.140s] -- Installing: /home/eierobot/ROS/teleop_ws/src/teleop_robot_bridge/install/teleop_robot_bridge/include/teleop_robot_bridge/teleop_robot_bridge/msg/detail/temperature__struct.h
[54.140s] -- Installing: /home/eierobot/ROS/teleop_ws/src/teleop_robot_bridge/install/teleop_robot_bridge/include/teleop_robot_bridge/teleop_robot_bridge/msg/detail/joint_status__type_support.h
[54.140s] -- Installing: /home/eierobot/ROS/teleop_ws/src/teleop_robot_bridge/install/teleop_robot_bridge/include/teleop_robot_bridge/teleop_robot_bridge/msg/detail/temperature__functions.c
[54.140s] -- Installing: /home/eierobot/ROS/teleop_ws/src/teleop_robot_bridge/install/teleop_robot_bridge/include/teleop_robot_bridge/teleop_robot_bridge/msg/detail/gripper_move__description.c
[54.140s] -- Installing: /home/eierobot/ROS/teleop_ws/src/teleop_robot_bridge/install/teleop_robot_bridge/include/teleop_robot_bridge/teleop_robot_bridge/msg/detail/waist_joint_feedback__functions.c
[54.140s] -- Installing: /home/eierobot/ROS/teleop_ws/src/teleop_robot_bridge/install/teleop_robot_bridge/include/teleop_robot_bridge/teleop_robot_bridge/msg/detail/joy_state__type_support.h
[54.140s] -- Installing: /home/eierobot/ROS/teleop_ws/src/teleop_robot_bridge/install/teleop_robot_bridge/include/teleop_robot_bridge/teleop_robot_bridge/msg/detail/agv_ultrasonic__functions.h
[54.140s] -- Installing: /home/eierobot/ROS/teleop_ws/src/teleop_robot_bridge/install/teleop_robot_bridge/include/teleop_robot_bridge/teleop_robot_bridge/msg/detail/single_gripper_move__functions.h
[54.140s] -- Installing: /home/eierobot/ROS/teleop_ws/src/teleop_robot_bridge/install/teleop_robot_bridge/include/teleop_robot_bridge/teleop_robot_bridge/msg/detail/agv_motion_ctrl__type_support.c
[54.141s] -- Installing: /home/eierobot/ROS/teleop_ws/src/teleop_robot_bridge/install/teleop_robot_bridge/include/teleop_robot_bridge/teleop_robot_bridge/msg/detail/agv_vda5050_state__struct.h
[54.141s] -- Installing: /home/eierobot/ROS/teleop_ws/src/teleop_robot_bridge/install/teleop_robot_bridge/include/teleop_robot_bridge/teleop_robot_bridge/msg/detail/agv_joint_feedback__functions.h
[54.141s] -- Installing: /home/eierobot/ROS/teleop_ws/src/teleop_robot_bridge/install/teleop_robot_bridge/include/teleop_robot_bridge/teleop_robot_bridge/msg/detail/gripper_move__functions.h
[54.141s] -- Installing: /home/eierobot/ROS/teleop_ws/src/teleop_robot_bridge/install/teleop_robot_bridge/include/teleop_robot_bridge/teleop_robot_bridge/msg/detail/agv_vda5050_state__type_support.h
[54.141s] -- Installing: /home/eierobot/ROS/teleop_ws/src/teleop_robot_bridge/install/teleop_robot_bridge/include/teleop_robot_bridge/teleop_robot_bridge/msg/detail/gripper_status__type_support.c
[54.141s] -- Installing: /home/eierobot/ROS/teleop_ws/src/teleop_robot_bridge/install/teleop_robot_bridge/include/teleop_robot_bridge/teleop_robot_bridge/msg/detail/agv_joint_status__functions.c
[54.141s] -- Installing: /home/eierobot/ROS/teleop_ws/src/teleop_robot_bridge/install/teleop_robot_bridge/include/teleop_robot_bridge/teleop_robot_bridge/msg/detail/gripper_status__functions.h
[54.141s] -- Installing: /home/eierobot/ROS/teleop_ws/src/teleop_robot_bridge/install/teleop_robot_bridge/include/teleop_robot_bridge/teleop_robot_bridge/msg/detail/gripper_device_state__struct.h
[54.141s] -- Installing: /home/eierobot/ROS/teleop_ws/src/teleop_robot_bridge/install/teleop_robot_bridge/include/teleop_robot_bridge/teleop_robot_bridge/msg/detail/waist_tcp_command__functions.c
[54.141s] -- Installing: /home/eierobot/ROS/teleop_ws/src/teleop_robot_bridge/install/teleop_robot_bridge/include/teleop_robot_bridge/teleop_robot_bridge/msg/detail/gripper_device_state__functions.c
[54.141s] -- Installing: /home/eierobot/ROS/teleop_ws/src/teleop_robot_bridge/install/teleop_robot_bridge/include/teleop_robot_bridge/teleop_robot_bridge/msg/detail/agv_joint_status__description.c
[54.142s] -- Installing: /home/eierobot/ROS/teleop_ws/src/teleop_robot_bridge/install/teleop_robot_bridge/include/teleop_robot_bridge/teleop_robot_bridge/msg/detail/waist_tcp_command__type_support.h
[54.142s] -- Installing: /home/eierobot/ROS/teleop_ws/src/teleop_robot_bridge/install/teleop_robot_bridge/include/teleop_robot_bridge/teleop_robot_bridge/msg/detail/single_gripper_status__type_support.h
[54.143s] -- Installing: /home/eierobot/ROS/teleop_ws/src/teleop_robot_bridge/install/teleop_robot_bridge/include/teleop_robot_bridge/teleop_robot_bridge/msg/detail/agv_vel__functions.c
[54.143s] -- Installing: /home/eierobot/ROS/teleop_ws/src/teleop_robot_bridge/install/teleop_robot_bridge/include/teleop_robot_bridge/teleop_robot_bridge/msg/detail/agv_ultrasonic__description.c
[54.143s] -- Installing: /home/eierobot/ROS/teleop_ws/src/teleop_robot_bridge/install/teleop_robot_bridge/include/teleop_robot_bridge/teleop_robot_bridge/msg/detail/hand_tactile__functions.c
[54.143s] -- Installing: /home/eierobot/ROS/teleop_ws/src/teleop_robot_bridge/install/teleop_robot_bridge/include/teleop_robot_bridge/teleop_robot_bridge/msg/detail/upper_body_device_state__struct.h
[54.143s] -- Installing: /home/eierobot/ROS/teleop_ws/src/teleop_robot_bridge/install/teleop_robot_bridge/include/teleop_robot_bridge/teleop_robot_bridge/msg/detail/waist_joint_status__struct.h
[54.143s] -- Installing: /home/eierobot/ROS/teleop_ws/src/teleop_robot_bridge/install/teleop_robot_bridge/include/teleop_robot_bridge/teleop_robot_bridge/msg/detail/waist_motion_ctrl__functions.h
[54.143s] -- Installing: /home/eierobot/ROS/teleop_ws/src/teleop_robot_bridge/install/teleop_robot_bridge/include/teleop_robot_bridge/teleop_robot_bridge/msg/detail/single_gripper_move__struct.h
[54.143s] -- Installing: /home/eierobot/ROS/teleop_ws/src/teleop_robot_bridge/install/teleop_robot_bridge/include/teleop_robot_bridge/teleop_robot_bridge/msg/detail/arm_joint_command__type_support.h
[54.143s] -- Installing: /home/eierobot/ROS/teleop_ws/src/teleop_robot_bridge/install/teleop_robot_bridge/include/teleop_robot_bridge/teleop_robot_bridge/msg/detail/temperature__type_support.c
[54.143s] -- Installing: /home/eierobot/ROS/teleop_ws/src/teleop_robot_bridge/install/teleop_robot_bridge/include/teleop_robot_bridge/teleop_robot_bridge/msg/detail/gripper_tactile__description.c
[54.143s] -- Installing: /home/eierobot/ROS/teleop_ws/src/teleop_robot_bridge/install/teleop_robot_bridge/include/teleop_robot_bridge/teleop_robot_bridge/msg/detail/single_gripper_status__type_support.c
[54.143s] -- Installing: /home/eierobot/ROS/teleop_ws/src/teleop_robot_bridge/install/teleop_robot_bridge/include/teleop_robot_bridge/teleop_robot_bridge/msg/detail/joy_state__type_support.c
[54.144s] -- Installing: /home/eierobot/ROS/teleop_ws/src/teleop_robot_bridge/install/teleop_robot_bridge/include/teleop_robot_bridge/teleop_robot_bridge/msg/detail/arm_motion_ctrl__description.c
[54.144s] -- Installing: /home/eierobot/ROS/teleop_ws/src/teleop_robot_bridge/install/teleop_robot_bridge/include/teleop_robot_bridge/teleop_robot_bridge/msg/detail/arm_joint_status__type_support.c
[54.144s] -- Installing: /home/eierobot/ROS/teleop_ws/src/teleop_robot_bridge/install/teleop_robot_bridge/include/teleop_robot_bridge/teleop_robot_bridge/msg/detail/gripper_move__type_support.c
[54.144s] -- Installing: /home/eierobot/ROS/teleop_ws/src/teleop_robot_bridge/install/teleop_robot_bridge/include/teleop_robot_bridge/teleop_robot_bridge/msg/detail/waist_joint_feedback__functions.h
[54.144s] -- Installing: /home/eierobot/ROS/teleop_ws/src/teleop_robot_bridge/install/teleop_robot_bridge/include/teleop_robot_bridge/teleop_robot_bridge/msg/detail/gripper_status__functions.c
[54.144s] -- Installing: /home/eierobot/ROS/teleop_ws/src/teleop_robot_bridge/install/teleop_robot_bridge/include/teleop_robot_bridge/teleop_robot_bridge/msg/detail/agv_imu__type_support.h
[54.144s] -- Installing: /home/eierobot/ROS/teleop_ws/src/teleop_robot_bridge/install/teleop_robot_bridge/include/teleop_robot_bridge/teleop_robot_bridge/msg/detail/agv_joint_status__functions.h
[54.144s] -- Installing: /home/eierobot/ROS/teleop_ws/src/teleop_robot_bridge/install/teleop_robot_bridge/include/teleop_robot_bridge/teleop_robot_bridge/msg/detail/head_motion_ctrl__functions.c
[54.145s] -- Installing: /home/eierobot/ROS/teleop_ws/src/teleop_robot_bridge/install/teleop_robot_bridge/include/teleop_robot_bridge/teleop_robot_bridge/msg/detail/waist_tcp_command__description.c
[54.145s] -- Installing: /home/eierobot/ROS/teleop_ws/src/teleop_robot_bridge/install/teleop_robot_bridge/include/teleop_robot_bridge/teleop_robot_bridge/msg/detail/gripper_move__type_support.h
[54.145s] -- Installing: /home/eierobot/ROS/teleop_ws/src/teleop_robot_bridge/install/teleop_robot_bridge/include/teleop_robot_bridge/teleop_robot_bridge/msg/detail/waist_joint_feedback__description.c
[54.145s] -- Installing: /home/eierobot/ROS/teleop_ws/src/teleop_robot_bridge/install/teleop_robot_bridge/include/teleop_robot_bridge/teleop_robot_bridge/msg/detail/joint_status__struct.h
[54.145s] -- Installing: /home/eierobot/ROS/teleop_ws/src/teleop_robot_bridge/install/teleop_robot_bridge/include/teleop_robot_bridge/teleop_robot_bridge/msg/detail/head_joint_command__description.c
[54.146s] -- Installing: /home/eierobot/ROS/teleop_ws/src/teleop_robot_bridge/install/teleop_robot_bridge/include/teleop_robot_bridge/teleop_robot_bridge/msg/detail/agv_motion_ctrl__type_support.h
[54.146s] -- Installing: /home/eierobot/ROS/teleop_ws/src/teleop_robot_bridge/install/teleop_robot_bridge/include/teleop_robot_bridge/teleop_robot_bridge/msg/detail/agv_motion_ctrl__functions.h
[54.146s] -- Installing: /home/eierobot/ROS/teleop_ws/src/teleop_robot_bridge/install/teleop_robot_bridge/include/teleop_robot_bridge/teleop_robot_bridge/msg/detail/ee_tcp_command__type_support.c
[54.146s] -- Installing: /home/eierobot/ROS/teleop_ws/src/teleop_robot_bridge/install/teleop_robot_bridge/include/teleop_robot_bridge/teleop_robot_bridge/msg/detail/arm_joint_command__functions.c
[54.146s] -- Installing: /home/eierobot/ROS/teleop_ws/src/teleop_robot_bridge/install/teleop_robot_bridge/include/teleop_robot_bridge/teleop_robot_bridge/msg/detail/agv_cmd_vel__functions.h
[54.146s] -- Installing: /home/eierobot/ROS/teleop_ws/src/teleop_robot_bridge/install/teleop_robot_bridge/include/teleop_robot_bridge/teleop_robot_bridge/msg/detail/agv_device_state__type_support.c
[54.147s] -- Installing: /home/eierobot/ROS/teleop_ws/src/teleop_robot_bridge/install/teleop_robot_bridge/include/teleop_robot_bridge/teleop_robot_bridge/msg/detail/agv_ultrasonic__functions.c
[54.147s] -- Installing: /home/eierobot/ROS/teleop_ws/src/teleop_robot_bridge/install/teleop_robot_bridge/include/teleop_robot_bridge/teleop_robot_bridge/msg/detail/arm_joint_feedback__type_support.c
[54.147s] -- Installing: /home/eierobot/ROS/teleop_ws/src/teleop_robot_bridge/install/teleop_robot_bridge/include/teleop_robot_bridge/teleop_robot_bridge/msg/detail/agv_motion_ctrl__description.c
[54.147s] -- Installing: /home/eierobot/ROS/teleop_ws/src/teleop_robot_bridge/install/teleop_robot_bridge/include/teleop_robot_bridge/teleop_robot_bridge/msg/detail/arm_joint_status__functions.h
[54.147s] -- Installing: /home/eierobot/ROS/teleop_ws/src/teleop_robot_bridge/install/teleop_robot_bridge/include/teleop_robot_bridge/teleop_robot_bridge/msg/detail/single_gripper_move__description.c
[54.147s] -- Installing: /home/eierobot/ROS/teleop_ws/src/teleop_robot_bridge/install/teleop_robot_bridge/include/teleop_robot_bridge/teleop_robot_bridge/msg/detail/hand_tactile__functions.h
[54.147s] -- Installing: /home/eierobot/ROS/teleop_ws/src/teleop_robot_bridge/install/teleop_robot_bridge/include/teleop_robot_bridge/teleop_robot_bridge/msg/detail/agv_imu__struct.h
[54.147s] -- Installing: /home/eierobot/ROS/teleop_ws/src/teleop_robot_bridge/install/teleop_robot_bridge/include/teleop_robot_bridge/teleop_robot_bridge/msg/detail/agv_device_state__type_support.h
[54.147s] -- Installing: /home/eierobot/ROS/teleop_ws/src/teleop_robot_bridge/install/teleop_robot_bridge/include/teleop_robot_bridge/teleop_robot_bridge/msg/detail/head_motion_ctrl__type_support.h
[54.147s] -- Installing: /home/eierobot/ROS/teleop_ws/src/teleop_robot_bridge/install/teleop_robot_bridge/include/teleop_robot_bridge/teleop_robot_bridge/msg/detail/agv_device_state__description.c
[54.147s] -- Installing: /home/eierobot/ROS/teleop_ws/src/teleop_robot_bridge/install/teleop_robot_bridge/include/teleop_robot_bridge/teleop_robot_bridge/msg/detail/waist_joint_status__functions.c
[54.147s] -- Installing: /home/eierobot/ROS/teleop_ws/src/teleop_robot_bridge/install/teleop_robot_bridge/include/teleop_robot_bridge/teleop_robot_bridge/msg/detail/arm_joint_feedback__description.c
[54.148s] -- Installing: /home/eierobot/ROS/teleop_ws/src/teleop_robot_bridge/install/teleop_robot_bridge/include/teleop_robot_bridge/teleop_robot_bridge/msg/detail/agv_joint_status__type_support.h
[54.148s] -- Installing: /home/eierobot/ROS/teleop_ws/src/teleop_robot_bridge/install/teleop_robot_bridge/include/teleop_robot_bridge/teleop_robot_bridge/msg/detail/agv_joint_feedback__description.c
[54.148s] -- Installing: /home/eierobot/ROS/teleop_ws/src/teleop_robot_bridge/install/teleop_robot_bridge/include/teleop_robot_bridge/teleop_robot_bridge/msg/detail/agv_motion_ctrl__struct.h
[54.148s] -- Installing: /home/eierobot/ROS/teleop_ws/src/teleop_robot_bridge/install/teleop_robot_bridge/include/teleop_robot_bridge/teleop_robot_bridge/msg/detail/agv_device_state__functions.c
[54.148s] -- Installing: /home/eierobot/ROS/teleop_ws/src/teleop_robot_bridge/install/teleop_robot_bridge/include/teleop_robot_bridge/teleop_robot_bridge/msg/detail/ee_tcp_command__struct.h
[54.148s] -- Installing: /home/eierobot/ROS/teleop_ws/src/teleop_robot_bridge/install/teleop_robot_bridge/include/teleop_robot_bridge/teleop_robot_bridge/msg/detail/agv_imu__type_support.c
[54.148s] -- Installing: /home/eierobot/ROS/teleop_ws/src/teleop_robot_bridge/install/teleop_robot_bridge/include/teleop_robot_bridge/teleop_robot_bridge/msg/detail/head_joint_command__struct.h
[54.148s] -- Installing: /home/eierobot/ROS/teleop_ws/src/teleop_robot_bridge/install/teleop_robot_bridge/include/teleop_robot_bridge/teleop_robot_bridge/msg/detail/gripper_status__type_support.h
[54.148s] -- Installing: /home/eierobot/ROS/teleop_ws/src/teleop_robot_bridge/install/teleop_robot_bridge/include/teleop_robot_bridge/teleop_robot_bridge/msg/detail/arm_joint_feedback__struct.h
[54.148s] -- Installing: /home/eierobot/ROS/teleop_ws/src/teleop_robot_bridge/install/teleop_robot_bridge/include/teleop_robot_bridge/teleop_robot_bridge/msg/detail/single_gripper_move__functions.c
[54.148s] -- Installing: /home/eierobot/ROS/teleop_ws/src/teleop_robot_bridge/install/teleop_robot_bridge/include/teleop_robot_bridge/teleop_robot_bridge/msg/detail/hand_tactile__struct.h
[54.148s] -- Installing: /home/eierobot/ROS/teleop_ws/src/teleop_robot_bridge/install/teleop_robot_bridge/include/teleop_robot_bridge/teleop_robot_bridge/msg/detail/joy_state__functions.c
[54.148s] -- Installing: /home/eierobot/ROS/teleop_ws/src/teleop_robot_bridge/install/teleop_robot_bridge/include/teleop_robot_bridge/teleop_robot_bridge/msg/detail/single_gripper_move__type_support.c
[54.149s] -- Installing: /home/eierobot/ROS/teleop_ws/src/teleop_robot_bridge/install/teleop_robot_bridge/include/teleop_robot_bridge/teleop_robot_bridge/msg/detail/agv_vel__type_support.h
[54.149s] -- Installing: /home/eierobot/ROS/teleop_ws/src/teleop_robot_bridge/install/teleop_robot_bridge/include/teleop_robot_bridge/teleop_robot_bridge/msg/detail/waist_joint_command__struct.h
[54.149s] -- Installing: /home/eierobot/ROS/teleop_ws/src/teleop_robot_bridge/install/teleop_robot_bridge/include/teleop_robot_bridge/teleop_robot_bridge/msg/detail/waist_motion_ctrl__functions.c
[54.149s] -- Installing: /home/eierobot/ROS/teleop_ws/src/teleop_robot_bridge/install/teleop_robot_bridge/include/teleop_robot_bridge/teleop_robot_bridge/msg/detail/upper_body_device_state__type_support.c
[54.149s] -- Installing: /home/eierobot/ROS/teleop_ws/src/teleop_robot_bridge/install/teleop_robot_bridge/include/teleop_robot_bridge/teleop_robot_bridge/msg/detail/head_motion_ctrl__description.c
[54.149s] -- Installing: /home/eierobot/ROS/teleop_ws/src/teleop_robot_bridge/install/teleop_robot_bridge/include/teleop_robot_bridge/teleop_robot_bridge/msg/detail/temperature__description.c
[54.149s] -- Installing: /home/eierobot/ROS/teleop_ws/src/teleop_robot_bridge/install/teleop_robot_bridge/include/teleop_robot_bridge/teleop_robot_bridge/msg/detail/single_device_state__struct.h
[54.149s] -- Installing: /home/eierobot/ROS/teleop_ws/src/teleop_robot_bridge/install/teleop_robot_bridge/include/teleop_robot_bridge/teleop_robot_bridge/msg/detail/upper_body_device_state__type_support.h
[54.149s] -- Installing: /home/eierobot/ROS/teleop_ws/src/teleop_robot_bridge/install/teleop_robot_bridge/include/teleop_robot_bridge/teleop_robot_bridge/msg/detail/single_device_state__functions.h
[54.149s] -- Installing: /home/eierobot/ROS/teleop_ws/src/teleop_robot_bridge/install/teleop_robot_bridge/include/teleop_robot_bridge/teleop_robot_bridge/msg/detail/arm_joint_feedback__functions.h
[54.149s] -- Installing: /home/eierobot/ROS/teleop_ws/src/teleop_robot_bridge/install/teleop_robot_bridge/include/teleop_robot_bridge/teleop_robot_bridge/msg/detail/arm_motion_ctrl__functions.c
[54.149s] -- Installing: /home/eierobot/ROS/teleop_ws/src/teleop_robot_bridge/install/teleop_robot_bridge/include/teleop_robot_bridge/teleop_robot_bridge/msg/detail/head_joint_feedback__functions.c
[54.149s] -- Installing: /home/eierobot/ROS/teleop_ws/src/teleop_robot_bridge/install/teleop_robot_bridge/include/teleop_robot_bridge/teleop_robot_bridge/msg/detail/joint_status__type_support.c
[54.150s] -- Installing: /home/eierobot/ROS/teleop_ws/src/teleop_robot_bridge/install/teleop_robot_bridge/include/teleop_robot_bridge/teleop_robot_bridge/msg/detail/waist_joint_feedback__struct.h
[54.150s] -- Installing: /home/eierobot/ROS/teleop_ws/src/teleop_robot_bridge/install/teleop_robot_bridge/include/teleop_robot_bridge/teleop_robot_bridge/msg/detail/gripper_tactile__type_support.c
[54.150s] -- Installing: /home/eierobot/ROS/teleop_ws/src/teleop_robot_bridge/install/teleop_robot_bridge/include/teleop_robot_bridge/teleop_robot_bridge/msg/detail/arm_motion_ctrl__struct.h
[54.150s] -- Installing: /home/eierobot/ROS/teleop_ws/src/teleop_robot_bridge/install/teleop_robot_bridge/include/teleop_robot_bridge/teleop_robot_bridge/msg/detail/gripper_status__struct.h
[54.150s] -- Installing: /home/eierobot/ROS/teleop_ws/src/teleop_robot_bridge/install/teleop_robot_bridge/include/teleop_robot_bridge/teleop_robot_bridge/msg/detail/agv_cmd_vel__functions.c
[54.150s] -- Installing: /home/eierobot/ROS/teleop_ws/src/teleop_robot_bridge/install/teleop_robot_bridge/include/teleop_robot_bridge/teleop_robot_bridge/msg/detail/agv_battery_state__functions.h
[54.150s] -- Installing: /home/eierobot/ROS/teleop_ws/src/teleop_robot_bridge/install/teleop_robot_bridge/include/teleop_robot_bridge/teleop_robot_bridge/msg/detail/agv_battery_state__type_support.h
[54.150s] -- Installing: /home/eierobot/ROS/teleop_ws/src/teleop_robot_bridge/install/teleop_robot_bridge/include/teleop_robot_bridge/teleop_robot_bridge/msg/detail/head_joint_status__functions.c
[54.150s] -- Installing: /home/eierobot/ROS/teleop_ws/src/teleop_robot_bridge/install/teleop_robot_bridge/include/teleop_robot_bridge/teleop_robot_bridge/msg/detail/agv_cmd_vel__type_support.h
[54.150s] -- Installing: /home/eierobot/ROS/teleop_ws/src/teleop_robot_bridge/install/teleop_robot_bridge/include/teleop_robot_bridge/teleop_robot_bridge/msg/detail/single_device_state__type_support.c
[54.150s] -- Installing: /home/eierobot/ROS/teleop_ws/src/teleop_robot_bridge/install/teleop_robot_bridge/include/teleop_robot_bridge/teleop_robot_bridge/msg/detail/single_device_state__description.c
[54.150s] -- Installing: /home/eierobot/ROS/teleop_ws/src/teleop_robot_bridge/install/teleop_robot_bridge/include/teleop_robot_bridge/teleop_robot_bridge/msg/detail/gripper_device_state__description.c
[54.150s] -- Installing: /home/eierobot/ROS/teleop_ws/src/teleop_robot_bridge/install/teleop_robot_bridge/include/teleop_robot_bridge/teleop_robot_bridge/msg/detail/gripper_status__description.c
[54.150s] -- Installing: /home/eierobot/ROS/teleop_ws/src/teleop_robot_bridge/install/teleop_robot_bridge/include/teleop_robot_bridge/teleop_robot_bridge/msg/detail/upper_body_device_state__description.c
[54.150s] -- Installing: /home/eierobot/ROS/teleop_ws/src/teleop_robot_bridge/install/teleop_robot_bridge/include/teleop_robot_bridge/teleop_robot_bridge/msg/detail/gripper_device_state__type_support.c
[54.151s] -- Installing: /home/eierobot/ROS/teleop_ws/src/teleop_robot_bridge/install/teleop_robot_bridge/include/teleop_robot_bridge/teleop_robot_bridge/msg/detail/agv_vel__type_support.c
[54.151s] -- Installing: /home/eierobot/ROS/teleop_ws/src/teleop_robot_bridge/install/teleop_robot_bridge/include/teleop_robot_bridge/teleop_robot_bridge/msg/detail/agv_vel__functions.h
[54.151s] -- Installing: /home/eierobot/ROS/teleop_ws/src/teleop_robot_bridge/install/teleop_robot_bridge/include/teleop_robot_bridge/teleop_robot_bridge/msg/detail/arm_joint_command__type_support.c
[54.151s] -- Installing: /home/eierobot/ROS/teleop_ws/src/teleop_robot_bridge/install/teleop_robot_bridge/include/teleop_robot_bridge/teleop_robot_bridge/msg/detail/agv_battery_state__functions.c
[54.151s] -- Installing: /home/eierobot/ROS/teleop_ws/src/teleop_robot_bridge/install/teleop_robot_bridge/include/teleop_robot_bridge/teleop_robot_bridge/msg/detail/head_joint_command__type_support.h
[54.151s] -- Installing: /home/eierobot/ROS/teleop_ws/src/teleop_robot_bridge/install/teleop_robot_bridge/include/teleop_robot_bridge/teleop_robot_bridge/msg/detail/single_gripper_status__description.c
[54.151s] -- Installing: /home/eierobot/ROS/teleop_ws/src/teleop_robot_bridge/install/teleop_robot_bridge/include/teleop_robot_bridge/teleop_robot_bridge/msg/detail/agv_ultrasonic__struct.h
[54.151s] -- Installing: /home/eierobot/ROS/teleop_ws/src/teleop_robot_bridge/install/teleop_robot_bridge/include/teleop_robot_bridge/teleop_robot_bridge/msg/detail/gripper_device_state__type_support.h
[54.151s] -- Installing: /home/eierobot/ROS/teleop_ws/src/teleop_robot_bridge/install/teleop_robot_bridge/include/teleop_robot_bridge/teleop_robot_bridge/msg/detail/agv_vda5050_state__functions.c
[54.151s] -- Installing: /home/eierobot/ROS/teleop_ws/src/teleop_robot_bridge/install/teleop_robot_bridge/include/teleop_robot_bridge/teleop_robot_bridge/msg/detail/agv_ultrasonic__type_support.c
[54.151s] -- Installing: /home/eierobot/ROS/teleop_ws/src/teleop_robot_bridge/install/teleop_robot_bridge/include/teleop_robot_bridge/teleop_robot_bridge/msg/detail/head_joint_feedback__type_support.c
[54.151s] -- Installing: /home/eierobot/ROS/teleop_ws/src/teleop_robot_bridge/install/teleop_robot_bridge/include/teleop_robot_bridge/teleop_robot_bridge/msg/detail/head_joint_command__functions.c
[54.152s] -- Installing: /home/eierobot/ROS/teleop_ws/src/teleop_robot_bridge/install/teleop_robot_bridge/include/teleop_robot_bridge/teleop_robot_bridge/msg/detail/agv_joint_feedback__functions.c
[54.152s] -- Installing: /home/eierobot/ROS/teleop_ws/src/teleop_robot_bridge/install/teleop_robot_bridge/include/teleop_robot_bridge/teleop_robot_bridge/msg/detail/waist_joint_status__type_support.c
[54.152s] -- Installing: /home/eierobot/ROS/teleop_ws/src/teleop_robot_bridge/install/teleop_robot_bridge/include/teleop_robot_bridge/teleop_robot_bridge/msg/detail/waist_joint_status__description.c
[54.152s] -- Installing: /home/eierobot/ROS/teleop_ws/src/teleop_robot_bridge/install/teleop_robot_bridge/include/teleop_robot_bridge/teleop_robot_bridge/msg/detail/waist_joint_feedback__type_support.c
[54.152s] -- Installing: /home/eierobot/ROS/teleop_ws/src/teleop_robot_bridge/install/teleop_robot_bridge/include/teleop_robot_bridge/teleop_robot_bridge/msg/detail/joint_status__functions.h
[54.152s] -- Installing: /home/eierobot/ROS/teleop_ws/src/teleop_robot_bridge/install/teleop_robot_bridge/include/teleop_robot_bridge/teleop_robot_bridge/msg/detail/single_gripper_move__type_support.h
[54.152s] -- Installing: /home/eierobot/ROS/teleop_ws/src/teleop_robot_bridge/install/teleop_robot_bridge/include/teleop_robot_bridge/teleop_robot_bridge/msg/detail/single_gripper_status__functions.h
[54.152s] -- Installing: /home/eierobot/ROS/teleop_ws/src/teleop_robot_bridge/install/teleop_robot_bridge/include/teleop_robot_bridge/teleop_robot_bridge/msg/detail/head_joint_status__type_support.h
[54.153s] -- Installing: /home/eierobot/ROS/teleop_ws/src/teleop_robot_bridge/install/teleop_robot_bridge/include/teleop_robot_bridge/teleop_robot_bridge/msg/detail/joy_state__struct.h
[54.153s] -- Installing: /home/eierobot/ROS/teleop_ws/src/teleop_robot_bridge/install/teleop_robot_bridge/include/teleop_robot_bridge/teleop_robot_bridge/msg/detail/waist_tcp_command__functions.h
[54.153s] -- Installing: /home/eierobot/ROS/teleop_ws/src/teleop_robot_bridge/install/teleop_robot_bridge/include/teleop_robot_bridge/teleop_robot_bridge/msg/detail/agv_vda5050_state__functions.h
[54.153s] -- Installing: /home/eierobot/ROS/teleop_ws/src/teleop_robot_bridge/install/teleop_robot_bridge/include/teleop_robot_bridge/teleop_robot_bridge/msg/detail/arm_motion_ctrl__type_support.h
[54.153s] -- Installing: /home/eierobot/ROS/teleop_ws/src/teleop_robot_bridge/install/teleop_robot_bridge/include/teleop_robot_bridge/teleop_robot_bridge/msg/detail/waist_joint_status__type_support.h
[54.153s] -- Installing: /home/eierobot/ROS/teleop_ws/src/teleop_robot_bridge/install/teleop_robot_bridge/include/teleop_robot_bridge/teleop_robot_bridge/msg/detail/head_joint_command__type_support.c
[54.154s] -- Installing: /home/eierobot/ROS/teleop_ws/src/teleop_robot_bridge/install/teleop_robot_bridge/include/teleop_robot_bridge/teleop_robot_bridge/msg/detail/arm_joint_command__functions.h
[54.154s] -- Installing: /home/eierobot/ROS/teleop_ws/src/teleop_robot_bridge/install/teleop_robot_bridge/include/teleop_robot_bridge/teleop_robot_bridge/msg/detail/hand_tactile__description.c
[54.154s] -- Installing: /home/eierobot/ROS/teleop_ws/src/teleop_robot_bridge/install/teleop_robot_bridge/include/teleop_robot_bridge/teleop_robot_bridge/msg/detail/waist_joint_command__functions.h
[54.154s] -- Installing: /home/eierobot/ROS/teleop_ws/src/teleop_robot_bridge/install/teleop_robot_bridge/include/teleop_robot_bridge/teleop_robot_bridge/msg/detail/agv_joint_feedback__type_support.c
[54.154s] -- Installing: /home/eierobot/ROS/teleop_ws/src/teleop_robot_bridge/install/teleop_robot_bridge/include/teleop_robot_bridge/teleop_robot_bridge/msg/detail/waist_joint_feedback__type_support.h
[54.154s] -- Installing: /home/eierobot/ROS/teleop_ws/src/teleop_robot_bridge/install/teleop_robot_bridge/include/teleop_robot_bridge/teleop_robot_bridge/msg/detail/arm_joint_status__struct.h
[54.154s] -- Installing: /home/eierobot/ROS/teleop_ws/src/teleop_robot_bridge/install/teleop_robot_bridge/include/teleop_robot_bridge/teleop_robot_bridge/msg/detail/agv_battery_state__struct.h
[54.155s] -- Installing: /home/eierobot/ROS/teleop_ws/src/teleop_robot_bridge/install/teleop_robot_bridge/include/teleop_robot_bridge/teleop_robot_bridge/msg/detail/single_gripper_status__functions.c
[54.155s] -- Installing: /home/eierobot/ROS/teleop_ws/src/teleop_robot_bridge/install/teleop_robot_bridge/include/teleop_robot_bridge/teleop_robot_bridge/msg/detail/waist_motion_ctrl__struct.h
[54.155s] -- Installing: /home/eierobot/ROS/teleop_ws/src/teleop_robot_bridge/install/teleop_robot_bridge/include/teleop_robot_bridge/teleop_robot_bridge/msg/detail/head_joint_feedback__description.c
[54.155s] -- Installing: /home/eierobot/ROS/teleop_ws/src/teleop_robot_bridge/install/teleop_robot_bridge/include/teleop_robot_bridge/teleop_robot_bridge/msg/detail/agv_imu__functions.h
[54.155s] -- Installing: /home/eierobot/ROS/teleop_ws/src/teleop_robot_bridge/install/teleop_robot_bridge/include/teleop_robot_bridge/teleop_robot_bridge/msg/detail/head_joint_feedback__functions.h
[54.155s] -- Installing: /home/eierobot/ROS/teleop_ws/src/teleop_robot_bridge/install/teleop_robot_bridge/include/teleop_robot_bridge/teleop_robot_bridge/msg/detail/waist_motion_ctrl__type_support.c
[54.155s] -- Installing: /home/eierobot/ROS/teleop_ws/src/teleop_robot_bridge/install/teleop_robot_bridge/include/teleop_robot_bridge/teleop_robot_bridge/msg/detail/waist_motion_ctrl__type_support.h
[54.155s] -- Installing: /home/eierobot/ROS/teleop_ws/src/teleop_robot_bridge/install/teleop_robot_bridge/include/teleop_robot_bridge/teleop_robot_bridge/msg/detail/arm_joint_status__functions.c
[54.156s] -- Installing: /home/eierobot/ROS/teleop_ws/src/teleop_robot_bridge/install/teleop_robot_bridge/include/teleop_robot_bridge/teleop_robot_bridge/msg/detail/hand_tactile__type_support.h
[54.156s] -- Installing: /home/eierobot/ROS/teleop_ws/src/teleop_robot_bridge/install/teleop_robot_bridge/include/teleop_robot_bridge/teleop_robot_bridge/msg/detail/arm_motion_ctrl__functions.h
[54.156s] -- Installing: /home/eierobot/ROS/teleop_ws/src/teleop_robot_bridge/install/teleop_robot_bridge/include/teleop_robot_bridge/teleop_robot_bridge/msg/detail/arm_joint_status__description.c
[54.156s] -- Installing: /home/eierobot/ROS/teleop_ws/src/teleop_robot_bridge/install/teleop_robot_bridge/include/teleop_robot_bridge/teleop_robot_bridge/msg/detail/gripper_tactile__type_support.h
[54.156s] -- Installing: /home/eierobot/ROS/teleop_ws/src/teleop_robot_bridge/install/teleop_robot_bridge/include/teleop_robot_bridge/teleop_robot_bridge/msg/detail/gripper_tactile__functions.c
[54.156s] -- Installing: /home/eierobot/ROS/teleop_ws/src/teleop_robot_bridge/install/teleop_robot_bridge/include/teleop_robot_bridge/teleop_robot_bridge/msg/detail/single_gripper_status__struct.h
[54.156s] -- Installing: /home/eierobot/ROS/teleop_ws/src/teleop_robot_bridge/install/teleop_robot_bridge/include/teleop_robot_bridge/teleop_robot_bridge/msg/detail/joint_status__description.c
[54.156s] -- Installing: /home/eierobot/ROS/teleop_ws/src/teleop_robot_bridge/install/teleop_robot_bridge/include/teleop_robot_bridge/teleop_robot_bridge/msg/detail/head_motion_ctrl__struct.h
[54.156s] -- Installing: /home/eierobot/ROS/teleop_ws/src/teleop_robot_bridge/install/teleop_robot_bridge/include/teleop_robot_bridge/teleop_robot_bridge/msg/waist_tcp_command.h
[54.157s] -- Installing: /home/eierobot/ROS/teleop_ws/src/teleop_robot_bridge/install/teleop_robot_bridge/include/teleop_robot_bridge/teleop_robot_bridge/msg/head_joint_command.h
[54.157s] -- Installing: /home/eierobot/ROS/teleop_ws/src/teleop_robot_bridge/install/teleop_robot_bridge/include/teleop_robot_bridge/teleop_robot_bridge/msg/agv_joint_status.h
[54.157s] -- Installing: /home/eierobot/ROS/teleop_ws/src/teleop_robot_bridge/install/teleop_robot_bridge/include/teleop_robot_bridge/teleop_robot_bridge/msg/agv_joint_feedback.h
[54.157s] -- Installing: /home/eierobot/ROS/teleop_ws/src/teleop_robot_bridge/install/teleop_robot_bridge/share/teleop_robot_bridge/environment/library_path.sh
[54.157s] -- Installing: /home/eierobot/ROS/teleop_ws/src/teleop_robot_bridge/install/teleop_robot_bridge/share/teleop_robot_bridge/environment/library_path.dsv
[54.157s] -- Installing: /home/eierobot/ROS/teleop_ws/src/teleop_robot_bridge/install/teleop_robot_bridge/lib/libteleop_robot_bridge__rosidl_generator_c.so
[54.157s] -- Set non-toolchain portion of runtime path of "/home/eierobot/ROS/teleop_ws/src/teleop_robot_bridge/install/teleop_robot_bridge/lib/libteleop_robot_bridge__rosidl_generator_c.so" to ""
[54.157s] -- Up-to-date: /home/eierobot/ROS/teleop_ws/src/teleop_robot_bridge/install/teleop_robot_bridge/include/teleop_robot_bridge/teleop_robot_bridge
[54.157s] -- Up-to-date: /home/eierobot/ROS/teleop_ws/src/teleop_robot_bridge/install/teleop_robot_bridge/include/teleop_robot_bridge/teleop_robot_bridge/msg
[54.157s] -- Installing: /home/eierobot/ROS/teleop_ws/src/teleop_robot_bridge/install/teleop_robot_bridge/include/teleop_robot_bridge/teleop_robot_bridge/msg/rosidl_typesupport_fastrtps_c__visibility_control.h
[54.157s] -- Up-to-date: /home/eierobot/ROS/teleop_ws/src/teleop_robot_bridge/install/teleop_robot_bridge/include/teleop_robot_bridge/teleop_robot_bridge/msg/detail
[54.157s] -- Installing: /home/eierobot/ROS/teleop_ws/src/teleop_robot_bridge/install/teleop_robot_bridge/include/teleop_robot_bridge/teleop_robot_bridge/msg/detail/single_gripper_move__rosidl_typesupport_fastrtps_c.h
[54.157s] -- Installing: /home/eierobot/ROS/teleop_ws/src/teleop_robot_bridge/install/teleop_robot_bridge/include/teleop_robot_bridge/teleop_robot_bridge/msg/detail/arm_joint_status__rosidl_typesupport_fastrtps_c.h
[54.157s] -- Installing: /home/eierobot/ROS/teleop_ws/src/teleop_robot_bridge/install/teleop_robot_bridge/include/teleop_robot_bridge/teleop_robot_bridge/msg/detail/agv_joint_status__rosidl_typesupport_fastrtps_c.h
[54.158s] -- Installing: /home/eierobot/ROS/teleop_ws/src/teleop_robot_bridge/install/teleop_robot_bridge/include/teleop_robot_bridge/teleop_robot_bridge/msg/detail/gripper_move__rosidl_typesupport_fastrtps_c.h
[54.158s] -- Installing: /home/eierobot/ROS/teleop_ws/src/teleop_robot_bridge/install/teleop_robot_bridge/include/teleop_robot_bridge/teleop_robot_bridge/msg/detail/joint_status__rosidl_typesupport_fastrtps_c.h
[54.158s] -- Installing: /home/eierobot/ROS/teleop_ws/src/teleop_robot_bridge/install/teleop_robot_bridge/include/teleop_robot_bridge/teleop_robot_bridge/msg/detail/arm_joint_command__rosidl_typesupport_fastrtps_c.h
[54.158s] -- Installing: /home/eierobot/ROS/teleop_ws/src/teleop_robot_bridge/install/teleop_robot_bridge/include/teleop_robot_bridge/teleop_robot_bridge/msg/detail/arm_joint_feedback__rosidl_typesupport_fastrtps_c.h
[54.158s] -- Installing: /home/eierobot/ROS/teleop_ws/src/teleop_robot_bridge/install/teleop_robot_bridge/include/teleop_robot_bridge/teleop_robot_bridge/msg/detail/gripper_status__rosidl_typesupport_fastrtps_c.h
[54.158s] -- Installing: /home/eierobot/ROS/teleop_ws/src/teleop_robot_bridge/install/teleop_robot_bridge/include/teleop_robot_bridge/teleop_robot_bridge/msg/detail/agv_motion_ctrl__rosidl_typesupport_fastrtps_c.h
[54.158s] -- Installing: /home/eierobot/ROS/teleop_ws/src/teleop_robot_bridge/install/teleop_robot_bridge/include/teleop_robot_bridge/teleop_robot_bridge/msg/detail/joy_state__rosidl_typesupport_fastrtps_c.h
[54.158s] -- Installing: /home/eierobot/ROS/teleop_ws/src/teleop_robot_bridge/install/teleop_robot_bridge/include/teleop_robot_bridge/teleop_robot_bridge/msg/detail/arm_motion_ctrl__rosidl_typesupport_fastrtps_c.h
[54.158s] -- Installing: /home/eierobot/ROS/teleop_ws/src/teleop_robot_bridge/install/teleop_robot_bridge/include/teleop_robot_bridge/teleop_robot_bridge/msg/detail/waist_tcp_command__rosidl_typesupport_fastrtps_c.h
[54.158s] -- Installing: /home/eierobot/ROS/teleop_ws/src/teleop_robot_bridge/install/teleop_robot_bridge/include/teleop_robot_bridge/teleop_robot_bridge/msg/detail/waist_joint_status__rosidl_typesupport_fastrtps_c.h
[54.158s] -- Installing: /home/eierobot/ROS/teleop_ws/src/teleop_robot_bridge/install/teleop_robot_bridge/include/teleop_robot_bridge/teleop_robot_bridge/msg/detail/waist_motion_ctrl__rosidl_typesupport_fastrtps_c.h
[54.158s] -- Installing: /home/eierobot/ROS/teleop_ws/src/teleop_robot_bridge/install/teleop_robot_bridge/include/teleop_robot_bridge/teleop_robot_bridge/msg/detail/head_joint_command__rosidl_typesupport_fastrtps_c.h
[54.158s] -- Installing: /home/eierobot/ROS/teleop_ws/src/teleop_robot_bridge/install/teleop_robot_bridge/include/teleop_robot_bridge/teleop_robot_bridge/msg/detail/ee_tcp_command__rosidl_typesupport_fastrtps_c.h
[54.158s] -- Installing: /home/eierobot/ROS/teleop_ws/src/teleop_robot_bridge/install/teleop_robot_bridge/include/teleop_robot_bridge/teleop_robot_bridge/msg/detail/agv_battery_state__rosidl_typesupport_fastrtps_c.h
[54.158s] -- Installing: /home/eierobot/ROS/teleop_ws/src/teleop_robot_bridge/install/teleop_robot_bridge/include/teleop_robot_bridge/teleop_robot_bridge/msg/detail/agv_vda5050_state__rosidl_typesupport_fastrtps_c.h
[54.158s] -- Installing: /home/eierobot/ROS/teleop_ws/src/teleop_robot_bridge/install/teleop_robot_bridge/include/teleop_robot_bridge/teleop_robot_bridge/msg/detail/agv_device_state__rosidl_typesupport_fastrtps_c.h
[54.159s] -- Installing: /home/eierobot/ROS/teleop_ws/src/teleop_robot_bridge/install/teleop_robot_bridge/include/teleop_robot_bridge/teleop_robot_bridge/msg/detail/agv_ultrasonic__rosidl_typesupport_fastrtps_c.h
[54.159s] -- Installing: /home/eierobot/ROS/teleop_ws/src/teleop_robot_bridge/install/teleop_robot_bridge/include/teleop_robot_bridge/teleop_robot_bridge/msg/detail/gripper_device_state__rosidl_typesupport_fastrtps_c.h
[54.159s] -- Installing: /home/eierobot/ROS/teleop_ws/src/teleop_robot_bridge/install/teleop_robot_bridge/include/teleop_robot_bridge/teleop_robot_bridge/msg/detail/agv_imu__rosidl_typesupport_fastrtps_c.h
[54.159s] -- Installing: /home/eierobot/ROS/teleop_ws/src/teleop_robot_bridge/install/teleop_robot_bridge/include/teleop_robot_bridge/teleop_robot_bridge/msg/detail/head_joint_feedback__rosidl_typesupport_fastrtps_c.h
[54.159s] -- Installing: /home/eierobot/ROS/teleop_ws/src/teleop_robot_bridge/install/teleop_robot_bridge/include/teleop_robot_bridge/teleop_robot_bridge/msg/detail/agv_vel__rosidl_typesupport_fastrtps_c.h
[54.159s] -- Installing: /home/eierobot/ROS/teleop_ws/src/teleop_robot_bridge/install/teleop_robot_bridge/include/teleop_robot_bridge/teleop_robot_bridge/msg/detail/agv_joint_feedback__rosidl_typesupport_fastrtps_c.h
[54.159s] -- Installing: /home/eierobot/ROS/teleop_ws/src/teleop_robot_bridge/install/teleop_robot_bridge/include/teleop_robot_bridge/teleop_robot_bridge/msg/detail/single_device_state__rosidl_typesupport_fastrtps_c.h
[54.159s] -- Installing: /home/eierobot/ROS/teleop_ws/src/teleop_robot_bridge/install/teleop_robot_bridge/include/teleop_robot_bridge/teleop_robot_bridge/msg/detail/hand_tactile__rosidl_typesupport_fastrtps_c.h
[54.159s] -- Installing: /home/eierobot/ROS/teleop_ws/src/teleop_robot_bridge/install/teleop_robot_bridge/include/teleop_robot_bridge/teleop_robot_bridge/msg/detail/waist_joint_feedback__rosidl_typesupport_fastrtps_c.h
[54.160s] -- Installing: /home/eierobot/ROS/teleop_ws/src/teleop_robot_bridge/install/teleop_robot_bridge/include/teleop_robot_bridge/teleop_robot_bridge/msg/detail/single_gripper_status__rosidl_typesupport_fastrtps_c.h
[54.160s] -- Installing: /home/eierobot/ROS/teleop_ws/src/teleop_robot_bridge/install/teleop_robot_bridge/include/teleop_robot_bridge/teleop_robot_bridge/msg/detail/agv_cmd_vel__rosidl_typesupport_fastrtps_c.h
[54.160s] -- Installing: /home/eierobot/ROS/teleop_ws/src/teleop_robot_bridge/install/teleop_robot_bridge/include/teleop_robot_bridge/teleop_robot_bridge/msg/detail/gripper_tactile__rosidl_typesupport_fastrtps_c.h
[54.160s] -- Installing: /home/eierobot/ROS/teleop_ws/src/teleop_robot_bridge/install/teleop_robot_bridge/include/teleop_robot_bridge/teleop_robot_bridge/msg/detail/head_joint_status__rosidl_typesupport_fastrtps_c.h
[54.160s] -- Installing: /home/eierobot/ROS/teleop_ws/src/teleop_robot_bridge/install/teleop_robot_bridge/include/teleop_robot_bridge/teleop_robot_bridge/msg/detail/upper_body_device_state__rosidl_typesupport_fastrtps_c.h
[54.160s] -- Installing: /home/eierobot/ROS/teleop_ws/src/teleop_robot_bridge/install/teleop_robot_bridge/include/teleop_robot_bridge/teleop_robot_bridge/msg/detail/temperature__rosidl_typesupport_fastrtps_c.h
[54.160s] -- Installing: /home/eierobot/ROS/teleop_ws/src/teleop_robot_bridge/install/teleop_robot_bridge/include/teleop_robot_bridge/teleop_robot_bridge/msg/detail/head_motion_ctrl__rosidl_typesupport_fastrtps_c.h
[54.160s] -- Installing: /home/eierobot/ROS/teleop_ws/src/teleop_robot_bridge/install/teleop_robot_bridge/include/teleop_robot_bridge/teleop_robot_bridge/msg/detail/waist_joint_command__rosidl_typesupport_fastrtps_c.h
[54.161s] -- Installing: /home/eierobot/ROS/teleop_ws/src/teleop_robot_bridge/install/teleop_robot_bridge/lib/libteleop_robot_bridge__rosidl_typesupport_fastrtps_c.so
[54.161s] -- Set non-toolchain portion of runtime path of "/home/eierobot/ROS/teleop_ws/src/teleop_robot_bridge/install/teleop_robot_bridge/lib/libteleop_robot_bridge__rosidl_typesupport_fastrtps_c.so" to ""
[54.161s] -- Up-to-date: /home/eierobot/ROS/teleop_ws/src/teleop_robot_bridge/install/teleop_robot_bridge/include/teleop_robot_bridge/teleop_robot_bridge
[54.161s] -- Up-to-date: /home/eierobot/ROS/teleop_ws/src/teleop_robot_bridge/install/teleop_robot_bridge/include/teleop_robot_bridge/teleop_robot_bridge/msg
[54.161s] -- Installing: /home/eierobot/ROS/teleop_ws/src/teleop_robot_bridge/install/teleop_robot_bridge/include/teleop_robot_bridge/teleop_robot_bridge/msg/rosidl_typesupport_introspection_c__visibility_control.h
[54.161s] -- Up-to-date: /home/eierobot/ROS/teleop_ws/src/teleop_robot_bridge/install/teleop_robot_bridge/include/teleop_robot_bridge/teleop_robot_bridge/msg/detail
[54.161s] -- Installing: /home/eierobot/ROS/teleop_ws/src/teleop_robot_bridge/install/teleop_robot_bridge/include/teleop_robot_bridge/teleop_robot_bridge/msg/detail/upper_body_device_state__rosidl_typesupport_introspection_c.h
[54.161s] -- Installing: /home/eierobot/ROS/teleop_ws/src/teleop_robot_bridge/install/teleop_robot_bridge/include/teleop_robot_bridge/teleop_robot_bridge/msg/detail/waist_motion_ctrl__rosidl_typesupport_introspection_c.h
[54.161s] -- Installing: /home/eierobot/ROS/teleop_ws/src/teleop_robot_bridge/install/teleop_robot_bridge/include/teleop_robot_bridge/teleop_robot_bridge/msg/detail/single_gripper_move__rosidl_typesupport_introspection_c.h
[54.162s] -- Installing: /home/eierobot/ROS/teleop_ws/src/teleop_robot_bridge/install/teleop_robot_bridge/include/teleop_robot_bridge/teleop_robot_bridge/msg/detail/head_joint_feedback__rosidl_typesupport_introspection_c.h
[54.162s] -- Installing: /home/eierobot/ROS/teleop_ws/src/teleop_robot_bridge/install/teleop_robot_bridge/include/teleop_robot_bridge/teleop_robot_bridge/msg/detail/head_joint_command__rosidl_typesupport_introspection_c.h
[54.162s] -- Installing: /home/eierobot/ROS/teleop_ws/src/teleop_robot_bridge/install/teleop_robot_bridge/include/teleop_robot_bridge/teleop_robot_bridge/msg/detail/agv_battery_state__type_support.c
[54.162s] -- Installing: /home/eierobot/ROS/teleop_ws/src/teleop_robot_bridge/install/teleop_robot_bridge/include/teleop_robot_bridge/teleop_robot_bridge/msg/detail/hand_tactile__type_support.c
[54.162s] -- Installing: /home/eierobot/ROS/teleop_ws/src/teleop_robot_bridge/install/teleop_robot_bridge/include/teleop_robot_bridge/teleop_robot_bridge/msg/detail/waist_tcp_command__type_support.c
[54.162s] -- Installing: /home/eierobot/ROS/teleop_ws/src/teleop_robot_bridge/install/teleop_robot_bridge/include/teleop_robot_bridge/teleop_robot_bridge/msg/detail/waist_joint_command__type_support.c
[54.162s] -- Installing: /home/eierobot/ROS/teleop_ws/src/teleop_robot_bridge/install/teleop_robot_bridge/include/teleop_robot_bridge/teleop_robot_bridge/msg/detail/arm_joint_command__rosidl_typesupport_introspection_c.h
[54.162s] -- Installing: /home/eierobot/ROS/teleop_ws/src/teleop_robot_bridge/install/teleop_robot_bridge/include/teleop_robot_bridge/teleop_robot_bridge/msg/detail/agv_joint_status__type_support.c
[54.162s] -- Installing: /home/eierobot/ROS/teleop_ws/src/teleop_robot_bridge/install/teleop_robot_bridge/include/teleop_robot_bridge/teleop_robot_bridge/msg/detail/single_device_state__rosidl_typesupport_introspection_c.h
[54.163s] -- Installing: /home/eierobot/ROS/teleop_ws/src/teleop_robot_bridge/install/teleop_robot_bridge/include/teleop_robot_bridge/teleop_robot_bridge/msg/detail/joy_state__rosidl_typesupport_introspection_c.h
[54.163s] -- Installing: /home/eierobot/ROS/teleop_ws/src/teleop_robot_bridge/install/teleop_robot_bridge/include/teleop_robot_bridge/teleop_robot_bridge/msg/detail/arm_motion_ctrl__type_support.c
[54.163s] -- Installing: /home/eierobot/ROS/teleop_ws/src/teleop_robot_bridge/install/teleop_robot_bridge/include/teleop_robot_bridge/teleop_robot_bridge/msg/detail/agv_vel__rosidl_typesupport_introspection_c.h
[54.163s] -- Installing: /home/eierobot/ROS/teleop_ws/src/teleop_robot_bridge/install/teleop_robot_bridge/include/teleop_robot_bridge/teleop_robot_bridge/msg/detail/arm_joint_status__rosidl_typesupport_introspection_c.h
[54.163s] -- Installing: /home/eierobot/ROS/teleop_ws/src/teleop_robot_bridge/install/teleop_robot_bridge/include/teleop_robot_bridge/teleop_robot_bridge/msg/detail/agv_cmd_vel__type_support.c
[54.163s] -- Installing: /home/eierobot/ROS/teleop_ws/src/teleop_robot_bridge/install/teleop_robot_bridge/include/teleop_robot_bridge/teleop_robot_bridge/msg/detail/agv_vda5050_state__type_support.c
[54.163s] -- Installing: /home/eierobot/ROS/teleop_ws/src/teleop_robot_bridge/install/teleop_robot_bridge/include/teleop_robot_bridge/teleop_robot_bridge/msg/detail/head_joint_status__rosidl_typesupport_introspection_c.h
[54.163s] -- Installing: /home/eierobot/ROS/teleop_ws/src/teleop_robot_bridge/install/teleop_robot_bridge/include/teleop_robot_bridge/teleop_robot_bridge/msg/detail/gripper_tactile__rosidl_typesupport_introspection_c.h
[54.163s] -- Installing: /home/eierobot/ROS/teleop_ws/src/teleop_robot_bridge/install/teleop_robot_bridge/include/teleop_robot_bridge/teleop_robot_bridge/msg/detail/agv_joint_feedback__rosidl_typesupport_introspection_c.h
[54.163s] -- Installing: /home/eierobot/ROS/teleop_ws/src/teleop_robot_bridge/install/teleop_robot_bridge/include/teleop_robot_bridge/teleop_robot_bridge/msg/detail/gripper_status__rosidl_typesupport_introspection_c.h
[54.163s] -- Installing: /home/eierobot/ROS/teleop_ws/src/teleop_robot_bridge/install/teleop_robot_bridge/include/teleop_robot_bridge/teleop_robot_bridge/msg/detail/single_gripper_status__rosidl_typesupport_introspection_c.h
[54.163s] -- Installing: /home/eierobot/ROS/teleop_ws/src/teleop_robot_bridge/install/teleop_robot_bridge/include/teleop_robot_bridge/teleop_robot_bridge/msg/detail/head_joint_status__type_support.c
[54.163s] -- Installing: /home/eierobot/ROS/teleop_ws/src/teleop_robot_bridge/install/teleop_robot_bridge/include/teleop_robot_bridge/teleop_robot_bridge/msg/detail/head_motion_ctrl__type_support.c
[54.163s] -- Installing: /home/eierobot/ROS/teleop_ws/src/teleop_robot_bridge/install/teleop_robot_bridge/include/teleop_robot_bridge/teleop_robot_bridge/msg/detail/arm_joint_feedback__rosidl_typesupport_introspection_c.h
[54.163s] -- Installing: /home/eierobot/ROS/teleop_ws/src/teleop_robot_bridge/install/teleop_robot_bridge/include/teleop_robot_bridge/teleop_robot_bridge/msg/detail/waist_joint_feedback__rosidl_typesupport_introspection_c.h
[54.163s] -- Installing: /home/eierobot/ROS/teleop_ws/src/teleop_robot_bridge/install/teleop_robot_bridge/include/teleop_robot_bridge/teleop_robot_bridge/msg/detail/agv_motion_ctrl__type_support.c
[54.164s] -- Installing: /home/eierobot/ROS/teleop_ws/src/teleop_robot_bridge/install/teleop_robot_bridge/include/teleop_robot_bridge/teleop_robot_bridge/msg/detail/gripper_status__type_support.c
[54.164s] -- Installing: /home/eierobot/ROS/teleop_ws/src/teleop_robot_bridge/install/teleop_robot_bridge/include/teleop_robot_bridge/teleop_robot_bridge/msg/detail/ee_tcp_command__rosidl_typesupport_introspection_c.h
[54.164s] -- Installing: /home/eierobot/ROS/teleop_ws/src/teleop_robot_bridge/install/teleop_robot_bridge/include/teleop_robot_bridge/teleop_robot_bridge/msg/detail/agv_cmd_vel__rosidl_typesupport_introspection_c.h
[54.164s] -- Installing: /home/eierobot/ROS/teleop_ws/src/teleop_robot_bridge/install/teleop_robot_bridge/include/teleop_robot_bridge/teleop_robot_bridge/msg/detail/waist_joint_command__rosidl_typesupport_introspection_c.h
[54.164s] -- Installing: /home/eierobot/ROS/teleop_ws/src/teleop_robot_bridge/install/teleop_robot_bridge/include/teleop_robot_bridge/teleop_robot_bridge/msg/detail/temperature__type_support.c
[54.164s] -- Installing: /home/eierobot/ROS/teleop_ws/src/teleop_robot_bridge/install/teleop_robot_bridge/include/teleop_robot_bridge/teleop_robot_bridge/msg/detail/single_gripper_status__type_support.c
[54.164s] -- Installing: /home/eierobot/ROS/teleop_ws/src/teleop_robot_bridge/install/teleop_robot_bridge/include/teleop_robot_bridge/teleop_robot_bridge/msg/detail/joy_state__type_support.c
[54.164s] -- Installing: /home/eierobot/ROS/teleop_ws/src/teleop_robot_bridge/install/teleop_robot_bridge/include/teleop_robot_bridge/teleop_robot_bridge/msg/detail/arm_joint_status__type_support.c
[54.164s] -- Installing: /home/eierobot/ROS/teleop_ws/src/teleop_robot_bridge/install/teleop_robot_bridge/include/teleop_robot_bridge/teleop_robot_bridge/msg/detail/gripper_move__type_support.c
[54.164s] -- Installing: /home/eierobot/ROS/teleop_ws/src/teleop_robot_bridge/install/teleop_robot_bridge/include/teleop_robot_bridge/teleop_robot_bridge/msg/detail/waist_joint_status__rosidl_typesupport_introspection_c.h
[54.164s] -- Installing: /home/eierobot/ROS/teleop_ws/src/teleop_robot_bridge/install/teleop_robot_bridge/include/teleop_robot_bridge/teleop_robot_bridge/msg/detail/agv_vda5050_state__rosidl_typesupport_introspection_c.h
[54.164s] -- Installing: /home/eierobot/ROS/teleop_ws/src/teleop_robot_bridge/install/teleop_robot_bridge/include/teleop_robot_bridge/teleop_robot_bridge/msg/detail/ee_tcp_command__type_support.c
[54.164s] -- Installing: /home/eierobot/ROS/teleop_ws/src/teleop_robot_bridge/install/teleop_robot_bridge/include/teleop_robot_bridge/teleop_robot_bridge/msg/detail/agv_device_state__type_support.c
[54.164s] -- Installing: /home/eierobot/ROS/teleop_ws/src/teleop_robot_bridge/install/teleop_robot_bridge/include/teleop_robot_bridge/teleop_robot_bridge/msg/detail/waist_tcp_command__rosidl_typesupport_introspection_c.h
[54.164s] -- Installing: /home/eierobot/ROS/teleop_ws/src/teleop_robot_bridge/install/teleop_robot_bridge/include/teleop_robot_bridge/teleop_robot_bridge/msg/detail/arm_joint_feedback__type_support.c
[54.164s] -- Installing: /home/eierobot/ROS/teleop_ws/src/teleop_robot_bridge/install/teleop_robot_bridge/include/teleop_robot_bridge/teleop_robot_bridge/msg/detail/hand_tactile__rosidl_typesupport_introspection_c.h
[54.164s] -- Installing: /home/eierobot/ROS/teleop_ws/src/teleop_robot_bridge/install/teleop_robot_bridge/include/teleop_robot_bridge/teleop_robot_bridge/msg/detail/arm_motion_ctrl__rosidl_typesupport_introspection_c.h
[54.165s] -- Installing: /home/eierobot/ROS/teleop_ws/src/teleop_robot_bridge/install/teleop_robot_bridge/include/teleop_robot_bridge/teleop_robot_bridge/msg/detail/agv_joint_status__rosidl_typesupport_introspection_c.h
[54.165s] -- Installing: /home/eierobot/ROS/teleop_ws/src/teleop_robot_bridge/install/teleop_robot_bridge/include/teleop_robot_bridge/teleop_robot_bridge/msg/detail/agv_imu__type_support.c
[54.165s] -- Installing: /home/eierobot/ROS/teleop_ws/src/teleop_robot_bridge/install/teleop_robot_bridge/include/teleop_robot_bridge/teleop_robot_bridge/msg/detail/single_gripper_move__type_support.c
[54.165s] -- Installing: /home/eierobot/ROS/teleop_ws/src/teleop_robot_bridge/install/teleop_robot_bridge/include/teleop_robot_bridge/teleop_robot_bridge/msg/detail/upper_body_device_state__type_support.c
[54.165s] -- Installing: /home/eierobot/ROS/teleop_ws/src/teleop_robot_bridge/install/teleop_robot_bridge/include/teleop_robot_bridge/teleop_robot_bridge/msg/detail/joint_status__type_support.c
[54.165s] -- Installing: /home/eierobot/ROS/teleop_ws/src/teleop_robot_bridge/install/teleop_robot_bridge/include/teleop_robot_bridge/teleop_robot_bridge/msg/detail/gripper_tactile__type_support.c
[54.165s] -- Installing: /home/eierobot/ROS/teleop_ws/src/teleop_robot_bridge/install/teleop_robot_bridge/include/teleop_robot_bridge/teleop_robot_bridge/msg/detail/single_device_state__type_support.c
[54.165s] -- Installing: /home/eierobot/ROS/teleop_ws/src/teleop_robot_bridge/install/teleop_robot_bridge/include/teleop_robot_bridge/teleop_robot_bridge/msg/detail/head_motion_ctrl__rosidl_typesupport_introspection_c.h
[54.165s] -- Installing: /home/eierobot/ROS/teleop_ws/src/teleop_robot_bridge/install/teleop_robot_bridge/include/teleop_robot_bridge/teleop_robot_bridge/msg/detail/agv_battery_state__rosidl_typesupport_introspection_c.h
[54.165s] -- Installing: /home/eierobot/ROS/teleop_ws/src/teleop_robot_bridge/install/teleop_robot_bridge/include/teleop_robot_bridge/teleop_robot_bridge/msg/detail/gripper_device_state__type_support.c
[54.165s] -- Installing: /home/eierobot/ROS/teleop_ws/src/teleop_robot_bridge/install/teleop_robot_bridge/include/teleop_robot_bridge/teleop_robot_bridge/msg/detail/agv_vel__type_support.c
[54.165s] -- Installing: /home/eierobot/ROS/teleop_ws/src/teleop_robot_bridge/install/teleop_robot_bridge/include/teleop_robot_bridge/teleop_robot_bridge/msg/detail/arm_joint_command__type_support.c
[54.165s] -- Installing: /home/eierobot/ROS/teleop_ws/src/teleop_robot_bridge/install/teleop_robot_bridge/include/teleop_robot_bridge/teleop_robot_bridge/msg/detail/gripper_device_state__rosidl_typesupport_introspection_c.h
[54.165s] -- Installing: /home/eierobot/ROS/teleop_ws/src/teleop_robot_bridge/install/teleop_robot_bridge/include/teleop_robot_bridge/teleop_robot_bridge/msg/detail/joint_status__rosidl_typesupport_introspection_c.h
[54.165s] -- Installing: /home/eierobot/ROS/teleop_ws/src/teleop_robot_bridge/install/teleop_robot_bridge/include/teleop_robot_bridge/teleop_robot_bridge/msg/detail/agv_device_state__rosidl_typesupport_introspection_c.h
[54.165s] -- Installing: /home/eierobot/ROS/teleop_ws/src/teleop_robot_bridge/install/teleop_robot_bridge/include/teleop_robot_bridge/teleop_robot_bridge/msg/detail/temperature__rosidl_typesupport_introspection_c.h
[54.165s] -- Installing: /home/eierobot/ROS/teleop_ws/src/teleop_robot_bridge/install/teleop_robot_bridge/include/teleop_robot_bridge/teleop_robot_bridge/msg/detail/agv_imu__rosidl_typesupport_introspection_c.h
[54.165s] -- Installing: /home/eierobot/ROS/teleop_ws/src/teleop_robot_bridge/install/teleop_robot_bridge/include/teleop_robot_bridge/teleop_robot_bridge/msg/detail/agv_ultrasonic__type_support.c
[54.166s] -- Installing: /home/eierobot/ROS/teleop_ws/src/teleop_robot_bridge/install/teleop_robot_bridge/include/teleop_robot_bridge/teleop_robot_bridge/msg/detail/head_joint_feedback__type_support.c
[54.166s] -- Installing: /home/eierobot/ROS/teleop_ws/src/teleop_robot_bridge/install/teleop_robot_bridge/include/teleop_robot_bridge/teleop_robot_bridge/msg/detail/waist_joint_status__type_support.c
[54.166s] -- Installing: /home/eierobot/ROS/teleop_ws/src/teleop_robot_bridge/install/teleop_robot_bridge/include/teleop_robot_bridge/teleop_robot_bridge/msg/detail/waist_joint_feedback__type_support.c
[54.166s] -- Installing: /home/eierobot/ROS/teleop_ws/src/teleop_robot_bridge/install/teleop_robot_bridge/include/teleop_robot_bridge/teleop_robot_bridge/msg/detail/agv_ultrasonic__rosidl_typesupport_introspection_c.h
[54.166s] -- Installing: /home/eierobot/ROS/teleop_ws/src/teleop_robot_bridge/install/teleop_robot_bridge/include/teleop_robot_bridge/teleop_robot_bridge/msg/detail/head_joint_command__type_support.c
[54.166s] -- Installing: /home/eierobot/ROS/teleop_ws/src/teleop_robot_bridge/install/teleop_robot_bridge/include/teleop_robot_bridge/teleop_robot_bridge/msg/detail/agv_joint_feedback__type_support.c
[54.166s] -- Installing: /home/eierobot/ROS/teleop_ws/src/teleop_robot_bridge/install/teleop_robot_bridge/include/teleop_robot_bridge/teleop_robot_bridge/msg/detail/gripper_move__rosidl_typesupport_introspection_c.h
[54.166s] -- Installing: /home/eierobot/ROS/teleop_ws/src/teleop_robot_bridge/install/teleop_robot_bridge/include/teleop_robot_bridge/teleop_robot_bridge/msg/detail/waist_motion_ctrl__type_support.c
[54.166s] -- Installing: /home/eierobot/ROS/teleop_ws/src/teleop_robot_bridge/install/teleop_robot_bridge/include/teleop_robot_bridge/teleop_robot_bridge/msg/detail/agv_motion_ctrl__rosidl_typesupport_introspection_c.h
[54.166s] -- Installing: /home/eierobot/ROS/teleop_ws/src/teleop_robot_bridge/install/teleop_robot_bridge/lib/libteleop_robot_bridge__rosidl_typesupport_introspection_c.so
[54.166s] -- Set non-toolchain portion of runtime path of "/home/eierobot/ROS/teleop_ws/src/teleop_robot_bridge/install/teleop_robot_bridge/lib/libteleop_robot_bridge__rosidl_typesupport_introspection_c.so" to ""
[54.167s] -- Installing: /home/eierobot/ROS/teleop_ws/src/teleop_robot_bridge/install/teleop_robot_bridge/lib/libteleop_robot_bridge__rosidl_typesupport_c.so
[54.167s] -- Set non-toolchain portion of runtime path of "/home/eierobot/ROS/teleop_ws/src/teleop_robot_bridge/install/teleop_robot_bridge/lib/libteleop_robot_bridge__rosidl_typesupport_c.so" to ""
[54.167s] -- Up-to-date: /home/eierobot/ROS/teleop_ws/src/teleop_robot_bridge/install/teleop_robot_bridge/include/teleop_robot_bridge/teleop_robot_bridge
[54.167s] -- Up-to-date: /home/eierobot/ROS/teleop_ws/src/teleop_robot_bridge/install/teleop_robot_bridge/include/teleop_robot_bridge/teleop_robot_bridge/msg
[54.167s] -- Installing: /home/eierobot/ROS/teleop_ws/src/teleop_robot_bridge/install/teleop_robot_bridge/include/teleop_robot_bridge/teleop_robot_bridge/msg/gripper_move.hpp
[54.167s] -- Installing: /home/eierobot/ROS/teleop_ws/src/teleop_robot_bridge/install/teleop_robot_bridge/include/teleop_robot_bridge/teleop_robot_bridge/msg/arm_joint_command.hpp
[54.167s] -- Installing: /home/eierobot/ROS/teleop_ws/src/teleop_robot_bridge/install/teleop_robot_bridge/include/teleop_robot_bridge/teleop_robot_bridge/msg/ee_tcp_command.hpp
[54.167s] -- Installing: /home/eierobot/ROS/teleop_ws/src/teleop_robot_bridge/install/teleop_robot_bridge/include/teleop_robot_bridge/teleop_robot_bridge/msg/head_joint_feedback.hpp
[54.167s] -- Installing: /home/eierobot/ROS/teleop_ws/src/teleop_robot_bridge/install/teleop_robot_bridge/include/teleop_robot_bridge/teleop_robot_bridge/msg/arm_joint_status.hpp
[54.167s] -- Installing: /home/eierobot/ROS/teleop_ws/src/teleop_robot_bridge/install/teleop_robot_bridge/include/teleop_robot_bridge/teleop_robot_bridge/msg/agv_vda5050_state.hpp
[54.167s] -- Installing: /home/eierobot/ROS/teleop_ws/src/teleop_robot_bridge/install/teleop_robot_bridge/include/teleop_robot_bridge/teleop_robot_bridge/msg/agv_ultrasonic.hpp
[54.167s] -- Installing: /home/eierobot/ROS/teleop_ws/src/teleop_robot_bridge/install/teleop_robot_bridge/include/teleop_robot_bridge/teleop_robot_bridge/msg/waist_tcp_command.hpp
[54.168s] -- Installing: /home/eierobot/ROS/teleop_ws/src/teleop_robot_bridge/install/teleop_robot_bridge/include/teleop_robot_bridge/teleop_robot_bridge/msg/waist_joint_status.hpp
[54.168s] -- Installing: /home/eierobot/ROS/teleop_ws/src/teleop_robot_bridge/install/teleop_robot_bridge/include/teleop_robot_bridge/teleop_robot_bridge/msg/single_device_state.hpp
[54.168s] -- Installing: /home/eierobot/ROS/teleop_ws/src/teleop_robot_bridge/install/teleop_robot_bridge/include/teleop_robot_bridge/teleop_robot_bridge/msg/upper_body_device_state.hpp
[54.168s] -- Installing: /home/eierobot/ROS/teleop_ws/src/teleop_robot_bridge/install/teleop_robot_bridge/include/teleop_robot_bridge/teleop_robot_bridge/msg/head_joint_status.hpp
[54.168s] -- Installing: /home/eierobot/ROS/teleop_ws/src/teleop_robot_bridge/install/teleop_robot_bridge/include/teleop_robot_bridge/teleop_robot_bridge/msg/agv_vel.hpp
[54.168s] -- Installing: /home/eierobot/ROS/teleop_ws/src/teleop_robot_bridge/install/teleop_robot_bridge/include/teleop_robot_bridge/teleop_robot_bridge/msg/waist_motion_ctrl.hpp
[54.168s] -- Installing: /home/eierobot/ROS/teleop_ws/src/teleop_robot_bridge/install/teleop_robot_bridge/include/teleop_robot_bridge/teleop_robot_bridge/msg/head_motion_ctrl.hpp
[54.168s] -- Installing: /home/eierobot/ROS/teleop_ws/src/teleop_robot_bridge/install/teleop_robot_bridge/include/teleop_robot_bridge/teleop_robot_bridge/msg/gripper_device_state.hpp
[54.168s] -- Installing: /home/eierobot/ROS/teleop_ws/src/teleop_robot_bridge/install/teleop_robot_bridge/include/teleop_robot_bridge/teleop_robot_bridge/msg/single_gripper_move.hpp
[54.168s] -- Installing: /home/eierobot/ROS/teleop_ws/src/teleop_robot_bridge/install/teleop_robot_bridge/include/teleop_robot_bridge/teleop_robot_bridge/msg/agv_cmd_vel.hpp
[54.168s] -- Installing: /home/eierobot/ROS/teleop_ws/src/teleop_robot_bridge/install/teleop_robot_bridge/include/teleop_robot_bridge/teleop_robot_bridge/msg/arm_joint_feedback.hpp
[54.168s] -- Installing: /home/eierobot/ROS/teleop_ws/src/teleop_robot_bridge/install/teleop_robot_bridge/include/teleop_robot_bridge/teleop_robot_bridge/msg/agv_imu.hpp
[54.169s] -- Installing: /home/eierobot/ROS/teleop_ws/src/teleop_robot_bridge/install/teleop_robot_bridge/include/teleop_robot_bridge/teleop_robot_bridge/msg/head_joint_command.hpp
[54.169s] -- Installing: /home/eierobot/ROS/teleop_ws/src/teleop_robot_bridge/install/teleop_robot_bridge/include/teleop_robot_bridge/teleop_robot_bridge/msg/arm_motion_ctrl.hpp
[54.169s] -- Installing: /home/eierobot/ROS/teleop_ws/src/teleop_robot_bridge/install/teleop_robot_bridge/include/teleop_robot_bridge/teleop_robot_bridge/msg/hand_tactile.hpp
[54.169s] -- Installing: /home/eierobot/ROS/teleop_ws/src/teleop_robot_bridge/install/teleop_robot_bridge/include/teleop_robot_bridge/teleop_robot_bridge/msg/joint_status.hpp
[54.169s] -- Installing: /home/eierobot/ROS/teleop_ws/src/teleop_robot_bridge/install/teleop_robot_bridge/include/teleop_robot_bridge/teleop_robot_bridge/msg/gripper_status.hpp
[54.169s] -- Installing: /home/eierobot/ROS/teleop_ws/src/teleop_robot_bridge/install/teleop_robot_bridge/include/teleop_robot_bridge/teleop_robot_bridge/msg/joy_state.hpp
[54.169s] -- Up-to-date: /home/eierobot/ROS/teleop_ws/src/teleop_robot_bridge/install/teleop_robot_bridge/include/teleop_robot_bridge/teleop_robot_bridge/msg/detail
[54.169s] -- Installing: /home/eierobot/ROS/teleop_ws/src/teleop_robot_bridge/install/teleop_robot_bridge/include/teleop_robot_bridge/teleop_robot_bridge/msg/detail/head_joint_command__builder.hpp
[54.169s] -- Installing: /home/eierobot/ROS/teleop_ws/src/teleop_robot_bridge/install/teleop_robot_bridge/include/teleop_robot_bridge/teleop_robot_bridge/msg/detail/agv_joint_status__builder.hpp
[54.169s] -- Installing: /home/eierobot/ROS/teleop_ws/src/teleop_robot_bridge/install/teleop_robot_bridge/include/teleop_robot_bridge/teleop_robot_bridge/msg/detail/hand_tactile__struct.hpp
[54.169s] -- Installing: /home/eierobot/ROS/teleop_ws/src/teleop_robot_bridge/install/teleop_robot_bridge/include/teleop_robot_bridge/teleop_robot_bridge/msg/detail/joint_status__type_support.hpp
[54.169s] -- Installing: /home/eierobot/ROS/teleop_ws/src/teleop_robot_bridge/install/teleop_robot_bridge/include/teleop_robot_bridge/teleop_robot_bridge/msg/detail/arm_joint_feedback__traits.hpp
[54.169s] -- Installing: /home/eierobot/ROS/teleop_ws/src/teleop_robot_bridge/install/teleop_robot_bridge/include/teleop_robot_bridge/teleop_robot_bridge/msg/detail/agv_imu__traits.hpp
[54.170s] -- Installing: /home/eierobot/ROS/teleop_ws/src/teleop_robot_bridge/install/teleop_robot_bridge/include/teleop_robot_bridge/teleop_robot_bridge/msg/detail/agv_battery_state__builder.hpp
[54.170s] -- Installing: /home/eierobot/ROS/teleop_ws/src/teleop_robot_bridge/install/teleop_robot_bridge/include/teleop_robot_bridge/teleop_robot_bridge/msg/detail/agv_joint_status__traits.hpp
[54.170s] -- Installing: /home/eierobot/ROS/teleop_ws/src/teleop_robot_bridge/install/teleop_robot_bridge/include/teleop_robot_bridge/teleop_robot_bridge/msg/detail/joy_state__type_support.hpp
[54.170s] -- Installing: /home/eierobot/ROS/teleop_ws/src/teleop_robot_bridge/install/teleop_robot_bridge/include/teleop_robot_bridge/teleop_robot_bridge/msg/detail/agv_motion_ctrl__builder.hpp
[54.170s] -- Installing: /home/eierobot/ROS/teleop_ws/src/teleop_robot_bridge/install/teleop_robot_bridge/include/teleop_robot_bridge/teleop_robot_bridge/msg/detail/head_joint_feedback__type_support.hpp
[54.170s] -- Installing: /home/eierobot/ROS/teleop_ws/src/teleop_robot_bridge/install/teleop_robot_bridge/include/teleop_robot_bridge/teleop_robot_bridge/msg/detail/gripper_status__builder.hpp
[54.170s] -- Installing: /home/eierobot/ROS/teleop_ws/src/teleop_robot_bridge/install/teleop_robot_bridge/include/teleop_robot_bridge/teleop_robot_bridge/msg/detail/gripper_tactile__struct.hpp
[54.170s] -- Installing: /home/eierobot/ROS/teleop_ws/src/teleop_robot_bridge/install/teleop_robot_bridge/include/teleop_robot_bridge/teleop_robot_bridge/msg/detail/head_motion_ctrl__builder.hpp
[54.170s] -- Installing: /home/eierobot/ROS/teleop_ws/src/teleop_robot_bridge/install/teleop_robot_bridge/include/teleop_robot_bridge/teleop_robot_bridge/msg/detail/head_joint_command__struct.hpp
[54.170s] -- Installing: /home/eierobot/ROS/teleop_ws/src/teleop_robot_bridge/install/teleop_robot_bridge/include/teleop_robot_bridge/teleop_robot_bridge/msg/detail/arm_motion_ctrl__struct.hpp
[54.170s] -- Installing: /home/eierobot/ROS/teleop_ws/src/teleop_robot_bridge/install/teleop_robot_bridge/include/teleop_robot_bridge/teleop_robot_bridge/msg/detail/waist_joint_status__struct.hpp
[54.170s] -- Installing: /home/eierobot/ROS/teleop_ws/src/teleop_robot_bridge/install/teleop_robot_bridge/include/teleop_robot_bridge/teleop_robot_bridge/msg/detail/head_joint_status__type_support.hpp
[54.170s] -- Installing: /home/eierobot/ROS/teleop_ws/src/teleop_robot_bridge/install/teleop_robot_bridge/include/teleop_robot_bridge/teleop_robot_bridge/msg/detail/agv_imu__builder.hpp
[54.171s] -- Installing: /home/eierobot/ROS/teleop_ws/src/teleop_robot_bridge/install/teleop_robot_bridge/include/teleop_robot_bridge/teleop_robot_bridge/msg/detail/single_gripper_status__traits.hpp
[54.171s] -- Installing: /home/eierobot/ROS/teleop_ws/src/teleop_robot_bridge/install/teleop_robot_bridge/include/teleop_robot_bridge/teleop_robot_bridge/msg/detail/arm_joint_command__type_support.hpp
[54.171s] -- Installing: /home/eierobot/ROS/teleop_ws/src/teleop_robot_bridge/install/teleop_robot_bridge/include/teleop_robot_bridge/teleop_robot_bridge/msg/detail/temperature__type_support.hpp
[54.171s] -- Installing: /home/eierobot/ROS/teleop_ws/src/teleop_robot_bridge/install/teleop_robot_bridge/include/teleop_robot_bridge/teleop_robot_bridge/msg/detail/hand_tactile__type_support.hpp
[54.171s] -- Installing: /home/eierobot/ROS/teleop_ws/src/teleop_robot_bridge/install/teleop_robot_bridge/include/teleop_robot_bridge/teleop_robot_bridge/msg/detail/agv_battery_state__traits.hpp
[54.171s] -- Installing: /home/eierobot/ROS/teleop_ws/src/teleop_robot_bridge/install/teleop_robot_bridge/include/teleop_robot_bridge/teleop_robot_bridge/msg/detail/head_joint_command__traits.hpp
[54.171s] -- Installing: /home/eierobot/ROS/teleop_ws/src/teleop_robot_bridge/install/teleop_robot_bridge/include/teleop_robot_bridge/teleop_robot_bridge/msg/detail/waist_joint_feedback__builder.hpp
[54.171s] -- Installing: /home/eierobot/ROS/teleop_ws/src/teleop_robot_bridge/install/teleop_robot_bridge/include/teleop_robot_bridge/teleop_robot_bridge/msg/detail/agv_vda5050_state__traits.hpp
[54.172s] -- Installing: /home/eierobot/ROS/teleop_ws/src/teleop_robot_bridge/install/teleop_robot_bridge/include/teleop_robot_bridge/teleop_robot_bridge/msg/detail/gripper_move__builder.hpp
[54.172s] -- Installing: /home/eierobot/ROS/teleop_ws/src/teleop_robot_bridge/install/teleop_robot_bridge/include/teleop_robot_bridge/teleop_robot_bridge/msg/detail/single_device_state__struct.hpp
[54.172s] -- Installing: /home/eierobot/ROS/teleop_ws/src/teleop_robot_bridge/install/teleop_robot_bridge/include/teleop_robot_bridge/teleop_robot_bridge/msg/detail/agv_vda5050_state__type_support.hpp
[54.173s] -- Installing: /home/eierobot/ROS/teleop_ws/src/teleop_robot_bridge/install/teleop_robot_bridge/include/teleop_robot_bridge/teleop_robot_bridge/msg/detail/agv_ultrasonic__struct.hpp
[54.173s] -- Installing: /home/eierobot/ROS/teleop_ws/src/teleop_robot_bridge/install/teleop_robot_bridge/include/teleop_robot_bridge/teleop_robot_bridge/msg/detail/agv_vda5050_state__struct.hpp
[54.173s] -- Installing: /home/eierobot/ROS/teleop_ws/src/teleop_robot_bridge/install/teleop_robot_bridge/include/teleop_robot_bridge/teleop_robot_bridge/msg/detail/waist_motion_ctrl__traits.hpp
[54.173s] -- Installing: /home/eierobot/ROS/teleop_ws/src/teleop_robot_bridge/install/teleop_robot_bridge/include/teleop_robot_bridge/teleop_robot_bridge/msg/detail/agv_cmd_vel__struct.hpp
[54.173s] -- Installing: /home/eierobot/ROS/teleop_ws/src/teleop_robot_bridge/install/teleop_robot_bridge/include/teleop_robot_bridge/teleop_robot_bridge/msg/detail/waist_joint_command__struct.hpp
[54.173s] -- Installing: /home/eierobot/ROS/teleop_ws/src/teleop_robot_bridge/install/teleop_robot_bridge/include/teleop_robot_bridge/teleop_robot_bridge/msg/detail/head_joint_feedback__struct.hpp
[54.173s] -- Installing: /home/eierobot/ROS/teleop_ws/src/teleop_robot_bridge/install/teleop_robot_bridge/include/teleop_robot_bridge/teleop_robot_bridge/msg/detail/agv_joint_feedback__struct.hpp
[54.173s] -- Installing: /home/eierobot/ROS/teleop_ws/src/teleop_robot_bridge/install/teleop_robot_bridge/include/teleop_robot_bridge/teleop_robot_bridge/msg/detail/joy_state__builder.hpp
[54.173s] -- Installing: /home/eierobot/ROS/teleop_ws/src/teleop_robot_bridge/install/teleop_robot_bridge/include/teleop_robot_bridge/teleop_robot_bridge/msg/detail/agv_device_state__traits.hpp
[54.173s] -- Installing: /home/eierobot/ROS/teleop_ws/src/teleop_robot_bridge/install/teleop_robot_bridge/include/teleop_robot_bridge/teleop_robot_bridge/msg/detail/hand_tactile__builder.hpp
[54.173s] -- Installing: /home/eierobot/ROS/teleop_ws/src/teleop_robot_bridge/install/teleop_robot_bridge/include/teleop_robot_bridge/teleop_robot_bridge/msg/detail/ee_tcp_command__builder.hpp
[54.173s] -- Installing: /home/eierobot/ROS/teleop_ws/src/teleop_robot_bridge/install/teleop_robot_bridge/include/teleop_robot_bridge/teleop_robot_bridge/msg/detail/agv_ultrasonic__traits.hpp
[54.173s] -- Installing: /home/eierobot/ROS/teleop_ws/src/teleop_robot_bridge/install/teleop_robot_bridge/include/teleop_robot_bridge/teleop_robot_bridge/msg/detail/upper_body_device_state__traits.hpp
[54.173s] -- Installing: /home/eierobot/ROS/teleop_ws/src/teleop_robot_bridge/install/teleop_robot_bridge/include/teleop_robot_bridge/teleop_robot_bridge/msg/detail/head_joint_status__struct.hpp
[54.173s] -- Installing: /home/eierobot/ROS/teleop_ws/src/teleop_robot_bridge/install/teleop_robot_bridge/include/teleop_robot_bridge/teleop_robot_bridge/msg/detail/gripper_device_state__builder.hpp
[54.174s] -- Installing: /home/eierobot/ROS/teleop_ws/src/teleop_robot_bridge/install/teleop_robot_bridge/include/teleop_robot_bridge/teleop_robot_bridge/msg/detail/arm_joint_feedback__builder.hpp
[54.174s] -- Installing: /home/eierobot/ROS/teleop_ws/src/teleop_robot_bridge/install/teleop_robot_bridge/include/teleop_robot_bridge/teleop_robot_bridge/msg/detail/gripper_device_state__traits.hpp
[54.174s] -- Installing: /home/eierobot/ROS/teleop_ws/src/teleop_robot_bridge/install/teleop_robot_bridge/include/teleop_robot_bridge/teleop_robot_bridge/msg/detail/gripper_tactile__builder.hpp
[54.174s] -- Installing: /home/eierobot/ROS/teleop_ws/src/teleop_robot_bridge/install/teleop_robot_bridge/include/teleop_robot_bridge/teleop_robot_bridge/msg/detail/gripper_status__struct.hpp
[54.174s] -- Installing: /home/eierobot/ROS/teleop_ws/src/teleop_robot_bridge/install/teleop_robot_bridge/include/teleop_robot_bridge/teleop_robot_bridge/msg/detail/waist_joint_status__builder.hpp
[54.174s] -- Installing: /home/eierobot/ROS/teleop_ws/src/teleop_robot_bridge/install/teleop_robot_bridge/include/teleop_robot_bridge/teleop_robot_bridge/msg/detail/head_motion_ctrl__struct.hpp
[54.174s] -- Installing: /home/eierobot/ROS/teleop_ws/src/teleop_robot_bridge/install/teleop_robot_bridge/include/teleop_robot_bridge/teleop_robot_bridge/msg/detail/gripper_tactile__traits.hpp
[54.174s] -- Installing: /home/eierobot/ROS/teleop_ws/src/teleop_robot_bridge/install/teleop_robot_bridge/include/teleop_robot_bridge/teleop_robot_bridge/msg/detail/arm_joint_status__builder.hpp
[54.174s] -- Installing: /home/eierobot/ROS/teleop_ws/src/teleop_robot_bridge/install/teleop_robot_bridge/include/teleop_robot_bridge/teleop_robot_bridge/msg/detail/agv_joint_feedback__builder.hpp
[54.174s] -- Installing: /home/eierobot/ROS/teleop_ws/src/teleop_robot_bridge/install/teleop_robot_bridge/include/teleop_robot_bridge/teleop_robot_bridge/msg/detail/arm_joint_status__type_support.hpp
[54.174s] -- Installing: /home/eierobot/ROS/teleop_ws/src/teleop_robot_bridge/install/teleop_robot_bridge/include/teleop_robot_bridge/teleop_robot_bridge/msg/detail/agv_vel__struct.hpp
[54.174s] -- Installing: /home/eierobot/ROS/teleop_ws/src/teleop_robot_bridge/install/teleop_robot_bridge/include/teleop_robot_bridge/teleop_robot_bridge/msg/detail/joint_status__traits.hpp
[54.174s] -- Installing: /home/eierobot/ROS/teleop_ws/src/teleop_robot_bridge/install/teleop_robot_bridge/include/teleop_robot_bridge/teleop_robot_bridge/msg/detail/agv_vda5050_state__builder.hpp
[54.174s] -- Installing: /home/eierobot/ROS/teleop_ws/src/teleop_robot_bridge/install/teleop_robot_bridge/include/teleop_robot_bridge/teleop_robot_bridge/msg/detail/waist_joint_feedback__type_support.hpp
[54.174s] -- Installing: /home/eierobot/ROS/teleop_ws/src/teleop_robot_bridge/install/teleop_robot_bridge/include/teleop_robot_bridge/teleop_robot_bridge/msg/detail/agv_device_state__builder.hpp
[54.174s] -- Installing: /home/eierobot/ROS/teleop_ws/src/teleop_robot_bridge/install/teleop_robot_bridge/include/teleop_robot_bridge/teleop_robot_bridge/msg/detail/arm_joint_command__builder.hpp
[54.174s] -- Installing: /home/eierobot/ROS/teleop_ws/src/teleop_robot_bridge/install/teleop_robot_bridge/include/teleop_robot_bridge/teleop_robot_bridge/msg/detail/head_motion_ctrl__traits.hpp
[54.174s] -- Installing: /home/eierobot/ROS/teleop_ws/src/teleop_robot_bridge/install/teleop_robot_bridge/include/teleop_robot_bridge/teleop_robot_bridge/msg/detail/agv_battery_state__struct.hpp
[54.174s] -- Installing: /home/eierobot/ROS/teleop_ws/src/teleop_robot_bridge/install/teleop_robot_bridge/include/teleop_robot_bridge/teleop_robot_bridge/msg/detail/temperature__struct.hpp
[54.175s] -- Installing: /home/eierobot/ROS/teleop_ws/src/teleop_robot_bridge/install/teleop_robot_bridge/include/teleop_robot_bridge/teleop_robot_bridge/msg/detail/ee_tcp_command__struct.hpp
[54.175s] -- Installing: /home/eierobot/ROS/teleop_ws/src/teleop_robot_bridge/install/teleop_robot_bridge/include/teleop_robot_bridge/teleop_robot_bridge/msg/detail/gripper_device_state__struct.hpp
[54.175s] -- Installing: /home/eierobot/ROS/teleop_ws/src/teleop_robot_bridge/install/teleop_robot_bridge/include/teleop_robot_bridge/teleop_robot_bridge/msg/detail/head_joint_command__type_support.hpp
[54.175s] -- Installing: /home/eierobot/ROS/teleop_ws/src/teleop_robot_bridge/install/teleop_robot_bridge/include/teleop_robot_bridge/teleop_robot_bridge/msg/detail/upper_body_device_state__type_support.hpp
[54.175s] -- Installing: /home/eierobot/ROS/teleop_ws/src/teleop_robot_bridge/install/teleop_robot_bridge/include/teleop_robot_bridge/teleop_robot_bridge/msg/detail/upper_body_device_state__struct.hpp
[54.175s] -- Installing: /home/eierobot/ROS/teleop_ws/src/teleop_robot_bridge/install/teleop_robot_bridge/include/teleop_robot_bridge/teleop_robot_bridge/msg/detail/waist_motion_ctrl__type_support.hpp
[54.175s] -- Installing: /home/eierobot/ROS/teleop_ws/src/teleop_robot_bridge/install/teleop_robot_bridge/include/teleop_robot_bridge/teleop_robot_bridge/msg/detail/single_gripper_move__struct.hpp
[54.175s] -- Installing: /home/eierobot/ROS/teleop_ws/src/teleop_robot_bridge/install/teleop_robot_bridge/include/teleop_robot_bridge/teleop_robot_bridge/msg/detail/agv_vel__builder.hpp
[54.175s] -- Installing: /home/eierobot/ROS/teleop_ws/src/teleop_robot_bridge/install/teleop_robot_bridge/include/teleop_robot_bridge/teleop_robot_bridge/msg/detail/ee_tcp_command__type_support.hpp
[54.175s] -- Installing: /home/eierobot/ROS/teleop_ws/src/teleop_robot_bridge/install/teleop_robot_bridge/include/teleop_robot_bridge/teleop_robot_bridge/msg/detail/waist_joint_feedback__struct.hpp
[54.175s] -- Installing: /home/eierobot/ROS/teleop_ws/src/teleop_robot_bridge/install/teleop_robot_bridge/include/teleop_robot_bridge/teleop_robot_bridge/msg/detail/agv_cmd_vel__builder.hpp
[54.175s] -- Installing: /home/eierobot/ROS/teleop_ws/src/teleop_robot_bridge/install/teleop_robot_bridge/include/teleop_robot_bridge/teleop_robot_bridge/msg/detail/agv_device_state__type_support.hpp
[54.175s] -- Installing: /home/eierobot/ROS/teleop_ws/src/teleop_robot_bridge/install/teleop_robot_bridge/include/teleop_robot_bridge/teleop_robot_bridge/msg/detail/head_joint_feedback__traits.hpp
[54.175s] -- Installing: /home/eierobot/ROS/teleop_ws/src/teleop_robot_bridge/install/teleop_robot_bridge/include/teleop_robot_bridge/teleop_robot_bridge/msg/detail/arm_joint_feedback__type_support.hpp
[54.175s] -- Installing: /home/eierobot/ROS/teleop_ws/src/teleop_robot_bridge/install/teleop_robot_bridge/include/teleop_robot_bridge/teleop_robot_bridge/msg/detail/temperature__traits.hpp
[54.175s] -- Installing: /home/eierobot/ROS/teleop_ws/src/teleop_robot_bridge/install/teleop_robot_bridge/include/teleop_robot_bridge/teleop_robot_bridge/msg/detail/single_gripper_move__builder.hpp
[54.175s] -- Installing: /home/eierobot/ROS/teleop_ws/src/teleop_robot_bridge/install/teleop_robot_bridge/include/teleop_robot_bridge/teleop_robot_bridge/msg/detail/arm_joint_command__traits.hpp
[54.175s] -- Installing: /home/eierobot/ROS/teleop_ws/src/teleop_robot_bridge/install/teleop_robot_bridge/include/teleop_robot_bridge/teleop_robot_bridge/msg/detail/agv_joint_feedback__traits.hpp
[54.175s] -- Installing: /home/eierobot/ROS/teleop_ws/src/teleop_robot_bridge/install/teleop_robot_bridge/include/teleop_robot_bridge/teleop_robot_bridge/msg/detail/agv_battery_state__type_support.hpp
[54.175s] -- Installing: /home/eierobot/ROS/teleop_ws/src/teleop_robot_bridge/install/teleop_robot_bridge/include/teleop_robot_bridge/teleop_robot_bridge/msg/detail/waist_joint_command__type_support.hpp
[54.175s] -- Installing: /home/eierobot/ROS/teleop_ws/src/teleop_robot_bridge/install/teleop_robot_bridge/include/teleop_robot_bridge/teleop_robot_bridge/msg/detail/head_joint_feedback__builder.hpp
[54.175s] -- Installing: /home/eierobot/ROS/teleop_ws/src/teleop_robot_bridge/install/teleop_robot_bridge/include/teleop_robot_bridge/teleop_robot_bridge/msg/detail/single_device_state__builder.hpp
[54.175s] -- Installing: /home/eierobot/ROS/teleop_ws/src/teleop_robot_bridge/install/teleop_robot_bridge/include/teleop_robot_bridge/teleop_robot_bridge/msg/detail/agv_joint_feedback__type_support.hpp
[54.176s] -- Installing: /home/eierobot/ROS/teleop_ws/src/teleop_robot_bridge/install/teleop_robot_bridge/include/teleop_robot_bridge/teleop_robot_bridge/msg/detail/agv_joint_status__struct.hpp
[54.176s] -- Installing: /home/eierobot/ROS/teleop_ws/src/teleop_robot_bridge/install/teleop_robot_bridge/include/teleop_robot_bridge/teleop_robot_bridge/msg/detail/agv_vel__traits.hpp
[54.176s] -- Installing: /home/eierobot/ROS/teleop_ws/src/teleop_robot_bridge/install/teleop_robot_bridge/include/teleop_robot_bridge/teleop_robot_bridge/msg/detail/waist_joint_status__traits.hpp
[54.176s] -- Installing: /home/eierobot/ROS/teleop_ws/src/teleop_robot_bridge/install/teleop_robot_bridge/include/teleop_robot_bridge/teleop_robot_bridge/msg/detail/agv_vel__type_support.hpp
[54.176s] -- Installing: /home/eierobot/ROS/teleop_ws/src/teleop_robot_bridge/install/teleop_robot_bridge/include/teleop_robot_bridge/teleop_robot_bridge/msg/detail/agv_imu__struct.hpp
[54.176s] -- Installing: /home/eierobot/ROS/teleop_ws/src/teleop_robot_bridge/install/teleop_robot_bridge/include/teleop_robot_bridge/teleop_robot_bridge/msg/detail/upper_body_device_state__builder.hpp
[54.176s] -- Installing: /home/eierobot/ROS/teleop_ws/src/teleop_robot_bridge/install/teleop_robot_bridge/include/teleop_robot_bridge/teleop_robot_bridge/msg/detail/gripper_move__struct.hpp
[54.176s] -- Installing: /home/eierobot/ROS/teleop_ws/src/teleop_robot_bridge/install/teleop_robot_bridge/include/teleop_robot_bridge/teleop_robot_bridge/msg/detail/joint_status__builder.hpp
[54.176s] -- Installing: /home/eierobot/ROS/teleop_ws/src/teleop_robot_bridge/install/teleop_robot_bridge/include/teleop_robot_bridge/teleop_robot_bridge/msg/detail/waist_tcp_command__traits.hpp
[54.176s] -- Installing: /home/eierobot/ROS/teleop_ws/src/teleop_robot_bridge/install/teleop_robot_bridge/include/teleop_robot_bridge/teleop_robot_bridge/msg/detail/head_joint_status__builder.hpp
[54.176s] -- Installing: /home/eierobot/ROS/teleop_ws/src/teleop_robot_bridge/install/teleop_robot_bridge/include/teleop_robot_bridge/teleop_robot_bridge/msg/detail/gripper_status__type_support.hpp
[54.176s] -- Installing: /home/eierobot/ROS/teleop_ws/src/teleop_robot_bridge/install/teleop_robot_bridge/include/teleop_robot_bridge/teleop_robot_bridge/msg/detail/agv_imu__type_support.hpp
[54.176s] -- Installing: /home/eierobot/ROS/teleop_ws/src/teleop_robot_bridge/install/teleop_robot_bridge/include/teleop_robot_bridge/teleop_robot_bridge/msg/detail/temperature__builder.hpp
[54.176s] -- Installing: /home/eierobot/ROS/teleop_ws/src/teleop_robot_bridge/install/teleop_robot_bridge/include/teleop_robot_bridge/teleop_robot_bridge/msg/detail/single_gripper_status__builder.hpp
[54.176s] -- Installing: /home/eierobot/ROS/teleop_ws/src/teleop_robot_bridge/install/teleop_robot_bridge/include/teleop_robot_bridge/teleop_robot_bridge/msg/detail/arm_motion_ctrl__builder.hpp
[54.176s] -- Installing: /home/eierobot/ROS/teleop_ws/src/teleop_robot_bridge/install/teleop_robot_bridge/include/teleop_robot_bridge/teleop_robot_bridge/msg/detail/agv_joint_status__type_support.hpp
[54.176s] -- Installing: /home/eierobot/ROS/teleop_ws/src/teleop_robot_bridge/install/teleop_robot_bridge/include/teleop_robot_bridge/teleop_robot_bridge/msg/detail/waist_tcp_command__type_support.hpp
[54.176s] -- Installing: /home/eierobot/ROS/teleop_ws/src/teleop_robot_bridge/install/teleop_robot_bridge/include/teleop_robot_bridge/teleop_robot_bridge/msg/detail/head_joint_status__traits.hpp
[54.176s] -- Installing: /home/eierobot/ROS/teleop_ws/src/teleop_robot_bridge/install/teleop_robot_bridge/include/teleop_robot_bridge/teleop_robot_bridge/msg/detail/agv_cmd_vel__traits.hpp
[54.176s] -- Installing: /home/eierobot/ROS/teleop_ws/src/teleop_robot_bridge/install/teleop_robot_bridge/include/teleop_robot_bridge/teleop_robot_bridge/msg/detail/waist_joint_feedback__traits.hpp
[54.176s] -- Installing: /home/eierobot/ROS/teleop_ws/src/teleop_robot_bridge/install/teleop_robot_bridge/include/teleop_robot_bridge/teleop_robot_bridge/msg/detail/waist_joint_command__builder.hpp
[54.176s] -- Installing: /home/eierobot/ROS/teleop_ws/src/teleop_robot_bridge/install/teleop_robot_bridge/include/teleop_robot_bridge/teleop_robot_bridge/msg/detail/single_gripper_move__type_support.hpp
[54.176s] -- Installing: /home/eierobot/ROS/teleop_ws/src/teleop_robot_bridge/install/teleop_robot_bridge/include/teleop_robot_bridge/teleop_robot_bridge/msg/detail/agv_ultrasonic__type_support.hpp
[54.177s] -- Installing: /home/eierobot/ROS/teleop_ws/src/teleop_robot_bridge/install/teleop_robot_bridge/include/teleop_robot_bridge/teleop_robot_bridge/msg/detail/arm_joint_feedback__struct.hpp
[54.177s] -- Installing: /home/eierobot/ROS/teleop_ws/src/teleop_robot_bridge/install/teleop_robot_bridge/include/teleop_robot_bridge/teleop_robot_bridge/msg/detail/waist_tcp_command__builder.hpp
[54.177s] -- Installing: /home/eierobot/ROS/teleop_ws/src/teleop_robot_bridge/install/teleop_robot_bridge/include/teleop_robot_bridge/teleop_robot_bridge/msg/detail/single_gripper_move__traits.hpp
[54.177s] -- Installing: /home/eierobot/ROS/teleop_ws/src/teleop_robot_bridge/install/teleop_robot_bridge/include/teleop_robot_bridge/teleop_robot_bridge/msg/detail/single_device_state__type_support.hpp
[54.177s] -- Installing: /home/eierobot/ROS/teleop_ws/src/teleop_robot_bridge/install/teleop_robot_bridge/include/teleop_robot_bridge/teleop_robot_bridge/msg/detail/arm_joint_command__struct.hpp
[54.177s] -- Installing: /home/eierobot/ROS/teleop_ws/src/teleop_robot_bridge/install/teleop_robot_bridge/include/teleop_robot_bridge/teleop_robot_bridge/msg/detail/agv_motion_ctrl__type_support.hpp
[54.177s] -- Installing: /home/eierobot/ROS/teleop_ws/src/teleop_robot_bridge/install/teleop_robot_bridge/include/teleop_robot_bridge/teleop_robot_bridge/msg/detail/single_device_state__traits.hpp
[54.177s] -- Installing: /home/eierobot/ROS/teleop_ws/src/teleop_robot_bridge/install/teleop_robot_bridge/include/teleop_robot_bridge/teleop_robot_bridge/msg/detail/agv_motion_ctrl__traits.hpp
[54.177s] -- Installing: /home/eierobot/ROS/teleop_ws/src/teleop_robot_bridge/install/teleop_robot_bridge/include/teleop_robot_bridge/teleop_robot_bridge/msg/detail/head_motion_ctrl__type_support.hpp
[54.177s] -- Installing: /home/eierobot/ROS/teleop_ws/src/teleop_robot_bridge/install/teleop_robot_bridge/include/teleop_robot_bridge/teleop_robot_bridge/msg/detail/agv_ultrasonic__builder.hpp
[54.177s] -- Installing: /home/eierobot/ROS/teleop_ws/src/teleop_robot_bridge/install/teleop_robot_bridge/include/teleop_robot_bridge/teleop_robot_bridge/msg/detail/waist_joint_command__traits.hpp
[54.177s] -- Installing: /home/eierobot/ROS/teleop_ws/src/teleop_robot_bridge/install/teleop_robot_bridge/include/teleop_robot_bridge/teleop_robot_bridge/msg/detail/single_gripper_status__type_support.hpp
[54.177s] -- Installing: /home/eierobot/ROS/teleop_ws/src/teleop_robot_bridge/install/teleop_robot_bridge/include/teleop_robot_bridge/teleop_robot_bridge/msg/detail/ee_tcp_command__traits.hpp
[54.177s] -- Installing: /home/eierobot/ROS/teleop_ws/src/teleop_robot_bridge/install/teleop_robot_bridge/include/teleop_robot_bridge/teleop_robot_bridge/msg/detail/waist_joint_status__type_support.hpp
[54.177s] -- Installing: /home/eierobot/ROS/teleop_ws/src/teleop_robot_bridge/install/teleop_robot_bridge/include/teleop_robot_bridge/teleop_robot_bridge/msg/detail/arm_joint_status__struct.hpp
[54.177s] -- Installing: /home/eierobot/ROS/teleop_ws/src/teleop_robot_bridge/install/teleop_robot_bridge/include/teleop_robot_bridge/teleop_robot_bridge/msg/detail/joy_state__traits.hpp
[54.177s] -- Installing: /home/eierobot/ROS/teleop_ws/src/teleop_robot_bridge/install/teleop_robot_bridge/include/teleop_robot_bridge/teleop_robot_bridge/msg/detail/waist_tcp_command__struct.hpp
[54.177s] -- Installing: /home/eierobot/ROS/teleop_ws/src/teleop_robot_bridge/install/teleop_robot_bridge/include/teleop_robot_bridge/teleop_robot_bridge/msg/detail/arm_motion_ctrl__type_support.hpp
[54.177s] -- Installing: /home/eierobot/ROS/teleop_ws/src/teleop_robot_bridge/install/teleop_robot_bridge/include/teleop_robot_bridge/teleop_robot_bridge/msg/detail/arm_motion_ctrl__traits.hpp
[54.177s] -- Installing: /home/eierobot/ROS/teleop_ws/src/teleop_robot_bridge/install/teleop_robot_bridge/include/teleop_robot_bridge/teleop_robot_bridge/msg/detail/waist_motion_ctrl__struct.hpp
[54.177s] -- Installing: /home/eierobot/ROS/teleop_ws/src/teleop_robot_bridge/install/teleop_robot_bridge/include/teleop_robot_bridge/teleop_robot_bridge/msg/detail/agv_cmd_vel__type_support.hpp
[54.177s] -- Installing: /home/eierobot/ROS/teleop_ws/src/teleop_robot_bridge/install/teleop_robot_bridge/include/teleop_robot_bridge/teleop_robot_bridge/msg/detail/single_gripper_status__struct.hpp
[54.177s] -- Installing: /home/eierobot/ROS/teleop_ws/src/teleop_robot_bridge/install/teleop_robot_bridge/include/teleop_robot_bridge/teleop_robot_bridge/msg/detail/joy_state__struct.hpp
[54.177s] -- Installing: /home/eierobot/ROS/teleop_ws/src/teleop_robot_bridge/install/teleop_robot_bridge/include/teleop_robot_bridge/teleop_robot_bridge/msg/detail/joint_status__struct.hpp
[54.178s] -- Installing: /home/eierobot/ROS/teleop_ws/src/teleop_robot_bridge/install/teleop_robot_bridge/include/teleop_robot_bridge/teleop_robot_bridge/msg/detail/gripper_move__traits.hpp
[54.178s] -- Installing: /home/eierobot/ROS/teleop_ws/src/teleop_robot_bridge/install/teleop_robot_bridge/include/teleop_robot_bridge/teleop_robot_bridge/msg/detail/waist_motion_ctrl__builder.hpp
[54.178s] -- Installing: /home/eierobot/ROS/teleop_ws/src/teleop_robot_bridge/install/teleop_robot_bridge/include/teleop_robot_bridge/teleop_robot_bridge/msg/detail/gripper_move__type_support.hpp
[54.178s] -- Installing: /home/eierobot/ROS/teleop_ws/src/teleop_robot_bridge/install/teleop_robot_bridge/include/teleop_robot_bridge/teleop_robot_bridge/msg/detail/gripper_tactile__type_support.hpp
[54.178s] -- Installing: /home/eierobot/ROS/teleop_ws/src/teleop_robot_bridge/install/teleop_robot_bridge/include/teleop_robot_bridge/teleop_robot_bridge/msg/detail/gripper_status__traits.hpp
[54.178s] -- Installing: /home/eierobot/ROS/teleop_ws/src/teleop_robot_bridge/install/teleop_robot_bridge/include/teleop_robot_bridge/teleop_robot_bridge/msg/detail/agv_motion_ctrl__struct.hpp
[54.178s] -- Installing: /home/eierobot/ROS/teleop_ws/src/teleop_robot_bridge/install/teleop_robot_bridge/include/teleop_robot_bridge/teleop_robot_bridge/msg/detail/agv_device_state__struct.hpp
[54.178s] -- Installing: /home/eierobot/ROS/teleop_ws/src/teleop_robot_bridge/install/teleop_robot_bridge/include/teleop_robot_bridge/teleop_robot_bridge/msg/detail/gripper_device_state__type_support.hpp
[54.178s] -- Installing: /home/eierobot/ROS/teleop_ws/src/teleop_robot_bridge/install/teleop_robot_bridge/include/teleop_robot_bridge/teleop_robot_bridge/msg/detail/arm_joint_status__traits.hpp
[54.178s] -- Installing: /home/eierobot/ROS/teleop_ws/src/teleop_robot_bridge/install/teleop_robot_bridge/include/teleop_robot_bridge/teleop_robot_bridge/msg/detail/hand_tactile__traits.hpp
[54.178s] -- Installing: /home/eierobot/ROS/teleop_ws/src/teleop_robot_bridge/install/teleop_robot_bridge/include/teleop_robot_bridge/teleop_robot_bridge/msg/agv_battery_state.hpp
[54.178s] -- Installing: /home/eierobot/ROS/teleop_ws/src/teleop_robot_bridge/install/teleop_robot_bridge/include/teleop_robot_bridge/teleop_robot_bridge/msg/gripper_tactile.hpp
[54.178s] -- Installing: /home/eierobot/ROS/teleop_ws/src/teleop_robot_bridge/install/teleop_robot_bridge/include/teleop_robot_bridge/teleop_robot_bridge/msg/temperature.hpp
[54.178s] -- Installing: /home/eierobot/ROS/teleop_ws/src/teleop_robot_bridge/install/teleop_robot_bridge/include/teleop_robot_bridge/teleop_robot_bridge/msg/single_gripper_status.hpp
[54.178s] -- Installing: /home/eierobot/ROS/teleop_ws/src/teleop_robot_bridge/install/teleop_robot_bridge/include/teleop_robot_bridge/teleop_robot_bridge/msg/rosidl_generator_cpp__visibility_control.hpp
[54.178s] -- Installing: /home/eierobot/ROS/teleop_ws/src/teleop_robot_bridge/install/teleop_robot_bridge/include/teleop_robot_bridge/teleop_robot_bridge/msg/waist_joint_feedback.hpp
[54.178s] -- Installing: /home/eierobot/ROS/teleop_ws/src/teleop_robot_bridge/install/teleop_robot_bridge/include/teleop_robot_bridge/teleop_robot_bridge/msg/waist_joint_command.hpp
[54.178s] -- Installing: /home/eierobot/ROS/teleop_ws/src/teleop_robot_bridge/install/teleop_robot_bridge/include/teleop_robot_bridge/teleop_robot_bridge/msg/agv_joint_status.hpp
[54.178s] -- Installing: /home/eierobot/ROS/teleop_ws/src/teleop_robot_bridge/install/teleop_robot_bridge/include/teleop_robot_bridge/teleop_robot_bridge/msg/agv_device_state.hpp
[54.178s] -- Installing: /home/eierobot/ROS/teleop_ws/src/teleop_robot_bridge/install/teleop_robot_bridge/include/teleop_robot_bridge/teleop_robot_bridge/msg/agv_joint_feedback.hpp
[54.178s] -- Installing: /home/eierobot/ROS/teleop_ws/src/teleop_robot_bridge/install/teleop_robot_bridge/include/teleop_robot_bridge/teleop_robot_bridge/msg/agv_motion_ctrl.hpp
[54.179s] -- Up-to-date: /home/eierobot/ROS/teleop_ws/src/teleop_robot_bridge/install/teleop_robot_bridge/include/teleop_robot_bridge/teleop_robot_bridge
[54.179s] -- Up-to-date: /home/eierobot/ROS/teleop_ws/src/teleop_robot_bridge/install/teleop_robot_bridge/include/teleop_robot_bridge/teleop_robot_bridge/msg
[54.179s] -- Installing: /home/eierobot/ROS/teleop_ws/src/teleop_robot_bridge/install/teleop_robot_bridge/include/teleop_robot_bridge/teleop_robot_bridge/msg/rosidl_typesupport_fastrtps_cpp__visibility_control.h
[54.179s] -- Up-to-date: /home/eierobot/ROS/teleop_ws/src/teleop_robot_bridge/install/teleop_robot_bridge/include/teleop_robot_bridge/teleop_robot_bridge/msg/detail
[54.179s] -- Installing: /home/eierobot/ROS/teleop_ws/src/teleop_robot_bridge/install/teleop_robot_bridge/include/teleop_robot_bridge/teleop_robot_bridge/msg/detail/single_device_state__rosidl_typesupport_fastrtps_cpp.hpp
[54.179s] -- Installing: /home/eierobot/ROS/teleop_ws/src/teleop_robot_bridge/install/teleop_robot_bridge/include/teleop_robot_bridge/teleop_robot_bridge/msg/detail/waist_joint_status__rosidl_typesupport_fastrtps_cpp.hpp
[54.179s] -- Installing: /home/eierobot/ROS/teleop_ws/src/teleop_robot_bridge/install/teleop_robot_bridge/include/teleop_robot_bridge/teleop_robot_bridge/msg/detail/agv_joint_status__rosidl_typesupport_fastrtps_cpp.hpp
[54.179s] -- Installing: /home/eierobot/ROS/teleop_ws/src/teleop_robot_bridge/install/teleop_robot_bridge/include/teleop_robot_bridge/teleop_robot_bridge/msg/detail/waist_joint_feedback__rosidl_typesupport_fastrtps_cpp.hpp
[54.179s] -- Installing: /home/eierobot/ROS/teleop_ws/src/teleop_robot_bridge/install/teleop_robot_bridge/include/teleop_robot_bridge/teleop_robot_bridge/msg/detail/gripper_device_state__rosidl_typesupport_fastrtps_cpp.hpp
[54.179s] -- Installing: /home/eierobot/ROS/teleop_ws/src/teleop_robot_bridge/install/teleop_robot_bridge/include/teleop_robot_bridge/teleop_robot_bridge/msg/detail/agv_imu__rosidl_typesupport_fastrtps_cpp.hpp
[54.179s] -- Installing: /home/eierobot/ROS/teleop_ws/src/teleop_robot_bridge/install/teleop_robot_bridge/include/teleop_robot_bridge/teleop_robot_bridge/msg/detail/arm_joint_command__rosidl_typesupport_fastrtps_cpp.hpp
[54.179s] -- Installing: /home/eierobot/ROS/teleop_ws/src/teleop_robot_bridge/install/teleop_robot_bridge/include/teleop_robot_bridge/teleop_robot_bridge/msg/detail/gripper_tactile__rosidl_typesupport_fastrtps_cpp.hpp
[54.179s] -- Installing: /home/eierobot/ROS/teleop_ws/src/teleop_robot_bridge/install/teleop_robot_bridge/include/teleop_robot_bridge/teleop_robot_bridge/msg/detail/single_gripper_status__rosidl_typesupport_fastrtps_cpp.hpp
[54.179s] -- Installing: /home/eierobot/ROS/teleop_ws/src/teleop_robot_bridge/install/teleop_robot_bridge/include/teleop_robot_bridge/teleop_robot_bridge/msg/detail/gripper_status__rosidl_typesupport_fastrtps_cpp.hpp
[54.179s] -- Installing: /home/eierobot/ROS/teleop_ws/src/teleop_robot_bridge/install/teleop_robot_bridge/include/teleop_robot_bridge/teleop_robot_bridge/msg/detail/arm_joint_feedback__rosidl_typesupport_fastrtps_cpp.hpp
[54.179s] -- Installing: /home/eierobot/ROS/teleop_ws/src/teleop_robot_bridge/install/teleop_robot_bridge/include/teleop_robot_bridge/teleop_robot_bridge/msg/detail/waist_motion_ctrl__rosidl_typesupport_fastrtps_cpp.hpp
[54.179s] -- Installing: /home/eierobot/ROS/teleop_ws/src/teleop_robot_bridge/install/teleop_robot_bridge/include/teleop_robot_bridge/teleop_robot_bridge/msg/detail/head_joint_command__rosidl_typesupport_fastrtps_cpp.hpp
[54.180s] -- Installing: /home/eierobot/ROS/teleop_ws/src/teleop_robot_bridge/install/teleop_robot_bridge/include/teleop_robot_bridge/teleop_robot_bridge/msg/detail/agv_battery_state__rosidl_typesupport_fastrtps_cpp.hpp
[54.180s] -- Installing: /home/eierobot/ROS/teleop_ws/src/teleop_robot_bridge/install/teleop_robot_bridge/include/teleop_robot_bridge/teleop_robot_bridge/msg/detail/agv_joint_feedback__rosidl_typesupport_fastrtps_cpp.hpp
[54.180s] -- Installing: /home/eierobot/ROS/teleop_ws/src/teleop_robot_bridge/install/teleop_robot_bridge/include/teleop_robot_bridge/teleop_robot_bridge/msg/detail/ee_tcp_command__rosidl_typesupport_fastrtps_cpp.hpp
[54.180s] -- Installing: /home/eierobot/ROS/teleop_ws/src/teleop_robot_bridge/install/teleop_robot_bridge/include/teleop_robot_bridge/teleop_robot_bridge/msg/detail/agv_cmd_vel__rosidl_typesupport_fastrtps_cpp.hpp
[54.180s] -- Installing: /home/eierobot/ROS/teleop_ws/src/teleop_robot_bridge/install/teleop_robot_bridge/include/teleop_robot_bridge/teleop_robot_bridge/msg/detail/upper_body_device_state__rosidl_typesupport_fastrtps_cpp.hpp
[54.180s] -- Installing: /home/eierobot/ROS/teleop_ws/src/teleop_robot_bridge/install/teleop_robot_bridge/include/teleop_robot_bridge/teleop_robot_bridge/msg/detail/waist_joint_command__rosidl_typesupport_fastrtps_cpp.hpp
[54.180s] -- Installing: /home/eierobot/ROS/teleop_ws/src/teleop_robot_bridge/install/teleop_robot_bridge/include/teleop_robot_bridge/teleop_robot_bridge/msg/detail/agv_vda5050_state__rosidl_typesupport_fastrtps_cpp.hpp
[54.180s] -- Installing: /home/eierobot/ROS/teleop_ws/src/teleop_robot_bridge/install/teleop_robot_bridge/include/teleop_robot_bridge/teleop_robot_bridge/msg/detail/joint_status__rosidl_typesupport_fastrtps_cpp.hpp
[54.180s] -- Installing: /home/eierobot/ROS/teleop_ws/src/teleop_robot_bridge/install/teleop_robot_bridge/include/teleop_robot_bridge/teleop_robot_bridge/msg/detail/joy_state__rosidl_typesupport_fastrtps_cpp.hpp
[54.180s] -- Installing: /home/eierobot/ROS/teleop_ws/src/teleop_robot_bridge/install/teleop_robot_bridge/include/teleop_robot_bridge/teleop_robot_bridge/msg/detail/head_joint_status__rosidl_typesupport_fastrtps_cpp.hpp
[54.180s] -- Installing: /home/eierobot/ROS/teleop_ws/src/teleop_robot_bridge/install/teleop_robot_bridge/include/teleop_robot_bridge/teleop_robot_bridge/msg/detail/head_motion_ctrl__rosidl_typesupport_fastrtps_cpp.hpp
[54.180s] -- Installing: /home/eierobot/ROS/teleop_ws/src/teleop_robot_bridge/install/teleop_robot_bridge/include/teleop_robot_bridge/teleop_robot_bridge/msg/detail/arm_joint_status__rosidl_typesupport_fastrtps_cpp.hpp
[54.180s] -- Installing: /home/eierobot/ROS/teleop_ws/src/teleop_robot_bridge/install/teleop_robot_bridge/include/teleop_robot_bridge/teleop_robot_bridge/msg/detail/dds_fastrtps
[54.180s] -- Installing: /home/eierobot/ROS/teleop_ws/src/teleop_robot_bridge/install/teleop_robot_bridge/include/teleop_robot_bridge/teleop_robot_bridge/msg/detail/gripper_move__rosidl_typesupport_fastrtps_cpp.hpp
[54.180s] -- Installing: /home/eierobot/ROS/teleop_ws/src/teleop_robot_bridge/install/teleop_robot_bridge/include/teleop_robot_bridge/teleop_robot_bridge/msg/detail/hand_tactile__rosidl_typesupport_fastrtps_cpp.hpp
[54.181s] -- Installing: /home/eierobot/ROS/teleop_ws/src/teleop_robot_bridge/install/teleop_robot_bridge/include/teleop_robot_bridge/teleop_robot_bridge/msg/detail/agv_motion_ctrl__rosidl_typesupport_fastrtps_cpp.hpp
[54.181s] -- Installing: /home/eierobot/ROS/teleop_ws/src/teleop_robot_bridge/install/teleop_robot_bridge/include/teleop_robot_bridge/teleop_robot_bridge/msg/detail/waist_tcp_command__rosidl_typesupport_fastrtps_cpp.hpp
[54.181s] -- Installing: /home/eierobot/ROS/teleop_ws/src/teleop_robot_bridge/install/teleop_robot_bridge/include/teleop_robot_bridge/teleop_robot_bridge/msg/detail/temperature__rosidl_typesupport_fastrtps_cpp.hpp
[54.181s] -- Installing: /home/eierobot/ROS/teleop_ws/src/teleop_robot_bridge/install/teleop_robot_bridge/include/teleop_robot_bridge/teleop_robot_bridge/msg/detail/agv_device_state__rosidl_typesupport_fastrtps_cpp.hpp
[54.181s] -- Installing: /home/eierobot/ROS/teleop_ws/src/teleop_robot_bridge/install/teleop_robot_bridge/include/teleop_robot_bridge/teleop_robot_bridge/msg/detail/arm_motion_ctrl__rosidl_typesupport_fastrtps_cpp.hpp
[54.181s] -- Installing: /home/eierobot/ROS/teleop_ws/src/teleop_robot_bridge/install/teleop_robot_bridge/include/teleop_robot_bridge/teleop_robot_bridge/msg/detail/agv_vel__rosidl_typesupport_fastrtps_cpp.hpp
[54.181s] -- Installing: /home/eierobot/ROS/teleop_ws/src/teleop_robot_bridge/install/teleop_robot_bridge/include/teleop_robot_bridge/teleop_robot_bridge/msg/detail/single_gripper_move__rosidl_typesupport_fastrtps_cpp.hpp
[54.181s] -- Installing: /home/eierobot/ROS/teleop_ws/src/teleop_robot_bridge/install/teleop_robot_bridge/include/teleop_robot_bridge/teleop_robot_bridge/msg/detail/head_joint_feedback__rosidl_typesupport_fastrtps_cpp.hpp
[54.181s] -- Installing: /home/eierobot/ROS/teleop_ws/src/teleop_robot_bridge/install/teleop_robot_bridge/include/teleop_robot_bridge/teleop_robot_bridge/msg/detail/agv_ultrasonic__rosidl_typesupport_fastrtps_cpp.hpp
[54.181s] -- Installing: /home/eierobot/ROS/teleop_ws/src/teleop_robot_bridge/install/teleop_robot_bridge/lib/libteleop_robot_bridge__rosidl_typesupport_fastrtps_cpp.so
[54.181s] -- Set non-toolchain portion of runtime path of "/home/eierobot/ROS/teleop_ws/src/teleop_robot_bridge/install/teleop_robot_bridge/lib/libteleop_robot_bridge__rosidl_typesupport_fastrtps_cpp.so" to ""
[54.181s] -- Up-to-date: /home/eierobot/ROS/teleop_ws/src/teleop_robot_bridge/install/teleop_robot_bridge/include/teleop_robot_bridge/teleop_robot_bridge
[54.181s] -- Up-to-date: /home/eierobot/ROS/teleop_ws/src/teleop_robot_bridge/install/teleop_robot_bridge/include/teleop_robot_bridge/teleop_robot_bridge/msg
[54.181s] -- Up-to-date: /home/eierobot/ROS/teleop_ws/src/teleop_robot_bridge/install/teleop_robot_bridge/include/teleop_robot_bridge/teleop_robot_bridge/msg/detail
[54.181s] -- Installing: /home/eierobot/ROS/teleop_ws/src/teleop_robot_bridge/install/teleop_robot_bridge/include/teleop_robot_bridge/teleop_robot_bridge/msg/detail/waist_motion_ctrl__type_support.cpp
[54.181s] -- Installing: /home/eierobot/ROS/teleop_ws/src/teleop_robot_bridge/install/teleop_robot_bridge/include/teleop_robot_bridge/teleop_robot_bridge/msg/detail/waist_motion_ctrl__rosidl_typesupport_introspection_cpp.hpp
[54.181s] -- Installing: /home/eierobot/ROS/teleop_ws/src/teleop_robot_bridge/install/teleop_robot_bridge/include/teleop_robot_bridge/teleop_robot_bridge/msg/detail/arm_motion_ctrl__type_support.cpp
[54.181s] -- Installing: /home/eierobot/ROS/teleop_ws/src/teleop_robot_bridge/install/teleop_robot_bridge/include/teleop_robot_bridge/teleop_robot_bridge/msg/detail/arm_joint_feedback__rosidl_typesupport_introspection_cpp.hpp
[54.181s] -- Installing: /home/eierobot/ROS/teleop_ws/src/teleop_robot_bridge/install/teleop_robot_bridge/include/teleop_robot_bridge/teleop_robot_bridge/msg/detail/agv_imu__rosidl_typesupport_introspection_cpp.hpp
[54.181s] -- Installing: /home/eierobot/ROS/teleop_ws/src/teleop_robot_bridge/install/teleop_robot_bridge/include/teleop_robot_bridge/teleop_robot_bridge/msg/detail/single_gripper_status__rosidl_typesupport_introspection_cpp.hpp
[54.181s] -- Installing: /home/eierobot/ROS/teleop_ws/src/teleop_robot_bridge/install/teleop_robot_bridge/include/teleop_robot_bridge/teleop_robot_bridge/msg/detail/gripper_device_state__type_support.cpp
[54.182s] -- Installing: /home/eierobot/ROS/teleop_ws/src/teleop_robot_bridge/install/teleop_robot_bridge/include/teleop_robot_bridge/teleop_robot_bridge/msg/detail/joy_state__rosidl_typesupport_introspection_cpp.hpp
[54.182s] -- Installing: /home/eierobot/ROS/teleop_ws/src/teleop_robot_bridge/install/teleop_robot_bridge/include/teleop_robot_bridge/teleop_robot_bridge/msg/detail/head_motion_ctrl__rosidl_typesupport_introspection_cpp.hpp
[54.182s] -- Installing: /home/eierobot/ROS/teleop_ws/src/teleop_robot_bridge/install/teleop_robot_bridge/include/teleop_robot_bridge/teleop_robot_bridge/msg/detail/agv_ultrasonic__rosidl_typesupport_introspection_cpp.hpp
[54.182s] -- Installing: /home/eierobot/ROS/teleop_ws/src/teleop_robot_bridge/install/teleop_robot_bridge/include/teleop_robot_bridge/teleop_robot_bridge/msg/detail/single_device_state__rosidl_typesupport_introspection_cpp.hpp
[54.182s] -- Installing: /home/eierobot/ROS/teleop_ws/src/teleop_robot_bridge/install/teleop_robot_bridge/include/teleop_robot_bridge/teleop_robot_bridge/msg/detail/agv_ultrasonic__type_support.cpp
[54.182s] -- Installing: /home/eierobot/ROS/teleop_ws/src/teleop_robot_bridge/install/teleop_robot_bridge/include/teleop_robot_bridge/teleop_robot_bridge/msg/detail/head_joint_command__type_support.cpp
[54.182s] -- Installing: /home/eierobot/ROS/teleop_ws/src/teleop_robot_bridge/install/teleop_robot_bridge/include/teleop_robot_bridge/teleop_robot_bridge/msg/detail/agv_joint_feedback__rosidl_typesupport_introspection_cpp.hpp
[54.182s] -- Installing: /home/eierobot/ROS/teleop_ws/src/teleop_robot_bridge/install/teleop_robot_bridge/include/teleop_robot_bridge/teleop_robot_bridge/msg/detail/waist_tcp_command__type_support.cpp
[54.182s] -- Installing: /home/eierobot/ROS/teleop_ws/src/teleop_robot_bridge/install/teleop_robot_bridge/include/teleop_robot_bridge/teleop_robot_bridge/msg/detail/gripper_tactile__rosidl_typesupport_introspection_cpp.hpp
[54.182s] -- Installing: /home/eierobot/ROS/teleop_ws/src/teleop_robot_bridge/install/teleop_robot_bridge/include/teleop_robot_bridge/teleop_robot_bridge/msg/detail/agv_vda5050_state__type_support.cpp
[54.182s] -- Installing: /home/eierobot/ROS/teleop_ws/src/teleop_robot_bridge/install/teleop_robot_bridge/include/teleop_robot_bridge/teleop_robot_bridge/msg/detail/upper_body_device_state__type_support.cpp
[54.182s] -- Installing: /home/eierobot/ROS/teleop_ws/src/teleop_robot_bridge/install/teleop_robot_bridge/include/teleop_robot_bridge/teleop_robot_bridge/msg/detail/head_joint_feedback__type_support.cpp
[54.182s] -- Installing: /home/eierobot/ROS/teleop_ws/src/teleop_robot_bridge/install/teleop_robot_bridge/include/teleop_robot_bridge/teleop_robot_bridge/msg/detail/gripper_tactile__type_support.cpp
[54.182s] -- Installing: /home/eierobot/ROS/teleop_ws/src/teleop_robot_bridge/install/teleop_robot_bridge/include/teleop_robot_bridge/teleop_robot_bridge/msg/detail/waist_joint_status__rosidl_typesupport_introspection_cpp.hpp
[54.182s] -- Installing: /home/eierobot/ROS/teleop_ws/src/teleop_robot_bridge/install/teleop_robot_bridge/include/teleop_robot_bridge/teleop_robot_bridge/msg/detail/single_gripper_move__type_support.cpp
[54.182s] -- Installing: /home/eierobot/ROS/teleop_ws/src/teleop_robot_bridge/install/teleop_robot_bridge/include/teleop_robot_bridge/teleop_robot_bridge/msg/detail/arm_joint_command__rosidl_typesupport_introspection_cpp.hpp
[54.183s] -- Installing: /home/eierobot/ROS/teleop_ws/src/teleop_robot_bridge/install/teleop_robot_bridge/include/teleop_robot_bridge/teleop_robot_bridge/msg/detail/arm_motion_ctrl__rosidl_typesupport_introspection_cpp.hpp
[54.183s] -- Installing: /home/eierobot/ROS/teleop_ws/src/teleop_robot_bridge/install/teleop_robot_bridge/include/teleop_robot_bridge/teleop_robot_bridge/msg/detail/joint_status__type_support.cpp
[54.183s] -- Installing: /home/eierobot/ROS/teleop_ws/src/teleop_robot_bridge/install/teleop_robot_bridge/include/teleop_robot_bridge/teleop_robot_bridge/msg/detail/hand_tactile__type_support.cpp
[54.183s] -- Installing: /home/eierobot/ROS/teleop_ws/src/teleop_robot_bridge/install/teleop_robot_bridge/include/teleop_robot_bridge/teleop_robot_bridge/msg/detail/arm_joint_feedback__type_support.cpp
[54.183s] -- Installing: /home/eierobot/ROS/teleop_ws/src/teleop_robot_bridge/install/teleop_robot_bridge/include/teleop_robot_bridge/teleop_robot_bridge/msg/detail/temperature__rosidl_typesupport_introspection_cpp.hpp
[54.183s] -- Installing: /home/eierobot/ROS/teleop_ws/src/teleop_robot_bridge/install/teleop_robot_bridge/include/teleop_robot_bridge/teleop_robot_bridge/msg/detail/agv_motion_ctrl__type_support.cpp
[54.183s] -- Installing: /home/eierobot/ROS/teleop_ws/src/teleop_robot_bridge/install/teleop_robot_bridge/include/teleop_robot_bridge/teleop_robot_bridge/msg/detail/arm_joint_command__type_support.cpp
[54.183s] -- Installing: /home/eierobot/ROS/teleop_ws/src/teleop_robot_bridge/install/teleop_robot_bridge/include/teleop_robot_bridge/teleop_robot_bridge/msg/detail/head_joint_status__rosidl_typesupport_introspection_cpp.hpp
[54.183s] -- Installing: /home/eierobot/ROS/teleop_ws/src/teleop_robot_bridge/install/teleop_robot_bridge/include/teleop_robot_bridge/teleop_robot_bridge/msg/detail/ee_tcp_command__rosidl_typesupport_introspection_cpp.hpp
[54.183s] -- Installing: /home/eierobot/ROS/teleop_ws/src/teleop_robot_bridge/install/teleop_robot_bridge/include/teleop_robot_bridge/teleop_robot_bridge/msg/detail/arm_joint_status__type_support.cpp
[54.183s] -- Installing: /home/eierobot/ROS/teleop_ws/src/teleop_robot_bridge/install/teleop_robot_bridge/include/teleop_robot_bridge/teleop_robot_bridge/msg/detail/agv_motion_ctrl__rosidl_typesupport_introspection_cpp.hpp
[54.183s] -- Installing: /home/eierobot/ROS/teleop_ws/src/teleop_robot_bridge/install/teleop_robot_bridge/include/teleop_robot_bridge/teleop_robot_bridge/msg/detail/single_gripper_move__rosidl_typesupport_introspection_cpp.hpp
[54.183s] -- Installing: /home/eierobot/ROS/teleop_ws/src/teleop_robot_bridge/install/teleop_robot_bridge/include/teleop_robot_bridge/teleop_robot_bridge/msg/detail/waist_tcp_command__rosidl_typesupport_introspection_cpp.hpp
[54.183s] -- Installing: /home/eierobot/ROS/teleop_ws/src/teleop_robot_bridge/install/teleop_robot_bridge/include/teleop_robot_bridge/teleop_robot_bridge/msg/detail/agv_vel__type_support.cpp
[54.183s] -- Installing: /home/eierobot/ROS/teleop_ws/src/teleop_robot_bridge/install/teleop_robot_bridge/include/teleop_robot_bridge/teleop_robot_bridge/msg/detail/waist_joint_command__type_support.cpp
[54.183s] -- Installing: /home/eierobot/ROS/teleop_ws/src/teleop_robot_bridge/install/teleop_robot_bridge/include/teleop_robot_bridge/teleop_robot_bridge/msg/detail/gripper_status__type_support.cpp
[54.183s] -- Installing: /home/eierobot/ROS/teleop_ws/src/teleop_robot_bridge/install/teleop_robot_bridge/include/teleop_robot_bridge/teleop_robot_bridge/msg/detail/agv_battery_state__type_support.cpp
[54.184s] -- Installing: /home/eierobot/ROS/teleop_ws/src/teleop_robot_bridge/install/teleop_robot_bridge/include/teleop_robot_bridge/teleop_robot_bridge/msg/detail/gripper_move__type_support.cpp
[54.184s] -- Installing: /home/eierobot/ROS/teleop_ws/src/teleop_robot_bridge/install/teleop_robot_bridge/include/teleop_robot_bridge/teleop_robot_bridge/msg/detail/agv_battery_state__rosidl_typesupport_introspection_cpp.hpp
[54.184s] -- Installing: /home/eierobot/ROS/teleop_ws/src/teleop_robot_bridge/install/teleop_robot_bridge/include/teleop_robot_bridge/teleop_robot_bridge/msg/detail/agv_cmd_vel__rosidl_typesupport_introspection_cpp.hpp
[54.184s] -- Installing: /home/eierobot/ROS/teleop_ws/src/teleop_robot_bridge/install/teleop_robot_bridge/include/teleop_robot_bridge/teleop_robot_bridge/msg/detail/joint_status__rosidl_typesupport_introspection_cpp.hpp
[54.184s] -- Installing: /home/eierobot/ROS/teleop_ws/src/teleop_robot_bridge/install/teleop_robot_bridge/include/teleop_robot_bridge/teleop_robot_bridge/msg/detail/gripper_status__rosidl_typesupport_introspection_cpp.hpp
[54.184s] -- Installing: /home/eierobot/ROS/teleop_ws/src/teleop_robot_bridge/install/teleop_robot_bridge/include/teleop_robot_bridge/teleop_robot_bridge/msg/detail/head_joint_command__rosidl_typesupport_introspection_cpp.hpp
[54.184s] -- Installing: /home/eierobot/ROS/teleop_ws/src/teleop_robot_bridge/install/teleop_robot_bridge/include/teleop_robot_bridge/teleop_robot_bridge/msg/detail/agv_imu__type_support.cpp
[54.184s] -- Installing: /home/eierobot/ROS/teleop_ws/src/teleop_robot_bridge/install/teleop_robot_bridge/include/teleop_robot_bridge/teleop_robot_bridge/msg/detail/single_device_state__type_support.cpp
[54.184s] -- Installing: /home/eierobot/ROS/teleop_ws/src/teleop_robot_bridge/install/teleop_robot_bridge/include/teleop_robot_bridge/teleop_robot_bridge/msg/detail/single_gripper_status__type_support.cpp
[54.184s] -- Installing: /home/eierobot/ROS/teleop_ws/src/teleop_robot_bridge/install/teleop_robot_bridge/include/teleop_robot_bridge/teleop_robot_bridge/msg/detail/head_joint_status__type_support.cpp
[54.184s] -- Installing: /home/eierobot/ROS/teleop_ws/src/teleop_robot_bridge/install/teleop_robot_bridge/include/teleop_robot_bridge/teleop_robot_bridge/msg/detail/agv_joint_status__type_support.cpp
[54.184s] -- Installing: /home/eierobot/ROS/teleop_ws/src/teleop_robot_bridge/install/teleop_robot_bridge/include/teleop_robot_bridge/teleop_robot_bridge/msg/detail/temperature__type_support.cpp
[54.184s] -- Installing: /home/eierobot/ROS/teleop_ws/src/teleop_robot_bridge/install/teleop_robot_bridge/include/teleop_robot_bridge/teleop_robot_bridge/msg/detail/waist_joint_feedback__type_support.cpp
[54.184s] -- Installing: /home/eierobot/ROS/teleop_ws/src/teleop_robot_bridge/install/teleop_robot_bridge/include/teleop_robot_bridge/teleop_robot_bridge/msg/detail/agv_vel__rosidl_typesupport_introspection_cpp.hpp
[54.184s] -- Installing: /home/eierobot/ROS/teleop_ws/src/teleop_robot_bridge/install/teleop_robot_bridge/include/teleop_robot_bridge/teleop_robot_bridge/msg/detail/head_motion_ctrl__type_support.cpp
[54.184s] -- Installing: /home/eierobot/ROS/teleop_ws/src/teleop_robot_bridge/install/teleop_robot_bridge/include/teleop_robot_bridge/teleop_robot_bridge/msg/detail/agv_vda5050_state__rosidl_typesupport_introspection_cpp.hpp
[54.184s] -- Installing: /home/eierobot/ROS/teleop_ws/src/teleop_robot_bridge/install/teleop_robot_bridge/include/teleop_robot_bridge/teleop_robot_bridge/msg/detail/waist_joint_command__rosidl_typesupport_introspection_cpp.hpp
[54.184s] -- Installing: /home/eierobot/ROS/teleop_ws/src/teleop_robot_bridge/install/teleop_robot_bridge/include/teleop_robot_bridge/teleop_robot_bridge/msg/detail/gripper_device_state__rosidl_typesupport_introspection_cpp.hpp
[54.184s] -- Installing: /home/eierobot/ROS/teleop_ws/src/teleop_robot_bridge/install/teleop_robot_bridge/include/teleop_robot_bridge/teleop_robot_bridge/msg/detail/waist_joint_feedback__rosidl_typesupport_introspection_cpp.hpp
[54.184s] -- Installing: /home/eierobot/ROS/teleop_ws/src/teleop_robot_bridge/install/teleop_robot_bridge/include/teleop_robot_bridge/teleop_robot_bridge/msg/detail/gripper_move__rosidl_typesupport_introspection_cpp.hpp
[54.184s] -- Installing: /home/eierobot/ROS/teleop_ws/src/teleop_robot_bridge/install/teleop_robot_bridge/include/teleop_robot_bridge/teleop_robot_bridge/msg/detail/agv_cmd_vel__type_support.cpp
[54.184s] -- Installing: /home/eierobot/ROS/teleop_ws/src/teleop_robot_bridge/install/teleop_robot_bridge/include/teleop_robot_bridge/teleop_robot_bridge/msg/detail/ee_tcp_command__type_support.cpp
[54.184s] -- Installing: /home/eierobot/ROS/teleop_ws/src/teleop_robot_bridge/install/teleop_robot_bridge/include/teleop_robot_bridge/teleop_robot_bridge/msg/detail/hand_tactile__rosidl_typesupport_introspection_cpp.hpp
[54.184s] -- Installing: /home/eierobot/ROS/teleop_ws/src/teleop_robot_bridge/install/teleop_robot_bridge/include/teleop_robot_bridge/teleop_robot_bridge/msg/detail/upper_body_device_state__rosidl_typesupport_introspection_cpp.hpp
[54.184s] -- Installing: /home/eierobot/ROS/teleop_ws/src/teleop_robot_bridge/install/teleop_robot_bridge/include/teleop_robot_bridge/teleop_robot_bridge/msg/detail/head_joint_feedback__rosidl_typesupport_introspection_cpp.hpp
[54.184s] -- Installing: /home/eierobot/ROS/teleop_ws/src/teleop_robot_bridge/install/teleop_robot_bridge/include/teleop_robot_bridge/teleop_robot_bridge/msg/detail/agv_joint_feedback__type_support.cpp
[54.185s] -- Installing: /home/eierobot/ROS/teleop_ws/src/teleop_robot_bridge/install/teleop_robot_bridge/include/teleop_robot_bridge/teleop_robot_bridge/msg/detail/waist_joint_status__type_support.cpp
[54.185s] -- Installing: /home/eierobot/ROS/teleop_ws/src/teleop_robot_bridge/install/teleop_robot_bridge/include/teleop_robot_bridge/teleop_robot_bridge/msg/detail/agv_joint_status__rosidl_typesupport_introspection_cpp.hpp
[54.185s] -- Installing: /home/eierobot/ROS/teleop_ws/src/teleop_robot_bridge/install/teleop_robot_bridge/include/teleop_robot_bridge/teleop_robot_bridge/msg/detail/arm_joint_status__rosidl_typesupport_introspection_cpp.hpp
[54.185s] -- Installing: /home/eierobot/ROS/teleop_ws/src/teleop_robot_bridge/install/teleop_robot_bridge/include/teleop_robot_bridge/teleop_robot_bridge/msg/detail/agv_device_state__rosidl_typesupport_introspection_cpp.hpp
[54.185s] -- Installing: /home/eierobot/ROS/teleop_ws/src/teleop_robot_bridge/install/teleop_robot_bridge/include/teleop_robot_bridge/teleop_robot_bridge/msg/detail/agv_device_state__type_support.cpp
[54.185s] -- Installing: /home/eierobot/ROS/teleop_ws/src/teleop_robot_bridge/install/teleop_robot_bridge/include/teleop_robot_bridge/teleop_robot_bridge/msg/detail/joy_state__type_support.cpp
[54.185s] -- Installing: /home/eierobot/ROS/teleop_ws/src/teleop_robot_bridge/install/teleop_robot_bridge/lib/libteleop_robot_bridge__rosidl_typesupport_introspection_cpp.so
[54.186s] -- Set non-toolchain portion of runtime path of "/home/eierobot/ROS/teleop_ws/src/teleop_robot_bridge/install/teleop_robot_bridge/lib/libteleop_robot_bridge__rosidl_typesupport_introspection_cpp.so" to ""
[54.186s] -- Installing: /home/eierobot/ROS/teleop_ws/src/teleop_robot_bridge/install/teleop_robot_bridge/lib/libteleop_robot_bridge__rosidl_typesupport_cpp.so
[54.188s] -- Set non-toolchain portion of runtime path of "/home/eierobot/ROS/teleop_ws/src/teleop_robot_bridge/install/teleop_robot_bridge/lib/libteleop_robot_bridge__rosidl_typesupport_cpp.so" to ""
[54.188s] -- Installing: /home/eierobot/ROS/teleop_ws/src/teleop_robot_bridge/install/teleop_robot_bridge/share/teleop_robot_bridge/environment/pythonpath.sh
[54.188s] -- Installing: /home/eierobot/ROS/teleop_ws/src/teleop_robot_bridge/install/teleop_robot_bridge/share/teleop_robot_bridge/environment/pythonpath.dsv
[54.188s] -- Installing: /home/eierobot/ROS/teleop_ws/src/teleop_robot_bridge/install/teleop_robot_bridge/lib/python3.12/site-packages/teleop_robot_bridge-0.0.0-py3.12.egg-info
[54.188s] -- Installing: /home/eierobot/ROS/teleop_ws/src/teleop_robot_bridge/install/teleop_robot_bridge/lib/python3.12/site-packages/teleop_robot_bridge-0.0.0-py3.12.egg-info/SOURCES.txt
[54.188s] -- Installing: /home/eierobot/ROS/teleop_ws/src/teleop_robot_bridge/install/teleop_robot_bridge/lib/python3.12/site-packages/teleop_robot_bridge-0.0.0-py3.12.egg-info/top_level.txt
[54.188s] -- Installing: /home/eierobot/ROS/teleop_ws/src/teleop_robot_bridge/install/teleop_robot_bridge/lib/python3.12/site-packages/teleop_robot_bridge-0.0.0-py3.12.egg-info/dependency_links.txt
[54.189s] -- Installing: /home/eierobot/ROS/teleop_ws/src/teleop_robot_bridge/install/teleop_robot_bridge/lib/python3.12/site-packages/teleop_robot_bridge-0.0.0-py3.12.egg-info/PKG-INFO
[54.189s] -- Installing: /home/eierobot/ROS/teleop_ws/src/teleop_robot_bridge/install/teleop_robot_bridge/lib/python3.12/site-packages/teleop_robot_bridge
[54.189s] -- Installing: /home/eierobot/ROS/teleop_ws/src/teleop_robot_bridge/install/teleop_robot_bridge/lib/python3.12/site-packages/teleop_robot_bridge/msg
[54.189s] -- Installing: /home/eierobot/ROS/teleop_ws/src/teleop_robot_bridge/install/teleop_robot_bridge/lib/python3.12/site-packages/teleop_robot_bridge/msg/_agv_joint_feedback_s.c
[54.189s] -- Installing: /home/eierobot/ROS/teleop_ws/src/teleop_robot_bridge/install/teleop_robot_bridge/lib/python3.12/site-packages/teleop_robot_bridge/msg/_head_joint_command.py
[54.189s] -- Installing: /home/eierobot/ROS/teleop_ws/src/teleop_robot_bridge/install/teleop_robot_bridge/lib/python3.12/site-packages/teleop_robot_bridge/msg/_gripper_move_s.c
[54.189s] -- Installing: /home/eierobot/ROS/teleop_ws/src/teleop_robot_bridge/install/teleop_robot_bridge/lib/python3.12/site-packages/teleop_robot_bridge/msg/_head_joint_status_s.c
[54.189s] -- Installing: /home/eierobot/ROS/teleop_ws/src/teleop_robot_bridge/install/teleop_robot_bridge/lib/python3.12/site-packages/teleop_robot_bridge/msg/__init__.py
[54.189s] -- Installing: /home/eierobot/ROS/teleop_ws/src/teleop_robot_bridge/install/teleop_robot_bridge/lib/python3.12/site-packages/teleop_robot_bridge/msg/_gripper_move.py
[54.189s] -- Installing: /home/eierobot/ROS/teleop_ws/src/teleop_robot_bridge/install/teleop_robot_bridge/lib/python3.12/site-packages/teleop_robot_bridge/msg/_waist_joint_status.py
[54.190s] -- Installing: /home/eierobot/ROS/teleop_ws/src/teleop_robot_bridge/install/teleop_robot_bridge/lib/python3.12/site-packages/teleop_robot_bridge/msg/_agv_joint_status.py
[54.190s] -- Installing: /home/eierobot/ROS/teleop_ws/src/teleop_robot_bridge/install/teleop_robot_bridge/lib/python3.12/site-packages/teleop_robot_bridge/msg/_waist_joint_command.py
[54.190s] -- Installing: /home/eierobot/ROS/teleop_ws/src/teleop_robot_bridge/install/teleop_robot_bridge/lib/python3.12/site-packages/teleop_robot_bridge/msg/_agv_battery_state.py
[54.190s] -- Installing: /home/eierobot/ROS/teleop_ws/src/teleop_robot_bridge/install/teleop_robot_bridge/lib/python3.12/site-packages/teleop_robot_bridge/msg/_head_joint_feedback_s.c
[54.190s] -- Installing: /home/eierobot/ROS/teleop_ws/src/teleop_robot_bridge/install/teleop_robot_bridge/lib/python3.12/site-packages/teleop_robot_bridge/msg/_waist_joint_feedback_s.c
[54.190s] -- Installing: /home/eierobot/ROS/teleop_ws/src/teleop_robot_bridge/install/teleop_robot_bridge/lib/python3.12/site-packages/teleop_robot_bridge/msg/_agv_joint_status_s.c
[54.190s] -- Installing: /home/eierobot/ROS/teleop_ws/src/teleop_robot_bridge/install/teleop_robot_bridge/lib/python3.12/site-packages/teleop_robot_bridge/msg/_gripper_device_state.py
[54.190s] -- Installing: /home/eierobot/ROS/teleop_ws/src/teleop_robot_bridge/install/teleop_robot_bridge/lib/python3.12/site-packages/teleop_robot_bridge/msg/_temperature_s.c
[54.190s] -- Installing: /home/eierobot/ROS/teleop_ws/src/teleop_robot_bridge/install/teleop_robot_bridge/lib/python3.12/site-packages/teleop_robot_bridge/msg/_waist_joint_feedback.py
[54.191s] -- Installing: /home/eierobot/ROS/teleop_ws/src/teleop_robot_bridge/install/teleop_robot_bridge/lib/python3.12/site-packages/teleop_robot_bridge/msg/_head_joint_feedback.py
[54.191s] -- Installing: /home/eierobot/ROS/teleop_ws/src/teleop_robot_bridge/install/teleop_robot_bridge/lib/python3.12/site-packages/teleop_robot_bridge/msg/_agv_cmd_vel_s.c
[54.191s] -- Installing: /home/eierobot/ROS/teleop_ws/src/teleop_robot_bridge/install/teleop_robot_bridge/lib/python3.12/site-packages/teleop_robot_bridge/msg/_single_gripper_move.py
[54.191s] -- Installing: /home/eierobot/ROS/teleop_ws/src/teleop_robot_bridge/install/teleop_robot_bridge/lib/python3.12/site-packages/teleop_robot_bridge/msg/_single_device_state.py
[54.191s] -- Installing: /home/eierobot/ROS/teleop_ws/src/teleop_robot_bridge/install/teleop_robot_bridge/lib/python3.12/site-packages/teleop_robot_bridge/msg/_arm_motion_ctrl_s.c
[54.191s] -- Installing: /home/eierobot/ROS/teleop_ws/src/teleop_robot_bridge/install/teleop_robot_bridge/lib/python3.12/site-packages/teleop_robot_bridge/msg/_single_gripper_status.py
[54.191s] -- Installing: /home/eierobot/ROS/teleop_ws/src/teleop_robot_bridge/install/teleop_robot_bridge/lib/python3.12/site-packages/teleop_robot_bridge/msg/_agv_battery_state_s.c
[54.191s] -- Installing: /home/eierobot/ROS/teleop_ws/src/teleop_robot_bridge/install/teleop_robot_bridge/lib/python3.12/site-packages/teleop_robot_bridge/msg/_single_gripper_status_s.c
[54.191s] -- Installing: /home/eierobot/ROS/teleop_ws/src/teleop_robot_bridge/install/teleop_robot_bridge/lib/python3.12/site-packages/teleop_robot_bridge/msg/_head_motion_ctrl_s.c
[54.191s] -- Installing: /home/eierobot/ROS/teleop_ws/src/teleop_robot_bridge/install/teleop_robot_bridge/lib/python3.12/site-packages/teleop_robot_bridge/msg/_head_joint_command_s.c
[54.191s] -- Installing: /home/eierobot/ROS/teleop_ws/src/teleop_robot_bridge/install/teleop_robot_bridge/lib/python3.12/site-packages/teleop_robot_bridge/msg/_head_motion_ctrl.py
[54.192s] -- Installing: /home/eierobot/ROS/teleop_ws/src/teleop_robot_bridge/install/teleop_robot_bridge/lib/python3.12/site-packages/teleop_robot_bridge/msg/_arm_joint_feedback.py
[54.192s] -- Installing: /home/eierobot/ROS/teleop_ws/src/teleop_robot_bridge/install/teleop_robot_bridge/lib/python3.12/site-packages/teleop_robot_bridge/msg/_joint_status_s.c
[54.192s] -- Installing: /home/eierobot/ROS/teleop_ws/src/teleop_robot_bridge/install/teleop_robot_bridge/lib/python3.12/site-packages/teleop_robot_bridge/msg/_upper_body_device_state.py
[54.192s] -- Installing: /home/eierobot/ROS/teleop_ws/src/teleop_robot_bridge/install/teleop_robot_bridge/lib/python3.12/site-packages/teleop_robot_bridge/msg/_ee_tcp_command_s.c
[54.192s] -- Installing: /home/eierobot/ROS/teleop_ws/src/teleop_robot_bridge/install/teleop_robot_bridge/lib/python3.12/site-packages/teleop_robot_bridge/msg/_agv_ultrasonic.py
[54.192s] -- Installing: /home/eierobot/ROS/teleop_ws/src/teleop_robot_bridge/install/teleop_robot_bridge/lib/python3.12/site-packages/teleop_robot_bridge/msg/_gripper_device_state_s.c
[54.192s] -- Installing: /home/eierobot/ROS/teleop_ws/src/teleop_robot_bridge/install/teleop_robot_bridge/lib/python3.12/site-packages/teleop_robot_bridge/msg/_joy_state.py
[54.192s] -- Installing: /home/eierobot/ROS/teleop_ws/src/teleop_robot_bridge/install/teleop_robot_bridge/lib/python3.12/site-packages/teleop_robot_bridge/msg/_waist_joint_command_s.c
[54.192s] -- Installing: /home/eierobot/ROS/teleop_ws/src/teleop_robot_bridge/install/teleop_robot_bridge/lib/python3.12/site-packages/teleop_robot_bridge/msg/_agv_vda5050_state.py
[54.192s] -- Installing: /home/eierobot/ROS/teleop_ws/src/teleop_robot_bridge/install/teleop_robot_bridge/lib/python3.12/site-packages/teleop_robot_bridge/msg/_waist_tcp_command_s.c
[54.192s] -- Installing: /home/eierobot/ROS/teleop_ws/src/teleop_robot_bridge/install/teleop_robot_bridge/lib/python3.12/site-packages/teleop_robot_bridge/msg/_joy_state_s.c
[54.193s] -- Installing: /home/eierobot/ROS/teleop_ws/src/teleop_robot_bridge/install/teleop_robot_bridge/lib/python3.12/site-packages/teleop_robot_bridge/msg/_head_joint_status.py
[54.193s] -- Installing: /home/eierobot/ROS/teleop_ws/src/teleop_robot_bridge/install/teleop_robot_bridge/lib/python3.12/site-packages/teleop_robot_bridge/msg/_agv_ultrasonic_s.c
[54.193s] -- Installing: /home/eierobot/ROS/teleop_ws/src/teleop_robot_bridge/install/teleop_robot_bridge/lib/python3.12/site-packages/teleop_robot_bridge/msg/_gripper_status.py
[54.193s] -- Installing: /home/eierobot/ROS/teleop_ws/src/teleop_robot_bridge/install/teleop_robot_bridge/lib/python3.12/site-packages/teleop_robot_bridge/msg/_agv_motion_ctrl_s.c
[54.193s] -- Installing: /home/eierobot/ROS/teleop_ws/src/teleop_robot_bridge/install/teleop_robot_bridge/lib/python3.12/site-packages/teleop_robot_bridge/msg/_temperature.py
[54.193s] -- Installing: /home/eierobot/ROS/teleop_ws/src/teleop_robot_bridge/install/teleop_robot_bridge/lib/python3.12/site-packages/teleop_robot_bridge/msg/_arm_joint_status_s.c
[54.193s] -- Installing: /home/eierobot/ROS/teleop_ws/src/teleop_robot_bridge/install/teleop_robot_bridge/lib/python3.12/site-packages/teleop_robot_bridge/msg/_arm_motion_ctrl.py
[54.193s] -- Installing: /home/eierobot/ROS/teleop_ws/src/teleop_robot_bridge/install/teleop_robot_bridge/lib/python3.12/site-packages/teleop_robot_bridge/msg/_single_gripper_move_s.c
[54.193s] -- Installing: /home/eierobot/ROS/teleop_ws/src/teleop_robot_bridge/install/teleop_robot_bridge/lib/python3.12/site-packages/teleop_robot_bridge/msg/_gripper_tactile_s.c
[54.193s] -- Installing: /home/eierobot/ROS/teleop_ws/src/teleop_robot_bridge/install/teleop_robot_bridge/lib/python3.12/site-packages/teleop_robot_bridge/msg/_agv_vel.py
[54.194s] -- Installing: /home/eierobot/ROS/teleop_ws/src/teleop_robot_bridge/install/teleop_robot_bridge/lib/python3.12/site-packages/teleop_robot_bridge/msg/_agv_device_state_s.c
[54.194s] -- Installing: /home/eierobot/ROS/teleop_ws/src/teleop_robot_bridge/install/teleop_robot_bridge/lib/python3.12/site-packages/teleop_robot_bridge/msg/_gripper_tactile.py
[54.194s] -- Installing: /home/eierobot/ROS/teleop_ws/src/teleop_robot_bridge/install/teleop_robot_bridge/lib/python3.12/site-packages/teleop_robot_bridge/msg/_arm_joint_status.py
[54.194s] -- Installing: /home/eierobot/ROS/teleop_ws/src/teleop_robot_bridge/install/teleop_robot_bridge/lib/python3.12/site-packages/teleop_robot_bridge/msg/_waist_tcp_command.py
[54.194s] -- Installing: /home/eierobot/ROS/teleop_ws/src/teleop_robot_bridge/install/teleop_robot_bridge/lib/python3.12/site-packages/teleop_robot_bridge/msg/_waist_motion_ctrl_s.c
[54.194s] -- Installing: /home/eierobot/ROS/teleop_ws/src/teleop_robot_bridge/install/teleop_robot_bridge/lib/python3.12/site-packages/teleop_robot_bridge/msg/_arm_joint_command_s.c
[54.194s] -- Installing: /home/eierobot/ROS/teleop_ws/src/teleop_robot_bridge/install/teleop_robot_bridge/lib/python3.12/site-packages/teleop_robot_bridge/msg/_hand_tactile_s.c
[54.194s] -- Installing: /home/eierobot/ROS/teleop_ws/src/teleop_robot_bridge/install/teleop_robot_bridge/lib/python3.12/site-packages/teleop_robot_bridge/msg/_arm_joint_command.py
[54.194s] -- Installing: /home/eierobot/ROS/teleop_ws/src/teleop_robot_bridge/install/teleop_robot_bridge/lib/python3.12/site-packages/teleop_robot_bridge/msg/_agv_device_state.py
[54.194s] -- Installing: /home/eierobot/ROS/teleop_ws/src/teleop_robot_bridge/install/teleop_robot_bridge/lib/python3.12/site-packages/teleop_robot_bridge/msg/_single_device_state_s.c
[54.194s] -- Installing: /home/eierobot/ROS/teleop_ws/src/teleop_robot_bridge/install/teleop_robot_bridge/lib/python3.12/site-packages/teleop_robot_bridge/msg/_joint_status.py
[54.194s] -- Installing: /home/eierobot/ROS/teleop_ws/src/teleop_robot_bridge/install/teleop_robot_bridge/lib/python3.12/site-packages/teleop_robot_bridge/msg/_agv_vda5050_state_s.c
[54.194s] -- Installing: /home/eierobot/ROS/teleop_ws/src/teleop_robot_bridge/install/teleop_robot_bridge/lib/python3.12/site-packages/teleop_robot_bridge/msg/_agv_vel_s.c
[54.194s] -- Installing: /home/eierobot/ROS/teleop_ws/src/teleop_robot_bridge/install/teleop_robot_bridge/lib/python3.12/site-packages/teleop_robot_bridge/msg/_agv_imu_s.c
[54.195s] -- Installing: /home/eierobot/ROS/teleop_ws/src/teleop_robot_bridge/install/teleop_robot_bridge/lib/python3.12/site-packages/teleop_robot_bridge/msg/_arm_joint_feedback_s.c
[54.195s] -- Installing: /home/eierobot/ROS/teleop_ws/src/teleop_robot_bridge/install/teleop_robot_bridge/lib/python3.12/site-packages/teleop_robot_bridge/msg/_agv_joint_feedback.py
[54.195s] -- Installing: /home/eierobot/ROS/teleop_ws/src/teleop_robot_bridge/install/teleop_robot_bridge/lib/python3.12/site-packages/teleop_robot_bridge/msg/_agv_motion_ctrl.py
[54.195s] -- Installing: /home/eierobot/ROS/teleop_ws/src/teleop_robot_bridge/install/teleop_robot_bridge/lib/python3.12/site-packages/teleop_robot_bridge/msg/_upper_body_device_state_s.c
[54.195s] -- Installing: /home/eierobot/ROS/teleop_ws/src/teleop_robot_bridge/install/teleop_robot_bridge/lib/python3.12/site-packages/teleop_robot_bridge/msg/_hand_tactile.py
[54.195s] -- Installing: /home/eierobot/ROS/teleop_ws/src/teleop_robot_bridge/install/teleop_robot_bridge/lib/python3.12/site-packages/teleop_robot_bridge/msg/_gripper_status_s.c
[54.195s] -- Installing: /home/eierobot/ROS/teleop_ws/src/teleop_robot_bridge/install/teleop_robot_bridge/lib/python3.12/site-packages/teleop_robot_bridge/msg/_agv_cmd_vel.py
[54.195s] -- Installing: /home/eierobot/ROS/teleop_ws/src/teleop_robot_bridge/install/teleop_robot_bridge/lib/python3.12/site-packages/teleop_robot_bridge/msg/_waist_motion_ctrl.py
[54.195s] -- Installing: /home/eierobot/ROS/teleop_ws/src/teleop_robot_bridge/install/teleop_robot_bridge/lib/python3.12/site-packages/teleop_robot_bridge/msg/_waist_joint_status_s.c
[54.195s] -- Installing: /home/eierobot/ROS/teleop_ws/src/teleop_robot_bridge/install/teleop_robot_bridge/lib/python3.12/site-packages/teleop_robot_bridge/msg/_agv_imu.py
[54.195s] -- Installing: /home/eierobot/ROS/teleop_ws/src/teleop_robot_bridge/install/teleop_robot_bridge/lib/python3.12/site-packages/teleop_robot_bridge/msg/_ee_tcp_command.py
[54.195s] -- Installing: /home/eierobot/ROS/teleop_ws/src/teleop_robot_bridge/install/teleop_robot_bridge/lib/python3.12/site-packages/teleop_robot_bridge/__init__.py
[54.195s] -- Installing: /home/eierobot/ROS/teleop_ws/src/teleop_robot_bridge/install/teleop_robot_bridge/lib/python3.12/site-packages/teleop_robot_bridge/_teleop_robot_bridge_s.ep.rosidl_typesupport_c.c
[54.195s] -- Installing: /home/eierobot/ROS/teleop_ws/src/teleop_robot_bridge/install/teleop_robot_bridge/lib/python3.12/site-packages/teleop_robot_bridge/teleop_robot_bridge_s__rosidl_typesupport_fastrtps_c.so
[54.195s] -- Installing: /home/eierobot/ROS/teleop_ws/src/teleop_robot_bridge/install/teleop_robot_bridge/lib/python3.12/site-packages/teleop_robot_bridge/teleop_robot_bridge_s__rosidl_typesupport_introspection_c.so
[54.195s] -- Installing: /home/eierobot/ROS/teleop_ws/src/teleop_robot_bridge/install/teleop_robot_bridge/lib/python3.12/site-packages/teleop_robot_bridge/teleop_robot_bridge_s__rosidl_typesupport_c.so
[54.195s] -- Installing: /home/eierobot/ROS/teleop_ws/src/teleop_robot_bridge/install/teleop_robot_bridge/lib/python3.12/site-packages/teleop_robot_bridge/_teleop_robot_bridge_s.ep.rosidl_typesupport_fastrtps_c.c
[54.196s] -- Installing: /home/eierobot/ROS/teleop_ws/src/teleop_robot_bridge/install/teleop_robot_bridge/lib/python3.12/site-packages/teleop_robot_bridge/_teleop_robot_bridge_s.ep.rosidl_typesupport_introspection_c.c
[54.278s] Listing '/home/eierobot/ROS/teleop_ws/src/teleop_robot_bridge/install/teleop_robot_bridge/lib/python3.12/site-packages/teleop_robot_bridge'...
[54.278s] Compiling '/home/eierobot/ROS/teleop_ws/src/teleop_robot_bridge/install/teleop_robot_bridge/lib/python3.12/site-packages/teleop_robot_bridge/__init__.py'...
[54.279s] Listing '/home/eierobot/ROS/teleop_ws/src/teleop_robot_bridge/install/teleop_robot_bridge/lib/python3.12/site-packages/teleop_robot_bridge/msg'...
[54.279s] Compiling '/home/eierobot/ROS/teleop_ws/src/teleop_robot_bridge/install/teleop_robot_bridge/lib/python3.12/site-packages/teleop_robot_bridge/msg/__init__.py'...
[54.279s] Compiling '/home/eierobot/ROS/teleop_ws/src/teleop_robot_bridge/install/teleop_robot_bridge/lib/python3.12/site-packages/teleop_robot_bridge/msg/_agv_battery_state.py'...
[54.279s] Compiling '/home/eierobot/ROS/teleop_ws/src/teleop_robot_bridge/install/teleop_robot_bridge/lib/python3.12/site-packages/teleop_robot_bridge/msg/_agv_cmd_vel.py'...
[54.279s] Compiling '/home/eierobot/ROS/teleop_ws/src/teleop_robot_bridge/install/teleop_robot_bridge/lib/python3.12/site-packages/teleop_robot_bridge/msg/_agv_device_state.py'...
[54.279s] Compiling '/home/eierobot/ROS/teleop_ws/src/teleop_robot_bridge/install/teleop_robot_bridge/lib/python3.12/site-packages/teleop_robot_bridge/msg/_agv_imu.py'...
[54.279s] Compiling '/home/eierobot/ROS/teleop_ws/src/teleop_robot_bridge/install/teleop_robot_bridge/lib/python3.12/site-packages/teleop_robot_bridge/msg/_agv_joint_feedback.py'...
[54.279s] Compiling '/home/eierobot/ROS/teleop_ws/src/teleop_robot_bridge/install/teleop_robot_bridge/lib/python3.12/site-packages/teleop_robot_bridge/msg/_agv_joint_status.py'...
[54.279s] Compiling '/home/eierobot/ROS/teleop_ws/src/teleop_robot_bridge/install/teleop_robot_bridge/lib/python3.12/site-packages/teleop_robot_bridge/msg/_agv_motion_ctrl.py'...
[54.279s] Compiling '/home/eierobot/ROS/teleop_ws/src/teleop_robot_bridge/install/teleop_robot_bridge/lib/python3.12/site-packages/teleop_robot_bridge/msg/_agv_ultrasonic.py'...
[54.279s] Compiling '/home/eierobot/ROS/teleop_ws/src/teleop_robot_bridge/install/teleop_robot_bridge/lib/python3.12/site-packages/teleop_robot_bridge/msg/_agv_vda5050_state.py'...
[54.279s] Compiling '/home/eierobot/ROS/teleop_ws/src/teleop_robot_bridge/install/teleop_robot_bridge/lib/python3.12/site-packages/teleop_robot_bridge/msg/_agv_vel.py'...
[54.279s] Compiling '/home/eierobot/ROS/teleop_ws/src/teleop_robot_bridge/install/teleop_robot_bridge/lib/python3.12/site-packages/teleop_robot_bridge/msg/_arm_joint_command.py'...
[54.279s] Compiling '/home/eierobot/ROS/teleop_ws/src/teleop_robot_bridge/install/teleop_robot_bridge/lib/python3.12/site-packages/teleop_robot_bridge/msg/_arm_joint_feedback.py'...
[54.279s] Compiling '/home/eierobot/ROS/teleop_ws/src/teleop_robot_bridge/install/teleop_robot_bridge/lib/python3.12/site-packages/teleop_robot_bridge/msg/_arm_joint_status.py'...
[54.279s] Compiling '/home/eierobot/ROS/teleop_ws/src/teleop_robot_bridge/install/teleop_robot_bridge/lib/python3.12/site-packages/teleop_robot_bridge/msg/_arm_motion_ctrl.py'...
[54.279s] Compiling '/home/eierobot/ROS/teleop_ws/src/teleop_robot_bridge/install/teleop_robot_bridge/lib/python3.12/site-packages/teleop_robot_bridge/msg/_ee_tcp_command.py'...
[54.279s] Compiling '/home/eierobot/ROS/teleop_ws/src/teleop_robot_bridge/install/teleop_robot_bridge/lib/python3.12/site-packages/teleop_robot_bridge/msg/_gripper_device_state.py'...
[54.279s] Compiling '/home/eierobot/ROS/teleop_ws/src/teleop_robot_bridge/install/teleop_robot_bridge/lib/python3.12/site-packages/teleop_robot_bridge/msg/_gripper_move.py'...
[54.279s] Compiling '/home/eierobot/ROS/teleop_ws/src/teleop_robot_bridge/install/teleop_robot_bridge/lib/python3.12/site-packages/teleop_robot_bridge/msg/_gripper_status.py'...
[54.279s] Compiling '/home/eierobot/ROS/teleop_ws/src/teleop_robot_bridge/install/teleop_robot_bridge/lib/python3.12/site-packages/teleop_robot_bridge/msg/_gripper_tactile.py'...
[54.279s] Compiling '/home/eierobot/ROS/teleop_ws/src/teleop_robot_bridge/install/teleop_robot_bridge/lib/python3.12/site-packages/teleop_robot_bridge/msg/_hand_tactile.py'...
[54.279s] Compiling '/home/eierobot/ROS/teleop_ws/src/teleop_robot_bridge/install/teleop_robot_bridge/lib/python3.12/site-packages/teleop_robot_bridge/msg/_head_joint_command.py'...
[54.279s] Compiling '/home/eierobot/ROS/teleop_ws/src/teleop_robot_bridge/install/teleop_robot_bridge/lib/python3.12/site-packages/teleop_robot_bridge/msg/_head_joint_feedback.py'...
[54.279s] Compiling '/home/eierobot/ROS/teleop_ws/src/teleop_robot_bridge/install/teleop_robot_bridge/lib/python3.12/site-packages/teleop_robot_bridge/msg/_head_joint_status.py'...
[54.279s] Compiling '/home/eierobot/ROS/teleop_ws/src/teleop_robot_bridge/install/teleop_robot_bridge/lib/python3.12/site-packages/teleop_robot_bridge/msg/_head_motion_ctrl.py'...
[54.279s] Compiling '/home/eierobot/ROS/teleop_ws/src/teleop_robot_bridge/install/teleop_robot_bridge/lib/python3.12/site-packages/teleop_robot_bridge/msg/_joint_status.py'...
[54.280s] Compiling '/home/eierobot/ROS/teleop_ws/src/teleop_robot_bridge/install/teleop_robot_bridge/lib/python3.12/site-packages/teleop_robot_bridge/msg/_joy_state.py'...
[54.280s] Compiling '/home/eierobot/ROS/teleop_ws/src/teleop_robot_bridge/install/teleop_robot_bridge/lib/python3.12/site-packages/teleop_robot_bridge/msg/_single_device_state.py'...
[54.280s] Compiling '/home/eierobot/ROS/teleop_ws/src/teleop_robot_bridge/install/teleop_robot_bridge/lib/python3.12/site-packages/teleop_robot_bridge/msg/_single_gripper_move.py'...
[54.280s] Compiling '/home/eierobot/ROS/teleop_ws/src/teleop_robot_bridge/install/teleop_robot_bridge/lib/python3.12/site-packages/teleop_robot_bridge/msg/_single_gripper_status.py'...
[54.280s] Compiling '/home/eierobot/ROS/teleop_ws/src/teleop_robot_bridge/install/teleop_robot_bridge/lib/python3.12/site-packages/teleop_robot_bridge/msg/_temperature.py'...
[54.280s] Compiling '/home/eierobot/ROS/teleop_ws/src/teleop_robot_bridge/install/teleop_robot_bridge/lib/python3.12/site-packages/teleop_robot_bridge/msg/_upper_body_device_state.py'...
[54.280s] Compiling '/home/eierobot/ROS/teleop_ws/src/teleop_robot_bridge/install/teleop_robot_bridge/lib/python3.12/site-packages/teleop_robot_bridge/msg/_waist_joint_command.py'...
[54.280s] Compiling '/home/eierobot/ROS/teleop_ws/src/teleop_robot_bridge/install/teleop_robot_bridge/lib/python3.12/site-packages/teleop_robot_bridge/msg/_waist_joint_feedback.py'...
[54.280s] Compiling '/home/eierobot/ROS/teleop_ws/src/teleop_robot_bridge/install/teleop_robot_bridge/lib/python3.12/site-packages/teleop_robot_bridge/msg/_waist_joint_status.py'...
[54.280s] Compiling '/home/eierobot/ROS/teleop_ws/src/teleop_robot_bridge/install/teleop_robot_bridge/lib/python3.12/site-packages/teleop_robot_bridge/msg/_waist_motion_ctrl.py'...
[54.280s] Compiling '/home/eierobot/ROS/teleop_ws/src/teleop_robot_bridge/install/teleop_robot_bridge/lib/python3.12/site-packages/teleop_robot_bridge/msg/_waist_tcp_command.py'...
[54.285s] -- Installing: /home/eierobot/ROS/teleop_ws/src/teleop_robot_bridge/install/teleop_robot_bridge/lib/python3.12/site-packages/teleop_robot_bridge/teleop_robot_bridge_s__rosidl_typesupport_fastrtps_c.so
[54.286s] -- Set non-toolchain portion of runtime path of "/home/eierobot/ROS/teleop_ws/src/teleop_robot_bridge/install/teleop_robot_bridge/lib/python3.12/site-packages/teleop_robot_bridge/teleop_robot_bridge_s__rosidl_typesupport_fastrtps_c.so" to ""
[54.286s] -- Installing: /home/eierobot/ROS/teleop_ws/src/teleop_robot_bridge/install/teleop_robot_bridge/lib/python3.12/site-packages/teleop_robot_bridge/teleop_robot_bridge_s__rosidl_typesupport_introspection_c.so
[54.287s] -- Set non-toolchain portion of runtime path of "/home/eierobot/ROS/teleop_ws/src/teleop_robot_bridge/install/teleop_robot_bridge/lib/python3.12/site-packages/teleop_robot_bridge/teleop_robot_bridge_s__rosidl_typesupport_introspection_c.so" to ""
[54.287s] -- Installing: /home/eierobot/ROS/teleop_ws/src/teleop_robot_bridge/install/teleop_robot_bridge/lib/python3.12/site-packages/teleop_robot_bridge/teleop_robot_bridge_s__rosidl_typesupport_c.so
[54.287s] -- Set non-toolchain portion of runtime path of "/home/eierobot/ROS/teleop_ws/src/teleop_robot_bridge/install/teleop_robot_bridge/lib/python3.12/site-packages/teleop_robot_bridge/teleop_robot_bridge_s__rosidl_typesupport_c.so" to ""
[54.287s] -- Installing: /home/eierobot/ROS/teleop_ws/src/teleop_robot_bridge/install/teleop_robot_bridge/lib/libteleop_robot_bridge__rosidl_generator_py.so
[54.289s] -- Set non-toolchain portion of runtime path of "/home/eierobot/ROS/teleop_ws/src/teleop_robot_bridge/install/teleop_robot_bridge/lib/libteleop_robot_bridge__rosidl_generator_py.so" to ""
[54.289s] -- Installing: /home/eierobot/ROS/teleop_ws/src/teleop_robot_bridge/install/teleop_robot_bridge/share/ament_index/resource_index/rust_packages/teleop_robot_bridge
[54.289s] -- Installing: /home/eierobot/ROS/teleop_ws/src/teleop_robot_bridge/install/teleop_robot_bridge/share/teleop_robot_bridge/rust
[54.289s] -- Installing: /home/eierobot/ROS/teleop_ws/src/teleop_robot_bridge/install/teleop_robot_bridge/share/teleop_robot_bridge/rust/build.rs
[54.290s] -- Installing: /home/eierobot/ROS/teleop_ws/src/teleop_robot_bridge/install/teleop_robot_bridge/share/teleop_robot_bridge/rust/Cargo.toml
[54.290s] -- Installing: /home/eierobot/ROS/teleop_ws/src/teleop_robot_bridge/install/teleop_robot_bridge/share/teleop_robot_bridge/rust/src
[54.290s] -- Installing: /home/eierobot/ROS/teleop_ws/src/teleop_robot_bridge/install/teleop_robot_bridge/share/teleop_robot_bridge/rust/src/msg
[54.290s] -- Installing: /home/eierobot/ROS/teleop_ws/src/teleop_robot_bridge/install/teleop_robot_bridge/share/teleop_robot_bridge/rust/src/msg/rmw.rs
[54.290s] -- Installing: /home/eierobot/ROS/teleop_ws/src/teleop_robot_bridge/install/teleop_robot_bridge/share/teleop_robot_bridge/rust/src/lib.rs
[54.290s] -- Installing: /home/eierobot/ROS/teleop_ws/src/teleop_robot_bridge/install/teleop_robot_bridge/share/teleop_robot_bridge/rust/src/msg.rs
[54.290s] -- Installing: /home/eierobot/ROS/teleop_ws/src/teleop_robot_bridge/install/teleop_robot_bridge/share/teleop_robot_bridge/msg/AgvBatteryState.idl
[54.290s] -- Installing: /home/eierobot/ROS/teleop_ws/src/teleop_robot_bridge/install/teleop_robot_bridge/share/teleop_robot_bridge/msg/AgvCmdVel.idl
[54.291s] -- Installing: /home/eierobot/ROS/teleop_ws/src/teleop_robot_bridge/install/teleop_robot_bridge/share/teleop_robot_bridge/msg/AgvDeviceState.idl
[54.291s] -- Installing: /home/eierobot/ROS/teleop_ws/src/teleop_robot_bridge/install/teleop_robot_bridge/share/teleop_robot_bridge/msg/AgvImu.idl
[54.291s] -- Installing: /home/eierobot/ROS/teleop_ws/src/teleop_robot_bridge/install/teleop_robot_bridge/share/teleop_robot_bridge/msg/AgvJointFeedback.idl
[54.291s] -- Installing: /home/eierobot/ROS/teleop_ws/src/teleop_robot_bridge/install/teleop_robot_bridge/share/teleop_robot_bridge/msg/AgvJointStatus.idl
[54.291s] -- Installing: /home/eierobot/ROS/teleop_ws/src/teleop_robot_bridge/install/teleop_robot_bridge/share/teleop_robot_bridge/msg/AgvMotionCtrl.idl
[54.291s] -- Installing: /home/eierobot/ROS/teleop_ws/src/teleop_robot_bridge/install/teleop_robot_bridge/share/teleop_robot_bridge/msg/AgvUltrasonic.idl
[54.291s] -- Installing: /home/eierobot/ROS/teleop_ws/src/teleop_robot_bridge/install/teleop_robot_bridge/share/teleop_robot_bridge/msg/AgvVda5050State.idl
[54.292s] -- Installing: /home/eierobot/ROS/teleop_ws/src/teleop_robot_bridge/install/teleop_robot_bridge/share/teleop_robot_bridge/msg/AgvVel.idl
[54.292s] -- Installing: /home/eierobot/ROS/teleop_ws/src/teleop_robot_bridge/install/teleop_robot_bridge/share/teleop_robot_bridge/msg/ArmJointCommand.idl
[54.292s] -- Installing: /home/eierobot/ROS/teleop_ws/src/teleop_robot_bridge/install/teleop_robot_bridge/share/teleop_robot_bridge/msg/ArmJointFeedback.idl
[54.292s] -- Installing: /home/eierobot/ROS/teleop_ws/src/teleop_robot_bridge/install/teleop_robot_bridge/share/teleop_robot_bridge/msg/ArmJointStatus.idl
[54.292s] -- Installing: /home/eierobot/ROS/teleop_ws/src/teleop_robot_bridge/install/teleop_robot_bridge/share/teleop_robot_bridge/msg/ArmMotionCtrl.idl
[54.292s] -- Installing: /home/eierobot/ROS/teleop_ws/src/teleop_robot_bridge/install/teleop_robot_bridge/share/teleop_robot_bridge/msg/EeTcpCommand.idl
[54.293s] -- Installing: /home/eierobot/ROS/teleop_ws/src/teleop_robot_bridge/install/teleop_robot_bridge/share/teleop_robot_bridge/msg/GripperDeviceState.idl
[54.293s] -- Installing: /home/eierobot/ROS/teleop_ws/src/teleop_robot_bridge/install/teleop_robot_bridge/share/teleop_robot_bridge/msg/GripperMove.idl
[54.293s] -- Installing: /home/eierobot/ROS/teleop_ws/src/teleop_robot_bridge/install/teleop_robot_bridge/share/teleop_robot_bridge/msg/GripperStatus.idl
[54.293s] -- Installing: /home/eierobot/ROS/teleop_ws/src/teleop_robot_bridge/install/teleop_robot_bridge/share/teleop_robot_bridge/msg/GripperTactile.idl
[54.293s] -- Installing: /home/eierobot/ROS/teleop_ws/src/teleop_robot_bridge/install/teleop_robot_bridge/share/teleop_robot_bridge/msg/HandTactile.idl
[54.293s] -- Installing: /home/eierobot/ROS/teleop_ws/src/teleop_robot_bridge/install/teleop_robot_bridge/share/teleop_robot_bridge/msg/HeadJointCommand.idl
[54.293s] -- Installing: /home/eierobot/ROS/teleop_ws/src/teleop_robot_bridge/install/teleop_robot_bridge/share/teleop_robot_bridge/msg/HeadJointFeedback.idl
[54.294s] -- Installing: /home/eierobot/ROS/teleop_ws/src/teleop_robot_bridge/install/teleop_robot_bridge/share/teleop_robot_bridge/msg/HeadJointStatus.idl
[54.294s] -- Installing: /home/eierobot/ROS/teleop_ws/src/teleop_robot_bridge/install/teleop_robot_bridge/share/teleop_robot_bridge/msg/HeadMotionCtrl.idl
[54.294s] -- Installing: /home/eierobot/ROS/teleop_ws/src/teleop_robot_bridge/install/teleop_robot_bridge/share/teleop_robot_bridge/msg/JointStatus.idl
[54.294s] -- Installing: /home/eierobot/ROS/teleop_ws/src/teleop_robot_bridge/install/teleop_robot_bridge/share/teleop_robot_bridge/msg/JoyState.idl
[54.294s] -- Installing: /home/eierobot/ROS/teleop_ws/src/teleop_robot_bridge/install/teleop_robot_bridge/share/teleop_robot_bridge/msg/SingleDeviceState.idl
[54.295s] -- Installing: /home/eierobot/ROS/teleop_ws/src/teleop_robot_bridge/install/teleop_robot_bridge/share/teleop_robot_bridge/msg/SingleGripperMove.idl
[54.295s] -- Installing: /home/eierobot/ROS/teleop_ws/src/teleop_robot_bridge/install/teleop_robot_bridge/share/teleop_robot_bridge/msg/SingleGripperStatus.idl
[54.295s] -- Installing: /home/eierobot/ROS/teleop_ws/src/teleop_robot_bridge/install/teleop_robot_bridge/share/teleop_robot_bridge/msg/Temperature.idl
[54.295s] -- Installing: /home/eierobot/ROS/teleop_ws/src/teleop_robot_bridge/install/teleop_robot_bridge/share/teleop_robot_bridge/msg/UpperBodyDeviceState.idl
[54.295s] -- Installing: /home/eierobot/ROS/teleop_ws/src/teleop_robot_bridge/install/teleop_robot_bridge/share/teleop_robot_bridge/msg/WaistJointCommand.idl
[54.295s] -- Installing: /home/eierobot/ROS/teleop_ws/src/teleop_robot_bridge/install/teleop_robot_bridge/share/teleop_robot_bridge/msg/WaistJointFeedback.idl
[54.296s] -- Installing: /home/eierobot/ROS/teleop_ws/src/teleop_robot_bridge/install/teleop_robot_bridge/share/teleop_robot_bridge/msg/WaistJointStatus.idl
[54.296s] -- Installing: /home/eierobot/ROS/teleop_ws/src/teleop_robot_bridge/install/teleop_robot_bridge/share/teleop_robot_bridge/msg/WaistMotionCtrl.idl
[54.296s] -- Installing: /home/eierobot/ROS/teleop_ws/src/teleop_robot_bridge/install/teleop_robot_bridge/share/teleop_robot_bridge/msg/WaistTcpCommand.idl
[54.296s] -- Installing: /home/eierobot/ROS/teleop_ws/src/teleop_robot_bridge/install/teleop_robot_bridge/share/teleop_robot_bridge/msg/AgvBatteryState.msg
[54.296s] -- Installing: /home/eierobot/ROS/teleop_ws/src/teleop_robot_bridge/install/teleop_robot_bridge/share/teleop_robot_bridge/msg/AgvCmdVel.msg
[54.296s] -- Installing: /home/eierobot/ROS/teleop_ws/src/teleop_robot_bridge/install/teleop_robot_bridge/share/teleop_robot_bridge/msg/AgvDeviceState.msg
[54.297s] -- Installing: /home/eierobot/ROS/teleop_ws/src/teleop_robot_bridge/install/teleop_robot_bridge/share/teleop_robot_bridge/msg/AgvImu.msg
[54.297s] -- Installing: /home/eierobot/ROS/teleop_ws/src/teleop_robot_bridge/install/teleop_robot_bridge/share/teleop_robot_bridge/msg/AgvJointFeedback.msg
[54.297s] -- Installing: /home/eierobot/ROS/teleop_ws/src/teleop_robot_bridge/install/teleop_robot_bridge/share/teleop_robot_bridge/msg/AgvJointStatus.msg
[54.297s] -- Installing: /home/eierobot/ROS/teleop_ws/src/teleop_robot_bridge/install/teleop_robot_bridge/share/teleop_robot_bridge/msg/AgvMotionCtrl.msg
[54.297s] -- Installing: /home/eierobot/ROS/teleop_ws/src/teleop_robot_bridge/install/teleop_robot_bridge/share/teleop_robot_bridge/msg/AgvUltrasonic.msg
[54.297s] -- Installing: /home/eierobot/ROS/teleop_ws/src/teleop_robot_bridge/install/teleop_robot_bridge/share/teleop_robot_bridge/msg/AgvVda5050State.msg
[54.298s] -- Installing: /home/eierobot/ROS/teleop_ws/src/teleop_robot_bridge/install/teleop_robot_bridge/share/teleop_robot_bridge/msg/AgvVel.msg
[54.298s] -- Installing: /home/eierobot/ROS/teleop_ws/src/teleop_robot_bridge/install/teleop_robot_bridge/share/teleop_robot_bridge/msg/ArmJointCommand.msg
[54.298s] -- Installing: /home/eierobot/ROS/teleop_ws/src/teleop_robot_bridge/install/teleop_robot_bridge/share/teleop_robot_bridge/msg/ArmJointFeedback.msg
[54.298s] -- Installing: /home/eierobot/ROS/teleop_ws/src/teleop_robot_bridge/install/teleop_robot_bridge/share/teleop_robot_bridge/msg/ArmJointStatus.msg
[54.298s] -- Installing: /home/eierobot/ROS/teleop_ws/src/teleop_robot_bridge/install/teleop_robot_bridge/share/teleop_robot_bridge/msg/ArmMotionCtrl.msg
[54.298s] -- Installing: /home/eierobot/ROS/teleop_ws/src/teleop_robot_bridge/install/teleop_robot_bridge/share/teleop_robot_bridge/msg/EeTcpCommand.msg
[54.299s] -- Installing: /home/eierobot/ROS/teleop_ws/src/teleop_robot_bridge/install/teleop_robot_bridge/share/teleop_robot_bridge/msg/GripperDeviceState.msg
[54.299s] -- Installing: /home/eierobot/ROS/teleop_ws/src/teleop_robot_bridge/install/teleop_robot_bridge/share/teleop_robot_bridge/msg/GripperMove.msg
[54.299s] -- Installing: /home/eierobot/ROS/teleop_ws/src/teleop_robot_bridge/install/teleop_robot_bridge/share/teleop_robot_bridge/msg/GripperStatus.msg
[54.299s] -- Installing: /home/eierobot/ROS/teleop_ws/src/teleop_robot_bridge/install/teleop_robot_bridge/share/teleop_robot_bridge/msg/GripperTactile.msg
[54.299s] -- Installing: /home/eierobot/ROS/teleop_ws/src/teleop_robot_bridge/install/teleop_robot_bridge/share/teleop_robot_bridge/msg/HandTactile.msg
[54.299s] -- Installing: /home/eierobot/ROS/teleop_ws/src/teleop_robot_bridge/install/teleop_robot_bridge/share/teleop_robot_bridge/msg/HeadJointCommand.msg
[54.300s] -- Installing: /home/eierobot/ROS/teleop_ws/src/teleop_robot_bridge/install/teleop_robot_bridge/share/teleop_robot_bridge/msg/HeadJointFeedback.msg
[54.300s] -- Installing: /home/eierobot/ROS/teleop_ws/src/teleop_robot_bridge/install/teleop_robot_bridge/share/teleop_robot_bridge/msg/HeadJointStatus.msg
[54.300s] -- Installing: /home/eierobot/ROS/teleop_ws/src/teleop_robot_bridge/install/teleop_robot_bridge/share/teleop_robot_bridge/msg/HeadMotionCtrl.msg
[54.300s] -- Installing: /home/eierobot/ROS/teleop_ws/src/teleop_robot_bridge/install/teleop_robot_bridge/share/teleop_robot_bridge/msg/JointStatus.msg
[54.300s] -- Installing: /home/eierobot/ROS/teleop_ws/src/teleop_robot_bridge/install/teleop_robot_bridge/share/teleop_robot_bridge/msg/JoyState.msg
[54.301s] -- Installing: /home/eierobot/ROS/teleop_ws/src/teleop_robot_bridge/install/teleop_robot_bridge/share/teleop_robot_bridge/msg/SingleDeviceState.msg
[54.301s] -- Installing: /home/eierobot/ROS/teleop_ws/src/teleop_robot_bridge/install/teleop_robot_bridge/share/teleop_robot_bridge/msg/SingleGripperMove.msg
[54.301s] -- Installing: /home/eierobot/ROS/teleop_ws/src/teleop_robot_bridge/install/teleop_robot_bridge/share/teleop_robot_bridge/msg/SingleGripperStatus.msg
[54.301s] -- Installing: /home/eierobot/ROS/teleop_ws/src/teleop_robot_bridge/install/teleop_robot_bridge/share/teleop_robot_bridge/msg/Temperature.msg
[54.301s] -- Installing: /home/eierobot/ROS/teleop_ws/src/teleop_robot_bridge/install/teleop_robot_bridge/share/teleop_robot_bridge/msg/UpperBodyDeviceState.msg
[54.301s] -- Installing: /home/eierobot/ROS/teleop_ws/src/teleop_robot_bridge/install/teleop_robot_bridge/share/teleop_robot_bridge/msg/WaistJointCommand.msg
[54.302s] -- Installing: /home/eierobot/ROS/teleop_ws/src/teleop_robot_bridge/install/teleop_robot_bridge/share/teleop_robot_bridge/msg/WaistJointFeedback.msg
[54.302s] -- Installing: /home/eierobot/ROS/teleop_ws/src/teleop_robot_bridge/install/teleop_robot_bridge/share/teleop_robot_bridge/msg/WaistJointStatus.msg
[54.302s] -- Installing: /home/eierobot/ROS/teleop_ws/src/teleop_robot_bridge/install/teleop_robot_bridge/share/teleop_robot_bridge/msg/WaistMotionCtrl.msg
[54.302s] -- Installing: /home/eierobot/ROS/teleop_ws/src/teleop_robot_bridge/install/teleop_robot_bridge/share/teleop_robot_bridge/msg/WaistTcpCommand.msg
[54.302s] -- Installing: /home/eierobot/ROS/teleop_ws/src/teleop_robot_bridge/install/teleop_robot_bridge/lib/teleop_robot_bridge/teleop_robot_bridge
[54.380s] -- Set non-toolchain portion of runtime path of "/home/eierobot/ROS/teleop_ws/src/teleop_robot_bridge/install/teleop_robot_bridge/lib/teleop_robot_bridge/teleop_robot_bridge" to ""
[54.380s] -- Installing: /home/eierobot/ROS/teleop_ws/src/teleop_robot_bridge/install/teleop_robot_bridge/include/teleop_robot_bridge/main_node.hpp
[54.380s] -- Installing: /home/eierobot/ROS/teleop_ws/src/teleop_robot_bridge/install/teleop_robot_bridge/include/teleop_robot_bridge/video
[54.381s] -- Installing: /home/eierobot/ROS/teleop_ws/src/teleop_robot_bridge/install/teleop_robot_bridge/include/teleop_robot_bridge/video/video_module.hpp
[54.381s] -- Installing: /home/eierobot/ROS/teleop_ws/src/teleop_robot_bridge/install/teleop_robot_bridge/include/teleop_robot_bridge/video/video_recorder.hpp
[54.381s] -- Installing: /home/eierobot/ROS/teleop_ws/src/teleop_robot_bridge/install/teleop_robot_bridge/include/teleop_robot_bridge/video/nvbuf_mutex.hpp
[54.381s] -- Installing: /home/eierobot/ROS/teleop_ws/src/teleop_robot_bridge/install/teleop_robot_bridge/include/teleop_robot_bridge/video/video_stream_manager.hpp
[54.381s] -- Installing: /home/eierobot/ROS/teleop_ws/src/teleop_robot_bridge/install/teleop_robot_bridge/include/teleop_robot_bridge/video/video_encoder.hpp
[54.381s] -- Installing: /home/eierobot/ROS/teleop_ws/src/teleop_robot_bridge/install/teleop_robot_bridge/include/teleop_robot_bridge/video/video_undistorter.hpp
[54.381s] -- Installing: /home/eierobot/ROS/teleop_ws/src/teleop_robot_bridge/install/teleop_robot_bridge/include/teleop_robot_bridge/video/video_v4l2_capturer.hpp
[54.381s] -- Installing: /home/eierobot/ROS/teleop_ws/src/teleop_robot_bridge/install/teleop_robot_bridge/include/teleop_robot_bridge/video/eye_image_publisher.hpp
[54.381s] -- Installing: /home/eierobot/ROS/teleop_ws/src/teleop_robot_bridge/install/teleop_robot_bridge/include/teleop_robot_bridge/video/video_converter.hpp
[54.381s] -- Installing: /home/eierobot/ROS/teleop_ws/src/teleop_robot_bridge/install/teleop_robot_bridge/include/teleop_robot_bridge/video/video_decoder.hpp
[54.382s] -- Installing: /home/eierobot/ROS/teleop_ws/src/teleop_robot_bridge/install/teleop_robot_bridge/include/teleop_robot_bridge/grpc
[54.383s] -- Installing: /home/eierobot/ROS/teleop_ws/src/teleop_robot_bridge/install/teleop_robot_bridge/include/teleop_robot_bridge/grpc/grpc_manager.hpp
[54.383s] -- Installing: /home/eierobot/ROS/teleop_ws/src/teleop_robot_bridge/install/teleop_robot_bridge/include/teleop_robot_bridge/grpc/grpc_module.hpp
[54.383s] -- Installing: /home/eierobot/ROS/teleop_ws/src/teleop_robot_bridge/install/teleop_robot_bridge/include/teleop_robot_bridge/audio
[54.383s] -- Installing: /home/eierobot/ROS/teleop_ws/src/teleop_robot_bridge/install/teleop_robot_bridge/include/teleop_robot_bridge/audio/audio_manager.hpp
[54.383s] -- Installing: /home/eierobot/ROS/teleop_ws/src/teleop_robot_bridge/install/teleop_robot_bridge/include/teleop_robot_bridge/audio/audio_receiver.hpp
[54.383s] -- Installing: /home/eierobot/ROS/teleop_ws/src/teleop_robot_bridge/install/teleop_robot_bridge/include/teleop_robot_bridge/audio/audio_module.hpp
[54.383s] -- Installing: /home/eierobot/ROS/teleop_ws/src/teleop_robot_bridge/install/teleop_robot_bridge/include/teleop_robot_bridge/udp
[54.384s] -- Installing: /home/eierobot/ROS/teleop_ws/src/teleop_robot_bridge/install/teleop_robot_bridge/include/teleop_robot_bridge/udp/fec_interface.hpp
[54.384s] -- Installing: /home/eierobot/ROS/teleop_ws/src/teleop_robot_bridge/install/teleop_robot_bridge/include/teleop_robot_bridge/udp/gf256.hpp
[54.384s] -- Installing: /home/eierobot/ROS/teleop_ws/src/teleop_robot_bridge/install/teleop_robot_bridge/include/teleop_robot_bridge/udp/control_plane.hpp
[54.384s] -- Installing: /home/eierobot/ROS/teleop_ws/src/teleop_robot_bridge/install/teleop_robot_bridge/include/teleop_robot_bridge/udp/send_queue.hpp
[54.384s] -- Installing: /home/eierobot/ROS/teleop_ws/src/teleop_robot_bridge/install/teleop_robot_bridge/include/teleop_robot_bridge/udp/pacer.hpp
[54.384s] -- Installing: /home/eierobot/ROS/teleop_ws/src/teleop_robot_bridge/install/teleop_robot_bridge/include/teleop_robot_bridge/udp/fec_v2.hpp
[54.384s] -- Installing: /home/eierobot/ROS/teleop_ws/src/teleop_robot_bridge/install/teleop_robot_bridge/include/teleop_robot_bridge/udp/udp_socket.hpp
[54.385s] -- Installing: /home/eierobot/ROS/teleop_ws/src/teleop_robot_bridge/install/teleop_robot_bridge/include/teleop_robot_bridge/udp/packet_codec.hpp
[54.385s] -- Installing: /home/eierobot/ROS/teleop_ws/src/teleop_robot_bridge/install/teleop_robot_bridge/include/teleop_robot_bridge/udp/udp_module.hpp
[54.386s] -- Installing: /home/eierobot/ROS/teleop_ws/src/teleop_robot_bridge/install/teleop_robot_bridge/include/teleop_robot_bridge/udp/udp_manager.hpp
[54.386s] -- Installing: /home/eierobot/ROS/teleop_ws/src/teleop_robot_bridge/install/teleop_robot_bridge/include/teleop_robot_bridge/udp/pose_udp_receiver.hpp
[54.386s] -- Installing: /home/eierobot/ROS/teleop_ws/src/teleop_robot_bridge/install/teleop_robot_bridge/include/teleop_robot_bridge/telemetry
[54.386s] -- Installing: /home/eierobot/ROS/teleop_ws/src/teleop_robot_bridge/install/teleop_robot_bridge/include/teleop_robot_bridge/telemetry/robot_telemetry_types.hpp
[54.386s] -- Installing: /home/eierobot/ROS/teleop_ws/src/teleop_robot_bridge/install/teleop_robot_bridge/share/teleop_robot_bridge/config
[54.386s] -- Installing: /home/eierobot/ROS/teleop_ws/src/teleop_robot_bridge/install/teleop_robot_bridge/share/teleop_robot_bridge/config/calibration_stereo.yaml
[54.386s] -- Installing: /home/eierobot/ROS/teleop_ws/src/teleop_robot_bridge/install/teleop_robot_bridge/share/teleop_robot_bridge/config/params.yaml
[54.386s] -- Installing: /home/eierobot/ROS/teleop_ws/src/teleop_robot_bridge/install/teleop_robot_bridge/share/teleop_robot_bridge/config/UDP_VIDEO_FEC_TABLE_V1(1).json
[54.386s] -- Installing: /home/eierobot/ROS/teleop_ws/src/teleop_robot_bridge/install/teleop_robot_bridge/share/teleop_robot_bridge/config/fov.yaml
[54.387s] -- Installing: /home/eierobot/ROS/teleop_ws/src/teleop_robot_bridge/install/teleop_robot_bridge/share/teleop_robot_bridge/launch
[54.387s] -- Installing: /home/eierobot/ROS/teleop_ws/src/teleop_robot_bridge/install/teleop_robot_bridge/share/teleop_robot_bridge/launch/bringup.launch.py
[54.387s] -- Installing: /home/eierobot/ROS/teleop_ws/src/teleop_robot_bridge/install/teleop_robot_bridge/share/ament_index/resource_index/package_run_dependencies/teleop_robot_bridge
[54.387s] -- Installing: /home/eierobot/ROS/teleop_ws/src/teleop_robot_bridge/install/teleop_robot_bridge/share/ament_index/resource_index/parent_prefix_path/teleop_robot_bridge
[54.387s] -- Installing: /home/eierobot/ROS/teleop_ws/src/teleop_robot_bridge/install/teleop_robot_bridge/share/teleop_robot_bridge/environment/ament_prefix_path.sh
[54.387s] -- Installing: /home/eierobot/ROS/teleop_ws/src/teleop_robot_bridge/install/teleop_robot_bridge/share/teleop_robot_bridge/environment/ament_prefix_path.dsv
[54.390s] -- Installing: /home/eierobot/ROS/teleop_ws/src/teleop_robot_bridge/install/teleop_robot_bridge/share/teleop_robot_bridge/environment/path.sh
[54.390s] -- Installing: /home/eierobot/ROS/teleop_ws/src/teleop_robot_bridge/install/teleop_robot_bridge/share/teleop_robot_bridge/environment/path.dsv
[54.390s] -- Installing: /home/eierobot/ROS/teleop_ws/src/teleop_robot_bridge/install/teleop_robot_bridge/share/teleop_robot_bridge/local_setup.bash
[54.390s] -- Installing: /home/eierobot/ROS/teleop_ws/src/teleop_robot_bridge/install/teleop_robot_bridge/share/teleop_robot_bridge/local_setup.sh
[54.391s] -- Installing: /home/eierobot/ROS/teleop_ws/src/teleop_robot_bridge/install/teleop_robot_bridge/share/teleop_robot_bridge/local_setup.zsh
[54.391s] -- Installing: /home/eierobot/ROS/teleop_ws/src/teleop_robot_bridge/install/teleop_robot_bridge/share/teleop_robot_bridge/local_setup.dsv
[54.391s] -- Installing: /home/eierobot/ROS/teleop_ws/src/teleop_robot_bridge/install/teleop_robot_bridge/share/teleop_robot_bridge/package.dsv
[54.391s] -- Installing: /home/eierobot/ROS/teleop_ws/src/teleop_robot_bridge/install/teleop_robot_bridge/share/ament_index/resource_index/packages/teleop_robot_bridge
[54.391s] -- Installing: /home/eierobot/ROS/teleop_ws/src/teleop_robot_bridge/install/teleop_robot_bridge/share/teleop_robot_bridge/cmake/export_teleop_robot_bridge__rosidl_generator_cExport.cmake
[54.391s] -- Installing: /home/eierobot/ROS/teleop_ws/src/teleop_robot_bridge/install/teleop_robot_bridge/share/teleop_robot_bridge/cmake/export_teleop_robot_bridge__rosidl_generator_cExport-relwithdebinfo.cmake
[54.391s] -- Installing: /home/eierobot/ROS/teleop_ws/src/teleop_robot_bridge/install/teleop_robot_bridge/share/teleop_robot_bridge/cmake/export_teleop_robot_bridge__rosidl_typesupport_fastrtps_cExport.cmake
[54.391s] -- Installing: /home/eierobot/ROS/teleop_ws/src/teleop_robot_bridge/install/teleop_robot_bridge/share/teleop_robot_bridge/cmake/export_teleop_robot_bridge__rosidl_typesupport_fastrtps_cExport-relwithdebinfo.cmake
[54.391s] -- Installing: /home/eierobot/ROS/teleop_ws/src/teleop_robot_bridge/install/teleop_robot_bridge/share/teleop_robot_bridge/cmake/teleop_robot_bridge__rosidl_typesupport_introspection_cExport.cmake
[54.394s] -- Installing: /home/eierobot/ROS/teleop_ws/src/teleop_robot_bridge/install/teleop_robot_bridge/share/teleop_robot_bridge/cmake/teleop_robot_bridge__rosidl_typesupport_introspection_cExport-relwithdebinfo.cmake
[54.399s] -- Installing: /home/eierobot/ROS/teleop_ws/src/teleop_robot_bridge/install/teleop_robot_bridge/share/teleop_robot_bridge/cmake/teleop_robot_bridge__rosidl_typesupport_cExport.cmake
[54.399s] -- Installing: /home/eierobot/ROS/teleop_ws/src/teleop_robot_bridge/install/teleop_robot_bridge/share/teleop_robot_bridge/cmake/teleop_robot_bridge__rosidl_typesupport_cExport-relwithdebinfo.cmake
[54.399s] -- Installing: /home/eierobot/ROS/teleop_ws/src/teleop_robot_bridge/install/teleop_robot_bridge/share/teleop_robot_bridge/cmake/export_teleop_robot_bridge__rosidl_generator_cppExport.cmake
[54.399s] -- Installing: /home/eierobot/ROS/teleop_ws/src/teleop_robot_bridge/install/teleop_robot_bridge/share/teleop_robot_bridge/cmake/export_teleop_robot_bridge__rosidl_typesupport_fastrtps_cppExport.cmake
[54.399s] -- Installing: /home/eierobot/ROS/teleop_ws/src/teleop_robot_bridge/install/teleop_robot_bridge/share/teleop_robot_bridge/cmake/export_teleop_robot_bridge__rosidl_typesupport_fastrtps_cppExport-relwithdebinfo.cmake
[54.399s] -- Installing: /home/eierobot/ROS/teleop_ws/src/teleop_robot_bridge/install/teleop_robot_bridge/share/teleop_robot_bridge/cmake/teleop_robot_bridge__rosidl_typesupport_introspection_cppExport.cmake
[54.399s] -- Installing: /home/eierobot/ROS/teleop_ws/src/teleop_robot_bridge/install/teleop_robot_bridge/share/teleop_robot_bridge/cmake/teleop_robot_bridge__rosidl_typesupport_introspection_cppExport-relwithdebinfo.cmake
[54.399s] -- Installing: /home/eierobot/ROS/teleop_ws/src/teleop_robot_bridge/install/teleop_robot_bridge/share/teleop_robot_bridge/cmake/teleop_robot_bridge__rosidl_typesupport_cppExport.cmake
[54.399s] -- Installing: /home/eierobot/ROS/teleop_ws/src/teleop_robot_bridge/install/teleop_robot_bridge/share/teleop_robot_bridge/cmake/teleop_robot_bridge__rosidl_typesupport_cppExport-relwithdebinfo.cmake
[54.400s] -- Installing: /home/eierobot/ROS/teleop_ws/src/teleop_robot_bridge/install/teleop_robot_bridge/share/teleop_robot_bridge/cmake/export_teleop_robot_bridge__rosidl_generator_pyExport.cmake
[54.400s] -- Installing: /home/eierobot/ROS/teleop_ws/src/teleop_robot_bridge/install/teleop_robot_bridge/share/teleop_robot_bridge/cmake/export_teleop_robot_bridge__rosidl_generator_pyExport-relwithdebinfo.cmake
[54.400s] -- Installing: /home/eierobot/ROS/teleop_ws/src/teleop_robot_bridge/install/teleop_robot_bridge/share/teleop_robot_bridge/cmake/rosidl_cmake-extras.cmake
[54.400s] -- Installing: /home/eierobot/ROS/teleop_ws/src/teleop_robot_bridge/install/teleop_robot_bridge/share/teleop_robot_bridge/cmake/ament_cmake_export_dependencies-extras.cmake
[54.400s] -- Installing: /home/eierobot/ROS/teleop_ws/src/teleop_robot_bridge/install/teleop_robot_bridge/share/teleop_robot_bridge/cmake/ament_cmake_export_include_directories-extras.cmake
[54.400s] -- Installing: /home/eierobot/ROS/teleop_ws/src/teleop_robot_bridge/install/teleop_robot_bridge/share/teleop_robot_bridge/cmake/ament_cmake_export_libraries-extras.cmake
[54.400s] -- Installing: /home/eierobot/ROS/teleop_ws/src/teleop_robot_bridge/install/teleop_robot_bridge/share/teleop_robot_bridge/cmake/ament_cmake_export_targets-extras.cmake
[54.400s] -- Installing: /home/eierobot/ROS/teleop_ws/src/teleop_robot_bridge/install/teleop_robot_bridge/share/teleop_robot_bridge/cmake/rosidl_cmake_export_typesupport_targets-extras.cmake
[54.400s] -- Installing: /home/eierobot/ROS/teleop_ws/src/teleop_robot_bridge/install/teleop_robot_bridge/share/teleop_robot_bridge/cmake/rosidl_cmake_export_typesupport_libraries-extras.cmake
[54.400s] -- Installing: /home/eierobot/ROS/teleop_ws/src/teleop_robot_bridge/install/teleop_robot_bridge/share/teleop_robot_bridge/cmake/teleop_robot_bridgeConfig.cmake
[54.400s] -- Installing: /home/eierobot/ROS/teleop_ws/src/teleop_robot_bridge/install/teleop_robot_bridge/share/teleop_robot_bridge/cmake/teleop_robot_bridgeConfig-version.cmake
[54.401s] -- Installing: /home/eierobot/ROS/teleop_ws/src/teleop_robot_bridge/install/teleop_robot_bridge/share/teleop_robot_bridge/package.xml
[54.401s] Invoked command in '/home/eierobot/ROS/teleop_ws/src/teleop_robot_bridge/build/teleop_robot_bridge' returned '0': CMAKE_PREFIX_PATH=${CMAKE_PREFIX_PATH}:/opt/ros/jazzy DEBUGINFOD_URLS=https://debuginfod.ubuntu.com /usr/bin/cmake --install /home/eierobot/ROS/teleop_ws/src/teleop_robot_bridge/build/teleop_robot_bridge
