[0.010s] Invoking command in '/home/eierobot/ROS/teleop_ws/src/teleop_robot_bridge/build/teleop_robot_bridge': CMAKE_PREFIX_PATH=${CMAKE_PREFIX_PATH}:/opt/ros/jazzy DEBUGINFOD_URLS=https://debuginfod.ubuntu.com /usr/bin/cmake --build /home/eierobot/ROS/teleop_ws/src/teleop_robot_bridge/build/teleop_robot_bridge -- -j14 -l14
[0.098s] [  0%] Built target teleop_robot_bridge__rs
[0.098s] [  0%] Built target teleop_robot_bridge__rosidl_generator_type_description
[0.098s] [  1%] Built target video_v4l2_capturer
[0.099s] [  2%] Built target teleop_robot_bridge_grpc_proto
[0.110s] [  4%] Built target video_encoder
[0.111s] [  4%] Building CXX object CMakeFiles/video_converter.dir/src/video/video_converter.cpp.o
[0.112s] [  4%] Built target ament_cmake_python_copy_teleop_robot_bridge
[0.124s] [  4%] Built target teleop_robot_bridge__cpp
[0.160s] [ 29%] Built target teleop_robot_bridge__rosidl_generator_c
[0.198s] [ 46%] Built target teleop_robot_bridge__rosidl_typesupport_c
[0.198s] [ 46%] Built target teleop_robot_bridge__rosidl_typesupport_introspection_c
[0.205s] [ 58%] Built target teleop_robot_bridge__rosidl_typesupport_cpp
[0.205s] [ 63%] Built target teleop_robot_bridge__rosidl_typesupport_introspection_cpp
[0.207s] [ 72%] Built target teleop_robot_bridge__rosidl_typesupport_fastrtps_cpp
[0.213s] [ 81%] Built target teleop_robot_bridge__rosidl_typesupport_fastrtps_c
[0.239s] [ 81%] Built target teleop_robot_bridge
[0.273s] [ 81%] Built target teleop_robot_bridge__py
[0.297s] running egg_info
[0.309s] writing teleop_robot_bridge.egg-info/PKG-INFO
[0.309s] writing dependency_links to teleop_robot_bridge.egg-info/dependency_links.txt
[0.309s] writing top-level names to teleop_robot_bridge.egg-info/top_level.txt
[0.318s] [ 90%] Built target teleop_robot_bridge__rosidl_generator_py
[0.345s] reading manifest file 'teleop_robot_bridge.egg-info/SOURCES.txt'
[0.346s] writing manifest file 'teleop_robot_bridge.egg-info/SOURCES.txt'
[0.348s] [ 91%] Built target teleop_robot_bridge_s__rosidl_typesupport_fastrtps_c
[0.348s] [ 91%] Built target teleop_robot_bridge_s__rosidl_typesupport_introspection_c
[0.350s] [ 92%] Built target teleop_robot_bridge_s__rosidl_typesupport_c
[0.393s] [ 92%] Built target ament_cmake_python_build_teleop_robot_bridge_egg
[3.623s] [ 93%] Linking CXX shared library libvideo_converter.so
[3.777s] [ 95%] Built target video_converter
[3.809s] [ 95%] Linking CXX executable cuda_yuv422_converter_bench
[3.850s] [ 95%] Linking CXX executable teleop_robot_bridge
[3.921s] [ 95%] Built target cuda_yuv422_converter_bench
[5.100s] [100%] Built target teleop_robot_bridge_node
[5.119s] Invoked command in '/home/eierobot/ROS/teleop_ws/src/teleop_robot_bridge/build/teleop_robot_bridge' returned '0': CMAKE_PREFIX_PATH=${CMAKE_PREFIX_PATH}:/opt/ros/jazzy DEBUGINFOD_URLS=https://debuginfod.ubuntu.com /usr/bin/cmake --build /home/eierobot/ROS/teleop_ws/src/teleop_robot_bridge/build/teleop_robot_bridge -- -j14 -l14
[5.132s] Invoking command in '/home/eierobot/ROS/teleop_ws/src/teleop_robot_bridge/build/teleop_robot_bridge': CMAKE_PREFIX_PATH=${CMAKE_PREFIX_PATH}:/opt/ros/jazzy DEBUGINFOD_URLS=https://debuginfod.ubuntu.com /usr/bin/cmake --install /home/eierobot/ROS/teleop_ws/src/teleop_robot_bridge/build/teleop_robot_bridge
[5.141s] -- Install configuration: "RelWithDebInfo"
[5.142s] -- Up-to-date: /home/eierobot/ROS/teleop_ws/src/teleop_robot_bridge/install/teleop_robot_bridge/share/ament_index/resource_index/rosidl_interfaces/teleop_robot_bridge
[5.142s] -- Up-to-date: /home/eierobot/ROS/teleop_ws/src/teleop_robot_bridge/install/teleop_robot_bridge/share/teleop_robot_bridge/msg/AgvBatteryState.json
[5.143s] -- Up-to-date: /home/eierobot/ROS/teleop_ws/src/teleop_robot_bridge/install/teleop_robot_bridge/share/teleop_robot_bridge/msg/AgvCmdVel.json
[5.143s] -- Up-to-date: /home/eierobot/ROS/teleop_ws/src/teleop_robot_bridge/install/teleop_robot_bridge/share/teleop_robot_bridge/msg/AgvDeviceState.json
[5.144s] -- Up-to-date: /home/eierobot/ROS/teleop_ws/src/teleop_robot_bridge/install/teleop_robot_bridge/share/teleop_robot_bridge/msg/AgvImu.json
[5.144s] -- Up-to-date: /home/eierobot/ROS/teleop_ws/src/teleop_robot_bridge/install/teleop_robot_bridge/share/teleop_robot_bridge/msg/AgvJointFeedback.json
[5.144s] -- Up-to-date: /home/eierobot/ROS/teleop_ws/src/teleop_robot_bridge/install/teleop_robot_bridge/share/teleop_robot_bridge/msg/AgvJointStatus.json
[5.144s] -- Up-to-date: /home/eierobot/ROS/teleop_ws/src/teleop_robot_bridge/install/teleop_robot_bridge/share/teleop_robot_bridge/msg/AgvMotionCtrl.json
[5.145s] -- Up-to-date: /home/eierobot/ROS/teleop_ws/src/teleop_robot_bridge/install/teleop_robot_bridge/share/teleop_robot_bridge/msg/AgvUltrasonic.json
[5.145s] -- Up-to-date: /home/eierobot/ROS/teleop_ws/src/teleop_robot_bridge/install/teleop_robot_bridge/share/teleop_robot_bridge/msg/AgvVda5050State.json
[5.145s] -- Up-to-date: /home/eierobot/ROS/teleop_ws/src/teleop_robot_bridge/install/teleop_robot_bridge/share/teleop_robot_bridge/msg/AgvVel.json
[5.146s] -- Up-to-date: /home/eierobot/ROS/teleop_ws/src/teleop_robot_bridge/install/teleop_robot_bridge/share/teleop_robot_bridge/msg/ArmJointCommand.json
[5.147s] -- Up-to-date: /home/eierobot/ROS/teleop_ws/src/teleop_robot_bridge/install/teleop_robot_bridge/share/teleop_robot_bridge/msg/ArmJointFeedback.json
[5.147s] -- Up-to-date: /home/eierobot/ROS/teleop_ws/src/teleop_robot_bridge/install/teleop_robot_bridge/share/teleop_robot_bridge/msg/ArmJointStatus.json
[5.147s] -- Up-to-date: /home/eierobot/ROS/teleop_ws/src/teleop_robot_bridge/install/teleop_robot_bridge/share/teleop_robot_bridge/msg/ArmMotionCtrl.json
[5.148s] -- Up-to-date: /home/eierobot/ROS/teleop_ws/src/teleop_robot_bridge/install/teleop_robot_bridge/share/teleop_robot_bridge/msg/EeTcpCommand.json
[5.148s] -- Up-to-date: /home/eierobot/ROS/teleop_ws/src/teleop_robot_bridge/install/teleop_robot_bridge/share/teleop_robot_bridge/msg/GripperDeviceState.json
[5.148s] -- Up-to-date: /home/eierobot/ROS/teleop_ws/src/teleop_robot_bridge/install/teleop_robot_bridge/share/teleop_robot_bridge/msg/GripperMove.json
[5.148s] -- Up-to-date: /home/eierobot/ROS/teleop_ws/src/teleop_robot_bridge/install/teleop_robot_bridge/share/teleop_robot_bridge/msg/GripperStatus.json
[5.149s] -- Up-to-date: /home/eierobot/ROS/teleop_ws/src/teleop_robot_bridge/install/teleop_robot_bridge/share/teleop_robot_bridge/msg/GripperTactile.json
[5.149s] -- Up-to-date: /home/eierobot/ROS/teleop_ws/src/teleop_robot_bridge/install/teleop_robot_bridge/share/teleop_robot_bridge/msg/HandTactile.json
[5.149s] -- Up-to-date: /home/eierobot/ROS/teleop_ws/src/teleop_robot_bridge/install/teleop_robot_bridge/share/teleop_robot_bridge/msg/HeadJointCommand.json
[5.150s] -- Up-to-date: /home/eierobot/ROS/teleop_ws/src/teleop_robot_bridge/install/teleop_robot_bridge/share/teleop_robot_bridge/msg/HeadJointFeedback.json
[5.150s] -- Up-to-date: /home/eierobot/ROS/teleop_ws/src/teleop_robot_bridge/install/teleop_robot_bridge/share/teleop_robot_bridge/msg/HeadJointStatus.json
[5.150s] -- Up-to-date: /home/eierobot/ROS/teleop_ws/src/teleop_robot_bridge/install/teleop_robot_bridge/share/teleop_robot_bridge/msg/HeadMotionCtrl.json
[5.151s] -- Up-to-date: /home/eierobot/ROS/teleop_ws/src/teleop_robot_bridge/install/teleop_robot_bridge/share/teleop_robot_bridge/msg/JointStatus.json
[5.151s] -- Up-to-date: /home/eierobot/ROS/teleop_ws/src/teleop_robot_bridge/install/teleop_robot_bridge/share/teleop_robot_bridge/msg/JoyState.json
[5.151s] -- Up-to-date: /home/eierobot/ROS/teleop_ws/src/teleop_robot_bridge/install/teleop_robot_bridge/share/teleop_robot_bridge/msg/SingleDeviceState.json
[5.152s] -- Up-to-date: /home/eierobot/ROS/teleop_ws/src/teleop_robot_bridge/install/teleop_robot_bridge/share/teleop_robot_bridge/msg/SingleGripperMove.json
[5.152s] -- Up-to-date: /home/eierobot/ROS/teleop_ws/src/teleop_robot_bridge/install/teleop_robot_bridge/share/teleop_robot_bridge/msg/SingleGripperStatus.json
[5.153s] -- Up-to-date: /home/eierobot/ROS/teleop_ws/src/teleop_robot_bridge/install/teleop_robot_bridge/share/teleop_robot_bridge/msg/Temperature.json
[5.153s] -- Up-to-date: /home/eierobot/ROS/teleop_ws/src/teleop_robot_bridge/install/teleop_robot_bridge/share/teleop_robot_bridge/msg/UpperBodyDeviceState.json
[5.153s] -- Up-to-date: /home/eierobot/ROS/teleop_ws/src/teleop_robot_bridge/install/teleop_robot_bridge/share/teleop_robot_bridge/msg/WaistJointCommand.json
[5.153s] -- Up-to-date: /home/eierobot/ROS/teleop_ws/src/teleop_robot_bridge/install/teleop_robot_bridge/share/teleop_robot_bridge/msg/WaistJointFeedback.json
[5.154s] -- Up-to-date: /home/eierobot/ROS/teleop_ws/src/teleop_robot_bridge/install/teleop_robot_bridge/share/teleop_robot_bridge/msg/WaistJointStatus.json
[5.154s] -- Up-to-date: /home/eierobot/ROS/teleop_ws/src/teleop_robot_bridge/install/teleop_robot_bridge/share/teleop_robot_bridge/msg/WaistMotionCtrl.json
[5.154s] -- Up-to-date: /home/eierobot/ROS/teleop_ws/src/teleop_robot_bridge/install/teleop_robot_bridge/share/teleop_robot_bridge/msg/WaistTcpCommand.json
[5.154s] -- Up-to-date: /home/eierobot/ROS/teleop_ws/src/teleop_robot_bridge/install/teleop_robot_bridge/include/teleop_robot_bridge/teleop_robot_bridge
[5.155s] -- Up-to-date: /home/eierobot/ROS/teleop_ws/src/teleop_robot_bridge/install/teleop_robot_bridge/include/teleop_robot_bridge/teleop_robot_bridge/msg
[5.155s] -- Up-to-date: /home/eierobot/ROS/teleop_ws/src/teleop_robot_bridge/install/teleop_robot_bridge/include/teleop_robot_bridge/teleop_robot_bridge/msg/agv_cmd_vel.h
[5.155s] -- Up-to-date: /home/eierobot/ROS/teleop_ws/src/teleop_robot_bridge/install/teleop_robot_bridge/include/teleop_robot_bridge/teleop_robot_bridge/msg/joy_state.h
[5.155s] -- Up-to-date: /home/eierobot/ROS/teleop_ws/src/teleop_robot_bridge/install/teleop_robot_bridge/include/teleop_robot_bridge/teleop_robot_bridge/msg/arm_joint_status.h
[5.156s] -- Up-to-date: /home/eierobot/ROS/teleop_ws/src/teleop_robot_bridge/install/teleop_robot_bridge/include/teleop_robot_bridge/teleop_robot_bridge/msg/head_joint_status.h
[5.156s] -- Up-to-date: /home/eierobot/ROS/teleop_ws/src/teleop_robot_bridge/install/teleop_robot_bridge/include/teleop_robot_bridge/teleop_robot_bridge/msg/gripper_status.h
[5.156s] -- Up-to-date: /home/eierobot/ROS/teleop_ws/src/teleop_robot_bridge/install/teleop_robot_bridge/include/teleop_robot_bridge/teleop_robot_bridge/msg/head_joint_feedback.h
[5.156s] -- Up-to-date: /home/eierobot/ROS/teleop_ws/src/teleop_robot_bridge/install/teleop_robot_bridge/include/teleop_robot_bridge/teleop_robot_bridge/msg/single_gripper_status.h
[5.157s] -- Up-to-date: /home/eierobot/ROS/teleop_ws/src/teleop_robot_bridge/install/teleop_robot_bridge/include/teleop_robot_bridge/teleop_robot_bridge/msg/temperature.h
[5.157s] -- Up-to-date: /home/eierobot/ROS/teleop_ws/src/teleop_robot_bridge/install/teleop_robot_bridge/include/teleop_robot_bridge/teleop_robot_bridge/msg/waist_joint_feedback.h
[5.157s] -- Up-to-date: /home/eierobot/ROS/teleop_ws/src/teleop_robot_bridge/install/teleop_robot_bridge/include/teleop_robot_bridge/teleop_robot_bridge/msg/single_gripper_move.h
[5.157s] -- Up-to-date: /home/eierobot/ROS/teleop_ws/src/teleop_robot_bridge/install/teleop_robot_bridge/include/teleop_robot_bridge/teleop_robot_bridge/msg/arm_motion_ctrl.h
[5.158s] -- Up-to-date: /home/eierobot/ROS/teleop_ws/src/teleop_robot_bridge/install/teleop_robot_bridge/include/teleop_robot_bridge/teleop_robot_bridge/msg/agv_device_state.h
[5.158s] -- Up-to-date: /home/eierobot/ROS/teleop_ws/src/teleop_robot_bridge/install/teleop_robot_bridge/include/teleop_robot_bridge/teleop_robot_bridge/msg/gripper_move.h
[5.158s] -- Up-to-date: /home/eierobot/ROS/teleop_ws/src/teleop_robot_bridge/install/teleop_robot_bridge/include/teleop_robot_bridge/teleop_robot_bridge/msg/arm_joint_command.h
[5.158s] -- Up-to-date: /home/eierobot/ROS/teleop_ws/src/teleop_robot_bridge/install/teleop_robot_bridge/include/teleop_robot_bridge/teleop_robot_bridge/msg/agv_imu.h
[5.159s] -- Up-to-date: /home/eierobot/ROS/teleop_ws/src/teleop_robot_bridge/install/teleop_robot_bridge/include/teleop_robot_bridge/teleop_robot_bridge/msg/ee_tcp_command.h
[5.159s] -- Up-to-date: /home/eierobot/ROS/teleop_ws/src/teleop_robot_bridge/install/teleop_robot_bridge/include/teleop_robot_bridge/teleop_robot_bridge/msg/agv_motion_ctrl.h
[5.160s] -- Up-to-date: /home/eierobot/ROS/teleop_ws/src/teleop_robot_bridge/install/teleop_robot_bridge/include/teleop_robot_bridge/teleop_robot_bridge/msg/joint_status.h
[5.161s] -- Up-to-date: /home/eierobot/ROS/teleop_ws/src/teleop_robot_bridge/install/teleop_robot_bridge/include/teleop_robot_bridge/teleop_robot_bridge/msg/agv_vda5050_state.h
[5.161s] -- Up-to-date: /home/eierobot/ROS/teleop_ws/src/teleop_robot_bridge/install/teleop_robot_bridge/include/teleop_robot_bridge/teleop_robot_bridge/msg/gripper_device_state.h
[5.162s] -- Up-to-date: /home/eierobot/ROS/teleop_ws/src/teleop_robot_bridge/install/teleop_robot_bridge/include/teleop_robot_bridge/teleop_robot_bridge/msg/arm_joint_feedback.h
[5.162s] -- Up-to-date: /home/eierobot/ROS/teleop_ws/src/teleop_robot_bridge/install/teleop_robot_bridge/include/teleop_robot_bridge/teleop_robot_bridge/msg/agv_battery_state.h
[5.163s] -- Up-to-date: /home/eierobot/ROS/teleop_ws/src/teleop_robot_bridge/install/teleop_robot_bridge/include/teleop_robot_bridge/teleop_robot_bridge/msg/waist_joint_status.h
[5.163s] -- Up-to-date: /home/eierobot/ROS/teleop_ws/src/teleop_robot_bridge/install/teleop_robot_bridge/include/teleop_robot_bridge/teleop_robot_bridge/msg/agv_vel.h
[5.163s] -- Up-to-date: /home/eierobot/ROS/teleop_ws/src/teleop_robot_bridge/install/teleop_robot_bridge/include/teleop_robot_bridge/teleop_robot_bridge/msg/rosidl_generator_c__visibility_control.h
[5.164s] -- Up-to-date: /home/eierobot/ROS/teleop_ws/src/teleop_robot_bridge/install/teleop_robot_bridge/include/teleop_robot_bridge/teleop_robot_bridge/msg/single_device_state.h
[5.164s] -- Up-to-date: /home/eierobot/ROS/teleop_ws/src/teleop_robot_bridge/install/teleop_robot_bridge/include/teleop_robot_bridge/teleop_robot_bridge/msg/head_motion_ctrl.h
[5.164s] -- Up-to-date: /home/eierobot/ROS/teleop_ws/src/teleop_robot_bridge/install/teleop_robot_bridge/include/teleop_robot_bridge/teleop_robot_bridge/msg/gripper_tactile.h
[5.165s] -- Up-to-date: /home/eierobot/ROS/teleop_ws/src/teleop_robot_bridge/install/teleop_robot_bridge/include/teleop_robot_bridge/teleop_robot_bridge/msg/waist_joint_command.h
[5.165s] -- Up-to-date: /home/eierobot/ROS/teleop_ws/src/teleop_robot_bridge/install/teleop_robot_bridge/include/teleop_robot_bridge/teleop_robot_bridge/msg/hand_tactile.h
[5.165s] -- Up-to-date: /home/eierobot/ROS/teleop_ws/src/teleop_robot_bridge/install/teleop_robot_bridge/include/teleop_robot_bridge/teleop_robot_bridge/msg/agv_ultrasonic.h
[5.165s] -- Up-to-date: /home/eierobot/ROS/teleop_ws/src/teleop_robot_bridge/install/teleop_robot_bridge/include/teleop_robot_bridge/teleop_robot_bridge/msg/waist_motion_ctrl.h
[5.165s] -- Up-to-date: /home/eierobot/ROS/teleop_ws/src/teleop_robot_bridge/install/teleop_robot_bridge/include/teleop_robot_bridge/teleop_robot_bridge/msg/upper_body_device_state.h
[5.166s] -- Up-to-date: /home/eierobot/ROS/teleop_ws/src/teleop_robot_bridge/install/teleop_robot_bridge/include/teleop_robot_bridge/teleop_robot_bridge/msg/detail
[5.166s] -- Up-to-date: /home/eierobot/ROS/teleop_ws/src/teleop_robot_bridge/install/teleop_robot_bridge/include/teleop_robot_bridge/teleop_robot_bridge/msg/detail/agv_joint_feedback__type_support.h
[5.167s] -- Up-to-date: /home/eierobot/ROS/teleop_ws/src/teleop_robot_bridge/install/teleop_robot_bridge/include/teleop_robot_bridge/teleop_robot_bridge/msg/detail/agv_cmd_vel__struct.h
[5.167s] -- Up-to-date: /home/eierobot/ROS/teleop_ws/src/teleop_robot_bridge/install/teleop_robot_bridge/include/teleop_robot_bridge/teleop_robot_bridge/msg/detail/arm_joint_command__description.c
[5.167s] -- Up-to-date: /home/eierobot/ROS/teleop_ws/src/teleop_robot_bridge/install/teleop_robot_bridge/include/teleop_robot_bridge/teleop_robot_bridge/msg/detail/head_joint_command__functions.h
[5.167s] -- Up-to-date: /home/eierobot/ROS/teleop_ws/src/teleop_robot_bridge/install/teleop_robot_bridge/include/teleop_robot_bridge/teleop_robot_bridge/msg/detail/head_joint_status__functions.h
[5.167s] -- Up-to-date: /home/eierobot/ROS/teleop_ws/src/teleop_robot_bridge/install/teleop_robot_bridge/include/teleop_robot_bridge/teleop_robot_bridge/msg/detail/arm_joint_feedback__functions.c
[5.168s] -- Installing: /home/eierobot/ROS/teleop_ws/src/teleop_robot_bridge/install/teleop_robot_bridge/include/teleop_robot_bridge/teleop_robot_bridge/msg/detail/agv_battery_state__type_support.c
[5.168s] -- Up-to-date: /home/eierobot/ROS/teleop_ws/src/teleop_robot_bridge/install/teleop_robot_bridge/include/teleop_robot_bridge/teleop_robot_bridge/msg/detail/ee_tcp_command__type_support.h
[5.168s] -- Up-to-date: /home/eierobot/ROS/teleop_ws/src/teleop_robot_bridge/install/teleop_robot_bridge/include/teleop_robot_bridge/teleop_robot_bridge/msg/detail/waist_tcp_command__struct.h
[5.168s] -- Installing: /home/eierobot/ROS/teleop_ws/src/teleop_robot_bridge/install/teleop_robot_bridge/include/teleop_robot_bridge/teleop_robot_bridge/msg/detail/hand_tactile__type_support.c
[5.168s] -- Up-to-date: /home/eierobot/ROS/teleop_ws/src/teleop_robot_bridge/install/teleop_robot_bridge/include/teleop_robot_bridge/teleop_robot_bridge/msg/detail/single_device_state__functions.c
[5.168s] -- Up-to-date: /home/eierobot/ROS/teleop_ws/src/teleop_robot_bridge/install/teleop_robot_bridge/include/teleop_robot_bridge/teleop_robot_bridge/msg/detail/agv_battery_state__description.c
[5.168s] -- Up-to-date: /home/eierobot/ROS/teleop_ws/src/teleop_robot_bridge/install/teleop_robot_bridge/include/teleop_robot_bridge/teleop_robot_bridge/msg/detail/agv_imu__description.c
[5.168s] -- Installing: /home/eierobot/ROS/teleop_ws/src/teleop_robot_bridge/install/teleop_robot_bridge/include/teleop_robot_bridge/teleop_robot_bridge/msg/detail/waist_tcp_command__type_support.c
[5.169s] -- Up-to-date: /home/eierobot/ROS/teleop_ws/src/teleop_robot_bridge/install/teleop_robot_bridge/include/teleop_robot_bridge/teleop_robot_bridge/msg/detail/single_device_state__type_support.h
[5.169s] -- Installing: /home/eierobot/ROS/teleop_ws/src/teleop_robot_bridge/install/teleop_robot_bridge/include/teleop_robot_bridge/teleop_robot_bridge/msg/detail/waist_joint_command__type_support.c
[5.169s] -- Up-to-date: /home/eierobot/ROS/teleop_ws/src/teleop_robot_bridge/install/teleop_robot_bridge/include/teleop_robot_bridge/teleop_robot_bridge/msg/detail/head_motion_ctrl__functions.h
[5.169s] -- Installing: /home/eierobot/ROS/teleop_ws/src/teleop_robot_bridge/install/teleop_robot_bridge/include/teleop_robot_bridge/teleop_robot_bridge/msg/detail/agv_joint_status__type_support.c
[5.169s] -- Up-to-date: /home/eierobot/ROS/teleop_ws/src/teleop_robot_bridge/install/teleop_robot_bridge/include/teleop_robot_bridge/teleop_robot_bridge/msg/detail/gripper_device_state__functions.h
[5.169s] -- Up-to-date: /home/eierobot/ROS/teleop_ws/src/teleop_robot_bridge/install/teleop_robot_bridge/include/teleop_robot_bridge/teleop_robot_bridge/msg/detail/joy_state__functions.h
[5.169s] -- Up-to-date: /home/eierobot/ROS/teleop_ws/src/teleop_robot_bridge/install/teleop_robot_bridge/include/teleop_robot_bridge/teleop_robot_bridge/msg/detail/ee_tcp_command__functions.c
[5.169s] -- Up-to-date: /home/eierobot/ROS/teleop_ws/src/teleop_robot_bridge/install/teleop_robot_bridge/include/teleop_robot_bridge/teleop_robot_bridge/msg/detail/head_joint_feedback__type_support.h
[5.170s] -- Up-to-date: /home/eierobot/ROS/teleop_ws/src/teleop_robot_bridge/install/teleop_robot_bridge/include/teleop_robot_bridge/teleop_robot_bridge/msg/detail/agv_joint_status__struct.h
[5.170s] -- Up-to-date: /home/eierobot/ROS/teleop_ws/src/teleop_robot_bridge/install/teleop_robot_bridge/include/teleop_robot_bridge/teleop_robot_bridge/msg/detail/gripper_move__struct.h
[5.170s] -- Up-to-date: /home/eierobot/ROS/teleop_ws/src/teleop_robot_bridge/install/teleop_robot_bridge/include/teleop_robot_bridge/teleop_robot_bridge/msg/detail/waist_joint_command__description.c
[5.170s] -- Up-to-date: /home/eierobot/ROS/teleop_ws/src/teleop_robot_bridge/install/teleop_robot_bridge/include/teleop_robot_bridge/teleop_robot_bridge/msg/detail/gripper_tactile__struct.h
[5.170s] -- Installing: /home/eierobot/ROS/teleop_ws/src/teleop_robot_bridge/install/teleop_robot_bridge/include/teleop_robot_bridge/teleop_robot_bridge/msg/detail/arm_motion_ctrl__type_support.c
[5.170s] -- Up-to-date: /home/eierobot/ROS/teleop_ws/src/teleop_robot_bridge/install/teleop_robot_bridge/include/teleop_robot_bridge/teleop_robot_bridge/msg/detail/temperature__type_support.h
[5.170s] -- Up-to-date: /home/eierobot/ROS/teleop_ws/src/teleop_robot_bridge/install/teleop_robot_bridge/include/teleop_robot_bridge/teleop_robot_bridge/msg/detail/agv_motion_ctrl__functions.c
[5.170s] -- Installing: /home/eierobot/ROS/teleop_ws/src/teleop_robot_bridge/install/teleop_robot_bridge/include/teleop_robot_bridge/teleop_robot_bridge/msg/detail/agv_cmd_vel__type_support.c
[5.171s] -- Up-to-date: /home/eierobot/ROS/teleop_ws/src/teleop_robot_bridge/install/teleop_robot_bridge/include/teleop_robot_bridge/teleop_robot_bridge/msg/detail/waist_joint_status__functions.h
[5.171s] -- Up-to-date: /home/eierobot/ROS/teleop_ws/src/teleop_robot_bridge/install/teleop_robot_bridge/include/teleop_robot_bridge/teleop_robot_bridge/msg/detail/arm_joint_feedback__type_support.h
[5.171s] -- Installing: /home/eierobot/ROS/teleop_ws/src/teleop_robot_bridge/install/teleop_robot_bridge/include/teleop_robot_bridge/teleop_robot_bridge/msg/detail/agv_vda5050_state__type_support.c
[5.171s] -- Up-to-date: /home/eierobot/ROS/teleop_ws/src/teleop_robot_bridge/install/teleop_robot_bridge/include/teleop_robot_bridge/teleop_robot_bridge/msg/detail/arm_joint_command__struct.h
[5.171s] -- Up-to-date: /home/eierobot/ROS/teleop_ws/src/teleop_robot_bridge/install/teleop_robot_bridge/include/teleop_robot_bridge/teleop_robot_bridge/msg/detail/joy_state__description.c
[5.171s] -- Up-to-date: /home/eierobot/ROS/teleop_ws/src/teleop_robot_bridge/install/teleop_robot_bridge/include/teleop_robot_bridge/teleop_robot_bridge/msg/detail/agv_vel__struct.h
[5.171s] -- Up-to-date: /home/eierobot/ROS/teleop_ws/src/teleop_robot_bridge/install/teleop_robot_bridge/include/teleop_robot_bridge/teleop_robot_bridge/msg/detail/upper_body_device_state__functions.c
[5.171s] -- Up-to-date: /home/eierobot/ROS/teleop_ws/src/teleop_robot_bridge/install/teleop_robot_bridge/include/teleop_robot_bridge/teleop_robot_bridge/msg/detail/gripper_tactile__functions.h
[5.171s] -- Up-to-date: /home/eierobot/ROS/teleop_ws/src/teleop_robot_bridge/install/teleop_robot_bridge/include/teleop_robot_bridge/teleop_robot_bridge/msg/detail/agv_joint_feedback__struct.h
[5.172s] -- Up-to-date: /home/eierobot/ROS/teleop_ws/src/teleop_robot_bridge/install/teleop_robot_bridge/include/teleop_robot_bridge/teleop_robot_bridge/msg/detail/head_joint_feedback__struct.h
[5.172s] -- Up-to-date: /home/eierobot/ROS/teleop_ws/src/teleop_robot_bridge/install/teleop_robot_bridge/include/teleop_robot_bridge/teleop_robot_bridge/msg/detail/ee_tcp_command__functions.h
[5.172s] -- Up-to-date: /home/eierobot/ROS/teleop_ws/src/teleop_robot_bridge/install/teleop_robot_bridge/include/teleop_robot_bridge/teleop_robot_bridge/msg/detail/joint_status__functions.c
[5.172s] -- Up-to-date: /home/eierobot/ROS/teleop_ws/src/teleop_robot_bridge/install/teleop_robot_bridge/include/teleop_robot_bridge/teleop_robot_bridge/msg/detail/waist_joint_command__type_support.h
[5.172s] -- Up-to-date: /home/eierobot/ROS/teleop_ws/src/teleop_robot_bridge/install/teleop_robot_bridge/include/teleop_robot_bridge/teleop_robot_bridge/msg/detail/head_joint_status__description.c
[5.172s] -- Up-to-date: /home/eierobot/ROS/teleop_ws/src/teleop_robot_bridge/install/teleop_robot_bridge/include/teleop_robot_bridge/teleop_robot_bridge/msg/detail/agv_cmd_vel__description.c
[5.172s] -- Up-to-date: /home/eierobot/ROS/teleop_ws/src/teleop_robot_bridge/install/teleop_robot_bridge/include/teleop_robot_bridge/teleop_robot_bridge/msg/detail/agv_ultrasonic__type_support.h
[5.172s] -- Up-to-date: /home/eierobot/ROS/teleop_ws/src/teleop_robot_bridge/install/teleop_robot_bridge/include/teleop_robot_bridge/teleop_robot_bridge/msg/detail/agv_vel__description.c
[5.173s] -- Up-to-date: /home/eierobot/ROS/teleop_ws/src/teleop_robot_bridge/install/teleop_robot_bridge/include/teleop_robot_bridge/teleop_robot_bridge/msg/detail/waist_joint_command__functions.c
[5.173s] -- Up-to-date: /home/eierobot/ROS/teleop_ws/src/teleop_robot_bridge/install/teleop_robot_bridge/include/teleop_robot_bridge/teleop_robot_bridge/msg/detail/agv_imu__functions.c
[5.173s] -- Installing: /home/eierobot/ROS/teleop_ws/src/teleop_robot_bridge/install/teleop_robot_bridge/include/teleop_robot_bridge/teleop_robot_bridge/msg/detail/head_joint_status__type_support.c
[5.173s] -- Up-to-date: /home/eierobot/ROS/teleop_ws/src/teleop_robot_bridge/install/teleop_robot_bridge/include/teleop_robot_bridge/teleop_robot_bridge/msg/detail/agv_device_state__struct.h
[5.173s] -- Installing: /home/eierobot/ROS/teleop_ws/src/teleop_robot_bridge/install/teleop_robot_bridge/include/teleop_robot_bridge/teleop_robot_bridge/msg/detail/head_motion_ctrl__type_support.c
[5.173s] -- Up-to-date: /home/eierobot/ROS/teleop_ws/src/teleop_robot_bridge/install/teleop_robot_bridge/include/teleop_robot_bridge/teleop_robot_bridge/msg/detail/agv_device_state__functions.h
[5.173s] -- Up-to-date: /home/eierobot/ROS/teleop_ws/src/teleop_robot_bridge/install/teleop_robot_bridge/include/teleop_robot_bridge/teleop_robot_bridge/msg/detail/arm_joint_status__type_support.h
[5.173s] -- Up-to-date: /home/eierobot/ROS/teleop_ws/src/teleop_robot_bridge/install/teleop_robot_bridge/include/teleop_robot_bridge/teleop_robot_bridge/msg/detail/gripper_move__functions.c
[5.174s] -- Up-to-date: /home/eierobot/ROS/teleop_ws/src/teleop_robot_bridge/install/teleop_robot_bridge/include/teleop_robot_bridge/teleop_robot_bridge/msg/detail/head_joint_status__struct.h
[5.174s] -- Up-to-date: /home/eierobot/ROS/teleop_ws/src/teleop_robot_bridge/install/teleop_robot_bridge/include/teleop_robot_bridge/teleop_robot_bridge/msg/detail/agv_vda5050_state__description.c
[5.174s] -- Up-to-date: /home/eierobot/ROS/teleop_ws/src/teleop_robot_bridge/install/teleop_robot_bridge/include/teleop_robot_bridge/teleop_robot_bridge/msg/detail/temperature__functions.h
[5.174s] -- Up-to-date: /home/eierobot/ROS/teleop_ws/src/teleop_robot_bridge/install/teleop_robot_bridge/include/teleop_robot_bridge/teleop_robot_bridge/msg/detail/ee_tcp_command__description.c
[5.174s] -- Up-to-date: /home/eierobot/ROS/teleop_ws/src/teleop_robot_bridge/install/teleop_robot_bridge/include/teleop_robot_bridge/teleop_robot_bridge/msg/detail/waist_motion_ctrl__description.c
[5.174s] -- Up-to-date: /home/eierobot/ROS/teleop_ws/src/teleop_robot_bridge/install/teleop_robot_bridge/include/teleop_robot_bridge/teleop_robot_bridge/msg/detail/upper_body_device_state__functions.h
[5.174s] -- Up-to-date: /home/eierobot/ROS/teleop_ws/src/teleop_robot_bridge/install/teleop_robot_bridge/include/teleop_robot_bridge/teleop_robot_bridge/msg/detail/temperature__struct.h
[5.174s] -- Up-to-date: /home/eierobot/ROS/teleop_ws/src/teleop_robot_bridge/install/teleop_robot_bridge/include/teleop_robot_bridge/teleop_robot_bridge/msg/detail/joint_status__type_support.h
[5.174s] -- Up-to-date: /home/eierobot/ROS/teleop_ws/src/teleop_robot_bridge/install/teleop_robot_bridge/include/teleop_robot_bridge/teleop_robot_bridge/msg/detail/temperature__functions.c
[5.175s] -- Up-to-date: /home/eierobot/ROS/teleop_ws/src/teleop_robot_bridge/install/teleop_robot_bridge/include/teleop_robot_bridge/teleop_robot_bridge/msg/detail/gripper_move__description.c
[5.175s] -- Up-to-date: /home/eierobot/ROS/teleop_ws/src/teleop_robot_bridge/install/teleop_robot_bridge/include/teleop_robot_bridge/teleop_robot_bridge/msg/detail/waist_joint_feedback__functions.c
[5.175s] -- Up-to-date: /home/eierobot/ROS/teleop_ws/src/teleop_robot_bridge/install/teleop_robot_bridge/include/teleop_robot_bridge/teleop_robot_bridge/msg/detail/joy_state__type_support.h
[5.175s] -- Up-to-date: /home/eierobot/ROS/teleop_ws/src/teleop_robot_bridge/install/teleop_robot_bridge/include/teleop_robot_bridge/teleop_robot_bridge/msg/detail/agv_ultrasonic__functions.h
[5.175s] -- Up-to-date: /home/eierobot/ROS/teleop_ws/src/teleop_robot_bridge/install/teleop_robot_bridge/include/teleop_robot_bridge/teleop_robot_bridge/msg/detail/single_gripper_move__functions.h
[5.175s] -- Installing: /home/eierobot/ROS/teleop_ws/src/teleop_robot_bridge/install/teleop_robot_bridge/include/teleop_robot_bridge/teleop_robot_bridge/msg/detail/agv_motion_ctrl__type_support.c
[5.175s] -- Up-to-date: /home/eierobot/ROS/teleop_ws/src/teleop_robot_bridge/install/teleop_robot_bridge/include/teleop_robot_bridge/teleop_robot_bridge/msg/detail/agv_vda5050_state__struct.h
[5.175s] -- Up-to-date: /home/eierobot/ROS/teleop_ws/src/teleop_robot_bridge/install/teleop_robot_bridge/include/teleop_robot_bridge/teleop_robot_bridge/msg/detail/agv_joint_feedback__functions.h
[5.176s] -- Up-to-date: /home/eierobot/ROS/teleop_ws/src/teleop_robot_bridge/install/teleop_robot_bridge/include/teleop_robot_bridge/teleop_robot_bridge/msg/detail/gripper_move__functions.h
[5.176s] -- Up-to-date: /home/eierobot/ROS/teleop_ws/src/teleop_robot_bridge/install/teleop_robot_bridge/include/teleop_robot_bridge/teleop_robot_bridge/msg/detail/agv_vda5050_state__type_support.h
[5.176s] -- Installing: /home/eierobot/ROS/teleop_ws/src/teleop_robot_bridge/install/teleop_robot_bridge/include/teleop_robot_bridge/teleop_robot_bridge/msg/detail/gripper_status__type_support.c
[5.176s] -- Up-to-date: /home/eierobot/ROS/teleop_ws/src/teleop_robot_bridge/install/teleop_robot_bridge/include/teleop_robot_bridge/teleop_robot_bridge/msg/detail/agv_joint_status__functions.c
[5.176s] -- Up-to-date: /home/eierobot/ROS/teleop_ws/src/teleop_robot_bridge/install/teleop_robot_bridge/include/teleop_robot_bridge/teleop_robot_bridge/msg/detail/gripper_status__functions.h
[5.176s] -- Up-to-date: /home/eierobot/ROS/teleop_ws/src/teleop_robot_bridge/install/teleop_robot_bridge/include/teleop_robot_bridge/teleop_robot_bridge/msg/detail/gripper_device_state__struct.h
[5.176s] -- Up-to-date: /home/eierobot/ROS/teleop_ws/src/teleop_robot_bridge/install/teleop_robot_bridge/include/teleop_robot_bridge/teleop_robot_bridge/msg/detail/waist_tcp_command__functions.c
[5.176s] -- Up-to-date: /home/eierobot/ROS/teleop_ws/src/teleop_robot_bridge/install/teleop_robot_bridge/include/teleop_robot_bridge/teleop_robot_bridge/msg/detail/gripper_device_state__functions.c
[5.177s] -- Up-to-date: /home/eierobot/ROS/teleop_ws/src/teleop_robot_bridge/install/teleop_robot_bridge/include/teleop_robot_bridge/teleop_robot_bridge/msg/detail/agv_joint_status__description.c
[5.177s] -- Up-to-date: /home/eierobot/ROS/teleop_ws/src/teleop_robot_bridge/install/teleop_robot_bridge/include/teleop_robot_bridge/teleop_robot_bridge/msg/detail/waist_tcp_command__type_support.h
[5.177s] -- Up-to-date: /home/eierobot/ROS/teleop_ws/src/teleop_robot_bridge/install/teleop_robot_bridge/include/teleop_robot_bridge/teleop_robot_bridge/msg/detail/single_gripper_status__type_support.h
[5.177s] -- Up-to-date: /home/eierobot/ROS/teleop_ws/src/teleop_robot_bridge/install/teleop_robot_bridge/include/teleop_robot_bridge/teleop_robot_bridge/msg/detail/agv_vel__functions.c
[5.177s] -- Up-to-date: /home/eierobot/ROS/teleop_ws/src/teleop_robot_bridge/install/teleop_robot_bridge/include/teleop_robot_bridge/teleop_robot_bridge/msg/detail/agv_ultrasonic__description.c
[5.177s] -- Up-to-date: /home/eierobot/ROS/teleop_ws/src/teleop_robot_bridge/install/teleop_robot_bridge/include/teleop_robot_bridge/teleop_robot_bridge/msg/detail/hand_tactile__functions.c
[5.177s] -- Up-to-date: /home/eierobot/ROS/teleop_ws/src/teleop_robot_bridge/install/teleop_robot_bridge/include/teleop_robot_bridge/teleop_robot_bridge/msg/detail/upper_body_device_state__struct.h
[5.177s] -- Up-to-date: /home/eierobot/ROS/teleop_ws/src/teleop_robot_bridge/install/teleop_robot_bridge/include/teleop_robot_bridge/teleop_robot_bridge/msg/detail/waist_joint_status__struct.h
[5.178s] -- Up-to-date: /home/eierobot/ROS/teleop_ws/src/teleop_robot_bridge/install/teleop_robot_bridge/include/teleop_robot_bridge/teleop_robot_bridge/msg/detail/waist_motion_ctrl__functions.h
[5.178s] -- Up-to-date: /home/eierobot/ROS/teleop_ws/src/teleop_robot_bridge/install/teleop_robot_bridge/include/teleop_robot_bridge/teleop_robot_bridge/msg/detail/single_gripper_move__struct.h
[5.178s] -- Up-to-date: /home/eierobot/ROS/teleop_ws/src/teleop_robot_bridge/install/teleop_robot_bridge/include/teleop_robot_bridge/teleop_robot_bridge/msg/detail/arm_joint_command__type_support.h
[5.178s] -- Installing: /home/eierobot/ROS/teleop_ws/src/teleop_robot_bridge/install/teleop_robot_bridge/include/teleop_robot_bridge/teleop_robot_bridge/msg/detail/temperature__type_support.c
[5.178s] -- Up-to-date: /home/eierobot/ROS/teleop_ws/src/teleop_robot_bridge/install/teleop_robot_bridge/include/teleop_robot_bridge/teleop_robot_bridge/msg/detail/gripper_tactile__description.c
[5.178s] -- Installing: /home/eierobot/ROS/teleop_ws/src/teleop_robot_bridge/install/teleop_robot_bridge/include/teleop_robot_bridge/teleop_robot_bridge/msg/detail/single_gripper_status__type_support.c
[5.178s] -- Installing: /home/eierobot/ROS/teleop_ws/src/teleop_robot_bridge/install/teleop_robot_bridge/include/teleop_robot_bridge/teleop_robot_bridge/msg/detail/joy_state__type_support.c
[5.178s] -- Up-to-date: /home/eierobot/ROS/teleop_ws/src/teleop_robot_bridge/install/teleop_robot_bridge/include/teleop_robot_bridge/teleop_robot_bridge/msg/detail/arm_motion_ctrl__description.c
[5.179s] -- Installing: /home/eierobot/ROS/teleop_ws/src/teleop_robot_bridge/install/teleop_robot_bridge/include/teleop_robot_bridge/teleop_robot_bridge/msg/detail/arm_joint_status__type_support.c
[5.179s] -- Installing: /home/eierobot/ROS/teleop_ws/src/teleop_robot_bridge/install/teleop_robot_bridge/include/teleop_robot_bridge/teleop_robot_bridge/msg/detail/gripper_move__type_support.c
[5.179s] -- Up-to-date: /home/eierobot/ROS/teleop_ws/src/teleop_robot_bridge/install/teleop_robot_bridge/include/teleop_robot_bridge/teleop_robot_bridge/msg/detail/waist_joint_feedback__functions.h
[5.179s] -- Up-to-date: /home/eierobot/ROS/teleop_ws/src/teleop_robot_bridge/install/teleop_robot_bridge/include/teleop_robot_bridge/teleop_robot_bridge/msg/detail/gripper_status__functions.c
[5.179s] -- Up-to-date: /home/eierobot/ROS/teleop_ws/src/teleop_robot_bridge/install/teleop_robot_bridge/include/teleop_robot_bridge/teleop_robot_bridge/msg/detail/agv_imu__type_support.h
[5.179s] -- Up-to-date: /home/eierobot/ROS/teleop_ws/src/teleop_robot_bridge/install/teleop_robot_bridge/include/teleop_robot_bridge/teleop_robot_bridge/msg/detail/agv_joint_status__functions.h
[5.179s] -- Up-to-date: /home/eierobot/ROS/teleop_ws/src/teleop_robot_bridge/install/teleop_robot_bridge/include/teleop_robot_bridge/teleop_robot_bridge/msg/detail/head_motion_ctrl__functions.c
[5.179s] -- Up-to-date: /home/eierobot/ROS/teleop_ws/src/teleop_robot_bridge/install/teleop_robot_bridge/include/teleop_robot_bridge/teleop_robot_bridge/msg/detail/waist_tcp_command__description.c
[5.180s] -- Up-to-date: /home/eierobot/ROS/teleop_ws/src/teleop_robot_bridge/install/teleop_robot_bridge/include/teleop_robot_bridge/teleop_robot_bridge/msg/detail/gripper_move__type_support.h
[5.180s] -- Up-to-date: /home/eierobot/ROS/teleop_ws/src/teleop_robot_bridge/install/teleop_robot_bridge/include/teleop_robot_bridge/teleop_robot_bridge/msg/detail/waist_joint_feedback__description.c
[5.180s] -- Up-to-date: /home/eierobot/ROS/teleop_ws/src/teleop_robot_bridge/install/teleop_robot_bridge/include/teleop_robot_bridge/teleop_robot_bridge/msg/detail/joint_status__struct.h
[5.180s] -- Up-to-date: /home/eierobot/ROS/teleop_ws/src/teleop_robot_bridge/install/teleop_robot_bridge/include/teleop_robot_bridge/teleop_robot_bridge/msg/detail/head_joint_command__description.c
[5.180s] -- Up-to-date: /home/eierobot/ROS/teleop_ws/src/teleop_robot_bridge/install/teleop_robot_bridge/include/teleop_robot_bridge/teleop_robot_bridge/msg/detail/agv_motion_ctrl__type_support.h
[5.180s] -- Up-to-date: /home/eierobot/ROS/teleop_ws/src/teleop_robot_bridge/install/teleop_robot_bridge/include/teleop_robot_bridge/teleop_robot_bridge/msg/detail/agv_motion_ctrl__functions.h
[5.180s] -- Installing: /home/eierobot/ROS/teleop_ws/src/teleop_robot_bridge/install/teleop_robot_bridge/include/teleop_robot_bridge/teleop_robot_bridge/msg/detail/ee_tcp_command__type_support.c
[5.180s] -- Up-to-date: /home/eierobot/ROS/teleop_ws/src/teleop_robot_bridge/install/teleop_robot_bridge/include/teleop_robot_bridge/teleop_robot_bridge/msg/detail/arm_joint_command__functions.c
[5.181s] -- Up-to-date: /home/eierobot/ROS/teleop_ws/src/teleop_robot_bridge/install/teleop_robot_bridge/include/teleop_robot_bridge/teleop_robot_bridge/msg/detail/agv_cmd_vel__functions.h
[5.181s] -- Installing: /home/eierobot/ROS/teleop_ws/src/teleop_robot_bridge/install/teleop_robot_bridge/include/teleop_robot_bridge/teleop_robot_bridge/msg/detail/agv_device_state__type_support.c
[5.181s] -- Up-to-date: /home/eierobot/ROS/teleop_ws/src/teleop_robot_bridge/install/teleop_robot_bridge/include/teleop_robot_bridge/teleop_robot_bridge/msg/detail/agv_ultrasonic__functions.c
[5.181s] -- Installing: /home/eierobot/ROS/teleop_ws/src/teleop_robot_bridge/install/teleop_robot_bridge/include/teleop_robot_bridge/teleop_robot_bridge/msg/detail/arm_joint_feedback__type_support.c
[5.181s] -- Up-to-date: /home/eierobot/ROS/teleop_ws/src/teleop_robot_bridge/install/teleop_robot_bridge/include/teleop_robot_bridge/teleop_robot_bridge/msg/detail/agv_motion_ctrl__description.c
[5.181s] -- Up-to-date: /home/eierobot/ROS/teleop_ws/src/teleop_robot_bridge/install/teleop_robot_bridge/include/teleop_robot_bridge/teleop_robot_bridge/msg/detail/arm_joint_status__functions.h
[5.181s] -- Up-to-date: /home/eierobot/ROS/teleop_ws/src/teleop_robot_bridge/install/teleop_robot_bridge/include/teleop_robot_bridge/teleop_robot_bridge/msg/detail/single_gripper_move__description.c
[5.181s] -- Up-to-date: /home/eierobot/ROS/teleop_ws/src/teleop_robot_bridge/install/teleop_robot_bridge/include/teleop_robot_bridge/teleop_robot_bridge/msg/detail/hand_tactile__functions.h
[5.181s] -- Up-to-date: /home/eierobot/ROS/teleop_ws/src/teleop_robot_bridge/install/teleop_robot_bridge/include/teleop_robot_bridge/teleop_robot_bridge/msg/detail/agv_imu__struct.h
[5.182s] -- Up-to-date: /home/eierobot/ROS/teleop_ws/src/teleop_robot_bridge/install/teleop_robot_bridge/include/teleop_robot_bridge/teleop_robot_bridge/msg/detail/agv_device_state__type_support.h
[5.182s] -- Up-to-date: /home/eierobot/ROS/teleop_ws/src/teleop_robot_bridge/install/teleop_robot_bridge/include/teleop_robot_bridge/teleop_robot_bridge/msg/detail/head_motion_ctrl__type_support.h
[5.182s] -- Up-to-date: /home/eierobot/ROS/teleop_ws/src/teleop_robot_bridge/install/teleop_robot_bridge/include/teleop_robot_bridge/teleop_robot_bridge/msg/detail/agv_device_state__description.c
[5.182s] -- Up-to-date: /home/eierobot/ROS/teleop_ws/src/teleop_robot_bridge/install/teleop_robot_bridge/include/teleop_robot_bridge/teleop_robot_bridge/msg/detail/waist_joint_status__functions.c
[5.182s] -- Up-to-date: /home/eierobot/ROS/teleop_ws/src/teleop_robot_bridge/install/teleop_robot_bridge/include/teleop_robot_bridge/teleop_robot_bridge/msg/detail/arm_joint_feedback__description.c
[5.182s] -- Up-to-date: /home/eierobot/ROS/teleop_ws/src/teleop_robot_bridge/install/teleop_robot_bridge/include/teleop_robot_bridge/teleop_robot_bridge/msg/detail/agv_joint_status__type_support.h
[5.182s] -- Up-to-date: /home/eierobot/ROS/teleop_ws/src/teleop_robot_bridge/install/teleop_robot_bridge/include/teleop_robot_bridge/teleop_robot_bridge/msg/detail/agv_joint_feedback__description.c
[5.182s] -- Up-to-date: /home/eierobot/ROS/teleop_ws/src/teleop_robot_bridge/install/teleop_robot_bridge/include/teleop_robot_bridge/teleop_robot_bridge/msg/detail/agv_motion_ctrl__struct.h
[5.183s] -- Up-to-date: /home/eierobot/ROS/teleop_ws/src/teleop_robot_bridge/install/teleop_robot_bridge/include/teleop_robot_bridge/teleop_robot_bridge/msg/detail/agv_device_state__functions.c
[5.183s] -- Up-to-date: /home/eierobot/ROS/teleop_ws/src/teleop_robot_bridge/install/teleop_robot_bridge/include/teleop_robot_bridge/teleop_robot_bridge/msg/detail/ee_tcp_command__struct.h
[5.183s] -- Installing: /home/eierobot/ROS/teleop_ws/src/teleop_robot_bridge/install/teleop_robot_bridge/include/teleop_robot_bridge/teleop_robot_bridge/msg/detail/agv_imu__type_support.c
[5.183s] -- Up-to-date: /home/eierobot/ROS/teleop_ws/src/teleop_robot_bridge/install/teleop_robot_bridge/include/teleop_robot_bridge/teleop_robot_bridge/msg/detail/head_joint_command__struct.h
[5.183s] -- Up-to-date: /home/eierobot/ROS/teleop_ws/src/teleop_robot_bridge/install/teleop_robot_bridge/include/teleop_robot_bridge/teleop_robot_bridge/msg/detail/gripper_status__type_support.h
[5.183s] -- Up-to-date: /home/eierobot/ROS/teleop_ws/src/teleop_robot_bridge/install/teleop_robot_bridge/include/teleop_robot_bridge/teleop_robot_bridge/msg/detail/arm_joint_feedback__struct.h
[5.183s] -- Up-to-date: /home/eierobot/ROS/teleop_ws/src/teleop_robot_bridge/install/teleop_robot_bridge/include/teleop_robot_bridge/teleop_robot_bridge/msg/detail/single_gripper_move__functions.c
[5.183s] -- Up-to-date: /home/eierobot/ROS/teleop_ws/src/teleop_robot_bridge/install/teleop_robot_bridge/include/teleop_robot_bridge/teleop_robot_bridge/msg/detail/hand_tactile__struct.h
[5.184s] -- Up-to-date: /home/eierobot/ROS/teleop_ws/src/teleop_robot_bridge/install/teleop_robot_bridge/include/teleop_robot_bridge/teleop_robot_bridge/msg/detail/joy_state__functions.c
[5.184s] -- Installing: /home/eierobot/ROS/teleop_ws/src/teleop_robot_bridge/install/teleop_robot_bridge/include/teleop_robot_bridge/teleop_robot_bridge/msg/detail/single_gripper_move__type_support.c
[5.184s] -- Up-to-date: /home/eierobot/ROS/teleop_ws/src/teleop_robot_bridge/install/teleop_robot_bridge/include/teleop_robot_bridge/teleop_robot_bridge/msg/detail/agv_vel__type_support.h
[5.184s] -- Up-to-date: /home/eierobot/ROS/teleop_ws/src/teleop_robot_bridge/install/teleop_robot_bridge/include/teleop_robot_bridge/teleop_robot_bridge/msg/detail/waist_joint_command__struct.h
[5.184s] -- Up-to-date: /home/eierobot/ROS/teleop_ws/src/teleop_robot_bridge/install/teleop_robot_bridge/include/teleop_robot_bridge/teleop_robot_bridge/msg/detail/waist_motion_ctrl__functions.c
[5.184s] -- Installing: /home/eierobot/ROS/teleop_ws/src/teleop_robot_bridge/install/teleop_robot_bridge/include/teleop_robot_bridge/teleop_robot_bridge/msg/detail/upper_body_device_state__type_support.c
[5.184s] -- Up-to-date: /home/eierobot/ROS/teleop_ws/src/teleop_robot_bridge/install/teleop_robot_bridge/include/teleop_robot_bridge/teleop_robot_bridge/msg/detail/head_motion_ctrl__description.c
[5.184s] -- Up-to-date: /home/eierobot/ROS/teleop_ws/src/teleop_robot_bridge/install/teleop_robot_bridge/include/teleop_robot_bridge/teleop_robot_bridge/msg/detail/temperature__description.c
[5.185s] -- Up-to-date: /home/eierobot/ROS/teleop_ws/src/teleop_robot_bridge/install/teleop_robot_bridge/include/teleop_robot_bridge/teleop_robot_bridge/msg/detail/single_device_state__struct.h
[5.185s] -- Up-to-date: /home/eierobot/ROS/teleop_ws/src/teleop_robot_bridge/install/teleop_robot_bridge/include/teleop_robot_bridge/teleop_robot_bridge/msg/detail/upper_body_device_state__type_support.h
[5.185s] -- Up-to-date: /home/eierobot/ROS/teleop_ws/src/teleop_robot_bridge/install/teleop_robot_bridge/include/teleop_robot_bridge/teleop_robot_bridge/msg/detail/single_device_state__functions.h
[5.185s] -- Up-to-date: /home/eierobot/ROS/teleop_ws/src/teleop_robot_bridge/install/teleop_robot_bridge/include/teleop_robot_bridge/teleop_robot_bridge/msg/detail/arm_joint_feedback__functions.h
[5.185s] -- Up-to-date: /home/eierobot/ROS/teleop_ws/src/teleop_robot_bridge/install/teleop_robot_bridge/include/teleop_robot_bridge/teleop_robot_bridge/msg/detail/arm_motion_ctrl__functions.c
[5.185s] -- Up-to-date: /home/eierobot/ROS/teleop_ws/src/teleop_robot_bridge/install/teleop_robot_bridge/include/teleop_robot_bridge/teleop_robot_bridge/msg/detail/head_joint_feedback__functions.c
[5.185s] -- Installing: /home/eierobot/ROS/teleop_ws/src/teleop_robot_bridge/install/teleop_robot_bridge/include/teleop_robot_bridge/teleop_robot_bridge/msg/detail/joint_status__type_support.c
[5.185s] -- Up-to-date: /home/eierobot/ROS/teleop_ws/src/teleop_robot_bridge/install/teleop_robot_bridge/include/teleop_robot_bridge/teleop_robot_bridge/msg/detail/waist_joint_feedback__struct.h
[5.186s] -- Installing: /home/eierobot/ROS/teleop_ws/src/teleop_robot_bridge/install/teleop_robot_bridge/include/teleop_robot_bridge/teleop_robot_bridge/msg/detail/gripper_tactile__type_support.c
[5.186s] -- Up-to-date: /home/eierobot/ROS/teleop_ws/src/teleop_robot_bridge/install/teleop_robot_bridge/include/teleop_robot_bridge/teleop_robot_bridge/msg/detail/arm_motion_ctrl__struct.h
[5.186s] -- Up-to-date: /home/eierobot/ROS/teleop_ws/src/teleop_robot_bridge/install/teleop_robot_bridge/include/teleop_robot_bridge/teleop_robot_bridge/msg/detail/gripper_status__struct.h
[5.186s] -- Up-to-date: /home/eierobot/ROS/teleop_ws/src/teleop_robot_bridge/install/teleop_robot_bridge/include/teleop_robot_bridge/teleop_robot_bridge/msg/detail/agv_cmd_vel__functions.c
[5.186s] -- Up-to-date: /home/eierobot/ROS/teleop_ws/src/teleop_robot_bridge/install/teleop_robot_bridge/include/teleop_robot_bridge/teleop_robot_bridge/msg/detail/agv_battery_state__functions.h
[5.186s] -- Up-to-date: /home/eierobot/ROS/teleop_ws/src/teleop_robot_bridge/install/teleop_robot_bridge/include/teleop_robot_bridge/teleop_robot_bridge/msg/detail/agv_battery_state__type_support.h
[5.186s] -- Up-to-date: /home/eierobot/ROS/teleop_ws/src/teleop_robot_bridge/install/teleop_robot_bridge/include/teleop_robot_bridge/teleop_robot_bridge/msg/detail/head_joint_status__functions.c
[5.186s] -- Up-to-date: /home/eierobot/ROS/teleop_ws/src/teleop_robot_bridge/install/teleop_robot_bridge/include/teleop_robot_bridge/teleop_robot_bridge/msg/detail/agv_cmd_vel__type_support.h
[5.187s] -- Installing: /home/eierobot/ROS/teleop_ws/src/teleop_robot_bridge/install/teleop_robot_bridge/include/teleop_robot_bridge/teleop_robot_bridge/msg/detail/single_device_state__type_support.c
[5.187s] -- Up-to-date: /home/eierobot/ROS/teleop_ws/src/teleop_robot_bridge/install/teleop_robot_bridge/include/teleop_robot_bridge/teleop_robot_bridge/msg/detail/single_device_state__description.c
[5.187s] -- Up-to-date: /home/eierobot/ROS/teleop_ws/src/teleop_robot_bridge/install/teleop_robot_bridge/include/teleop_robot_bridge/teleop_robot_bridge/msg/detail/gripper_device_state__description.c
[5.187s] -- Up-to-date: /home/eierobot/ROS/teleop_ws/src/teleop_robot_bridge/install/teleop_robot_bridge/include/teleop_robot_bridge/teleop_robot_bridge/msg/detail/gripper_status__description.c
[5.187s] -- Up-to-date: /home/eierobot/ROS/teleop_ws/src/teleop_robot_bridge/install/teleop_robot_bridge/include/teleop_robot_bridge/teleop_robot_bridge/msg/detail/upper_body_device_state__description.c
[5.187s] -- Installing: /home/eierobot/ROS/teleop_ws/src/teleop_robot_bridge/install/teleop_robot_bridge/include/teleop_robot_bridge/teleop_robot_bridge/msg/detail/gripper_device_state__type_support.c
[5.187s] -- Installing: /home/eierobot/ROS/teleop_ws/src/teleop_robot_bridge/install/teleop_robot_bridge/include/teleop_robot_bridge/teleop_robot_bridge/msg/detail/agv_vel__type_support.c
[5.187s] -- Up-to-date: /home/eierobot/ROS/teleop_ws/src/teleop_robot_bridge/install/teleop_robot_bridge/include/teleop_robot_bridge/teleop_robot_bridge/msg/detail/agv_vel__functions.h
[5.188s] -- Installing: /home/eierobot/ROS/teleop_ws/src/teleop_robot_bridge/install/teleop_robot_bridge/include/teleop_robot_bridge/teleop_robot_bridge/msg/detail/arm_joint_command__type_support.c
[5.188s] -- Up-to-date: /home/eierobot/ROS/teleop_ws/src/teleop_robot_bridge/install/teleop_robot_bridge/include/teleop_robot_bridge/teleop_robot_bridge/msg/detail/agv_battery_state__functions.c
[5.188s] -- Up-to-date: /home/eierobot/ROS/teleop_ws/src/teleop_robot_bridge/install/teleop_robot_bridge/include/teleop_robot_bridge/teleop_robot_bridge/msg/detail/head_joint_command__type_support.h
[5.188s] -- Up-to-date: /home/eierobot/ROS/teleop_ws/src/teleop_robot_bridge/install/teleop_robot_bridge/include/teleop_robot_bridge/teleop_robot_bridge/msg/detail/single_gripper_status__description.c
[5.188s] -- Up-to-date: /home/eierobot/ROS/teleop_ws/src/teleop_robot_bridge/install/teleop_robot_bridge/include/teleop_robot_bridge/teleop_robot_bridge/msg/detail/agv_ultrasonic__struct.h
[5.188s] -- Up-to-date: /home/eierobot/ROS/teleop_ws/src/teleop_robot_bridge/install/teleop_robot_bridge/include/teleop_robot_bridge/teleop_robot_bridge/msg/detail/gripper_device_state__type_support.h
[5.188s] -- Up-to-date: /home/eierobot/ROS/teleop_ws/src/teleop_robot_bridge/install/teleop_robot_bridge/include/teleop_robot_bridge/teleop_robot_bridge/msg/detail/agv_vda5050_state__functions.c
[5.188s] -- Installing: /home/eierobot/ROS/teleop_ws/src/teleop_robot_bridge/install/teleop_robot_bridge/include/teleop_robot_bridge/teleop_robot_bridge/msg/detail/agv_ultrasonic__type_support.c
[5.188s] -- Installing: /home/eierobot/ROS/teleop_ws/src/teleop_robot_bridge/install/teleop_robot_bridge/include/teleop_robot_bridge/teleop_robot_bridge/msg/detail/head_joint_feedback__type_support.c
[5.189s] -- Up-to-date: /home/eierobot/ROS/teleop_ws/src/teleop_robot_bridge/install/teleop_robot_bridge/include/teleop_robot_bridge/teleop_robot_bridge/msg/detail/head_joint_command__functions.c
[5.189s] -- Up-to-date: /home/eierobot/ROS/teleop_ws/src/teleop_robot_bridge/install/teleop_robot_bridge/include/teleop_robot_bridge/teleop_robot_bridge/msg/detail/agv_joint_feedback__functions.c
[5.189s] -- Installing: /home/eierobot/ROS/teleop_ws/src/teleop_robot_bridge/install/teleop_robot_bridge/include/teleop_robot_bridge/teleop_robot_bridge/msg/detail/waist_joint_status__type_support.c
[5.189s] -- Up-to-date: /home/eierobot/ROS/teleop_ws/src/teleop_robot_bridge/install/teleop_robot_bridge/include/teleop_robot_bridge/teleop_robot_bridge/msg/detail/waist_joint_status__description.c
[5.189s] -- Installing: /home/eierobot/ROS/teleop_ws/src/teleop_robot_bridge/install/teleop_robot_bridge/include/teleop_robot_bridge/teleop_robot_bridge/msg/detail/waist_joint_feedback__type_support.c
[5.189s] -- Up-to-date: /home/eierobot/ROS/teleop_ws/src/teleop_robot_bridge/install/teleop_robot_bridge/include/teleop_robot_bridge/teleop_robot_bridge/msg/detail/joint_status__functions.h
[5.189s] -- Up-to-date: /home/eierobot/ROS/teleop_ws/src/teleop_robot_bridge/install/teleop_robot_bridge/include/teleop_robot_bridge/teleop_robot_bridge/msg/detail/single_gripper_move__type_support.h
[5.189s] -- Up-to-date: /home/eierobot/ROS/teleop_ws/src/teleop_robot_bridge/install/teleop_robot_bridge/include/teleop_robot_bridge/teleop_robot_bridge/msg/detail/single_gripper_status__functions.h
[5.190s] -- Up-to-date: /home/eierobot/ROS/teleop_ws/src/teleop_robot_bridge/install/teleop_robot_bridge/include/teleop_robot_bridge/teleop_robot_bridge/msg/detail/head_joint_status__type_support.h
[5.190s] -- Up-to-date: /home/eierobot/ROS/teleop_ws/src/teleop_robot_bridge/install/teleop_robot_bridge/include/teleop_robot_bridge/teleop_robot_bridge/msg/detail/joy_state__struct.h
[5.190s] -- Up-to-date: /home/eierobot/ROS/teleop_ws/src/teleop_robot_bridge/install/teleop_robot_bridge/include/teleop_robot_bridge/teleop_robot_bridge/msg/detail/waist_tcp_command__functions.h
[5.190s] -- Up-to-date: /home/eierobot/ROS/teleop_ws/src/teleop_robot_bridge/install/teleop_robot_bridge/include/teleop_robot_bridge/teleop_robot_bridge/msg/detail/agv_vda5050_state__functions.h
[5.190s] -- Up-to-date: /home/eierobot/ROS/teleop_ws/src/teleop_robot_bridge/install/teleop_robot_bridge/include/teleop_robot_bridge/teleop_robot_bridge/msg/detail/arm_motion_ctrl__type_support.h
[5.190s] -- Up-to-date: /home/eierobot/ROS/teleop_ws/src/teleop_robot_bridge/install/teleop_robot_bridge/include/teleop_robot_bridge/teleop_robot_bridge/msg/detail/waist_joint_status__type_support.h
[5.190s] -- Installing: /home/eierobot/ROS/teleop_ws/src/teleop_robot_bridge/install/teleop_robot_bridge/include/teleop_robot_bridge/teleop_robot_bridge/msg/detail/head_joint_command__type_support.c
[5.191s] -- Up-to-date: /home/eierobot/ROS/teleop_ws/src/teleop_robot_bridge/install/teleop_robot_bridge/include/teleop_robot_bridge/teleop_robot_bridge/msg/detail/arm_joint_command__functions.h
[5.191s] -- Up-to-date: /home/eierobot/ROS/teleop_ws/src/teleop_robot_bridge/install/teleop_robot_bridge/include/teleop_robot_bridge/teleop_robot_bridge/msg/detail/hand_tactile__description.c
[5.191s] -- Up-to-date: /home/eierobot/ROS/teleop_ws/src/teleop_robot_bridge/install/teleop_robot_bridge/include/teleop_robot_bridge/teleop_robot_bridge/msg/detail/waist_joint_command__functions.h
[5.191s] -- Installing: /home/eierobot/ROS/teleop_ws/src/teleop_robot_bridge/install/teleop_robot_bridge/include/teleop_robot_bridge/teleop_robot_bridge/msg/detail/agv_joint_feedback__type_support.c
[5.191s] -- Up-to-date: /home/eierobot/ROS/teleop_ws/src/teleop_robot_bridge/install/teleop_robot_bridge/include/teleop_robot_bridge/teleop_robot_bridge/msg/detail/waist_joint_feedback__type_support.h
[5.191s] -- Up-to-date: /home/eierobot/ROS/teleop_ws/src/teleop_robot_bridge/install/teleop_robot_bridge/include/teleop_robot_bridge/teleop_robot_bridge/msg/detail/arm_joint_status__struct.h
[5.191s] -- Up-to-date: /home/eierobot/ROS/teleop_ws/src/teleop_robot_bridge/install/teleop_robot_bridge/include/teleop_robot_bridge/teleop_robot_bridge/msg/detail/agv_battery_state__struct.h
[5.191s] -- Up-to-date: /home/eierobot/ROS/teleop_ws/src/teleop_robot_bridge/install/teleop_robot_bridge/include/teleop_robot_bridge/teleop_robot_bridge/msg/detail/single_gripper_status__functions.c
[5.192s] -- Up-to-date: /home/eierobot/ROS/teleop_ws/src/teleop_robot_bridge/install/teleop_robot_bridge/include/teleop_robot_bridge/teleop_robot_bridge/msg/detail/waist_motion_ctrl__struct.h
[5.192s] -- Up-to-date: /home/eierobot/ROS/teleop_ws/src/teleop_robot_bridge/install/teleop_robot_bridge/include/teleop_robot_bridge/teleop_robot_bridge/msg/detail/head_joint_feedback__description.c
[5.192s] -- Up-to-date: /home/eierobot/ROS/teleop_ws/src/teleop_robot_bridge/install/teleop_robot_bridge/include/teleop_robot_bridge/teleop_robot_bridge/msg/detail/agv_imu__functions.h
[5.192s] -- Up-to-date: /home/eierobot/ROS/teleop_ws/src/teleop_robot_bridge/install/teleop_robot_bridge/include/teleop_robot_bridge/teleop_robot_bridge/msg/detail/head_joint_feedback__functions.h
[5.192s] -- Installing: /home/eierobot/ROS/teleop_ws/src/teleop_robot_bridge/install/teleop_robot_bridge/include/teleop_robot_bridge/teleop_robot_bridge/msg/detail/waist_motion_ctrl__type_support.c
[5.192s] -- Up-to-date: /home/eierobot/ROS/teleop_ws/src/teleop_robot_bridge/install/teleop_robot_bridge/include/teleop_robot_bridge/teleop_robot_bridge/msg/detail/waist_motion_ctrl__type_support.h
[5.192s] -- Up-to-date: /home/eierobot/ROS/teleop_ws/src/teleop_robot_bridge/install/teleop_robot_bridge/include/teleop_robot_bridge/teleop_robot_bridge/msg/detail/arm_joint_status__functions.c
[5.192s] -- Up-to-date: /home/eierobot/ROS/teleop_ws/src/teleop_robot_bridge/install/teleop_robot_bridge/include/teleop_robot_bridge/teleop_robot_bridge/msg/detail/hand_tactile__type_support.h
[5.192s] -- Up-to-date: /home/eierobot/ROS/teleop_ws/src/teleop_robot_bridge/install/teleop_robot_bridge/include/teleop_robot_bridge/teleop_robot_bridge/msg/detail/arm_motion_ctrl__functions.h
[5.193s] -- Up-to-date: /home/eierobot/ROS/teleop_ws/src/teleop_robot_bridge/install/teleop_robot_bridge/include/teleop_robot_bridge/teleop_robot_bridge/msg/detail/arm_joint_status__description.c
[5.193s] -- Up-to-date: /home/eierobot/ROS/teleop_ws/src/teleop_robot_bridge/install/teleop_robot_bridge/include/teleop_robot_bridge/teleop_robot_bridge/msg/detail/gripper_tactile__type_support.h
[5.193s] -- Up-to-date: /home/eierobot/ROS/teleop_ws/src/teleop_robot_bridge/install/teleop_robot_bridge/include/teleop_robot_bridge/teleop_robot_bridge/msg/detail/gripper_tactile__functions.c
[5.193s] -- Up-to-date: /home/eierobot/ROS/teleop_ws/src/teleop_robot_bridge/install/teleop_robot_bridge/include/teleop_robot_bridge/teleop_robot_bridge/msg/detail/single_gripper_status__struct.h
[5.193s] -- Up-to-date: /home/eierobot/ROS/teleop_ws/src/teleop_robot_bridge/install/teleop_robot_bridge/include/teleop_robot_bridge/teleop_robot_bridge/msg/detail/joint_status__description.c
[5.193s] -- Up-to-date: /home/eierobot/ROS/teleop_ws/src/teleop_robot_bridge/install/teleop_robot_bridge/include/teleop_robot_bridge/teleop_robot_bridge/msg/detail/head_motion_ctrl__struct.h
[5.193s] -- Up-to-date: /home/eierobot/ROS/teleop_ws/src/teleop_robot_bridge/install/teleop_robot_bridge/include/teleop_robot_bridge/teleop_robot_bridge/msg/waist_tcp_command.h
[5.193s] -- Up-to-date: /home/eierobot/ROS/teleop_ws/src/teleop_robot_bridge/install/teleop_robot_bridge/include/teleop_robot_bridge/teleop_robot_bridge/msg/head_joint_command.h
[5.194s] -- Up-to-date: /home/eierobot/ROS/teleop_ws/src/teleop_robot_bridge/install/teleop_robot_bridge/include/teleop_robot_bridge/teleop_robot_bridge/msg/agv_joint_status.h
[5.194s] -- Up-to-date: /home/eierobot/ROS/teleop_ws/src/teleop_robot_bridge/install/teleop_robot_bridge/include/teleop_robot_bridge/teleop_robot_bridge/msg/agv_joint_feedback.h
[5.194s] -- Up-to-date: /home/eierobot/ROS/teleop_ws/src/teleop_robot_bridge/install/teleop_robot_bridge/share/teleop_robot_bridge/environment/library_path.sh
[5.194s] -- Up-to-date: /home/eierobot/ROS/teleop_ws/src/teleop_robot_bridge/install/teleop_robot_bridge/share/teleop_robot_bridge/environment/library_path.dsv
[5.194s] -- Up-to-date: /home/eierobot/ROS/teleop_ws/src/teleop_robot_bridge/install/teleop_robot_bridge/lib/libteleop_robot_bridge__rosidl_generator_c.so
[5.194s] -- Up-to-date: /home/eierobot/ROS/teleop_ws/src/teleop_robot_bridge/install/teleop_robot_bridge/include/teleop_robot_bridge/teleop_robot_bridge
[5.194s] -- Up-to-date: /home/eierobot/ROS/teleop_ws/src/teleop_robot_bridge/install/teleop_robot_bridge/include/teleop_robot_bridge/teleop_robot_bridge/msg
[5.194s] -- Up-to-date: /home/eierobot/ROS/teleop_ws/src/teleop_robot_bridge/install/teleop_robot_bridge/include/teleop_robot_bridge/teleop_robot_bridge/msg/rosidl_typesupport_fastrtps_c__visibility_control.h
[5.195s] -- Up-to-date: /home/eierobot/ROS/teleop_ws/src/teleop_robot_bridge/install/teleop_robot_bridge/include/teleop_robot_bridge/teleop_robot_bridge/msg/detail
[5.195s] -- Up-to-date: /home/eierobot/ROS/teleop_ws/src/teleop_robot_bridge/install/teleop_robot_bridge/include/teleop_robot_bridge/teleop_robot_bridge/msg/detail/single_gripper_move__rosidl_typesupport_fastrtps_c.h
[5.195s] -- Up-to-date: /home/eierobot/ROS/teleop_ws/src/teleop_robot_bridge/install/teleop_robot_bridge/include/teleop_robot_bridge/teleop_robot_bridge/msg/detail/arm_joint_status__rosidl_typesupport_fastrtps_c.h
[5.195s] -- Up-to-date: /home/eierobot/ROS/teleop_ws/src/teleop_robot_bridge/install/teleop_robot_bridge/include/teleop_robot_bridge/teleop_robot_bridge/msg/detail/agv_joint_status__rosidl_typesupport_fastrtps_c.h
[5.195s] -- Up-to-date: /home/eierobot/ROS/teleop_ws/src/teleop_robot_bridge/install/teleop_robot_bridge/include/teleop_robot_bridge/teleop_robot_bridge/msg/detail/gripper_move__rosidl_typesupport_fastrtps_c.h
[5.195s] -- Up-to-date: /home/eierobot/ROS/teleop_ws/src/teleop_robot_bridge/install/teleop_robot_bridge/include/teleop_robot_bridge/teleop_robot_bridge/msg/detail/joint_status__rosidl_typesupport_fastrtps_c.h
[5.195s] -- Up-to-date: /home/eierobot/ROS/teleop_ws/src/teleop_robot_bridge/install/teleop_robot_bridge/include/teleop_robot_bridge/teleop_robot_bridge/msg/detail/arm_joint_command__rosidl_typesupport_fastrtps_c.h
[5.195s] -- Up-to-date: /home/eierobot/ROS/teleop_ws/src/teleop_robot_bridge/install/teleop_robot_bridge/include/teleop_robot_bridge/teleop_robot_bridge/msg/detail/arm_joint_feedback__rosidl_typesupport_fastrtps_c.h
[5.196s] -- Up-to-date: /home/eierobot/ROS/teleop_ws/src/teleop_robot_bridge/install/teleop_robot_bridge/include/teleop_robot_bridge/teleop_robot_bridge/msg/detail/gripper_status__rosidl_typesupport_fastrtps_c.h
[5.196s] -- Up-to-date: /home/eierobot/ROS/teleop_ws/src/teleop_robot_bridge/install/teleop_robot_bridge/include/teleop_robot_bridge/teleop_robot_bridge/msg/detail/agv_motion_ctrl__rosidl_typesupport_fastrtps_c.h
[5.196s] -- Up-to-date: /home/eierobot/ROS/teleop_ws/src/teleop_robot_bridge/install/teleop_robot_bridge/include/teleop_robot_bridge/teleop_robot_bridge/msg/detail/joy_state__rosidl_typesupport_fastrtps_c.h
[5.196s] -- Up-to-date: /home/eierobot/ROS/teleop_ws/src/teleop_robot_bridge/install/teleop_robot_bridge/include/teleop_robot_bridge/teleop_robot_bridge/msg/detail/arm_motion_ctrl__rosidl_typesupport_fastrtps_c.h
[5.196s] -- Up-to-date: /home/eierobot/ROS/teleop_ws/src/teleop_robot_bridge/install/teleop_robot_bridge/include/teleop_robot_bridge/teleop_robot_bridge/msg/detail/waist_tcp_command__rosidl_typesupport_fastrtps_c.h
[5.196s] -- Up-to-date: /home/eierobot/ROS/teleop_ws/src/teleop_robot_bridge/install/teleop_robot_bridge/include/teleop_robot_bridge/teleop_robot_bridge/msg/detail/waist_joint_status__rosidl_typesupport_fastrtps_c.h
[5.196s] -- Up-to-date: /home/eierobot/ROS/teleop_ws/src/teleop_robot_bridge/install/teleop_robot_bridge/include/teleop_robot_bridge/teleop_robot_bridge/msg/detail/waist_motion_ctrl__rosidl_typesupport_fastrtps_c.h
[5.196s] -- Up-to-date: /home/eierobot/ROS/teleop_ws/src/teleop_robot_bridge/install/teleop_robot_bridge/include/teleop_robot_bridge/teleop_robot_bridge/msg/detail/head_joint_command__rosidl_typesupport_fastrtps_c.h
[5.197s] -- Up-to-date: /home/eierobot/ROS/teleop_ws/src/teleop_robot_bridge/install/teleop_robot_bridge/include/teleop_robot_bridge/teleop_robot_bridge/msg/detail/ee_tcp_command__rosidl_typesupport_fastrtps_c.h
[5.197s] -- Up-to-date: /home/eierobot/ROS/teleop_ws/src/teleop_robot_bridge/install/teleop_robot_bridge/include/teleop_robot_bridge/teleop_robot_bridge/msg/detail/agv_battery_state__rosidl_typesupport_fastrtps_c.h
[5.197s] -- Up-to-date: /home/eierobot/ROS/teleop_ws/src/teleop_robot_bridge/install/teleop_robot_bridge/include/teleop_robot_bridge/teleop_robot_bridge/msg/detail/agv_vda5050_state__rosidl_typesupport_fastrtps_c.h
[5.197s] -- Up-to-date: /home/eierobot/ROS/teleop_ws/src/teleop_robot_bridge/install/teleop_robot_bridge/include/teleop_robot_bridge/teleop_robot_bridge/msg/detail/agv_device_state__rosidl_typesupport_fastrtps_c.h
[5.197s] -- Up-to-date: /home/eierobot/ROS/teleop_ws/src/teleop_robot_bridge/install/teleop_robot_bridge/include/teleop_robot_bridge/teleop_robot_bridge/msg/detail/agv_ultrasonic__rosidl_typesupport_fastrtps_c.h
[5.197s] -- Up-to-date: /home/eierobot/ROS/teleop_ws/src/teleop_robot_bridge/install/teleop_robot_bridge/include/teleop_robot_bridge/teleop_robot_bridge/msg/detail/gripper_device_state__rosidl_typesupport_fastrtps_c.h
[5.197s] -- Up-to-date: /home/eierobot/ROS/teleop_ws/src/teleop_robot_bridge/install/teleop_robot_bridge/include/teleop_robot_bridge/teleop_robot_bridge/msg/detail/agv_imu__rosidl_typesupport_fastrtps_c.h
[5.197s] -- Up-to-date: /home/eierobot/ROS/teleop_ws/src/teleop_robot_bridge/install/teleop_robot_bridge/include/teleop_robot_bridge/teleop_robot_bridge/msg/detail/head_joint_feedback__rosidl_typesupport_fastrtps_c.h
[5.198s] -- Up-to-date: /home/eierobot/ROS/teleop_ws/src/teleop_robot_bridge/install/teleop_robot_bridge/include/teleop_robot_bridge/teleop_robot_bridge/msg/detail/agv_vel__rosidl_typesupport_fastrtps_c.h
[5.198s] -- Up-to-date: /home/eierobot/ROS/teleop_ws/src/teleop_robot_bridge/install/teleop_robot_bridge/include/teleop_robot_bridge/teleop_robot_bridge/msg/detail/agv_joint_feedback__rosidl_typesupport_fastrtps_c.h
[5.198s] -- Up-to-date: /home/eierobot/ROS/teleop_ws/src/teleop_robot_bridge/install/teleop_robot_bridge/include/teleop_robot_bridge/teleop_robot_bridge/msg/detail/single_device_state__rosidl_typesupport_fastrtps_c.h
[5.198s] -- Up-to-date: /home/eierobot/ROS/teleop_ws/src/teleop_robot_bridge/install/teleop_robot_bridge/include/teleop_robot_bridge/teleop_robot_bridge/msg/detail/hand_tactile__rosidl_typesupport_fastrtps_c.h
[5.198s] -- Up-to-date: /home/eierobot/ROS/teleop_ws/src/teleop_robot_bridge/install/teleop_robot_bridge/include/teleop_robot_bridge/teleop_robot_bridge/msg/detail/waist_joint_feedback__rosidl_typesupport_fastrtps_c.h
[5.198s] -- Up-to-date: /home/eierobot/ROS/teleop_ws/src/teleop_robot_bridge/install/teleop_robot_bridge/include/teleop_robot_bridge/teleop_robot_bridge/msg/detail/single_gripper_status__rosidl_typesupport_fastrtps_c.h
[5.198s] -- Up-to-date: /home/eierobot/ROS/teleop_ws/src/teleop_robot_bridge/install/teleop_robot_bridge/include/teleop_robot_bridge/teleop_robot_bridge/msg/detail/agv_cmd_vel__rosidl_typesupport_fastrtps_c.h
[5.198s] -- Up-to-date: /home/eierobot/ROS/teleop_ws/src/teleop_robot_bridge/install/teleop_robot_bridge/include/teleop_robot_bridge/teleop_robot_bridge/msg/detail/gripper_tactile__rosidl_typesupport_fastrtps_c.h
[5.199s] -- Up-to-date: /home/eierobot/ROS/teleop_ws/src/teleop_robot_bridge/install/teleop_robot_bridge/include/teleop_robot_bridge/teleop_robot_bridge/msg/detail/head_joint_status__rosidl_typesupport_fastrtps_c.h
[5.199s] -- Up-to-date: /home/eierobot/ROS/teleop_ws/src/teleop_robot_bridge/install/teleop_robot_bridge/include/teleop_robot_bridge/teleop_robot_bridge/msg/detail/upper_body_device_state__rosidl_typesupport_fastrtps_c.h
[5.199s] -- Up-to-date: /home/eierobot/ROS/teleop_ws/src/teleop_robot_bridge/install/teleop_robot_bridge/include/teleop_robot_bridge/teleop_robot_bridge/msg/detail/temperature__rosidl_typesupport_fastrtps_c.h
[5.199s] -- Up-to-date: /home/eierobot/ROS/teleop_ws/src/teleop_robot_bridge/install/teleop_robot_bridge/include/teleop_robot_bridge/teleop_robot_bridge/msg/detail/head_motion_ctrl__rosidl_typesupport_fastrtps_c.h
[5.199s] -- Up-to-date: /home/eierobot/ROS/teleop_ws/src/teleop_robot_bridge/install/teleop_robot_bridge/include/teleop_robot_bridge/teleop_robot_bridge/msg/detail/waist_joint_command__rosidl_typesupport_fastrtps_c.h
[5.199s] -- Up-to-date: /home/eierobot/ROS/teleop_ws/src/teleop_robot_bridge/install/teleop_robot_bridge/lib/libteleop_robot_bridge__rosidl_typesupport_fastrtps_c.so
[5.199s] -- Up-to-date: /home/eierobot/ROS/teleop_ws/src/teleop_robot_bridge/install/teleop_robot_bridge/include/teleop_robot_bridge/teleop_robot_bridge
[5.199s] -- Up-to-date: /home/eierobot/ROS/teleop_ws/src/teleop_robot_bridge/install/teleop_robot_bridge/include/teleop_robot_bridge/teleop_robot_bridge/msg
[5.200s] -- Up-to-date: /home/eierobot/ROS/teleop_ws/src/teleop_robot_bridge/install/teleop_robot_bridge/include/teleop_robot_bridge/teleop_robot_bridge/msg/rosidl_typesupport_introspection_c__visibility_control.h
[5.200s] -- Up-to-date: /home/eierobot/ROS/teleop_ws/src/teleop_robot_bridge/install/teleop_robot_bridge/include/teleop_robot_bridge/teleop_robot_bridge/msg/detail
[5.200s] -- Up-to-date: /home/eierobot/ROS/teleop_ws/src/teleop_robot_bridge/install/teleop_robot_bridge/include/teleop_robot_bridge/teleop_robot_bridge/msg/detail/upper_body_device_state__rosidl_typesupport_introspection_c.h
[5.200s] -- Up-to-date: /home/eierobot/ROS/teleop_ws/src/teleop_robot_bridge/install/teleop_robot_bridge/include/teleop_robot_bridge/teleop_robot_bridge/msg/detail/waist_motion_ctrl__rosidl_typesupport_introspection_c.h
[5.200s] -- Up-to-date: /home/eierobot/ROS/teleop_ws/src/teleop_robot_bridge/install/teleop_robot_bridge/include/teleop_robot_bridge/teleop_robot_bridge/msg/detail/single_gripper_move__rosidl_typesupport_introspection_c.h
[5.200s] -- Up-to-date: /home/eierobot/ROS/teleop_ws/src/teleop_robot_bridge/install/teleop_robot_bridge/include/teleop_robot_bridge/teleop_robot_bridge/msg/detail/head_joint_feedback__rosidl_typesupport_introspection_c.h
[5.200s] -- Up-to-date: /home/eierobot/ROS/teleop_ws/src/teleop_robot_bridge/install/teleop_robot_bridge/include/teleop_robot_bridge/teleop_robot_bridge/msg/detail/head_joint_command__rosidl_typesupport_introspection_c.h
[5.200s] -- Installing: /home/eierobot/ROS/teleop_ws/src/teleop_robot_bridge/install/teleop_robot_bridge/include/teleop_robot_bridge/teleop_robot_bridge/msg/detail/agv_battery_state__type_support.c
[5.200s] -- Installing: /home/eierobot/ROS/teleop_ws/src/teleop_robot_bridge/install/teleop_robot_bridge/include/teleop_robot_bridge/teleop_robot_bridge/msg/detail/hand_tactile__type_support.c
[5.201s] -- Installing: /home/eierobot/ROS/teleop_ws/src/teleop_robot_bridge/install/teleop_robot_bridge/include/teleop_robot_bridge/teleop_robot_bridge/msg/detail/waist_tcp_command__type_support.c
[5.201s] -- Installing: /home/eierobot/ROS/teleop_ws/src/teleop_robot_bridge/install/teleop_robot_bridge/include/teleop_robot_bridge/teleop_robot_bridge/msg/detail/waist_joint_command__type_support.c
[5.201s] -- Up-to-date: /home/eierobot/ROS/teleop_ws/src/teleop_robot_bridge/install/teleop_robot_bridge/include/teleop_robot_bridge/teleop_robot_bridge/msg/detail/arm_joint_command__rosidl_typesupport_introspection_c.h
[5.201s] -- Installing: /home/eierobot/ROS/teleop_ws/src/teleop_robot_bridge/install/teleop_robot_bridge/include/teleop_robot_bridge/teleop_robot_bridge/msg/detail/agv_joint_status__type_support.c
[5.201s] -- Up-to-date: /home/eierobot/ROS/teleop_ws/src/teleop_robot_bridge/install/teleop_robot_bridge/include/teleop_robot_bridge/teleop_robot_bridge/msg/detail/single_device_state__rosidl_typesupport_introspection_c.h
[5.201s] -- Up-to-date: /home/eierobot/ROS/teleop_ws/src/teleop_robot_bridge/install/teleop_robot_bridge/include/teleop_robot_bridge/teleop_robot_bridge/msg/detail/joy_state__rosidl_typesupport_introspection_c.h
[5.201s] -- Installing: /home/eierobot/ROS/teleop_ws/src/teleop_robot_bridge/install/teleop_robot_bridge/include/teleop_robot_bridge/teleop_robot_bridge/msg/detail/arm_motion_ctrl__type_support.c
[5.201s] -- Up-to-date: /home/eierobot/ROS/teleop_ws/src/teleop_robot_bridge/install/teleop_robot_bridge/include/teleop_robot_bridge/teleop_robot_bridge/msg/detail/agv_vel__rosidl_typesupport_introspection_c.h
[5.202s] -- Up-to-date: /home/eierobot/ROS/teleop_ws/src/teleop_robot_bridge/install/teleop_robot_bridge/include/teleop_robot_bridge/teleop_robot_bridge/msg/detail/arm_joint_status__rosidl_typesupport_introspection_c.h
[5.202s] -- Installing: /home/eierobot/ROS/teleop_ws/src/teleop_robot_bridge/install/teleop_robot_bridge/include/teleop_robot_bridge/teleop_robot_bridge/msg/detail/agv_cmd_vel__type_support.c
[5.202s] -- Installing: /home/eierobot/ROS/teleop_ws/src/teleop_robot_bridge/install/teleop_robot_bridge/include/teleop_robot_bridge/teleop_robot_bridge/msg/detail/agv_vda5050_state__type_support.c
[5.202s] -- Up-to-date: /home/eierobot/ROS/teleop_ws/src/teleop_robot_bridge/install/teleop_robot_bridge/include/teleop_robot_bridge/teleop_robot_bridge/msg/detail/head_joint_status__rosidl_typesupport_introspection_c.h
[5.202s] -- Up-to-date: /home/eierobot/ROS/teleop_ws/src/teleop_robot_bridge/install/teleop_robot_bridge/include/teleop_robot_bridge/teleop_robot_bridge/msg/detail/gripper_tactile__rosidl_typesupport_introspection_c.h
[5.202s] -- Up-to-date: /home/eierobot/ROS/teleop_ws/src/teleop_robot_bridge/install/teleop_robot_bridge/include/teleop_robot_bridge/teleop_robot_bridge/msg/detail/agv_joint_feedback__rosidl_typesupport_introspection_c.h
[5.202s] -- Up-to-date: /home/eierobot/ROS/teleop_ws/src/teleop_robot_bridge/install/teleop_robot_bridge/include/teleop_robot_bridge/teleop_robot_bridge/msg/detail/gripper_status__rosidl_typesupport_introspection_c.h
[5.202s] -- Up-to-date: /home/eierobot/ROS/teleop_ws/src/teleop_robot_bridge/install/teleop_robot_bridge/include/teleop_robot_bridge/teleop_robot_bridge/msg/detail/single_gripper_status__rosidl_typesupport_introspection_c.h
[5.203s] -- Installing: /home/eierobot/ROS/teleop_ws/src/teleop_robot_bridge/install/teleop_robot_bridge/include/teleop_robot_bridge/teleop_robot_bridge/msg/detail/head_joint_status__type_support.c
[5.203s] -- Installing: /home/eierobot/ROS/teleop_ws/src/teleop_robot_bridge/install/teleop_robot_bridge/include/teleop_robot_bridge/teleop_robot_bridge/msg/detail/head_motion_ctrl__type_support.c
[5.203s] -- Up-to-date: /home/eierobot/ROS/teleop_ws/src/teleop_robot_bridge/install/teleop_robot_bridge/include/teleop_robot_bridge/teleop_robot_bridge/msg/detail/arm_joint_feedback__rosidl_typesupport_introspection_c.h
[5.203s] -- Up-to-date: /home/eierobot/ROS/teleop_ws/src/teleop_robot_bridge/install/teleop_robot_bridge/include/teleop_robot_bridge/teleop_robot_bridge/msg/detail/waist_joint_feedback__rosidl_typesupport_introspection_c.h
[5.203s] -- Installing: /home/eierobot/ROS/teleop_ws/src/teleop_robot_bridge/install/teleop_robot_bridge/include/teleop_robot_bridge/teleop_robot_bridge/msg/detail/agv_motion_ctrl__type_support.c
[5.203s] -- Installing: /home/eierobot/ROS/teleop_ws/src/teleop_robot_bridge/install/teleop_robot_bridge/include/teleop_robot_bridge/teleop_robot_bridge/msg/detail/gripper_status__type_support.c
[5.203s] -- Up-to-date: /home/eierobot/ROS/teleop_ws/src/teleop_robot_bridge/install/teleop_robot_bridge/include/teleop_robot_bridge/teleop_robot_bridge/msg/detail/ee_tcp_command__rosidl_typesupport_introspection_c.h
[5.203s] -- Up-to-date: /home/eierobot/ROS/teleop_ws/src/teleop_robot_bridge/install/teleop_robot_bridge/include/teleop_robot_bridge/teleop_robot_bridge/msg/detail/agv_cmd_vel__rosidl_typesupport_introspection_c.h
[5.203s] -- Up-to-date: /home/eierobot/ROS/teleop_ws/src/teleop_robot_bridge/install/teleop_robot_bridge/include/teleop_robot_bridge/teleop_robot_bridge/msg/detail/waist_joint_command__rosidl_typesupport_introspection_c.h
[5.204s] -- Installing: /home/eierobot/ROS/teleop_ws/src/teleop_robot_bridge/install/teleop_robot_bridge/include/teleop_robot_bridge/teleop_robot_bridge/msg/detail/temperature__type_support.c
[5.204s] -- Installing: /home/eierobot/ROS/teleop_ws/src/teleop_robot_bridge/install/teleop_robot_bridge/include/teleop_robot_bridge/teleop_robot_bridge/msg/detail/single_gripper_status__type_support.c
[5.204s] -- Installing: /home/eierobot/ROS/teleop_ws/src/teleop_robot_bridge/install/teleop_robot_bridge/include/teleop_robot_bridge/teleop_robot_bridge/msg/detail/joy_state__type_support.c
[5.204s] -- Installing: /home/eierobot/ROS/teleop_ws/src/teleop_robot_bridge/install/teleop_robot_bridge/include/teleop_robot_bridge/teleop_robot_bridge/msg/detail/arm_joint_status__type_support.c
[5.204s] -- Installing: /home/eierobot/ROS/teleop_ws/src/teleop_robot_bridge/install/teleop_robot_bridge/include/teleop_robot_bridge/teleop_robot_bridge/msg/detail/gripper_move__type_support.c
[5.204s] -- Up-to-date: /home/eierobot/ROS/teleop_ws/src/teleop_robot_bridge/install/teleop_robot_bridge/include/teleop_robot_bridge/teleop_robot_bridge/msg/detail/waist_joint_status__rosidl_typesupport_introspection_c.h
[5.204s] -- Up-to-date: /home/eierobot/ROS/teleop_ws/src/teleop_robot_bridge/install/teleop_robot_bridge/include/teleop_robot_bridge/teleop_robot_bridge/msg/detail/agv_vda5050_state__rosidl_typesupport_introspection_c.h
[5.204s] -- Installing: /home/eierobot/ROS/teleop_ws/src/teleop_robot_bridge/install/teleop_robot_bridge/include/teleop_robot_bridge/teleop_robot_bridge/msg/detail/ee_tcp_command__type_support.c
[5.204s] -- Installing: /home/eierobot/ROS/teleop_ws/src/teleop_robot_bridge/install/teleop_robot_bridge/include/teleop_robot_bridge/teleop_robot_bridge/msg/detail/agv_device_state__type_support.c
[5.204s] -- Up-to-date: /home/eierobot/ROS/teleop_ws/src/teleop_robot_bridge/install/teleop_robot_bridge/include/teleop_robot_bridge/teleop_robot_bridge/msg/detail/waist_tcp_command__rosidl_typesupport_introspection_c.h
[5.205s] -- Installing: /home/eierobot/ROS/teleop_ws/src/teleop_robot_bridge/install/teleop_robot_bridge/include/teleop_robot_bridge/teleop_robot_bridge/msg/detail/arm_joint_feedback__type_support.c
[5.205s] -- Up-to-date: /home/eierobot/ROS/teleop_ws/src/teleop_robot_bridge/install/teleop_robot_bridge/include/teleop_robot_bridge/teleop_robot_bridge/msg/detail/hand_tactile__rosidl_typesupport_introspection_c.h
[5.205s] -- Up-to-date: /home/eierobot/ROS/teleop_ws/src/teleop_robot_bridge/install/teleop_robot_bridge/include/teleop_robot_bridge/teleop_robot_bridge/msg/detail/arm_motion_ctrl__rosidl_typesupport_introspection_c.h
[5.205s] -- Up-to-date: /home/eierobot/ROS/teleop_ws/src/teleop_robot_bridge/install/teleop_robot_bridge/include/teleop_robot_bridge/teleop_robot_bridge/msg/detail/agv_joint_status__rosidl_typesupport_introspection_c.h
[5.205s] -- Installing: /home/eierobot/ROS/teleop_ws/src/teleop_robot_bridge/install/teleop_robot_bridge/include/teleop_robot_bridge/teleop_robot_bridge/msg/detail/agv_imu__type_support.c
[5.205s] -- Installing: /home/eierobot/ROS/teleop_ws/src/teleop_robot_bridge/install/teleop_robot_bridge/include/teleop_robot_bridge/teleop_robot_bridge/msg/detail/single_gripper_move__type_support.c
[5.205s] -- Installing: /home/eierobot/ROS/teleop_ws/src/teleop_robot_bridge/install/teleop_robot_bridge/include/teleop_robot_bridge/teleop_robot_bridge/msg/detail/upper_body_device_state__type_support.c
[5.205s] -- Installing: /home/eierobot/ROS/teleop_ws/src/teleop_robot_bridge/install/teleop_robot_bridge/include/teleop_robot_bridge/teleop_robot_bridge/msg/detail/joint_status__type_support.c
[5.205s] -- Installing: /home/eierobot/ROS/teleop_ws/src/teleop_robot_bridge/install/teleop_robot_bridge/include/teleop_robot_bridge/teleop_robot_bridge/msg/detail/gripper_tactile__type_support.c
[5.206s] -- Installing: /home/eierobot/ROS/teleop_ws/src/teleop_robot_bridge/install/teleop_robot_bridge/include/teleop_robot_bridge/teleop_robot_bridge/msg/detail/single_device_state__type_support.c
[5.206s] -- Up-to-date: /home/eierobot/ROS/teleop_ws/src/teleop_robot_bridge/install/teleop_robot_bridge/include/teleop_robot_bridge/teleop_robot_bridge/msg/detail/head_motion_ctrl__rosidl_typesupport_introspection_c.h
[5.206s] -- Up-to-date: /home/eierobot/ROS/teleop_ws/src/teleop_robot_bridge/install/teleop_robot_bridge/include/teleop_robot_bridge/teleop_robot_bridge/msg/detail/agv_battery_state__rosidl_typesupport_introspection_c.h
[5.206s] -- Installing: /home/eierobot/ROS/teleop_ws/src/teleop_robot_bridge/install/teleop_robot_bridge/include/teleop_robot_bridge/teleop_robot_bridge/msg/detail/gripper_device_state__type_support.c
[5.206s] -- Installing: /home/eierobot/ROS/teleop_ws/src/teleop_robot_bridge/install/teleop_robot_bridge/include/teleop_robot_bridge/teleop_robot_bridge/msg/detail/agv_vel__type_support.c
[5.206s] -- Installing: /home/eierobot/ROS/teleop_ws/src/teleop_robot_bridge/install/teleop_robot_bridge/include/teleop_robot_bridge/teleop_robot_bridge/msg/detail/arm_joint_command__type_support.c
[5.206s] -- Up-to-date: /home/eierobot/ROS/teleop_ws/src/teleop_robot_bridge/install/teleop_robot_bridge/include/teleop_robot_bridge/teleop_robot_bridge/msg/detail/gripper_device_state__rosidl_typesupport_introspection_c.h
[5.206s] -- Up-to-date: /home/eierobot/ROS/teleop_ws/src/teleop_robot_bridge/install/teleop_robot_bridge/include/teleop_robot_bridge/teleop_robot_bridge/msg/detail/joint_status__rosidl_typesupport_introspection_c.h
[5.206s] -- Up-to-date: /home/eierobot/ROS/teleop_ws/src/teleop_robot_bridge/install/teleop_robot_bridge/include/teleop_robot_bridge/teleop_robot_bridge/msg/detail/agv_device_state__rosidl_typesupport_introspection_c.h
[5.207s] -- Up-to-date: /home/eierobot/ROS/teleop_ws/src/teleop_robot_bridge/install/teleop_robot_bridge/include/teleop_robot_bridge/teleop_robot_bridge/msg/detail/temperature__rosidl_typesupport_introspection_c.h
[5.207s] -- Up-to-date: /home/eierobot/ROS/teleop_ws/src/teleop_robot_bridge/install/teleop_robot_bridge/include/teleop_robot_bridge/teleop_robot_bridge/msg/detail/agv_imu__rosidl_typesupport_introspection_c.h
[5.207s] -- Installing: /home/eierobot/ROS/teleop_ws/src/teleop_robot_bridge/install/teleop_robot_bridge/include/teleop_robot_bridge/teleop_robot_bridge/msg/detail/agv_ultrasonic__type_support.c
[5.207s] -- Installing: /home/eierobot/ROS/teleop_ws/src/teleop_robot_bridge/install/teleop_robot_bridge/include/teleop_robot_bridge/teleop_robot_bridge/msg/detail/head_joint_feedback__type_support.c
[5.207s] -- Installing: /home/eierobot/ROS/teleop_ws/src/teleop_robot_bridge/install/teleop_robot_bridge/include/teleop_robot_bridge/teleop_robot_bridge/msg/detail/waist_joint_status__type_support.c
[5.207s] -- Installing: /home/eierobot/ROS/teleop_ws/src/teleop_robot_bridge/install/teleop_robot_bridge/include/teleop_robot_bridge/teleop_robot_bridge/msg/detail/waist_joint_feedback__type_support.c
[5.207s] -- Up-to-date: /home/eierobot/ROS/teleop_ws/src/teleop_robot_bridge/install/teleop_robot_bridge/include/teleop_robot_bridge/teleop_robot_bridge/msg/detail/agv_ultrasonic__rosidl_typesupport_introspection_c.h
[5.207s] -- Installing: /home/eierobot/ROS/teleop_ws/src/teleop_robot_bridge/install/teleop_robot_bridge/include/teleop_robot_bridge/teleop_robot_bridge/msg/detail/head_joint_command__type_support.c
[5.207s] -- Installing: /home/eierobot/ROS/teleop_ws/src/teleop_robot_bridge/install/teleop_robot_bridge/include/teleop_robot_bridge/teleop_robot_bridge/msg/detail/agv_joint_feedback__type_support.c
[5.207s] -- Up-to-date: /home/eierobot/ROS/teleop_ws/src/teleop_robot_bridge/install/teleop_robot_bridge/include/teleop_robot_bridge/teleop_robot_bridge/msg/detail/gripper_move__rosidl_typesupport_introspection_c.h
[5.208s] -- Installing: /home/eierobot/ROS/teleop_ws/src/teleop_robot_bridge/install/teleop_robot_bridge/include/teleop_robot_bridge/teleop_robot_bridge/msg/detail/waist_motion_ctrl__type_support.c
[5.208s] -- Up-to-date: /home/eierobot/ROS/teleop_ws/src/teleop_robot_bridge/install/teleop_robot_bridge/include/teleop_robot_bridge/teleop_robot_bridge/msg/detail/agv_motion_ctrl__rosidl_typesupport_introspection_c.h
[5.208s] -- Up-to-date: /home/eierobot/ROS/teleop_ws/src/teleop_robot_bridge/install/teleop_robot_bridge/lib/libteleop_robot_bridge__rosidl_typesupport_introspection_c.so
[5.208s] -- Up-to-date: /home/eierobot/ROS/teleop_ws/src/teleop_robot_bridge/install/teleop_robot_bridge/lib/libteleop_robot_bridge__rosidl_typesupport_c.so
[5.208s] -- Up-to-date: /home/eierobot/ROS/teleop_ws/src/teleop_robot_bridge/install/teleop_robot_bridge/include/teleop_robot_bridge/teleop_robot_bridge
[5.208s] -- Up-to-date: /home/eierobot/ROS/teleop_ws/src/teleop_robot_bridge/install/teleop_robot_bridge/include/teleop_robot_bridge/teleop_robot_bridge/msg
[5.208s] -- Up-to-date: /home/eierobot/ROS/teleop_ws/src/teleop_robot_bridge/install/teleop_robot_bridge/include/teleop_robot_bridge/teleop_robot_bridge/msg/gripper_move.hpp
[5.208s] -- Up-to-date: /home/eierobot/ROS/teleop_ws/src/teleop_robot_bridge/install/teleop_robot_bridge/include/teleop_robot_bridge/teleop_robot_bridge/msg/arm_joint_command.hpp
[5.209s] -- Up-to-date: /home/eierobot/ROS/teleop_ws/src/teleop_robot_bridge/install/teleop_robot_bridge/include/teleop_robot_bridge/teleop_robot_bridge/msg/ee_tcp_command.hpp
[5.209s] -- Up-to-date: /home/eierobot/ROS/teleop_ws/src/teleop_robot_bridge/install/teleop_robot_bridge/include/teleop_robot_bridge/teleop_robot_bridge/msg/head_joint_feedback.hpp
[5.209s] -- Up-to-date: /home/eierobot/ROS/teleop_ws/src/teleop_robot_bridge/install/teleop_robot_bridge/include/teleop_robot_bridge/teleop_robot_bridge/msg/arm_joint_status.hpp
[5.209s] -- Up-to-date: /home/eierobot/ROS/teleop_ws/src/teleop_robot_bridge/install/teleop_robot_bridge/include/teleop_robot_bridge/teleop_robot_bridge/msg/agv_vda5050_state.hpp
[5.209s] -- Up-to-date: /home/eierobot/ROS/teleop_ws/src/teleop_robot_bridge/install/teleop_robot_bridge/include/teleop_robot_bridge/teleop_robot_bridge/msg/agv_ultrasonic.hpp
[5.209s] -- Up-to-date: /home/eierobot/ROS/teleop_ws/src/teleop_robot_bridge/install/teleop_robot_bridge/include/teleop_robot_bridge/teleop_robot_bridge/msg/waist_tcp_command.hpp
[5.209s] -- Up-to-date: /home/eierobot/ROS/teleop_ws/src/teleop_robot_bridge/install/teleop_robot_bridge/include/teleop_robot_bridge/teleop_robot_bridge/msg/waist_joint_status.hpp
[5.209s] -- Up-to-date: /home/eierobot/ROS/teleop_ws/src/teleop_robot_bridge/install/teleop_robot_bridge/include/teleop_robot_bridge/teleop_robot_bridge/msg/single_device_state.hpp
[5.209s] -- Up-to-date: /home/eierobot/ROS/teleop_ws/src/teleop_robot_bridge/install/teleop_robot_bridge/include/teleop_robot_bridge/teleop_robot_bridge/msg/upper_body_device_state.hpp
[5.209s] -- Up-to-date: /home/eierobot/ROS/teleop_ws/src/teleop_robot_bridge/install/teleop_robot_bridge/include/teleop_robot_bridge/teleop_robot_bridge/msg/head_joint_status.hpp
[5.210s] -- Up-to-date: /home/eierobot/ROS/teleop_ws/src/teleop_robot_bridge/install/teleop_robot_bridge/include/teleop_robot_bridge/teleop_robot_bridge/msg/agv_vel.hpp
[5.210s] -- Up-to-date: /home/eierobot/ROS/teleop_ws/src/teleop_robot_bridge/install/teleop_robot_bridge/include/teleop_robot_bridge/teleop_robot_bridge/msg/waist_motion_ctrl.hpp
[5.210s] -- Up-to-date: /home/eierobot/ROS/teleop_ws/src/teleop_robot_bridge/install/teleop_robot_bridge/include/teleop_robot_bridge/teleop_robot_bridge/msg/head_motion_ctrl.hpp
[5.210s] -- Up-to-date: /home/eierobot/ROS/teleop_ws/src/teleop_robot_bridge/install/teleop_robot_bridge/include/teleop_robot_bridge/teleop_robot_bridge/msg/gripper_device_state.hpp
[5.210s] -- Up-to-date: /home/eierobot/ROS/teleop_ws/src/teleop_robot_bridge/install/teleop_robot_bridge/include/teleop_robot_bridge/teleop_robot_bridge/msg/single_gripper_move.hpp
[5.210s] -- Up-to-date: /home/eierobot/ROS/teleop_ws/src/teleop_robot_bridge/install/teleop_robot_bridge/include/teleop_robot_bridge/teleop_robot_bridge/msg/agv_cmd_vel.hpp
[5.210s] -- Up-to-date: /home/eierobot/ROS/teleop_ws/src/teleop_robot_bridge/install/teleop_robot_bridge/include/teleop_robot_bridge/teleop_robot_bridge/msg/arm_joint_feedback.hpp
[5.210s] -- Up-to-date: /home/eierobot/ROS/teleop_ws/src/teleop_robot_bridge/install/teleop_robot_bridge/include/teleop_robot_bridge/teleop_robot_bridge/msg/agv_imu.hpp
[5.210s] -- Up-to-date: /home/eierobot/ROS/teleop_ws/src/teleop_robot_bridge/install/teleop_robot_bridge/include/teleop_robot_bridge/teleop_robot_bridge/msg/head_joint_command.hpp
[5.211s] -- Up-to-date: /home/eierobot/ROS/teleop_ws/src/teleop_robot_bridge/install/teleop_robot_bridge/include/teleop_robot_bridge/teleop_robot_bridge/msg/arm_motion_ctrl.hpp
[5.211s] -- Up-to-date: /home/eierobot/ROS/teleop_ws/src/teleop_robot_bridge/install/teleop_robot_bridge/include/teleop_robot_bridge/teleop_robot_bridge/msg/hand_tactile.hpp
[5.211s] -- Up-to-date: /home/eierobot/ROS/teleop_ws/src/teleop_robot_bridge/install/teleop_robot_bridge/include/teleop_robot_bridge/teleop_robot_bridge/msg/joint_status.hpp
[5.211s] -- Up-to-date: /home/eierobot/ROS/teleop_ws/src/teleop_robot_bridge/install/teleop_robot_bridge/include/teleop_robot_bridge/teleop_robot_bridge/msg/gripper_status.hpp
[5.211s] -- Up-to-date: /home/eierobot/ROS/teleop_ws/src/teleop_robot_bridge/install/teleop_robot_bridge/include/teleop_robot_bridge/teleop_robot_bridge/msg/joy_state.hpp
[5.211s] -- Up-to-date: /home/eierobot/ROS/teleop_ws/src/teleop_robot_bridge/install/teleop_robot_bridge/include/teleop_robot_bridge/teleop_robot_bridge/msg/detail
[5.211s] -- Up-to-date: /home/eierobot/ROS/teleop_ws/src/teleop_robot_bridge/install/teleop_robot_bridge/include/teleop_robot_bridge/teleop_robot_bridge/msg/detail/head_joint_command__builder.hpp
[5.211s] -- Up-to-date: /home/eierobot/ROS/teleop_ws/src/teleop_robot_bridge/install/teleop_robot_bridge/include/teleop_robot_bridge/teleop_robot_bridge/msg/detail/agv_joint_status__builder.hpp
[5.212s] -- Up-to-date: /home/eierobot/ROS/teleop_ws/src/teleop_robot_bridge/install/teleop_robot_bridge/include/teleop_robot_bridge/teleop_robot_bridge/msg/detail/hand_tactile__struct.hpp
[5.212s] -- Up-to-date: /home/eierobot/ROS/teleop_ws/src/teleop_robot_bridge/install/teleop_robot_bridge/include/teleop_robot_bridge/teleop_robot_bridge/msg/detail/joint_status__type_support.hpp
[5.212s] -- Up-to-date: /home/eierobot/ROS/teleop_ws/src/teleop_robot_bridge/install/teleop_robot_bridge/include/teleop_robot_bridge/teleop_robot_bridge/msg/detail/arm_joint_feedback__traits.hpp
[5.212s] -- Up-to-date: /home/eierobot/ROS/teleop_ws/src/teleop_robot_bridge/install/teleop_robot_bridge/include/teleop_robot_bridge/teleop_robot_bridge/msg/detail/agv_imu__traits.hpp
[5.212s] -- Up-to-date: /home/eierobot/ROS/teleop_ws/src/teleop_robot_bridge/install/teleop_robot_bridge/include/teleop_robot_bridge/teleop_robot_bridge/msg/detail/agv_battery_state__builder.hpp
[5.212s] -- Up-to-date: /home/eierobot/ROS/teleop_ws/src/teleop_robot_bridge/install/teleop_robot_bridge/include/teleop_robot_bridge/teleop_robot_bridge/msg/detail/agv_joint_status__traits.hpp
[5.212s] -- Up-to-date: /home/eierobot/ROS/teleop_ws/src/teleop_robot_bridge/install/teleop_robot_bridge/include/teleop_robot_bridge/teleop_robot_bridge/msg/detail/joy_state__type_support.hpp
[5.212s] -- Up-to-date: /home/eierobot/ROS/teleop_ws/src/teleop_robot_bridge/install/teleop_robot_bridge/include/teleop_robot_bridge/teleop_robot_bridge/msg/detail/agv_motion_ctrl__builder.hpp
[5.212s] -- Up-to-date: /home/eierobot/ROS/teleop_ws/src/teleop_robot_bridge/install/teleop_robot_bridge/include/teleop_robot_bridge/teleop_robot_bridge/msg/detail/head_joint_feedback__type_support.hpp
[5.213s] -- Up-to-date: /home/eierobot/ROS/teleop_ws/src/teleop_robot_bridge/install/teleop_robot_bridge/include/teleop_robot_bridge/teleop_robot_bridge/msg/detail/gripper_status__builder.hpp
[5.213s] -- Up-to-date: /home/eierobot/ROS/teleop_ws/src/teleop_robot_bridge/install/teleop_robot_bridge/include/teleop_robot_bridge/teleop_robot_bridge/msg/detail/gripper_tactile__struct.hpp
[5.213s] -- Up-to-date: /home/eierobot/ROS/teleop_ws/src/teleop_robot_bridge/install/teleop_robot_bridge/include/teleop_robot_bridge/teleop_robot_bridge/msg/detail/head_motion_ctrl__builder.hpp
[5.213s] -- Up-to-date: /home/eierobot/ROS/teleop_ws/src/teleop_robot_bridge/install/teleop_robot_bridge/include/teleop_robot_bridge/teleop_robot_bridge/msg/detail/head_joint_command__struct.hpp
[5.213s] -- Up-to-date: /home/eierobot/ROS/teleop_ws/src/teleop_robot_bridge/install/teleop_robot_bridge/include/teleop_robot_bridge/teleop_robot_bridge/msg/detail/arm_motion_ctrl__struct.hpp
[5.213s] -- Up-to-date: /home/eierobot/ROS/teleop_ws/src/teleop_robot_bridge/install/teleop_robot_bridge/include/teleop_robot_bridge/teleop_robot_bridge/msg/detail/waist_joint_status__struct.hpp
[5.213s] -- Up-to-date: /home/eierobot/ROS/teleop_ws/src/teleop_robot_bridge/install/teleop_robot_bridge/include/teleop_robot_bridge/teleop_robot_bridge/msg/detail/head_joint_status__type_support.hpp
[5.213s] -- Up-to-date: /home/eierobot/ROS/teleop_ws/src/teleop_robot_bridge/install/teleop_robot_bridge/include/teleop_robot_bridge/teleop_robot_bridge/msg/detail/agv_imu__builder.hpp
[5.214s] -- Up-to-date: /home/eierobot/ROS/teleop_ws/src/teleop_robot_bridge/install/teleop_robot_bridge/include/teleop_robot_bridge/teleop_robot_bridge/msg/detail/single_gripper_status__traits.hpp
[5.214s] -- Up-to-date: /home/eierobot/ROS/teleop_ws/src/teleop_robot_bridge/install/teleop_robot_bridge/include/teleop_robot_bridge/teleop_robot_bridge/msg/detail/arm_joint_command__type_support.hpp
[5.214s] -- Up-to-date: /home/eierobot/ROS/teleop_ws/src/teleop_robot_bridge/install/teleop_robot_bridge/include/teleop_robot_bridge/teleop_robot_bridge/msg/detail/temperature__type_support.hpp
[5.214s] -- Up-to-date: /home/eierobot/ROS/teleop_ws/src/teleop_robot_bridge/install/teleop_robot_bridge/include/teleop_robot_bridge/teleop_robot_bridge/msg/detail/hand_tactile__type_support.hpp
[5.214s] -- Up-to-date: /home/eierobot/ROS/teleop_ws/src/teleop_robot_bridge/install/teleop_robot_bridge/include/teleop_robot_bridge/teleop_robot_bridge/msg/detail/agv_battery_state__traits.hpp
[5.214s] -- Up-to-date: /home/eierobot/ROS/teleop_ws/src/teleop_robot_bridge/install/teleop_robot_bridge/include/teleop_robot_bridge/teleop_robot_bridge/msg/detail/head_joint_command__traits.hpp
[5.214s] -- Up-to-date: /home/eierobot/ROS/teleop_ws/src/teleop_robot_bridge/install/teleop_robot_bridge/include/teleop_robot_bridge/teleop_robot_bridge/msg/detail/waist_joint_feedback__builder.hpp
[5.214s] -- Up-to-date: /home/eierobot/ROS/teleop_ws/src/teleop_robot_bridge/install/teleop_robot_bridge/include/teleop_robot_bridge/teleop_robot_bridge/msg/detail/agv_vda5050_state__traits.hpp
[5.214s] -- Up-to-date: /home/eierobot/ROS/teleop_ws/src/teleop_robot_bridge/install/teleop_robot_bridge/include/teleop_robot_bridge/teleop_robot_bridge/msg/detail/gripper_move__builder.hpp
[5.215s] -- Up-to-date: /home/eierobot/ROS/teleop_ws/src/teleop_robot_bridge/install/teleop_robot_bridge/include/teleop_robot_bridge/teleop_robot_bridge/msg/detail/single_device_state__struct.hpp
[5.215s] -- Up-to-date: /home/eierobot/ROS/teleop_ws/src/teleop_robot_bridge/install/teleop_robot_bridge/include/teleop_robot_bridge/teleop_robot_bridge/msg/detail/agv_vda5050_state__type_support.hpp
[5.215s] -- Up-to-date: /home/eierobot/ROS/teleop_ws/src/teleop_robot_bridge/install/teleop_robot_bridge/include/teleop_robot_bridge/teleop_robot_bridge/msg/detail/agv_ultrasonic__struct.hpp
[5.215s] -- Up-to-date: /home/eierobot/ROS/teleop_ws/src/teleop_robot_bridge/install/teleop_robot_bridge/include/teleop_robot_bridge/teleop_robot_bridge/msg/detail/agv_vda5050_state__struct.hpp
[5.215s] -- Up-to-date: /home/eierobot/ROS/teleop_ws/src/teleop_robot_bridge/install/teleop_robot_bridge/include/teleop_robot_bridge/teleop_robot_bridge/msg/detail/waist_motion_ctrl__traits.hpp
[5.215s] -- Up-to-date: /home/eierobot/ROS/teleop_ws/src/teleop_robot_bridge/install/teleop_robot_bridge/include/teleop_robot_bridge/teleop_robot_bridge/msg/detail/agv_cmd_vel__struct.hpp
[5.215s] -- Up-to-date: /home/eierobot/ROS/teleop_ws/src/teleop_robot_bridge/install/teleop_robot_bridge/include/teleop_robot_bridge/teleop_robot_bridge/msg/detail/waist_joint_command__struct.hpp
[5.215s] -- Up-to-date: /home/eierobot/ROS/teleop_ws/src/teleop_robot_bridge/install/teleop_robot_bridge/include/teleop_robot_bridge/teleop_robot_bridge/msg/detail/head_joint_feedback__struct.hpp
[5.216s] -- Up-to-date: /home/eierobot/ROS/teleop_ws/src/teleop_robot_bridge/install/teleop_robot_bridge/include/teleop_robot_bridge/teleop_robot_bridge/msg/detail/agv_joint_feedback__struct.hpp
[5.216s] -- Up-to-date: /home/eierobot/ROS/teleop_ws/src/teleop_robot_bridge/install/teleop_robot_bridge/include/teleop_robot_bridge/teleop_robot_bridge/msg/detail/joy_state__builder.hpp
[5.216s] -- Up-to-date: /home/eierobot/ROS/teleop_ws/src/teleop_robot_bridge/install/teleop_robot_bridge/include/teleop_robot_bridge/teleop_robot_bridge/msg/detail/agv_device_state__traits.hpp
[5.216s] -- Up-to-date: /home/eierobot/ROS/teleop_ws/src/teleop_robot_bridge/install/teleop_robot_bridge/include/teleop_robot_bridge/teleop_robot_bridge/msg/detail/hand_tactile__builder.hpp
[5.216s] -- Up-to-date: /home/eierobot/ROS/teleop_ws/src/teleop_robot_bridge/install/teleop_robot_bridge/include/teleop_robot_bridge/teleop_robot_bridge/msg/detail/ee_tcp_command__builder.hpp
[5.216s] -- Up-to-date: /home/eierobot/ROS/teleop_ws/src/teleop_robot_bridge/install/teleop_robot_bridge/include/teleop_robot_bridge/teleop_robot_bridge/msg/detail/agv_ultrasonic__traits.hpp
[5.216s] -- Up-to-date: /home/eierobot/ROS/teleop_ws/src/teleop_robot_bridge/install/teleop_robot_bridge/include/teleop_robot_bridge/teleop_robot_bridge/msg/detail/upper_body_device_state__traits.hpp
[5.216s] -- Up-to-date: /home/eierobot/ROS/teleop_ws/src/teleop_robot_bridge/install/teleop_robot_bridge/include/teleop_robot_bridge/teleop_robot_bridge/msg/detail/head_joint_status__struct.hpp
[5.216s] -- Up-to-date: /home/eierobot/ROS/teleop_ws/src/teleop_robot_bridge/install/teleop_robot_bridge/include/teleop_robot_bridge/teleop_robot_bridge/msg/detail/gripper_device_state__builder.hpp
[5.217s] -- Up-to-date: /home/eierobot/ROS/teleop_ws/src/teleop_robot_bridge/install/teleop_robot_bridge/include/teleop_robot_bridge/teleop_robot_bridge/msg/detail/arm_joint_feedback__builder.hpp
[5.217s] -- Up-to-date: /home/eierobot/ROS/teleop_ws/src/teleop_robot_bridge/install/teleop_robot_bridge/include/teleop_robot_bridge/teleop_robot_bridge/msg/detail/gripper_device_state__traits.hpp
[5.217s] -- Up-to-date: /home/eierobot/ROS/teleop_ws/src/teleop_robot_bridge/install/teleop_robot_bridge/include/teleop_robot_bridge/teleop_robot_bridge/msg/detail/gripper_tactile__builder.hpp
[5.217s] -- Up-to-date: /home/eierobot/ROS/teleop_ws/src/teleop_robot_bridge/install/teleop_robot_bridge/include/teleop_robot_bridge/teleop_robot_bridge/msg/detail/gripper_status__struct.hpp
[5.217s] -- Up-to-date: /home/eierobot/ROS/teleop_ws/src/teleop_robot_bridge/install/teleop_robot_bridge/include/teleop_robot_bridge/teleop_robot_bridge/msg/detail/waist_joint_status__builder.hpp
[5.217s] -- Up-to-date: /home/eierobot/ROS/teleop_ws/src/teleop_robot_bridge/install/teleop_robot_bridge/include/teleop_robot_bridge/teleop_robot_bridge/msg/detail/head_motion_ctrl__struct.hpp
[5.217s] -- Up-to-date: /home/eierobot/ROS/teleop_ws/src/teleop_robot_bridge/install/teleop_robot_bridge/include/teleop_robot_bridge/teleop_robot_bridge/msg/detail/gripper_tactile__traits.hpp
[5.217s] -- Up-to-date: /home/eierobot/ROS/teleop_ws/src/teleop_robot_bridge/install/teleop_robot_bridge/include/teleop_robot_bridge/teleop_robot_bridge/msg/detail/arm_joint_status__builder.hpp
[5.218s] -- Up-to-date: /home/eierobot/ROS/teleop_ws/src/teleop_robot_bridge/install/teleop_robot_bridge/include/teleop_robot_bridge/teleop_robot_bridge/msg/detail/agv_joint_feedback__builder.hpp
[5.218s] -- Up-to-date: /home/eierobot/ROS/teleop_ws/src/teleop_robot_bridge/install/teleop_robot_bridge/include/teleop_robot_bridge/teleop_robot_bridge/msg/detail/arm_joint_status__type_support.hpp
[5.218s] -- Up-to-date: /home/eierobot/ROS/teleop_ws/src/teleop_robot_bridge/install/teleop_robot_bridge/include/teleop_robot_bridge/teleop_robot_bridge/msg/detail/agv_vel__struct.hpp
[5.218s] -- Up-to-date: /home/eierobot/ROS/teleop_ws/src/teleop_robot_bridge/install/teleop_robot_bridge/include/teleop_robot_bridge/teleop_robot_bridge/msg/detail/joint_status__traits.hpp
[5.218s] -- Up-to-date: /home/eierobot/ROS/teleop_ws/src/teleop_robot_bridge/install/teleop_robot_bridge/include/teleop_robot_bridge/teleop_robot_bridge/msg/detail/agv_vda5050_state__builder.hpp
[5.218s] -- Up-to-date: /home/eierobot/ROS/teleop_ws/src/teleop_robot_bridge/install/teleop_robot_bridge/include/teleop_robot_bridge/teleop_robot_bridge/msg/detail/waist_joint_feedback__type_support.hpp
[5.219s] -- Up-to-date: /home/eierobot/ROS/teleop_ws/src/teleop_robot_bridge/install/teleop_robot_bridge/include/teleop_robot_bridge/teleop_robot_bridge/msg/detail/agv_device_state__builder.hpp
[5.219s] -- Up-to-date: /home/eierobot/ROS/teleop_ws/src/teleop_robot_bridge/install/teleop_robot_bridge/include/teleop_robot_bridge/teleop_robot_bridge/msg/detail/arm_joint_command__builder.hpp
[5.219s] -- Up-to-date: /home/eierobot/ROS/teleop_ws/src/teleop_robot_bridge/install/teleop_robot_bridge/include/teleop_robot_bridge/teleop_robot_bridge/msg/detail/head_motion_ctrl__traits.hpp
[5.219s] -- Up-to-date: /home/eierobot/ROS/teleop_ws/src/teleop_robot_bridge/install/teleop_robot_bridge/include/teleop_robot_bridge/teleop_robot_bridge/msg/detail/agv_battery_state__struct.hpp
[5.220s] -- Up-to-date: /home/eierobot/ROS/teleop_ws/src/teleop_robot_bridge/install/teleop_robot_bridge/include/teleop_robot_bridge/teleop_robot_bridge/msg/detail/temperature__struct.hpp
[5.220s] -- Up-to-date: /home/eierobot/ROS/teleop_ws/src/teleop_robot_bridge/install/teleop_robot_bridge/include/teleop_robot_bridge/teleop_robot_bridge/msg/detail/ee_tcp_command__struct.hpp
[5.220s] -- Up-to-date: /home/eierobot/ROS/teleop_ws/src/teleop_robot_bridge/install/teleop_robot_bridge/include/teleop_robot_bridge/teleop_robot_bridge/msg/detail/gripper_device_state__struct.hpp
[5.220s] -- Up-to-date: /home/eierobot/ROS/teleop_ws/src/teleop_robot_bridge/install/teleop_robot_bridge/include/teleop_robot_bridge/teleop_robot_bridge/msg/detail/head_joint_command__type_support.hpp
[5.220s] -- Up-to-date: /home/eierobot/ROS/teleop_ws/src/teleop_robot_bridge/install/teleop_robot_bridge/include/teleop_robot_bridge/teleop_robot_bridge/msg/detail/upper_body_device_state__type_support.hpp
[5.221s] -- Up-to-date: /home/eierobot/ROS/teleop_ws/src/teleop_robot_bridge/install/teleop_robot_bridge/include/teleop_robot_bridge/teleop_robot_bridge/msg/detail/upper_body_device_state__struct.hpp
[5.221s] -- Up-to-date: /home/eierobot/ROS/teleop_ws/src/teleop_robot_bridge/install/teleop_robot_bridge/include/teleop_robot_bridge/teleop_robot_bridge/msg/detail/waist_motion_ctrl__type_support.hpp
[5.221s] -- Up-to-date: /home/eierobot/ROS/teleop_ws/src/teleop_robot_bridge/install/teleop_robot_bridge/include/teleop_robot_bridge/teleop_robot_bridge/msg/detail/single_gripper_move__struct.hpp
[5.221s] -- Up-to-date: /home/eierobot/ROS/teleop_ws/src/teleop_robot_bridge/install/teleop_robot_bridge/include/teleop_robot_bridge/teleop_robot_bridge/msg/detail/agv_vel__builder.hpp
[5.222s] -- Up-to-date: /home/eierobot/ROS/teleop_ws/src/teleop_robot_bridge/install/teleop_robot_bridge/include/teleop_robot_bridge/teleop_robot_bridge/msg/detail/ee_tcp_command__type_support.hpp
[5.222s] -- Up-to-date: /home/eierobot/ROS/teleop_ws/src/teleop_robot_bridge/install/teleop_robot_bridge/include/teleop_robot_bridge/teleop_robot_bridge/msg/detail/waist_joint_feedback__struct.hpp
[5.222s] -- Up-to-date: /home/eierobot/ROS/teleop_ws/src/teleop_robot_bridge/install/teleop_robot_bridge/include/teleop_robot_bridge/teleop_robot_bridge/msg/detail/agv_cmd_vel__builder.hpp
[5.222s] -- Up-to-date: /home/eierobot/ROS/teleop_ws/src/teleop_robot_bridge/install/teleop_robot_bridge/include/teleop_robot_bridge/teleop_robot_bridge/msg/detail/agv_device_state__type_support.hpp
[5.222s] -- Up-to-date: /home/eierobot/ROS/teleop_ws/src/teleop_robot_bridge/install/teleop_robot_bridge/include/teleop_robot_bridge/teleop_robot_bridge/msg/detail/head_joint_feedback__traits.hpp
[5.223s] -- Up-to-date: /home/eierobot/ROS/teleop_ws/src/teleop_robot_bridge/install/teleop_robot_bridge/include/teleop_robot_bridge/teleop_robot_bridge/msg/detail/arm_joint_feedback__type_support.hpp
[5.223s] -- Up-to-date: /home/eierobot/ROS/teleop_ws/src/teleop_robot_bridge/install/teleop_robot_bridge/include/teleop_robot_bridge/teleop_robot_bridge/msg/detail/temperature__traits.hpp
[5.223s] -- Up-to-date: /home/eierobot/ROS/teleop_ws/src/teleop_robot_bridge/install/teleop_robot_bridge/include/teleop_robot_bridge/teleop_robot_bridge/msg/detail/single_gripper_move__builder.hpp
[5.223s] -- Up-to-date: /home/eierobot/ROS/teleop_ws/src/teleop_robot_bridge/install/teleop_robot_bridge/include/teleop_robot_bridge/teleop_robot_bridge/msg/detail/arm_joint_command__traits.hpp
[5.223s] -- Up-to-date: /home/eierobot/ROS/teleop_ws/src/teleop_robot_bridge/install/teleop_robot_bridge/include/teleop_robot_bridge/teleop_robot_bridge/msg/detail/agv_joint_feedback__traits.hpp
[5.224s] -- Up-to-date: /home/eierobot/ROS/teleop_ws/src/teleop_robot_bridge/install/teleop_robot_bridge/include/teleop_robot_bridge/teleop_robot_bridge/msg/detail/agv_battery_state__type_support.hpp
[5.224s] -- Up-to-date: /home/eierobot/ROS/teleop_ws/src/teleop_robot_bridge/install/teleop_robot_bridge/include/teleop_robot_bridge/teleop_robot_bridge/msg/detail/waist_joint_command__type_support.hpp
[5.224s] -- Up-to-date: /home/eierobot/ROS/teleop_ws/src/teleop_robot_bridge/install/teleop_robot_bridge/include/teleop_robot_bridge/teleop_robot_bridge/msg/detail/head_joint_feedback__builder.hpp
[5.224s] -- Up-to-date: /home/eierobot/ROS/teleop_ws/src/teleop_robot_bridge/install/teleop_robot_bridge/include/teleop_robot_bridge/teleop_robot_bridge/msg/detail/single_device_state__builder.hpp
[5.225s] -- Up-to-date: /home/eierobot/ROS/teleop_ws/src/teleop_robot_bridge/install/teleop_robot_bridge/include/teleop_robot_bridge/teleop_robot_bridge/msg/detail/agv_joint_feedback__type_support.hpp
[5.225s] -- Up-to-date: /home/eierobot/ROS/teleop_ws/src/teleop_robot_bridge/install/teleop_robot_bridge/include/teleop_robot_bridge/teleop_robot_bridge/msg/detail/agv_joint_status__struct.hpp
[5.225s] -- Up-to-date: /home/eierobot/ROS/teleop_ws/src/teleop_robot_bridge/install/teleop_robot_bridge/include/teleop_robot_bridge/teleop_robot_bridge/msg/detail/agv_vel__traits.hpp
[5.225s] -- Up-to-date: /home/eierobot/ROS/teleop_ws/src/teleop_robot_bridge/install/teleop_robot_bridge/include/teleop_robot_bridge/teleop_robot_bridge/msg/detail/waist_joint_status__traits.hpp
[5.225s] -- Up-to-date: /home/eierobot/ROS/teleop_ws/src/teleop_robot_bridge/install/teleop_robot_bridge/include/teleop_robot_bridge/teleop_robot_bridge/msg/detail/agv_vel__type_support.hpp
[5.226s] -- Up-to-date: /home/eierobot/ROS/teleop_ws/src/teleop_robot_bridge/install/teleop_robot_bridge/include/teleop_robot_bridge/teleop_robot_bridge/msg/detail/agv_imu__struct.hpp
[5.226s] -- Up-to-date: /home/eierobot/ROS/teleop_ws/src/teleop_robot_bridge/install/teleop_robot_bridge/include/teleop_robot_bridge/teleop_robot_bridge/msg/detail/upper_body_device_state__builder.hpp
[5.226s] -- Up-to-date: /home/eierobot/ROS/teleop_ws/src/teleop_robot_bridge/install/teleop_robot_bridge/include/teleop_robot_bridge/teleop_robot_bridge/msg/detail/gripper_move__struct.hpp
[5.226s] -- Up-to-date: /home/eierobot/ROS/teleop_ws/src/teleop_robot_bridge/install/teleop_robot_bridge/include/teleop_robot_bridge/teleop_robot_bridge/msg/detail/joint_status__builder.hpp
[5.226s] -- Up-to-date: /home/eierobot/ROS/teleop_ws/src/teleop_robot_bridge/install/teleop_robot_bridge/include/teleop_robot_bridge/teleop_robot_bridge/msg/detail/waist_tcp_command__traits.hpp
[5.227s] -- Up-to-date: /home/eierobot/ROS/teleop_ws/src/teleop_robot_bridge/install/teleop_robot_bridge/include/teleop_robot_bridge/teleop_robot_bridge/msg/detail/head_joint_status__builder.hpp
[5.227s] -- Up-to-date: /home/eierobot/ROS/teleop_ws/src/teleop_robot_bridge/install/teleop_robot_bridge/include/teleop_robot_bridge/teleop_robot_bridge/msg/detail/gripper_status__type_support.hpp
[5.227s] -- Up-to-date: /home/eierobot/ROS/teleop_ws/src/teleop_robot_bridge/install/teleop_robot_bridge/include/teleop_robot_bridge/teleop_robot_bridge/msg/detail/agv_imu__type_support.hpp
[5.227s] -- Up-to-date: /home/eierobot/ROS/teleop_ws/src/teleop_robot_bridge/install/teleop_robot_bridge/include/teleop_robot_bridge/teleop_robot_bridge/msg/detail/temperature__builder.hpp
[5.227s] -- Up-to-date: /home/eierobot/ROS/teleop_ws/src/teleop_robot_bridge/install/teleop_robot_bridge/include/teleop_robot_bridge/teleop_robot_bridge/msg/detail/single_gripper_status__builder.hpp
[5.227s] -- Up-to-date: /home/eierobot/ROS/teleop_ws/src/teleop_robot_bridge/install/teleop_robot_bridge/include/teleop_robot_bridge/teleop_robot_bridge/msg/detail/arm_motion_ctrl__builder.hpp
[5.227s] -- Up-to-date: /home/eierobot/ROS/teleop_ws/src/teleop_robot_bridge/install/teleop_robot_bridge/include/teleop_robot_bridge/teleop_robot_bridge/msg/detail/agv_joint_status__type_support.hpp
[5.227s] -- Up-to-date: /home/eierobot/ROS/teleop_ws/src/teleop_robot_bridge/install/teleop_robot_bridge/include/teleop_robot_bridge/teleop_robot_bridge/msg/detail/waist_tcp_command__type_support.hpp
[5.228s] -- Up-to-date: /home/eierobot/ROS/teleop_ws/src/teleop_robot_bridge/install/teleop_robot_bridge/include/teleop_robot_bridge/teleop_robot_bridge/msg/detail/head_joint_status__traits.hpp
[5.228s] -- Up-to-date: /home/eierobot/ROS/teleop_ws/src/teleop_robot_bridge/install/teleop_robot_bridge/include/teleop_robot_bridge/teleop_robot_bridge/msg/detail/agv_cmd_vel__traits.hpp
[5.228s] -- Up-to-date: /home/eierobot/ROS/teleop_ws/src/teleop_robot_bridge/install/teleop_robot_bridge/include/teleop_robot_bridge/teleop_robot_bridge/msg/detail/waist_joint_feedback__traits.hpp
[5.228s] -- Up-to-date: /home/eierobot/ROS/teleop_ws/src/teleop_robot_bridge/install/teleop_robot_bridge/include/teleop_robot_bridge/teleop_robot_bridge/msg/detail/waist_joint_command__builder.hpp
[5.228s] -- Up-to-date: /home/eierobot/ROS/teleop_ws/src/teleop_robot_bridge/install/teleop_robot_bridge/include/teleop_robot_bridge/teleop_robot_bridge/msg/detail/single_gripper_move__type_support.hpp
[5.228s] -- Up-to-date: /home/eierobot/ROS/teleop_ws/src/teleop_robot_bridge/install/teleop_robot_bridge/include/teleop_robot_bridge/teleop_robot_bridge/msg/detail/agv_ultrasonic__type_support.hpp
[5.228s] -- Up-to-date: /home/eierobot/ROS/teleop_ws/src/teleop_robot_bridge/install/teleop_robot_bridge/include/teleop_robot_bridge/teleop_robot_bridge/msg/detail/arm_joint_feedback__struct.hpp
[5.228s] -- Up-to-date: /home/eierobot/ROS/teleop_ws/src/teleop_robot_bridge/install/teleop_robot_bridge/include/teleop_robot_bridge/teleop_robot_bridge/msg/detail/waist_tcp_command__builder.hpp
[5.229s] -- Up-to-date: /home/eierobot/ROS/teleop_ws/src/teleop_robot_bridge/install/teleop_robot_bridge/include/teleop_robot_bridge/teleop_robot_bridge/msg/detail/single_gripper_move__traits.hpp
[5.229s] -- Up-to-date: /home/eierobot/ROS/teleop_ws/src/teleop_robot_bridge/install/teleop_robot_bridge/include/teleop_robot_bridge/teleop_robot_bridge/msg/detail/single_device_state__type_support.hpp
[5.229s] -- Up-to-date: /home/eierobot/ROS/teleop_ws/src/teleop_robot_bridge/install/teleop_robot_bridge/include/teleop_robot_bridge/teleop_robot_bridge/msg/detail/arm_joint_command__struct.hpp
[5.229s] -- Up-to-date: /home/eierobot/ROS/teleop_ws/src/teleop_robot_bridge/install/teleop_robot_bridge/include/teleop_robot_bridge/teleop_robot_bridge/msg/detail/agv_motion_ctrl__type_support.hpp
[5.229s] -- Up-to-date: /home/eierobot/ROS/teleop_ws/src/teleop_robot_bridge/install/teleop_robot_bridge/include/teleop_robot_bridge/teleop_robot_bridge/msg/detail/single_device_state__traits.hpp
[5.229s] -- Up-to-date: /home/eierobot/ROS/teleop_ws/src/teleop_robot_bridge/install/teleop_robot_bridge/include/teleop_robot_bridge/teleop_robot_bridge/msg/detail/agv_motion_ctrl__traits.hpp
[5.229s] -- Up-to-date: /home/eierobot/ROS/teleop_ws/src/teleop_robot_bridge/install/teleop_robot_bridge/include/teleop_robot_bridge/teleop_robot_bridge/msg/detail/head_motion_ctrl__type_support.hpp
[5.229s] -- Up-to-date: /home/eierobot/ROS/teleop_ws/src/teleop_robot_bridge/install/teleop_robot_bridge/include/teleop_robot_bridge/teleop_robot_bridge/msg/detail/agv_ultrasonic__builder.hpp
[5.230s] -- Up-to-date: /home/eierobot/ROS/teleop_ws/src/teleop_robot_bridge/install/teleop_robot_bridge/include/teleop_robot_bridge/teleop_robot_bridge/msg/detail/waist_joint_command__traits.hpp
[5.230s] -- Up-to-date: /home/eierobot/ROS/teleop_ws/src/teleop_robot_bridge/install/teleop_robot_bridge/include/teleop_robot_bridge/teleop_robot_bridge/msg/detail/single_gripper_status__type_support.hpp
[5.230s] -- Up-to-date: /home/eierobot/ROS/teleop_ws/src/teleop_robot_bridge/install/teleop_robot_bridge/include/teleop_robot_bridge/teleop_robot_bridge/msg/detail/ee_tcp_command__traits.hpp
[5.230s] -- Up-to-date: /home/eierobot/ROS/teleop_ws/src/teleop_robot_bridge/install/teleop_robot_bridge/include/teleop_robot_bridge/teleop_robot_bridge/msg/detail/waist_joint_status__type_support.hpp
[5.230s] -- Up-to-date: /home/eierobot/ROS/teleop_ws/src/teleop_robot_bridge/install/teleop_robot_bridge/include/teleop_robot_bridge/teleop_robot_bridge/msg/detail/arm_joint_status__struct.hpp
[5.230s] -- Up-to-date: /home/eierobot/ROS/teleop_ws/src/teleop_robot_bridge/install/teleop_robot_bridge/include/teleop_robot_bridge/teleop_robot_bridge/msg/detail/joy_state__traits.hpp
[5.230s] -- Up-to-date: /home/eierobot/ROS/teleop_ws/src/teleop_robot_bridge/install/teleop_robot_bridge/include/teleop_robot_bridge/teleop_robot_bridge/msg/detail/waist_tcp_command__struct.hpp
[5.230s] -- Up-to-date: /home/eierobot/ROS/teleop_ws/src/teleop_robot_bridge/install/teleop_robot_bridge/include/teleop_robot_bridge/teleop_robot_bridge/msg/detail/arm_motion_ctrl__type_support.hpp
[5.231s] -- Up-to-date: /home/eierobot/ROS/teleop_ws/src/teleop_robot_bridge/install/teleop_robot_bridge/include/teleop_robot_bridge/teleop_robot_bridge/msg/detail/arm_motion_ctrl__traits.hpp
[5.231s] -- Up-to-date: /home/eierobot/ROS/teleop_ws/src/teleop_robot_bridge/install/teleop_robot_bridge/include/teleop_robot_bridge/teleop_robot_bridge/msg/detail/waist_motion_ctrl__struct.hpp
[5.231s] -- Up-to-date: /home/eierobot/ROS/teleop_ws/src/teleop_robot_bridge/install/teleop_robot_bridge/include/teleop_robot_bridge/teleop_robot_bridge/msg/detail/agv_cmd_vel__type_support.hpp
[5.231s] -- Up-to-date: /home/eierobot/ROS/teleop_ws/src/teleop_robot_bridge/install/teleop_robot_bridge/include/teleop_robot_bridge/teleop_robot_bridge/msg/detail/single_gripper_status__struct.hpp
[5.231s] -- Up-to-date: /home/eierobot/ROS/teleop_ws/src/teleop_robot_bridge/install/teleop_robot_bridge/include/teleop_robot_bridge/teleop_robot_bridge/msg/detail/joy_state__struct.hpp
[5.231s] -- Up-to-date: /home/eierobot/ROS/teleop_ws/src/teleop_robot_bridge/install/teleop_robot_bridge/include/teleop_robot_bridge/teleop_robot_bridge/msg/detail/joint_status__struct.hpp
[5.231s] -- Up-to-date: /home/eierobot/ROS/teleop_ws/src/teleop_robot_bridge/install/teleop_robot_bridge/include/teleop_robot_bridge/teleop_robot_bridge/msg/detail/gripper_move__traits.hpp
[5.231s] -- Up-to-date: /home/eierobot/ROS/teleop_ws/src/teleop_robot_bridge/install/teleop_robot_bridge/include/teleop_robot_bridge/teleop_robot_bridge/msg/detail/waist_motion_ctrl__builder.hpp
[5.232s] -- Up-to-date: /home/eierobot/ROS/teleop_ws/src/teleop_robot_bridge/install/teleop_robot_bridge/include/teleop_robot_bridge/teleop_robot_bridge/msg/detail/gripper_move__type_support.hpp
[5.232s] -- Up-to-date: /home/eierobot/ROS/teleop_ws/src/teleop_robot_bridge/install/teleop_robot_bridge/include/teleop_robot_bridge/teleop_robot_bridge/msg/detail/gripper_tactile__type_support.hpp
[5.232s] -- Up-to-date: /home/eierobot/ROS/teleop_ws/src/teleop_robot_bridge/install/teleop_robot_bridge/include/teleop_robot_bridge/teleop_robot_bridge/msg/detail/gripper_status__traits.hpp
[5.232s] -- Up-to-date: /home/eierobot/ROS/teleop_ws/src/teleop_robot_bridge/install/teleop_robot_bridge/include/teleop_robot_bridge/teleop_robot_bridge/msg/detail/agv_motion_ctrl__struct.hpp
[5.232s] -- Up-to-date: /home/eierobot/ROS/teleop_ws/src/teleop_robot_bridge/install/teleop_robot_bridge/include/teleop_robot_bridge/teleop_robot_bridge/msg/detail/agv_device_state__struct.hpp
[5.232s] -- Up-to-date: /home/eierobot/ROS/teleop_ws/src/teleop_robot_bridge/install/teleop_robot_bridge/include/teleop_robot_bridge/teleop_robot_bridge/msg/detail/gripper_device_state__type_support.hpp
[5.232s] -- Up-to-date: /home/eierobot/ROS/teleop_ws/src/teleop_robot_bridge/install/teleop_robot_bridge/include/teleop_robot_bridge/teleop_robot_bridge/msg/detail/arm_joint_status__traits.hpp
[5.232s] -- Up-to-date: /home/eierobot/ROS/teleop_ws/src/teleop_robot_bridge/install/teleop_robot_bridge/include/teleop_robot_bridge/teleop_robot_bridge/msg/detail/hand_tactile__traits.hpp
[5.232s] -- Up-to-date: /home/eierobot/ROS/teleop_ws/src/teleop_robot_bridge/install/teleop_robot_bridge/include/teleop_robot_bridge/teleop_robot_bridge/msg/agv_battery_state.hpp
[5.233s] -- Up-to-date: /home/eierobot/ROS/teleop_ws/src/teleop_robot_bridge/install/teleop_robot_bridge/include/teleop_robot_bridge/teleop_robot_bridge/msg/gripper_tactile.hpp
[5.233s] -- Up-to-date: /home/eierobot/ROS/teleop_ws/src/teleop_robot_bridge/install/teleop_robot_bridge/include/teleop_robot_bridge/teleop_robot_bridge/msg/temperature.hpp
[5.233s] -- Up-to-date: /home/eierobot/ROS/teleop_ws/src/teleop_robot_bridge/install/teleop_robot_bridge/include/teleop_robot_bridge/teleop_robot_bridge/msg/single_gripper_status.hpp
[5.233s] -- Up-to-date: /home/eierobot/ROS/teleop_ws/src/teleop_robot_bridge/install/teleop_robot_bridge/include/teleop_robot_bridge/teleop_robot_bridge/msg/rosidl_generator_cpp__visibility_control.hpp
[5.233s] -- Up-to-date: /home/eierobot/ROS/teleop_ws/src/teleop_robot_bridge/install/teleop_robot_bridge/include/teleop_robot_bridge/teleop_robot_bridge/msg/waist_joint_feedback.hpp
[5.233s] -- Up-to-date: /home/eierobot/ROS/teleop_ws/src/teleop_robot_bridge/install/teleop_robot_bridge/include/teleop_robot_bridge/teleop_robot_bridge/msg/waist_joint_command.hpp
[5.233s] -- Up-to-date: /home/eierobot/ROS/teleop_ws/src/teleop_robot_bridge/install/teleop_robot_bridge/include/teleop_robot_bridge/teleop_robot_bridge/msg/agv_joint_status.hpp
[5.233s] -- Up-to-date: /home/eierobot/ROS/teleop_ws/src/teleop_robot_bridge/install/teleop_robot_bridge/include/teleop_robot_bridge/teleop_robot_bridge/msg/agv_device_state.hpp
[5.234s] -- Up-to-date: /home/eierobot/ROS/teleop_ws/src/teleop_robot_bridge/install/teleop_robot_bridge/include/teleop_robot_bridge/teleop_robot_bridge/msg/agv_joint_feedback.hpp
[5.234s] -- Up-to-date: /home/eierobot/ROS/teleop_ws/src/teleop_robot_bridge/install/teleop_robot_bridge/include/teleop_robot_bridge/teleop_robot_bridge/msg/agv_motion_ctrl.hpp
[5.234s] -- Up-to-date: /home/eierobot/ROS/teleop_ws/src/teleop_robot_bridge/install/teleop_robot_bridge/include/teleop_robot_bridge/teleop_robot_bridge
[5.234s] -- Up-to-date: /home/eierobot/ROS/teleop_ws/src/teleop_robot_bridge/install/teleop_robot_bridge/include/teleop_robot_bridge/teleop_robot_bridge/msg
[5.234s] -- Up-to-date: /home/eierobot/ROS/teleop_ws/src/teleop_robot_bridge/install/teleop_robot_bridge/include/teleop_robot_bridge/teleop_robot_bridge/msg/rosidl_typesupport_fastrtps_cpp__visibility_control.h
[5.234s] -- Up-to-date: /home/eierobot/ROS/teleop_ws/src/teleop_robot_bridge/install/teleop_robot_bridge/include/teleop_robot_bridge/teleop_robot_bridge/msg/detail
[5.234s] -- Up-to-date: /home/eierobot/ROS/teleop_ws/src/teleop_robot_bridge/install/teleop_robot_bridge/include/teleop_robot_bridge/teleop_robot_bridge/msg/detail/single_device_state__rosidl_typesupport_fastrtps_cpp.hpp
[5.234s] -- Up-to-date: /home/eierobot/ROS/teleop_ws/src/teleop_robot_bridge/install/teleop_robot_bridge/include/teleop_robot_bridge/teleop_robot_bridge/msg/detail/waist_joint_status__rosidl_typesupport_fastrtps_cpp.hpp
[5.235s] -- Up-to-date: /home/eierobot/ROS/teleop_ws/src/teleop_robot_bridge/install/teleop_robot_bridge/include/teleop_robot_bridge/teleop_robot_bridge/msg/detail/agv_joint_status__rosidl_typesupport_fastrtps_cpp.hpp
[5.235s] -- Up-to-date: /home/eierobot/ROS/teleop_ws/src/teleop_robot_bridge/install/teleop_robot_bridge/include/teleop_robot_bridge/teleop_robot_bridge/msg/detail/waist_joint_feedback__rosidl_typesupport_fastrtps_cpp.hpp
[5.235s] -- Up-to-date: /home/eierobot/ROS/teleop_ws/src/teleop_robot_bridge/install/teleop_robot_bridge/include/teleop_robot_bridge/teleop_robot_bridge/msg/detail/gripper_device_state__rosidl_typesupport_fastrtps_cpp.hpp
[5.235s] -- Up-to-date: /home/eierobot/ROS/teleop_ws/src/teleop_robot_bridge/install/teleop_robot_bridge/include/teleop_robot_bridge/teleop_robot_bridge/msg/detail/agv_imu__rosidl_typesupport_fastrtps_cpp.hpp
[5.235s] -- Up-to-date: /home/eierobot/ROS/teleop_ws/src/teleop_robot_bridge/install/teleop_robot_bridge/include/teleop_robot_bridge/teleop_robot_bridge/msg/detail/arm_joint_command__rosidl_typesupport_fastrtps_cpp.hpp
[5.235s] -- Up-to-date: /home/eierobot/ROS/teleop_ws/src/teleop_robot_bridge/install/teleop_robot_bridge/include/teleop_robot_bridge/teleop_robot_bridge/msg/detail/gripper_tactile__rosidl_typesupport_fastrtps_cpp.hpp
[5.235s] -- Up-to-date: /home/eierobot/ROS/teleop_ws/src/teleop_robot_bridge/install/teleop_robot_bridge/include/teleop_robot_bridge/teleop_robot_bridge/msg/detail/single_gripper_status__rosidl_typesupport_fastrtps_cpp.hpp
[5.235s] -- Up-to-date: /home/eierobot/ROS/teleop_ws/src/teleop_robot_bridge/install/teleop_robot_bridge/include/teleop_robot_bridge/teleop_robot_bridge/msg/detail/gripper_status__rosidl_typesupport_fastrtps_cpp.hpp
[5.235s] -- Up-to-date: /home/eierobot/ROS/teleop_ws/src/teleop_robot_bridge/install/teleop_robot_bridge/include/teleop_robot_bridge/teleop_robot_bridge/msg/detail/arm_joint_feedback__rosidl_typesupport_fastrtps_cpp.hpp
[5.236s] -- Up-to-date: /home/eierobot/ROS/teleop_ws/src/teleop_robot_bridge/install/teleop_robot_bridge/include/teleop_robot_bridge/teleop_robot_bridge/msg/detail/waist_motion_ctrl__rosidl_typesupport_fastrtps_cpp.hpp
[5.236s] -- Up-to-date: /home/eierobot/ROS/teleop_ws/src/teleop_robot_bridge/install/teleop_robot_bridge/include/teleop_robot_bridge/teleop_robot_bridge/msg/detail/head_joint_command__rosidl_typesupport_fastrtps_cpp.hpp
[5.236s] -- Up-to-date: /home/eierobot/ROS/teleop_ws/src/teleop_robot_bridge/install/teleop_robot_bridge/include/teleop_robot_bridge/teleop_robot_bridge/msg/detail/agv_battery_state__rosidl_typesupport_fastrtps_cpp.hpp
[5.236s] -- Up-to-date: /home/eierobot/ROS/teleop_ws/src/teleop_robot_bridge/install/teleop_robot_bridge/include/teleop_robot_bridge/teleop_robot_bridge/msg/detail/agv_joint_feedback__rosidl_typesupport_fastrtps_cpp.hpp
[5.236s] -- Up-to-date: /home/eierobot/ROS/teleop_ws/src/teleop_robot_bridge/install/teleop_robot_bridge/include/teleop_robot_bridge/teleop_robot_bridge/msg/detail/ee_tcp_command__rosidl_typesupport_fastrtps_cpp.hpp
[5.236s] -- Up-to-date: /home/eierobot/ROS/teleop_ws/src/teleop_robot_bridge/install/teleop_robot_bridge/include/teleop_robot_bridge/teleop_robot_bridge/msg/detail/agv_cmd_vel__rosidl_typesupport_fastrtps_cpp.hpp
[5.236s] -- Up-to-date: /home/eierobot/ROS/teleop_ws/src/teleop_robot_bridge/install/teleop_robot_bridge/include/teleop_robot_bridge/teleop_robot_bridge/msg/detail/upper_body_device_state__rosidl_typesupport_fastrtps_cpp.hpp
[5.236s] -- Up-to-date: /home/eierobot/ROS/teleop_ws/src/teleop_robot_bridge/install/teleop_robot_bridge/include/teleop_robot_bridge/teleop_robot_bridge/msg/detail/waist_joint_command__rosidl_typesupport_fastrtps_cpp.hpp
[5.236s] -- Up-to-date: /home/eierobot/ROS/teleop_ws/src/teleop_robot_bridge/install/teleop_robot_bridge/include/teleop_robot_bridge/teleop_robot_bridge/msg/detail/agv_vda5050_state__rosidl_typesupport_fastrtps_cpp.hpp
[5.237s] -- Up-to-date: /home/eierobot/ROS/teleop_ws/src/teleop_robot_bridge/install/teleop_robot_bridge/include/teleop_robot_bridge/teleop_robot_bridge/msg/detail/joint_status__rosidl_typesupport_fastrtps_cpp.hpp
[5.237s] -- Up-to-date: /home/eierobot/ROS/teleop_ws/src/teleop_robot_bridge/install/teleop_robot_bridge/include/teleop_robot_bridge/teleop_robot_bridge/msg/detail/joy_state__rosidl_typesupport_fastrtps_cpp.hpp
[5.237s] -- Up-to-date: /home/eierobot/ROS/teleop_ws/src/teleop_robot_bridge/install/teleop_robot_bridge/include/teleop_robot_bridge/teleop_robot_bridge/msg/detail/head_joint_status__rosidl_typesupport_fastrtps_cpp.hpp
[5.237s] -- Up-to-date: /home/eierobot/ROS/teleop_ws/src/teleop_robot_bridge/install/teleop_robot_bridge/include/teleop_robot_bridge/teleop_robot_bridge/msg/detail/head_motion_ctrl__rosidl_typesupport_fastrtps_cpp.hpp
[5.237s] -- Up-to-date: /home/eierobot/ROS/teleop_ws/src/teleop_robot_bridge/install/teleop_robot_bridge/include/teleop_robot_bridge/teleop_robot_bridge/msg/detail/arm_joint_status__rosidl_typesupport_fastrtps_cpp.hpp
[5.237s] -- Up-to-date: /home/eierobot/ROS/teleop_ws/src/teleop_robot_bridge/install/teleop_robot_bridge/include/teleop_robot_bridge/teleop_robot_bridge/msg/detail/dds_fastrtps
[5.237s] -- Up-to-date: /home/eierobot/ROS/teleop_ws/src/teleop_robot_bridge/install/teleop_robot_bridge/include/teleop_robot_bridge/teleop_robot_bridge/msg/detail/gripper_move__rosidl_typesupport_fastrtps_cpp.hpp
[5.237s] -- Up-to-date: /home/eierobot/ROS/teleop_ws/src/teleop_robot_bridge/install/teleop_robot_bridge/include/teleop_robot_bridge/teleop_robot_bridge/msg/detail/hand_tactile__rosidl_typesupport_fastrtps_cpp.hpp
[5.237s] -- Up-to-date: /home/eierobot/ROS/teleop_ws/src/teleop_robot_bridge/install/teleop_robot_bridge/include/teleop_robot_bridge/teleop_robot_bridge/msg/detail/agv_motion_ctrl__rosidl_typesupport_fastrtps_cpp.hpp
[5.238s] -- Up-to-date: /home/eierobot/ROS/teleop_ws/src/teleop_robot_bridge/install/teleop_robot_bridge/include/teleop_robot_bridge/teleop_robot_bridge/msg/detail/waist_tcp_command__rosidl_typesupport_fastrtps_cpp.hpp
[5.238s] -- Up-to-date: /home/eierobot/ROS/teleop_ws/src/teleop_robot_bridge/install/teleop_robot_bridge/include/teleop_robot_bridge/teleop_robot_bridge/msg/detail/temperature__rosidl_typesupport_fastrtps_cpp.hpp
[5.238s] -- Up-to-date: /home/eierobot/ROS/teleop_ws/src/teleop_robot_bridge/install/teleop_robot_bridge/include/teleop_robot_bridge/teleop_robot_bridge/msg/detail/agv_device_state__rosidl_typesupport_fastrtps_cpp.hpp
[5.238s] -- Up-to-date: /home/eierobot/ROS/teleop_ws/src/teleop_robot_bridge/install/teleop_robot_bridge/include/teleop_robot_bridge/teleop_robot_bridge/msg/detail/arm_motion_ctrl__rosidl_typesupport_fastrtps_cpp.hpp
[5.238s] -- Up-to-date: /home/eierobot/ROS/teleop_ws/src/teleop_robot_bridge/install/teleop_robot_bridge/include/teleop_robot_bridge/teleop_robot_bridge/msg/detail/agv_vel__rosidl_typesupport_fastrtps_cpp.hpp
[5.238s] -- Up-to-date: /home/eierobot/ROS/teleop_ws/src/teleop_robot_bridge/install/teleop_robot_bridge/include/teleop_robot_bridge/teleop_robot_bridge/msg/detail/single_gripper_move__rosidl_typesupport_fastrtps_cpp.hpp
[5.238s] -- Up-to-date: /home/eierobot/ROS/teleop_ws/src/teleop_robot_bridge/install/teleop_robot_bridge/include/teleop_robot_bridge/teleop_robot_bridge/msg/detail/head_joint_feedback__rosidl_typesupport_fastrtps_cpp.hpp
[5.238s] -- Up-to-date: /home/eierobot/ROS/teleop_ws/src/teleop_robot_bridge/install/teleop_robot_bridge/include/teleop_robot_bridge/teleop_robot_bridge/msg/detail/agv_ultrasonic__rosidl_typesupport_fastrtps_cpp.hpp
[5.238s] -- Up-to-date: /home/eierobot/ROS/teleop_ws/src/teleop_robot_bridge/install/teleop_robot_bridge/lib/libteleop_robot_bridge__rosidl_typesupport_fastrtps_cpp.so
[5.239s] -- Up-to-date: /home/eierobot/ROS/teleop_ws/src/teleop_robot_bridge/install/teleop_robot_bridge/include/teleop_robot_bridge/teleop_robot_bridge
[5.239s] -- Up-to-date: /home/eierobot/ROS/teleop_ws/src/teleop_robot_bridge/install/teleop_robot_bridge/include/teleop_robot_bridge/teleop_robot_bridge/msg
[5.239s] -- Up-to-date: /home/eierobot/ROS/teleop_ws/src/teleop_robot_bridge/install/teleop_robot_bridge/include/teleop_robot_bridge/teleop_robot_bridge/msg/detail
[5.239s] -- Up-to-date: /home/eierobot/ROS/teleop_ws/src/teleop_robot_bridge/install/teleop_robot_bridge/include/teleop_robot_bridge/teleop_robot_bridge/msg/detail/waist_motion_ctrl__type_support.cpp
[5.239s] -- Up-to-date: /home/eierobot/ROS/teleop_ws/src/teleop_robot_bridge/install/teleop_robot_bridge/include/teleop_robot_bridge/teleop_robot_bridge/msg/detail/waist_motion_ctrl__rosidl_typesupport_introspection_cpp.hpp
[5.239s] -- Up-to-date: /home/eierobot/ROS/teleop_ws/src/teleop_robot_bridge/install/teleop_robot_bridge/include/teleop_robot_bridge/teleop_robot_bridge/msg/detail/arm_motion_ctrl__type_support.cpp
[5.239s] -- Up-to-date: /home/eierobot/ROS/teleop_ws/src/teleop_robot_bridge/install/teleop_robot_bridge/include/teleop_robot_bridge/teleop_robot_bridge/msg/detail/arm_joint_feedback__rosidl_typesupport_introspection_cpp.hpp
[5.239s] -- Up-to-date: /home/eierobot/ROS/teleop_ws/src/teleop_robot_bridge/install/teleop_robot_bridge/include/teleop_robot_bridge/teleop_robot_bridge/msg/detail/agv_imu__rosidl_typesupport_introspection_cpp.hpp
[5.239s] -- Up-to-date: /home/eierobot/ROS/teleop_ws/src/teleop_robot_bridge/install/teleop_robot_bridge/include/teleop_robot_bridge/teleop_robot_bridge/msg/detail/single_gripper_status__rosidl_typesupport_introspection_cpp.hpp
[5.240s] -- Up-to-date: /home/eierobot/ROS/teleop_ws/src/teleop_robot_bridge/install/teleop_robot_bridge/include/teleop_robot_bridge/teleop_robot_bridge/msg/detail/gripper_device_state__type_support.cpp
[5.240s] -- Up-to-date: /home/eierobot/ROS/teleop_ws/src/teleop_robot_bridge/install/teleop_robot_bridge/include/teleop_robot_bridge/teleop_robot_bridge/msg/detail/joy_state__rosidl_typesupport_introspection_cpp.hpp
[5.240s] -- Up-to-date: /home/eierobot/ROS/teleop_ws/src/teleop_robot_bridge/install/teleop_robot_bridge/include/teleop_robot_bridge/teleop_robot_bridge/msg/detail/head_motion_ctrl__rosidl_typesupport_introspection_cpp.hpp
[5.240s] -- Up-to-date: /home/eierobot/ROS/teleop_ws/src/teleop_robot_bridge/install/teleop_robot_bridge/include/teleop_robot_bridge/teleop_robot_bridge/msg/detail/agv_ultrasonic__rosidl_typesupport_introspection_cpp.hpp
[5.240s] -- Up-to-date: /home/eierobot/ROS/teleop_ws/src/teleop_robot_bridge/install/teleop_robot_bridge/include/teleop_robot_bridge/teleop_robot_bridge/msg/detail/single_device_state__rosidl_typesupport_introspection_cpp.hpp
[5.240s] -- Up-to-date: /home/eierobot/ROS/teleop_ws/src/teleop_robot_bridge/install/teleop_robot_bridge/include/teleop_robot_bridge/teleop_robot_bridge/msg/detail/agv_ultrasonic__type_support.cpp
[5.240s] -- Up-to-date: /home/eierobot/ROS/teleop_ws/src/teleop_robot_bridge/install/teleop_robot_bridge/include/teleop_robot_bridge/teleop_robot_bridge/msg/detail/head_joint_command__type_support.cpp
[5.240s] -- Up-to-date: /home/eierobot/ROS/teleop_ws/src/teleop_robot_bridge/install/teleop_robot_bridge/include/teleop_robot_bridge/teleop_robot_bridge/msg/detail/agv_joint_feedback__rosidl_typesupport_introspection_cpp.hpp
[5.240s] -- Up-to-date: /home/eierobot/ROS/teleop_ws/src/teleop_robot_bridge/install/teleop_robot_bridge/include/teleop_robot_bridge/teleop_robot_bridge/msg/detail/waist_tcp_command__type_support.cpp
[5.240s] -- Up-to-date: /home/eierobot/ROS/teleop_ws/src/teleop_robot_bridge/install/teleop_robot_bridge/include/teleop_robot_bridge/teleop_robot_bridge/msg/detail/gripper_tactile__rosidl_typesupport_introspection_cpp.hpp
[5.241s] -- Up-to-date: /home/eierobot/ROS/teleop_ws/src/teleop_robot_bridge/install/teleop_robot_bridge/include/teleop_robot_bridge/teleop_robot_bridge/msg/detail/agv_vda5050_state__type_support.cpp
[5.241s] -- Up-to-date: /home/eierobot/ROS/teleop_ws/src/teleop_robot_bridge/install/teleop_robot_bridge/include/teleop_robot_bridge/teleop_robot_bridge/msg/detail/upper_body_device_state__type_support.cpp
[5.241s] -- Up-to-date: /home/eierobot/ROS/teleop_ws/src/teleop_robot_bridge/install/teleop_robot_bridge/include/teleop_robot_bridge/teleop_robot_bridge/msg/detail/head_joint_feedback__type_support.cpp
[5.241s] -- Up-to-date: /home/eierobot/ROS/teleop_ws/src/teleop_robot_bridge/install/teleop_robot_bridge/include/teleop_robot_bridge/teleop_robot_bridge/msg/detail/gripper_tactile__type_support.cpp
[5.241s] -- Up-to-date: /home/eierobot/ROS/teleop_ws/src/teleop_robot_bridge/install/teleop_robot_bridge/include/teleop_robot_bridge/teleop_robot_bridge/msg/detail/waist_joint_status__rosidl_typesupport_introspection_cpp.hpp
[5.241s] -- Up-to-date: /home/eierobot/ROS/teleop_ws/src/teleop_robot_bridge/install/teleop_robot_bridge/include/teleop_robot_bridge/teleop_robot_bridge/msg/detail/single_gripper_move__type_support.cpp
[5.241s] -- Up-to-date: /home/eierobot/ROS/teleop_ws/src/teleop_robot_bridge/install/teleop_robot_bridge/include/teleop_robot_bridge/teleop_robot_bridge/msg/detail/arm_joint_command__rosidl_typesupport_introspection_cpp.hpp
[5.241s] -- Up-to-date: /home/eierobot/ROS/teleop_ws/src/teleop_robot_bridge/install/teleop_robot_bridge/include/teleop_robot_bridge/teleop_robot_bridge/msg/detail/arm_motion_ctrl__rosidl_typesupport_introspection_cpp.hpp
[5.241s] -- Up-to-date: /home/eierobot/ROS/teleop_ws/src/teleop_robot_bridge/install/teleop_robot_bridge/include/teleop_robot_bridge/teleop_robot_bridge/msg/detail/joint_status__type_support.cpp
[5.241s] -- Up-to-date: /home/eierobot/ROS/teleop_ws/src/teleop_robot_bridge/install/teleop_robot_bridge/include/teleop_robot_bridge/teleop_robot_bridge/msg/detail/hand_tactile__type_support.cpp
[5.242s] -- Up-to-date: /home/eierobot/ROS/teleop_ws/src/teleop_robot_bridge/install/teleop_robot_bridge/include/teleop_robot_bridge/teleop_robot_bridge/msg/detail/arm_joint_feedback__type_support.cpp
[5.242s] -- Up-to-date: /home/eierobot/ROS/teleop_ws/src/teleop_robot_bridge/install/teleop_robot_bridge/include/teleop_robot_bridge/teleop_robot_bridge/msg/detail/temperature__rosidl_typesupport_introspection_cpp.hpp
[5.242s] -- Up-to-date: /home/eierobot/ROS/teleop_ws/src/teleop_robot_bridge/install/teleop_robot_bridge/include/teleop_robot_bridge/teleop_robot_bridge/msg/detail/agv_motion_ctrl__type_support.cpp
[5.242s] -- Up-to-date: /home/eierobot/ROS/teleop_ws/src/teleop_robot_bridge/install/teleop_robot_bridge/include/teleop_robot_bridge/teleop_robot_bridge/msg/detail/arm_joint_command__type_support.cpp
[5.242s] -- Up-to-date: /home/eierobot/ROS/teleop_ws/src/teleop_robot_bridge/install/teleop_robot_bridge/include/teleop_robot_bridge/teleop_robot_bridge/msg/detail/head_joint_status__rosidl_typesupport_introspection_cpp.hpp
[5.242s] -- Up-to-date: /home/eierobot/ROS/teleop_ws/src/teleop_robot_bridge/install/teleop_robot_bridge/include/teleop_robot_bridge/teleop_robot_bridge/msg/detail/ee_tcp_command__rosidl_typesupport_introspection_cpp.hpp
[5.242s] -- Up-to-date: /home/eierobot/ROS/teleop_ws/src/teleop_robot_bridge/install/teleop_robot_bridge/include/teleop_robot_bridge/teleop_robot_bridge/msg/detail/arm_joint_status__type_support.cpp
[5.242s] -- Up-to-date: /home/eierobot/ROS/teleop_ws/src/teleop_robot_bridge/install/teleop_robot_bridge/include/teleop_robot_bridge/teleop_robot_bridge/msg/detail/agv_motion_ctrl__rosidl_typesupport_introspection_cpp.hpp
[5.242s] -- Up-to-date: /home/eierobot/ROS/teleop_ws/src/teleop_robot_bridge/install/teleop_robot_bridge/include/teleop_robot_bridge/teleop_robot_bridge/msg/detail/single_gripper_move__rosidl_typesupport_introspection_cpp.hpp
[5.243s] -- Up-to-date: /home/eierobot/ROS/teleop_ws/src/teleop_robot_bridge/install/teleop_robot_bridge/include/teleop_robot_bridge/teleop_robot_bridge/msg/detail/waist_tcp_command__rosidl_typesupport_introspection_cpp.hpp
[5.243s] -- Up-to-date: /home/eierobot/ROS/teleop_ws/src/teleop_robot_bridge/install/teleop_robot_bridge/include/teleop_robot_bridge/teleop_robot_bridge/msg/detail/agv_vel__type_support.cpp
[5.243s] -- Up-to-date: /home/eierobot/ROS/teleop_ws/src/teleop_robot_bridge/install/teleop_robot_bridge/include/teleop_robot_bridge/teleop_robot_bridge/msg/detail/waist_joint_command__type_support.cpp
[5.243s] -- Up-to-date: /home/eierobot/ROS/teleop_ws/src/teleop_robot_bridge/install/teleop_robot_bridge/include/teleop_robot_bridge/teleop_robot_bridge/msg/detail/gripper_status__type_support.cpp
[5.243s] -- Up-to-date: /home/eierobot/ROS/teleop_ws/src/teleop_robot_bridge/install/teleop_robot_bridge/include/teleop_robot_bridge/teleop_robot_bridge/msg/detail/agv_battery_state__type_support.cpp
[5.243s] -- Up-to-date: /home/eierobot/ROS/teleop_ws/src/teleop_robot_bridge/install/teleop_robot_bridge/include/teleop_robot_bridge/teleop_robot_bridge/msg/detail/gripper_move__type_support.cpp
[5.243s] -- Up-to-date: /home/eierobot/ROS/teleop_ws/src/teleop_robot_bridge/install/teleop_robot_bridge/include/teleop_robot_bridge/teleop_robot_bridge/msg/detail/agv_battery_state__rosidl_typesupport_introspection_cpp.hpp
[5.243s] -- Up-to-date: /home/eierobot/ROS/teleop_ws/src/teleop_robot_bridge/install/teleop_robot_bridge/include/teleop_robot_bridge/teleop_robot_bridge/msg/detail/agv_cmd_vel__rosidl_typesupport_introspection_cpp.hpp
[5.243s] -- Up-to-date: /home/eierobot/ROS/teleop_ws/src/teleop_robot_bridge/install/teleop_robot_bridge/include/teleop_robot_bridge/teleop_robot_bridge/msg/detail/joint_status__rosidl_typesupport_introspection_cpp.hpp
[5.243s] -- Up-to-date: /home/eierobot/ROS/teleop_ws/src/teleop_robot_bridge/install/teleop_robot_bridge/include/teleop_robot_bridge/teleop_robot_bridge/msg/detail/gripper_status__rosidl_typesupport_introspection_cpp.hpp
[5.243s] -- Up-to-date: /home/eierobot/ROS/teleop_ws/src/teleop_robot_bridge/install/teleop_robot_bridge/include/teleop_robot_bridge/teleop_robot_bridge/msg/detail/head_joint_command__rosidl_typesupport_introspection_cpp.hpp
[5.244s] -- Up-to-date: /home/eierobot/ROS/teleop_ws/src/teleop_robot_bridge/install/teleop_robot_bridge/include/teleop_robot_bridge/teleop_robot_bridge/msg/detail/agv_imu__type_support.cpp
[5.244s] -- Up-to-date: /home/eierobot/ROS/teleop_ws/src/teleop_robot_bridge/install/teleop_robot_bridge/include/teleop_robot_bridge/teleop_robot_bridge/msg/detail/single_device_state__type_support.cpp
[5.244s] -- Up-to-date: /home/eierobot/ROS/teleop_ws/src/teleop_robot_bridge/install/teleop_robot_bridge/include/teleop_robot_bridge/teleop_robot_bridge/msg/detail/single_gripper_status__type_support.cpp
[5.244s] -- Up-to-date: /home/eierobot/ROS/teleop_ws/src/teleop_robot_bridge/install/teleop_robot_bridge/include/teleop_robot_bridge/teleop_robot_bridge/msg/detail/head_joint_status__type_support.cpp
[5.244s] -- Up-to-date: /home/eierobot/ROS/teleop_ws/src/teleop_robot_bridge/install/teleop_robot_bridge/include/teleop_robot_bridge/teleop_robot_bridge/msg/detail/agv_joint_status__type_support.cpp
[5.244s] -- Up-to-date: /home/eierobot/ROS/teleop_ws/src/teleop_robot_bridge/install/teleop_robot_bridge/include/teleop_robot_bridge/teleop_robot_bridge/msg/detail/temperature__type_support.cpp
[5.244s] -- Up-to-date: /home/eierobot/ROS/teleop_ws/src/teleop_robot_bridge/install/teleop_robot_bridge/include/teleop_robot_bridge/teleop_robot_bridge/msg/detail/waist_joint_feedback__type_support.cpp
[5.244s] -- Up-to-date: /home/eierobot/ROS/teleop_ws/src/teleop_robot_bridge/install/teleop_robot_bridge/include/teleop_robot_bridge/teleop_robot_bridge/msg/detail/agv_vel__rosidl_typesupport_introspection_cpp.hpp
[5.244s] -- Up-to-date: /home/eierobot/ROS/teleop_ws/src/teleop_robot_bridge/install/teleop_robot_bridge/include/teleop_robot_bridge/teleop_robot_bridge/msg/detail/head_motion_ctrl__type_support.cpp
[5.244s] -- Up-to-date: /home/eierobot/ROS/teleop_ws/src/teleop_robot_bridge/install/teleop_robot_bridge/include/teleop_robot_bridge/teleop_robot_bridge/msg/detail/agv_vda5050_state__rosidl_typesupport_introspection_cpp.hpp
[5.245s] -- Up-to-date: /home/eierobot/ROS/teleop_ws/src/teleop_robot_bridge/install/teleop_robot_bridge/include/teleop_robot_bridge/teleop_robot_bridge/msg/detail/waist_joint_command__rosidl_typesupport_introspection_cpp.hpp
[5.245s] -- Up-to-date: /home/eierobot/ROS/teleop_ws/src/teleop_robot_bridge/install/teleop_robot_bridge/include/teleop_robot_bridge/teleop_robot_bridge/msg/detail/gripper_device_state__rosidl_typesupport_introspection_cpp.hpp
[5.245s] -- Up-to-date: /home/eierobot/ROS/teleop_ws/src/teleop_robot_bridge/install/teleop_robot_bridge/include/teleop_robot_bridge/teleop_robot_bridge/msg/detail/waist_joint_feedback__rosidl_typesupport_introspection_cpp.hpp
[5.245s] -- Up-to-date: /home/eierobot/ROS/teleop_ws/src/teleop_robot_bridge/install/teleop_robot_bridge/include/teleop_robot_bridge/teleop_robot_bridge/msg/detail/gripper_move__rosidl_typesupport_introspection_cpp.hpp
[5.245s] -- Up-to-date: /home/eierobot/ROS/teleop_ws/src/teleop_robot_bridge/install/teleop_robot_bridge/include/teleop_robot_bridge/teleop_robot_bridge/msg/detail/agv_cmd_vel__type_support.cpp
[5.245s] -- Up-to-date: /home/eierobot/ROS/teleop_ws/src/teleop_robot_bridge/install/teleop_robot_bridge/include/teleop_robot_bridge/teleop_robot_bridge/msg/detail/ee_tcp_command__type_support.cpp
[5.245s] -- Up-to-date: /home/eierobot/ROS/teleop_ws/src/teleop_robot_bridge/install/teleop_robot_bridge/include/teleop_robot_bridge/teleop_robot_bridge/msg/detail/hand_tactile__rosidl_typesupport_introspection_cpp.hpp
[5.245s] -- Up-to-date: /home/eierobot/ROS/teleop_ws/src/teleop_robot_bridge/install/teleop_robot_bridge/include/teleop_robot_bridge/teleop_robot_bridge/msg/detail/upper_body_device_state__rosidl_typesupport_introspection_cpp.hpp
[5.245s] -- Up-to-date: /home/eierobot/ROS/teleop_ws/src/teleop_robot_bridge/install/teleop_robot_bridge/include/teleop_robot_bridge/teleop_robot_bridge/msg/detail/head_joint_feedback__rosidl_typesupport_introspection_cpp.hpp
[5.245s] -- Up-to-date: /home/eierobot/ROS/teleop_ws/src/teleop_robot_bridge/install/teleop_robot_bridge/include/teleop_robot_bridge/teleop_robot_bridge/msg/detail/agv_joint_feedback__type_support.cpp
[5.245s] -- Up-to-date: /home/eierobot/ROS/teleop_ws/src/teleop_robot_bridge/install/teleop_robot_bridge/include/teleop_robot_bridge/teleop_robot_bridge/msg/detail/waist_joint_status__type_support.cpp
[5.246s] -- Up-to-date: /home/eierobot/ROS/teleop_ws/src/teleop_robot_bridge/install/teleop_robot_bridge/include/teleop_robot_bridge/teleop_robot_bridge/msg/detail/agv_joint_status__rosidl_typesupport_introspection_cpp.hpp
[5.246s] -- Up-to-date: /home/eierobot/ROS/teleop_ws/src/teleop_robot_bridge/install/teleop_robot_bridge/include/teleop_robot_bridge/teleop_robot_bridge/msg/detail/arm_joint_status__rosidl_typesupport_introspection_cpp.hpp
[5.246s] -- Up-to-date: /home/eierobot/ROS/teleop_ws/src/teleop_robot_bridge/install/teleop_robot_bridge/include/teleop_robot_bridge/teleop_robot_bridge/msg/detail/agv_device_state__rosidl_typesupport_introspection_cpp.hpp
[5.246s] -- Up-to-date: /home/eierobot/ROS/teleop_ws/src/teleop_robot_bridge/install/teleop_robot_bridge/include/teleop_robot_bridge/teleop_robot_bridge/msg/detail/agv_device_state__type_support.cpp
[5.246s] -- Up-to-date: /home/eierobot/ROS/teleop_ws/src/teleop_robot_bridge/install/teleop_robot_bridge/include/teleop_robot_bridge/teleop_robot_bridge/msg/detail/joy_state__type_support.cpp
[5.246s] -- Up-to-date: /home/eierobot/ROS/teleop_ws/src/teleop_robot_bridge/install/teleop_robot_bridge/lib/libteleop_robot_bridge__rosidl_typesupport_introspection_cpp.so
[5.246s] -- Up-to-date: /home/eierobot/ROS/teleop_ws/src/teleop_robot_bridge/install/teleop_robot_bridge/lib/libteleop_robot_bridge__rosidl_typesupport_cpp.so
[5.246s] -- Up-to-date: /home/eierobot/ROS/teleop_ws/src/teleop_robot_bridge/install/teleop_robot_bridge/share/teleop_robot_bridge/environment/pythonpath.sh
[5.246s] -- Up-to-date: /home/eierobot/ROS/teleop_ws/src/teleop_robot_bridge/install/teleop_robot_bridge/share/teleop_robot_bridge/environment/pythonpath.dsv
[5.246s] -- Up-to-date: /home/eierobot/ROS/teleop_ws/src/teleop_robot_bridge/install/teleop_robot_bridge/lib/python3.12/site-packages/teleop_robot_bridge-0.0.0-py3.12.egg-info
[5.246s] -- Installing: /home/eierobot/ROS/teleop_ws/src/teleop_robot_bridge/install/teleop_robot_bridge/lib/python3.12/site-packages/teleop_robot_bridge-0.0.0-py3.12.egg-info/SOURCES.txt
[5.247s] -- Installing: /home/eierobot/ROS/teleop_ws/src/teleop_robot_bridge/install/teleop_robot_bridge/lib/python3.12/site-packages/teleop_robot_bridge-0.0.0-py3.12.egg-info/top_level.txt
[5.247s] -- Installing: /home/eierobot/ROS/teleop_ws/src/teleop_robot_bridge/install/teleop_robot_bridge/lib/python3.12/site-packages/teleop_robot_bridge-0.0.0-py3.12.egg-info/dependency_links.txt
[5.247s] -- Installing: /home/eierobot/ROS/teleop_ws/src/teleop_robot_bridge/install/teleop_robot_bridge/lib/python3.12/site-packages/teleop_robot_bridge-0.0.0-py3.12.egg-info/PKG-INFO
[5.247s] -- Up-to-date: /home/eierobot/ROS/teleop_ws/src/teleop_robot_bridge/install/teleop_robot_bridge/lib/python3.12/site-packages/teleop_robot_bridge
[5.247s] -- Up-to-date: /home/eierobot/ROS/teleop_ws/src/teleop_robot_bridge/install/teleop_robot_bridge/lib/python3.12/site-packages/teleop_robot_bridge/msg
[5.247s] -- Up-to-date: /home/eierobot/ROS/teleop_ws/src/teleop_robot_bridge/install/teleop_robot_bridge/lib/python3.12/site-packages/teleop_robot_bridge/msg/_agv_joint_feedback_s.c
[5.247s] -- Up-to-date: /home/eierobot/ROS/teleop_ws/src/teleop_robot_bridge/install/teleop_robot_bridge/lib/python3.12/site-packages/teleop_robot_bridge/msg/_head_joint_command.py
[5.247s] -- Up-to-date: /home/eierobot/ROS/teleop_ws/src/teleop_robot_bridge/install/teleop_robot_bridge/lib/python3.12/site-packages/teleop_robot_bridge/msg/_gripper_move_s.c
[5.247s] -- Up-to-date: /home/eierobot/ROS/teleop_ws/src/teleop_robot_bridge/install/teleop_robot_bridge/lib/python3.12/site-packages/teleop_robot_bridge/msg/_head_joint_status_s.c
[5.247s] -- Up-to-date: /home/eierobot/ROS/teleop_ws/src/teleop_robot_bridge/install/teleop_robot_bridge/lib/python3.12/site-packages/teleop_robot_bridge/msg/__init__.py
[5.248s] -- Up-to-date: /home/eierobot/ROS/teleop_ws/src/teleop_robot_bridge/install/teleop_robot_bridge/lib/python3.12/site-packages/teleop_robot_bridge/msg/_gripper_move.py
[5.248s] -- Up-to-date: /home/eierobot/ROS/teleop_ws/src/teleop_robot_bridge/install/teleop_robot_bridge/lib/python3.12/site-packages/teleop_robot_bridge/msg/_waist_joint_status.py
[5.248s] -- Up-to-date: /home/eierobot/ROS/teleop_ws/src/teleop_robot_bridge/install/teleop_robot_bridge/lib/python3.12/site-packages/teleop_robot_bridge/msg/_agv_joint_status.py
[5.248s] -- Up-to-date: /home/eierobot/ROS/teleop_ws/src/teleop_robot_bridge/install/teleop_robot_bridge/lib/python3.12/site-packages/teleop_robot_bridge/msg/_waist_joint_command.py
[5.248s] -- Up-to-date: /home/eierobot/ROS/teleop_ws/src/teleop_robot_bridge/install/teleop_robot_bridge/lib/python3.12/site-packages/teleop_robot_bridge/msg/_agv_battery_state.py
[5.248s] -- Up-to-date: /home/eierobot/ROS/teleop_ws/src/teleop_robot_bridge/install/teleop_robot_bridge/lib/python3.12/site-packages/teleop_robot_bridge/msg/_head_joint_feedback_s.c
[5.248s] -- Up-to-date: /home/eierobot/ROS/teleop_ws/src/teleop_robot_bridge/install/teleop_robot_bridge/lib/python3.12/site-packages/teleop_robot_bridge/msg/_waist_joint_feedback_s.c
[5.248s] -- Up-to-date: /home/eierobot/ROS/teleop_ws/src/teleop_robot_bridge/install/teleop_robot_bridge/lib/python3.12/site-packages/teleop_robot_bridge/msg/_agv_joint_status_s.c
[5.248s] -- Up-to-date: /home/eierobot/ROS/teleop_ws/src/teleop_robot_bridge/install/teleop_robot_bridge/lib/python3.12/site-packages/teleop_robot_bridge/msg/_gripper_device_state.py
[5.248s] -- Up-to-date: /home/eierobot/ROS/teleop_ws/src/teleop_robot_bridge/install/teleop_robot_bridge/lib/python3.12/site-packages/teleop_robot_bridge/msg/_temperature_s.c
[5.249s] -- Up-to-date: /home/eierobot/ROS/teleop_ws/src/teleop_robot_bridge/install/teleop_robot_bridge/lib/python3.12/site-packages/teleop_robot_bridge/msg/_waist_joint_feedback.py
[5.249s] -- Up-to-date: /home/eierobot/ROS/teleop_ws/src/teleop_robot_bridge/install/teleop_robot_bridge/lib/python3.12/site-packages/teleop_robot_bridge/msg/_head_joint_feedback.py
[5.249s] -- Up-to-date: /home/eierobot/ROS/teleop_ws/src/teleop_robot_bridge/install/teleop_robot_bridge/lib/python3.12/site-packages/teleop_robot_bridge/msg/_agv_cmd_vel_s.c
[5.249s] -- Up-to-date: /home/eierobot/ROS/teleop_ws/src/teleop_robot_bridge/install/teleop_robot_bridge/lib/python3.12/site-packages/teleop_robot_bridge/msg/_single_gripper_move.py
[5.249s] -- Up-to-date: /home/eierobot/ROS/teleop_ws/src/teleop_robot_bridge/install/teleop_robot_bridge/lib/python3.12/site-packages/teleop_robot_bridge/msg/_single_device_state.py
[5.249s] -- Up-to-date: /home/eierobot/ROS/teleop_ws/src/teleop_robot_bridge/install/teleop_robot_bridge/lib/python3.12/site-packages/teleop_robot_bridge/msg/_arm_motion_ctrl_s.c
[5.249s] -- Up-to-date: /home/eierobot/ROS/teleop_ws/src/teleop_robot_bridge/install/teleop_robot_bridge/lib/python3.12/site-packages/teleop_robot_bridge/msg/_single_gripper_status.py
[5.249s] -- Up-to-date: /home/eierobot/ROS/teleop_ws/src/teleop_robot_bridge/install/teleop_robot_bridge/lib/python3.12/site-packages/teleop_robot_bridge/msg/_agv_battery_state_s.c
[5.249s] -- Up-to-date: /home/eierobot/ROS/teleop_ws/src/teleop_robot_bridge/install/teleop_robot_bridge/lib/python3.12/site-packages/teleop_robot_bridge/msg/_single_gripper_status_s.c
[5.249s] -- Up-to-date: /home/eierobot/ROS/teleop_ws/src/teleop_robot_bridge/install/teleop_robot_bridge/lib/python3.12/site-packages/teleop_robot_bridge/msg/_head_motion_ctrl_s.c
[5.249s] -- Up-to-date: /home/eierobot/ROS/teleop_ws/src/teleop_robot_bridge/install/teleop_robot_bridge/lib/python3.12/site-packages/teleop_robot_bridge/msg/_head_joint_command_s.c
[5.249s] -- Up-to-date: /home/eierobot/ROS/teleop_ws/src/teleop_robot_bridge/install/teleop_robot_bridge/lib/python3.12/site-packages/teleop_robot_bridge/msg/_head_motion_ctrl.py
[5.250s] -- Up-to-date: /home/eierobot/ROS/teleop_ws/src/teleop_robot_bridge/install/teleop_robot_bridge/lib/python3.12/site-packages/teleop_robot_bridge/msg/_arm_joint_feedback.py
[5.250s] -- Up-to-date: /home/eierobot/ROS/teleop_ws/src/teleop_robot_bridge/install/teleop_robot_bridge/lib/python3.12/site-packages/teleop_robot_bridge/msg/_joint_status_s.c
[5.250s] -- Up-to-date: /home/eierobot/ROS/teleop_ws/src/teleop_robot_bridge/install/teleop_robot_bridge/lib/python3.12/site-packages/teleop_robot_bridge/msg/_upper_body_device_state.py
[5.250s] -- Up-to-date: /home/eierobot/ROS/teleop_ws/src/teleop_robot_bridge/install/teleop_robot_bridge/lib/python3.12/site-packages/teleop_robot_bridge/msg/_ee_tcp_command_s.c
[5.250s] -- Up-to-date: /home/eierobot/ROS/teleop_ws/src/teleop_robot_bridge/install/teleop_robot_bridge/lib/python3.12/site-packages/teleop_robot_bridge/msg/_agv_ultrasonic.py
[5.250s] -- Up-to-date: /home/eierobot/ROS/teleop_ws/src/teleop_robot_bridge/install/teleop_robot_bridge/lib/python3.12/site-packages/teleop_robot_bridge/msg/_gripper_device_state_s.c
[5.250s] -- Up-to-date: /home/eierobot/ROS/teleop_ws/src/teleop_robot_bridge/install/teleop_robot_bridge/lib/python3.12/site-packages/teleop_robot_bridge/msg/_joy_state.py
[5.250s] -- Up-to-date: /home/eierobot/ROS/teleop_ws/src/teleop_robot_bridge/install/teleop_robot_bridge/lib/python3.12/site-packages/teleop_robot_bridge/msg/_waist_joint_command_s.c
[5.250s] -- Up-to-date: /home/eierobot/ROS/teleop_ws/src/teleop_robot_bridge/install/teleop_robot_bridge/lib/python3.12/site-packages/teleop_robot_bridge/msg/_agv_vda5050_state.py
[5.250s] -- Up-to-date: /home/eierobot/ROS/teleop_ws/src/teleop_robot_bridge/install/teleop_robot_bridge/lib/python3.12/site-packages/teleop_robot_bridge/msg/_waist_tcp_command_s.c
[5.250s] -- Up-to-date: /home/eierobot/ROS/teleop_ws/src/teleop_robot_bridge/install/teleop_robot_bridge/lib/python3.12/site-packages/teleop_robot_bridge/msg/_joy_state_s.c
[5.251s] -- Up-to-date: /home/eierobot/ROS/teleop_ws/src/teleop_robot_bridge/install/teleop_robot_bridge/lib/python3.12/site-packages/teleop_robot_bridge/msg/_head_joint_status.py
[5.251s] -- Up-to-date: /home/eierobot/ROS/teleop_ws/src/teleop_robot_bridge/install/teleop_robot_bridge/lib/python3.12/site-packages/teleop_robot_bridge/msg/_agv_ultrasonic_s.c
[5.251s] -- Up-to-date: /home/eierobot/ROS/teleop_ws/src/teleop_robot_bridge/install/teleop_robot_bridge/lib/python3.12/site-packages/teleop_robot_bridge/msg/_gripper_status.py
[5.251s] -- Up-to-date: /home/eierobot/ROS/teleop_ws/src/teleop_robot_bridge/install/teleop_robot_bridge/lib/python3.12/site-packages/teleop_robot_bridge/msg/_agv_motion_ctrl_s.c
[5.251s] -- Up-to-date: /home/eierobot/ROS/teleop_ws/src/teleop_robot_bridge/install/teleop_robot_bridge/lib/python3.12/site-packages/teleop_robot_bridge/msg/_temperature.py
[5.251s] -- Up-to-date: /home/eierobot/ROS/teleop_ws/src/teleop_robot_bridge/install/teleop_robot_bridge/lib/python3.12/site-packages/teleop_robot_bridge/msg/_arm_joint_status_s.c
[5.251s] -- Up-to-date: /home/eierobot/ROS/teleop_ws/src/teleop_robot_bridge/install/teleop_robot_bridge/lib/python3.12/site-packages/teleop_robot_bridge/msg/_arm_motion_ctrl.py
[5.251s] -- Up-to-date: /home/eierobot/ROS/teleop_ws/src/teleop_robot_bridge/install/teleop_robot_bridge/lib/python3.12/site-packages/teleop_robot_bridge/msg/_single_gripper_move_s.c
[5.251s] -- Up-to-date: /home/eierobot/ROS/teleop_ws/src/teleop_robot_bridge/install/teleop_robot_bridge/lib/python3.12/site-packages/teleop_robot_bridge/msg/_gripper_tactile_s.c
[5.251s] -- Up-to-date: /home/eierobot/ROS/teleop_ws/src/teleop_robot_bridge/install/teleop_robot_bridge/lib/python3.12/site-packages/teleop_robot_bridge/msg/_agv_vel.py
[5.252s] -- Up-to-date: /home/eierobot/ROS/teleop_ws/src/teleop_robot_bridge/install/teleop_robot_bridge/lib/python3.12/site-packages/teleop_robot_bridge/msg/_agv_device_state_s.c
[5.252s] -- Up-to-date: /home/eierobot/ROS/teleop_ws/src/teleop_robot_bridge/install/teleop_robot_bridge/lib/python3.12/site-packages/teleop_robot_bridge/msg/_gripper_tactile.py
[5.252s] -- Up-to-date: /home/eierobot/ROS/teleop_ws/src/teleop_robot_bridge/install/teleop_robot_bridge/lib/python3.12/site-packages/teleop_robot_bridge/msg/_arm_joint_status.py
[5.252s] -- Up-to-date: /home/eierobot/ROS/teleop_ws/src/teleop_robot_bridge/install/teleop_robot_bridge/lib/python3.12/site-packages/teleop_robot_bridge/msg/_waist_tcp_command.py
[5.252s] -- Up-to-date: /home/eierobot/ROS/teleop_ws/src/teleop_robot_bridge/install/teleop_robot_bridge/lib/python3.12/site-packages/teleop_robot_bridge/msg/_waist_motion_ctrl_s.c
[5.252s] -- Up-to-date: /home/eierobot/ROS/teleop_ws/src/teleop_robot_bridge/install/teleop_robot_bridge/lib/python3.12/site-packages/teleop_robot_bridge/msg/_arm_joint_command_s.c
[5.252s] -- Up-to-date: /home/eierobot/ROS/teleop_ws/src/teleop_robot_bridge/install/teleop_robot_bridge/lib/python3.12/site-packages/teleop_robot_bridge/msg/_hand_tactile_s.c
[5.252s] -- Up-to-date: /home/eierobot/ROS/teleop_ws/src/teleop_robot_bridge/install/teleop_robot_bridge/lib/python3.12/site-packages/teleop_robot_bridge/msg/_arm_joint_command.py
[5.252s] -- Up-to-date: /home/eierobot/ROS/teleop_ws/src/teleop_robot_bridge/install/teleop_robot_bridge/lib/python3.12/site-packages/teleop_robot_bridge/msg/_agv_device_state.py
[5.252s] -- Up-to-date: /home/eierobot/ROS/teleop_ws/src/teleop_robot_bridge/install/teleop_robot_bridge/lib/python3.12/site-packages/teleop_robot_bridge/msg/_single_device_state_s.c
[5.252s] -- Up-to-date: /home/eierobot/ROS/teleop_ws/src/teleop_robot_bridge/install/teleop_robot_bridge/lib/python3.12/site-packages/teleop_robot_bridge/msg/_joint_status.py
[5.252s] -- Up-to-date: /home/eierobot/ROS/teleop_ws/src/teleop_robot_bridge/install/teleop_robot_bridge/lib/python3.12/site-packages/teleop_robot_bridge/msg/_agv_vda5050_state_s.c
[5.253s] -- Up-to-date: /home/eierobot/ROS/teleop_ws/src/teleop_robot_bridge/install/teleop_robot_bridge/lib/python3.12/site-packages/teleop_robot_bridge/msg/_agv_vel_s.c
[5.253s] -- Up-to-date: /home/eierobot/ROS/teleop_ws/src/teleop_robot_bridge/install/teleop_robot_bridge/lib/python3.12/site-packages/teleop_robot_bridge/msg/_agv_imu_s.c
[5.253s] -- Up-to-date: /home/eierobot/ROS/teleop_ws/src/teleop_robot_bridge/install/teleop_robot_bridge/lib/python3.12/site-packages/teleop_robot_bridge/msg/_arm_joint_feedback_s.c
[5.253s] -- Up-to-date: /home/eierobot/ROS/teleop_ws/src/teleop_robot_bridge/install/teleop_robot_bridge/lib/python3.12/site-packages/teleop_robot_bridge/msg/_agv_joint_feedback.py
[5.253s] -- Up-to-date: /home/eierobot/ROS/teleop_ws/src/teleop_robot_bridge/install/teleop_robot_bridge/lib/python3.12/site-packages/teleop_robot_bridge/msg/_agv_motion_ctrl.py
[5.253s] -- Up-to-date: /home/eierobot/ROS/teleop_ws/src/teleop_robot_bridge/install/teleop_robot_bridge/lib/python3.12/site-packages/teleop_robot_bridge/msg/_upper_body_device_state_s.c
[5.253s] -- Up-to-date: /home/eierobot/ROS/teleop_ws/src/teleop_robot_bridge/install/teleop_robot_bridge/lib/python3.12/site-packages/teleop_robot_bridge/msg/_hand_tactile.py
[5.253s] -- Up-to-date: /home/eierobot/ROS/teleop_ws/src/teleop_robot_bridge/install/teleop_robot_bridge/lib/python3.12/site-packages/teleop_robot_bridge/msg/_gripper_status_s.c
[5.253s] -- Up-to-date: /home/eierobot/ROS/teleop_ws/src/teleop_robot_bridge/install/teleop_robot_bridge/lib/python3.12/site-packages/teleop_robot_bridge/msg/_agv_cmd_vel.py
[5.253s] -- Up-to-date: /home/eierobot/ROS/teleop_ws/src/teleop_robot_bridge/install/teleop_robot_bridge/lib/python3.12/site-packages/teleop_robot_bridge/msg/_waist_motion_ctrl.py
[5.253s] -- Up-to-date: /home/eierobot/ROS/teleop_ws/src/teleop_robot_bridge/install/teleop_robot_bridge/lib/python3.12/site-packages/teleop_robot_bridge/msg/_waist_joint_status_s.c
[5.253s] -- Up-to-date: /home/eierobot/ROS/teleop_ws/src/teleop_robot_bridge/install/teleop_robot_bridge/lib/python3.12/site-packages/teleop_robot_bridge/msg/_agv_imu.py
[5.254s] -- Up-to-date: /home/eierobot/ROS/teleop_ws/src/teleop_robot_bridge/install/teleop_robot_bridge/lib/python3.12/site-packages/teleop_robot_bridge/msg/_ee_tcp_command.py
[5.254s] -- Up-to-date: /home/eierobot/ROS/teleop_ws/src/teleop_robot_bridge/install/teleop_robot_bridge/lib/python3.12/site-packages/teleop_robot_bridge/__init__.py
[5.254s] -- Up-to-date: /home/eierobot/ROS/teleop_ws/src/teleop_robot_bridge/install/teleop_robot_bridge/lib/python3.12/site-packages/teleop_robot_bridge/_teleop_robot_bridge_s.ep.rosidl_typesupport_c.c
[5.254s] -- Up-to-date: /home/eierobot/ROS/teleop_ws/src/teleop_robot_bridge/install/teleop_robot_bridge/lib/python3.12/site-packages/teleop_robot_bridge/teleop_robot_bridge_s__rosidl_typesupport_fastrtps_c.so
[5.254s] -- Up-to-date: /home/eierobot/ROS/teleop_ws/src/teleop_robot_bridge/install/teleop_robot_bridge/lib/python3.12/site-packages/teleop_robot_bridge/teleop_robot_bridge_s__rosidl_typesupport_introspection_c.so
[5.254s] -- Up-to-date: /home/eierobot/ROS/teleop_ws/src/teleop_robot_bridge/install/teleop_robot_bridge/lib/python3.12/site-packages/teleop_robot_bridge/teleop_robot_bridge_s__rosidl_typesupport_c.so
[5.254s] -- Up-to-date: /home/eierobot/ROS/teleop_ws/src/teleop_robot_bridge/install/teleop_robot_bridge/lib/python3.12/site-packages/teleop_robot_bridge/_teleop_robot_bridge_s.ep.rosidl_typesupport_fastrtps_c.c
[5.254s] -- Up-to-date: /home/eierobot/ROS/teleop_ws/src/teleop_robot_bridge/install/teleop_robot_bridge/lib/python3.12/site-packages/teleop_robot_bridge/_teleop_robot_bridge_s.ep.rosidl_typesupport_introspection_c.c
[5.254s] Listing '/home/eierobot/ROS/teleop_ws/src/teleop_robot_bridge/install/teleop_robot_bridge/lib/python3.12/site-packages/teleop_robot_bridge'...
[5.254s] Listing '/home/eierobot/ROS/teleop_ws/src/teleop_robot_bridge/install/teleop_robot_bridge/lib/python3.12/site-packages/teleop_robot_bridge/msg'...
[5.254s] -- Up-to-date: /home/eierobot/ROS/teleop_ws/src/teleop_robot_bridge/install/teleop_robot_bridge/lib/python3.12/site-packages/teleop_robot_bridge/teleop_robot_bridge_s__rosidl_typesupport_fastrtps_c.so
[5.254s] -- Up-to-date: /home/eierobot/ROS/teleop_ws/src/teleop_robot_bridge/install/teleop_robot_bridge/lib/python3.12/site-packages/teleop_robot_bridge/teleop_robot_bridge_s__rosidl_typesupport_introspection_c.so
[5.255s] -- Up-to-date: /home/eierobot/ROS/teleop_ws/src/teleop_robot_bridge/install/teleop_robot_bridge/lib/python3.12/site-packages/teleop_robot_bridge/teleop_robot_bridge_s__rosidl_typesupport_c.so
[5.255s] -- Up-to-date: /home/eierobot/ROS/teleop_ws/src/teleop_robot_bridge/install/teleop_robot_bridge/lib/libteleop_robot_bridge__rosidl_generator_py.so
[5.255s] -- Up-to-date: /home/eierobot/ROS/teleop_ws/src/teleop_robot_bridge/install/teleop_robot_bridge/share/ament_index/resource_index/rust_packages/teleop_robot_bridge
[5.255s] -- Up-to-date: /home/eierobot/ROS/teleop_ws/src/teleop_robot_bridge/install/teleop_robot_bridge/share/teleop_robot_bridge/rust
[5.255s] -- Up-to-date: /home/eierobot/ROS/teleop_ws/src/teleop_robot_bridge/install/teleop_robot_bridge/share/teleop_robot_bridge/rust/build.rs
[5.255s] -- Up-to-date: /home/eierobot/ROS/teleop_ws/src/teleop_robot_bridge/install/teleop_robot_bridge/share/teleop_robot_bridge/rust/Cargo.toml
[5.255s] -- Up-to-date: /home/eierobot/ROS/teleop_ws/src/teleop_robot_bridge/install/teleop_robot_bridge/share/teleop_robot_bridge/rust/src
[5.255s] -- Up-to-date: /home/eierobot/ROS/teleop_ws/src/teleop_robot_bridge/install/teleop_robot_bridge/share/teleop_robot_bridge/rust/src/msg
[5.255s] -- Up-to-date: /home/eierobot/ROS/teleop_ws/src/teleop_robot_bridge/install/teleop_robot_bridge/share/teleop_robot_bridge/rust/src/msg/rmw.rs
[5.255s] -- Up-to-date: /home/eierobot/ROS/teleop_ws/src/teleop_robot_bridge/install/teleop_robot_bridge/share/teleop_robot_bridge/rust/src/lib.rs
[5.255s] -- Up-to-date: /home/eierobot/ROS/teleop_ws/src/teleop_robot_bridge/install/teleop_robot_bridge/share/teleop_robot_bridge/rust/src/msg.rs
[5.255s] -- Up-to-date: /home/eierobot/ROS/teleop_ws/src/teleop_robot_bridge/install/teleop_robot_bridge/share/teleop_robot_bridge/msg/AgvBatteryState.idl
[5.256s] -- Up-to-date: /home/eierobot/ROS/teleop_ws/src/teleop_robot_bridge/install/teleop_robot_bridge/share/teleop_robot_bridge/msg/AgvCmdVel.idl
[5.256s] -- Up-to-date: /home/eierobot/ROS/teleop_ws/src/teleop_robot_bridge/install/teleop_robot_bridge/share/teleop_robot_bridge/msg/AgvDeviceState.idl
[5.256s] -- Up-to-date: /home/eierobot/ROS/teleop_ws/src/teleop_robot_bridge/install/teleop_robot_bridge/share/teleop_robot_bridge/msg/AgvImu.idl
[5.256s] -- Up-to-date: /home/eierobot/ROS/teleop_ws/src/teleop_robot_bridge/install/teleop_robot_bridge/share/teleop_robot_bridge/msg/AgvJointFeedback.idl
[5.256s] -- Up-to-date: /home/eierobot/ROS/teleop_ws/src/teleop_robot_bridge/install/teleop_robot_bridge/share/teleop_robot_bridge/msg/AgvJointStatus.idl
[5.256s] -- Up-to-date: /home/eierobot/ROS/teleop_ws/src/teleop_robot_bridge/install/teleop_robot_bridge/share/teleop_robot_bridge/msg/AgvMotionCtrl.idl
[5.256s] -- Up-to-date: /home/eierobot/ROS/teleop_ws/src/teleop_robot_bridge/install/teleop_robot_bridge/share/teleop_robot_bridge/msg/AgvUltrasonic.idl
[5.256s] -- Up-to-date: /home/eierobot/ROS/teleop_ws/src/teleop_robot_bridge/install/teleop_robot_bridge/share/teleop_robot_bridge/msg/AgvVda5050State.idl
[5.256s] -- Up-to-date: /home/eierobot/ROS/teleop_ws/src/teleop_robot_bridge/install/teleop_robot_bridge/share/teleop_robot_bridge/msg/AgvVel.idl
[5.256s] -- Up-to-date: /home/eierobot/ROS/teleop_ws/src/teleop_robot_bridge/install/teleop_robot_bridge/share/teleop_robot_bridge/msg/ArmJointCommand.idl
[5.256s] -- Up-to-date: /home/eierobot/ROS/teleop_ws/src/teleop_robot_bridge/install/teleop_robot_bridge/share/teleop_robot_bridge/msg/ArmJointFeedback.idl
[5.256s] -- Up-to-date: /home/eierobot/ROS/teleop_ws/src/teleop_robot_bridge/install/teleop_robot_bridge/share/teleop_robot_bridge/msg/ArmJointStatus.idl
[5.257s] -- Up-to-date: /home/eierobot/ROS/teleop_ws/src/teleop_robot_bridge/install/teleop_robot_bridge/share/teleop_robot_bridge/msg/ArmMotionCtrl.idl
[5.257s] -- Up-to-date: /home/eierobot/ROS/teleop_ws/src/teleop_robot_bridge/install/teleop_robot_bridge/share/teleop_robot_bridge/msg/EeTcpCommand.idl
[5.257s] -- Up-to-date: /home/eierobot/ROS/teleop_ws/src/teleop_robot_bridge/install/teleop_robot_bridge/share/teleop_robot_bridge/msg/GripperDeviceState.idl
[5.257s] -- Up-to-date: /home/eierobot/ROS/teleop_ws/src/teleop_robot_bridge/install/teleop_robot_bridge/share/teleop_robot_bridge/msg/GripperMove.idl
[5.257s] -- Up-to-date: /home/eierobot/ROS/teleop_ws/src/teleop_robot_bridge/install/teleop_robot_bridge/share/teleop_robot_bridge/msg/GripperStatus.idl
[5.257s] -- Up-to-date: /home/eierobot/ROS/teleop_ws/src/teleop_robot_bridge/install/teleop_robot_bridge/share/teleop_robot_bridge/msg/GripperTactile.idl
[5.257s] -- Up-to-date: /home/eierobot/ROS/teleop_ws/src/teleop_robot_bridge/install/teleop_robot_bridge/share/teleop_robot_bridge/msg/HandTactile.idl
[5.257s] -- Up-to-date: /home/eierobot/ROS/teleop_ws/src/teleop_robot_bridge/install/teleop_robot_bridge/share/teleop_robot_bridge/msg/HeadJointCommand.idl
[5.257s] -- Up-to-date: /home/eierobot/ROS/teleop_ws/src/teleop_robot_bridge/install/teleop_robot_bridge/share/teleop_robot_bridge/msg/HeadJointFeedback.idl
[5.257s] -- Up-to-date: /home/eierobot/ROS/teleop_ws/src/teleop_robot_bridge/install/teleop_robot_bridge/share/teleop_robot_bridge/msg/HeadJointStatus.idl
[5.257s] -- Up-to-date: /home/eierobot/ROS/teleop_ws/src/teleop_robot_bridge/install/teleop_robot_bridge/share/teleop_robot_bridge/msg/HeadMotionCtrl.idl
[5.257s] -- Up-to-date: /home/eierobot/ROS/teleop_ws/src/teleop_robot_bridge/install/teleop_robot_bridge/share/teleop_robot_bridge/msg/JointStatus.idl
[5.257s] -- Up-to-date: /home/eierobot/ROS/teleop_ws/src/teleop_robot_bridge/install/teleop_robot_bridge/share/teleop_robot_bridge/msg/JoyState.idl
[5.258s] -- Up-to-date: /home/eierobot/ROS/teleop_ws/src/teleop_robot_bridge/install/teleop_robot_bridge/share/teleop_robot_bridge/msg/SingleDeviceState.idl
[5.258s] -- Up-to-date: /home/eierobot/ROS/teleop_ws/src/teleop_robot_bridge/install/teleop_robot_bridge/share/teleop_robot_bridge/msg/SingleGripperMove.idl
[5.258s] -- Up-to-date: /home/eierobot/ROS/teleop_ws/src/teleop_robot_bridge/install/teleop_robot_bridge/share/teleop_robot_bridge/msg/SingleGripperStatus.idl
[5.258s] -- Up-to-date: /home/eierobot/ROS/teleop_ws/src/teleop_robot_bridge/install/teleop_robot_bridge/share/teleop_robot_bridge/msg/Temperature.idl
[5.258s] -- Up-to-date: /home/eierobot/ROS/teleop_ws/src/teleop_robot_bridge/install/teleop_robot_bridge/share/teleop_robot_bridge/msg/UpperBodyDeviceState.idl
[5.258s] -- Up-to-date: /home/eierobot/ROS/teleop_ws/src/teleop_robot_bridge/install/teleop_robot_bridge/share/teleop_robot_bridge/msg/WaistJointCommand.idl
[5.258s] -- Up-to-date: /home/eierobot/ROS/teleop_ws/src/teleop_robot_bridge/install/teleop_robot_bridge/share/teleop_robot_bridge/msg/WaistJointFeedback.idl
[5.258s] -- Up-to-date: /home/eierobot/ROS/teleop_ws/src/teleop_robot_bridge/install/teleop_robot_bridge/share/teleop_robot_bridge/msg/WaistJointStatus.idl
[5.258s] -- Up-to-date: /home/eierobot/ROS/teleop_ws/src/teleop_robot_bridge/install/teleop_robot_bridge/share/teleop_robot_bridge/msg/WaistMotionCtrl.idl
[5.258s] -- Up-to-date: /home/eierobot/ROS/teleop_ws/src/teleop_robot_bridge/install/teleop_robot_bridge/share/teleop_robot_bridge/msg/WaistTcpCommand.idl
[5.258s] -- Up-to-date: /home/eierobot/ROS/teleop_ws/src/teleop_robot_bridge/install/teleop_robot_bridge/share/teleop_robot_bridge/msg/AgvBatteryState.msg
[5.258s] -- Up-to-date: /home/eierobot/ROS/teleop_ws/src/teleop_robot_bridge/install/teleop_robot_bridge/share/teleop_robot_bridge/msg/AgvCmdVel.msg
[5.259s] -- Up-to-date: /home/eierobot/ROS/teleop_ws/src/teleop_robot_bridge/install/teleop_robot_bridge/share/teleop_robot_bridge/msg/AgvDeviceState.msg
[5.259s] -- Up-to-date: /home/eierobot/ROS/teleop_ws/src/teleop_robot_bridge/install/teleop_robot_bridge/share/teleop_robot_bridge/msg/AgvImu.msg
[5.259s] -- Up-to-date: /home/eierobot/ROS/teleop_ws/src/teleop_robot_bridge/install/teleop_robot_bridge/share/teleop_robot_bridge/msg/AgvJointFeedback.msg
[5.259s] -- Up-to-date: /home/eierobot/ROS/teleop_ws/src/teleop_robot_bridge/install/teleop_robot_bridge/share/teleop_robot_bridge/msg/AgvJointStatus.msg
[5.259s] -- Up-to-date: /home/eierobot/ROS/teleop_ws/src/teleop_robot_bridge/install/teleop_robot_bridge/share/teleop_robot_bridge/msg/AgvMotionCtrl.msg
[5.259s] -- Up-to-date: /home/eierobot/ROS/teleop_ws/src/teleop_robot_bridge/install/teleop_robot_bridge/share/teleop_robot_bridge/msg/AgvUltrasonic.msg
[5.259s] -- Up-to-date: /home/eierobot/ROS/teleop_ws/src/teleop_robot_bridge/install/teleop_robot_bridge/share/teleop_robot_bridge/msg/AgvVda5050State.msg
[5.259s] -- Up-to-date: /home/eierobot/ROS/teleop_ws/src/teleop_robot_bridge/install/teleop_robot_bridge/share/teleop_robot_bridge/msg/AgvVel.msg
[5.259s] -- Up-to-date: /home/eierobot/ROS/teleop_ws/src/teleop_robot_bridge/install/teleop_robot_bridge/share/teleop_robot_bridge/msg/ArmJointCommand.msg
[5.259s] -- Up-to-date: /home/eierobot/ROS/teleop_ws/src/teleop_robot_bridge/install/teleop_robot_bridge/share/teleop_robot_bridge/msg/ArmJointFeedback.msg
[5.259s] -- Up-to-date: /home/eierobot/ROS/teleop_ws/src/teleop_robot_bridge/install/teleop_robot_bridge/share/teleop_robot_bridge/msg/ArmJointStatus.msg
[5.259s] -- Up-to-date: /home/eierobot/ROS/teleop_ws/src/teleop_robot_bridge/install/teleop_robot_bridge/share/teleop_robot_bridge/msg/ArmMotionCtrl.msg
[5.259s] -- Up-to-date: /home/eierobot/ROS/teleop_ws/src/teleop_robot_bridge/install/teleop_robot_bridge/share/teleop_robot_bridge/msg/EeTcpCommand.msg
[5.259s] -- Up-to-date: /home/eierobot/ROS/teleop_ws/src/teleop_robot_bridge/install/teleop_robot_bridge/share/teleop_robot_bridge/msg/GripperDeviceState.msg
[5.260s] -- Up-to-date: /home/eierobot/ROS/teleop_ws/src/teleop_robot_bridge/install/teleop_robot_bridge/share/teleop_robot_bridge/msg/GripperMove.msg
[5.260s] -- Up-to-date: /home/eierobot/ROS/teleop_ws/src/teleop_robot_bridge/install/teleop_robot_bridge/share/teleop_robot_bridge/msg/GripperStatus.msg
[5.260s] -- Up-to-date: /home/eierobot/ROS/teleop_ws/src/teleop_robot_bridge/install/teleop_robot_bridge/share/teleop_robot_bridge/msg/GripperTactile.msg
[5.260s] -- Up-to-date: /home/eierobot/ROS/teleop_ws/src/teleop_robot_bridge/install/teleop_robot_bridge/share/teleop_robot_bridge/msg/HandTactile.msg
[5.260s] -- Up-to-date: /home/eierobot/ROS/teleop_ws/src/teleop_robot_bridge/install/teleop_robot_bridge/share/teleop_robot_bridge/msg/HeadJointCommand.msg
[5.260s] -- Up-to-date: /home/eierobot/ROS/teleop_ws/src/teleop_robot_bridge/install/teleop_robot_bridge/share/teleop_robot_bridge/msg/HeadJointFeedback.msg
[5.260s] -- Up-to-date: /home/eierobot/ROS/teleop_ws/src/teleop_robot_bridge/install/teleop_robot_bridge/share/teleop_robot_bridge/msg/HeadJointStatus.msg
[5.260s] -- Up-to-date: /home/eierobot/ROS/teleop_ws/src/teleop_robot_bridge/install/teleop_robot_bridge/share/teleop_robot_bridge/msg/HeadMotionCtrl.msg
[5.260s] -- Up-to-date: /home/eierobot/ROS/teleop_ws/src/teleop_robot_bridge/install/teleop_robot_bridge/share/teleop_robot_bridge/msg/JointStatus.msg
[5.260s] -- Up-to-date: /home/eierobot/ROS/teleop_ws/src/teleop_robot_bridge/install/teleop_robot_bridge/share/teleop_robot_bridge/msg/JoyState.msg
[5.260s] -- Up-to-date: /home/eierobot/ROS/teleop_ws/src/teleop_robot_bridge/install/teleop_robot_bridge/share/teleop_robot_bridge/msg/SingleDeviceState.msg
[5.260s] -- Up-to-date: /home/eierobot/ROS/teleop_ws/src/teleop_robot_bridge/install/teleop_robot_bridge/share/teleop_robot_bridge/msg/SingleGripperMove.msg
[5.260s] -- Up-to-date: /home/eierobot/ROS/teleop_ws/src/teleop_robot_bridge/install/teleop_robot_bridge/share/teleop_robot_bridge/msg/SingleGripperStatus.msg
[5.261s] -- Up-to-date: /home/eierobot/ROS/teleop_ws/src/teleop_robot_bridge/install/teleop_robot_bridge/share/teleop_robot_bridge/msg/Temperature.msg
[5.261s] -- Up-to-date: /home/eierobot/ROS/teleop_ws/src/teleop_robot_bridge/install/teleop_robot_bridge/share/teleop_robot_bridge/msg/UpperBodyDeviceState.msg
[5.261s] -- Up-to-date: /home/eierobot/ROS/teleop_ws/src/teleop_robot_bridge/install/teleop_robot_bridge/share/teleop_robot_bridge/msg/WaistJointCommand.msg
[5.261s] -- Up-to-date: /home/eierobot/ROS/teleop_ws/src/teleop_robot_bridge/install/teleop_robot_bridge/share/teleop_robot_bridge/msg/WaistJointFeedback.msg
[5.261s] -- Up-to-date: /home/eierobot/ROS/teleop_ws/src/teleop_robot_bridge/install/teleop_robot_bridge/share/teleop_robot_bridge/msg/WaistJointStatus.msg
[5.261s] -- Up-to-date: /home/eierobot/ROS/teleop_ws/src/teleop_robot_bridge/install/teleop_robot_bridge/share/teleop_robot_bridge/msg/WaistMotionCtrl.msg
[5.261s] -- Up-to-date: /home/eierobot/ROS/teleop_ws/src/teleop_robot_bridge/install/teleop_robot_bridge/share/teleop_robot_bridge/msg/WaistTcpCommand.msg
[5.261s] -- Installing: /home/eierobot/ROS/teleop_ws/src/teleop_robot_bridge/install/teleop_robot_bridge/lib/teleop_robot_bridge/teleop_robot_bridge
[5.310s] -- Set non-toolchain portion of runtime path of "/home/eierobot/ROS/teleop_ws/src/teleop_robot_bridge/install/teleop_robot_bridge/lib/teleop_robot_bridge/teleop_robot_bridge" to ""
[5.310s] -- Up-to-date: /home/eierobot/ROS/teleop_ws/src/teleop_robot_bridge/install/teleop_robot_bridge/include/teleop_robot_bridge/main_node.hpp
[5.311s] -- Up-to-date: /home/eierobot/ROS/teleop_ws/src/teleop_robot_bridge/install/teleop_robot_bridge/include/teleop_robot_bridge/video
[5.311s] -- Up-to-date: /home/eierobot/ROS/teleop_ws/src/teleop_robot_bridge/install/teleop_robot_bridge/include/teleop_robot_bridge/video/video_module.hpp
[5.311s] -- Up-to-date: /home/eierobot/ROS/teleop_ws/src/teleop_robot_bridge/install/teleop_robot_bridge/include/teleop_robot_bridge/video/video_recorder.hpp
[5.311s] -- Up-to-date: /home/eierobot/ROS/teleop_ws/src/teleop_robot_bridge/install/teleop_robot_bridge/include/teleop_robot_bridge/video/nvbuf_mutex.hpp
[5.311s] -- Up-to-date: /home/eierobot/ROS/teleop_ws/src/teleop_robot_bridge/install/teleop_robot_bridge/include/teleop_robot_bridge/video/video_stream_manager.hpp
[5.312s] -- Up-to-date: /home/eierobot/ROS/teleop_ws/src/teleop_robot_bridge/install/teleop_robot_bridge/include/teleop_robot_bridge/video/video_encoder.hpp
[5.312s] -- Up-to-date: /home/eierobot/ROS/teleop_ws/src/teleop_robot_bridge/install/teleop_robot_bridge/include/teleop_robot_bridge/video/video_undistorter.hpp
[5.312s] -- Up-to-date: /home/eierobot/ROS/teleop_ws/src/teleop_robot_bridge/install/teleop_robot_bridge/include/teleop_robot_bridge/video/video_v4l2_capturer.hpp
[5.312s] -- Up-to-date: /home/eierobot/ROS/teleop_ws/src/teleop_robot_bridge/install/teleop_robot_bridge/include/teleop_robot_bridge/video/cuda_yuv422_converter.hpp
[5.312s] -- Up-to-date: /home/eierobot/ROS/teleop_ws/src/teleop_robot_bridge/install/teleop_robot_bridge/include/teleop_robot_bridge/video/eye_image_publisher.hpp
[5.312s] -- Up-to-date: /home/eierobot/ROS/teleop_ws/src/teleop_robot_bridge/install/teleop_robot_bridge/include/teleop_robot_bridge/video/video_converter.hpp
[5.313s] -- Up-to-date: /home/eierobot/ROS/teleop_ws/src/teleop_robot_bridge/install/teleop_robot_bridge/include/teleop_robot_bridge/video/video_decoder.hpp
[5.313s] -- Up-to-date: /home/eierobot/ROS/teleop_ws/src/teleop_robot_bridge/install/teleop_robot_bridge/include/teleop_robot_bridge/grpc
[5.313s] -- Up-to-date: /home/eierobot/ROS/teleop_ws/src/teleop_robot_bridge/install/teleop_robot_bridge/include/teleop_robot_bridge/grpc/grpc_manager.hpp
[5.313s] -- Up-to-date: /home/eierobot/ROS/teleop_ws/src/teleop_robot_bridge/install/teleop_robot_bridge/include/teleop_robot_bridge/grpc/grpc_module.hpp
[5.313s] -- Up-to-date: /home/eierobot/ROS/teleop_ws/src/teleop_robot_bridge/install/teleop_robot_bridge/include/teleop_robot_bridge/audio
[5.314s] -- Up-to-date: /home/eierobot/ROS/teleop_ws/src/teleop_robot_bridge/install/teleop_robot_bridge/include/teleop_robot_bridge/audio/audio_manager.hpp
[5.314s] -- Up-to-date: /home/eierobot/ROS/teleop_ws/src/teleop_robot_bridge/install/teleop_robot_bridge/include/teleop_robot_bridge/audio/audio_receiver.hpp
[5.314s] -- Up-to-date: /home/eierobot/ROS/teleop_ws/src/teleop_robot_bridge/install/teleop_robot_bridge/include/teleop_robot_bridge/audio/audio_module.hpp
[5.314s] -- Up-to-date: /home/eierobot/ROS/teleop_ws/src/teleop_robot_bridge/install/teleop_robot_bridge/include/teleop_robot_bridge/udp
[5.314s] -- Up-to-date: /home/eierobot/ROS/teleop_ws/src/teleop_robot_bridge/install/teleop_robot_bridge/include/teleop_robot_bridge/udp/fec_interface.hpp
[5.315s] -- Up-to-date: /home/eierobot/ROS/teleop_ws/src/teleop_robot_bridge/install/teleop_robot_bridge/include/teleop_robot_bridge/udp/gf256.hpp
[5.315s] -- Up-to-date: /home/eierobot/ROS/teleop_ws/src/teleop_robot_bridge/install/teleop_robot_bridge/include/teleop_robot_bridge/udp/control_plane.hpp
[5.315s] -- Up-to-date: /home/eierobot/ROS/teleop_ws/src/teleop_robot_bridge/install/teleop_robot_bridge/include/teleop_robot_bridge/udp/send_queue.hpp
[5.315s] -- Up-to-date: /home/eierobot/ROS/teleop_ws/src/teleop_robot_bridge/install/teleop_robot_bridge/include/teleop_robot_bridge/udp/pacer.hpp
[5.315s] -- Up-to-date: /home/eierobot/ROS/teleop_ws/src/teleop_robot_bridge/install/teleop_robot_bridge/include/teleop_robot_bridge/udp/fec_v2.hpp
[5.316s] -- Up-to-date: /home/eierobot/ROS/teleop_ws/src/teleop_robot_bridge/install/teleop_robot_bridge/include/teleop_robot_bridge/udp/udp_socket.hpp
[5.316s] -- Up-to-date: /home/eierobot/ROS/teleop_ws/src/teleop_robot_bridge/install/teleop_robot_bridge/include/teleop_robot_bridge/udp/packet_codec.hpp
[5.316s] -- Up-to-date: /home/eierobot/ROS/teleop_ws/src/teleop_robot_bridge/install/teleop_robot_bridge/include/teleop_robot_bridge/udp/udp_module.hpp
[5.316s] -- Up-to-date: /home/eierobot/ROS/teleop_ws/src/teleop_robot_bridge/install/teleop_robot_bridge/include/teleop_robot_bridge/udp/udp_manager.hpp
[5.316s] -- Up-to-date: /home/eierobot/ROS/teleop_ws/src/teleop_robot_bridge/install/teleop_robot_bridge/include/teleop_robot_bridge/udp/pose_udp_receiver.hpp
[5.316s] -- Up-to-date: /home/eierobot/ROS/teleop_ws/src/teleop_robot_bridge/install/teleop_robot_bridge/include/teleop_robot_bridge/telemetry
[5.316s] -- Up-to-date: /home/eierobot/ROS/teleop_ws/src/teleop_robot_bridge/install/teleop_robot_bridge/include/teleop_robot_bridge/telemetry/robot_telemetry_types.hpp
[5.317s] -- Up-to-date: /home/eierobot/ROS/teleop_ws/src/teleop_robot_bridge/install/teleop_robot_bridge/share/teleop_robot_bridge/config
[5.317s] -- Up-to-date: /home/eierobot/ROS/teleop_ws/src/teleop_robot_bridge/install/teleop_robot_bridge/share/teleop_robot_bridge/config/calibration_stereo.yaml
[5.317s] -- Up-to-date: /home/eierobot/ROS/teleop_ws/src/teleop_robot_bridge/install/teleop_robot_bridge/share/teleop_robot_bridge/config/params.yaml
[5.317s] -- Up-to-date: /home/eierobot/ROS/teleop_ws/src/teleop_robot_bridge/install/teleop_robot_bridge/share/teleop_robot_bridge/config/UDP_VIDEO_FEC_TABLE_V1(1).json
[5.317s] -- Up-to-date: /home/eierobot/ROS/teleop_ws/src/teleop_robot_bridge/install/teleop_robot_bridge/share/teleop_robot_bridge/config/fov.yaml
[5.317s] -- Up-to-date: /home/eierobot/ROS/teleop_ws/src/teleop_robot_bridge/install/teleop_robot_bridge/share/teleop_robot_bridge/launch
[5.317s] -- Up-to-date: /home/eierobot/ROS/teleop_ws/src/teleop_robot_bridge/install/teleop_robot_bridge/share/teleop_robot_bridge/launch/bringup.launch.py
[5.317s] -- Up-to-date: /home/eierobot/ROS/teleop_ws/src/teleop_robot_bridge/install/teleop_robot_bridge/share/ament_index/resource_index/package_run_dependencies/teleop_robot_bridge
[5.318s] -- Up-to-date: /home/eierobot/ROS/teleop_ws/src/teleop_robot_bridge/install/teleop_robot_bridge/share/ament_index/resource_index/parent_prefix_path/teleop_robot_bridge
[5.318s] -- Up-to-date: /home/eierobot/ROS/teleop_ws/src/teleop_robot_bridge/install/teleop_robot_bridge/share/teleop_robot_bridge/environment/ament_prefix_path.sh
[5.318s] -- Up-to-date: /home/eierobot/ROS/teleop_ws/src/teleop_robot_bridge/install/teleop_robot_bridge/share/teleop_robot_bridge/environment/ament_prefix_path.dsv
[5.318s] -- Up-to-date: /home/eierobot/ROS/teleop_ws/src/teleop_robot_bridge/install/teleop_robot_bridge/share/teleop_robot_bridge/environment/path.sh
[5.318s] -- Up-to-date: /home/eierobot/ROS/teleop_ws/src/teleop_robot_bridge/install/teleop_robot_bridge/share/teleop_robot_bridge/environment/path.dsv
[5.318s] -- Up-to-date: /home/eierobot/ROS/teleop_ws/src/teleop_robot_bridge/install/teleop_robot_bridge/share/teleop_robot_bridge/local_setup.bash
[5.318s] -- Up-to-date: /home/eierobot/ROS/teleop_ws/src/teleop_robot_bridge/install/teleop_robot_bridge/share/teleop_robot_bridge/local_setup.sh
[5.318s] -- Up-to-date: /home/eierobot/ROS/teleop_ws/src/teleop_robot_bridge/install/teleop_robot_bridge/share/teleop_robot_bridge/local_setup.zsh
[5.319s] -- Up-to-date: /home/eierobot/ROS/teleop_ws/src/teleop_robot_bridge/install/teleop_robot_bridge/share/teleop_robot_bridge/local_setup.dsv
[5.319s] -- Installing: /home/eierobot/ROS/teleop_ws/src/teleop_robot_bridge/install/teleop_robot_bridge/share/teleop_robot_bridge/package.dsv
[5.319s] -- Up-to-date: /home/eierobot/ROS/teleop_ws/src/teleop_robot_bridge/install/teleop_robot_bridge/share/ament_index/resource_index/packages/teleop_robot_bridge
[5.319s] -- Up-to-date: /home/eierobot/ROS/teleop_ws/src/teleop_robot_bridge/install/teleop_robot_bridge/share/teleop_robot_bridge/cmake/export_teleop_robot_bridge__rosidl_generator_cExport.cmake
[5.320s] -- Up-to-date: /home/eierobot/ROS/teleop_ws/src/teleop_robot_bridge/install/teleop_robot_bridge/share/teleop_robot_bridge/cmake/export_teleop_robot_bridge__rosidl_generator_cExport-relwithdebinfo.cmake
[5.320s] -- Up-to-date: /home/eierobot/ROS/teleop_ws/src/teleop_robot_bridge/install/teleop_robot_bridge/share/teleop_robot_bridge/cmake/export_teleop_robot_bridge__rosidl_typesupport_fastrtps_cExport.cmake
[5.321s] -- Up-to-date: /home/eierobot/ROS/teleop_ws/src/teleop_robot_bridge/install/teleop_robot_bridge/share/teleop_robot_bridge/cmake/export_teleop_robot_bridge__rosidl_typesupport_fastrtps_cExport-relwithdebinfo.cmake
[5.321s] -- Up-to-date: /home/eierobot/ROS/teleop_ws/src/teleop_robot_bridge/install/teleop_robot_bridge/share/teleop_robot_bridge/cmake/teleop_robot_bridge__rosidl_typesupport_introspection_cExport.cmake
[5.322s] -- Up-to-date: /home/eierobot/ROS/teleop_ws/src/teleop_robot_bridge/install/teleop_robot_bridge/share/teleop_robot_bridge/cmake/teleop_robot_bridge__rosidl_typesupport_introspection_cExport-relwithdebinfo.cmake
[5.322s] -- Up-to-date: /home/eierobot/ROS/teleop_ws/src/teleop_robot_bridge/install/teleop_robot_bridge/share/teleop_robot_bridge/cmake/teleop_robot_bridge__rosidl_typesupport_cExport.cmake
[5.322s] -- Up-to-date: /home/eierobot/ROS/teleop_ws/src/teleop_robot_bridge/install/teleop_robot_bridge/share/teleop_robot_bridge/cmake/teleop_robot_bridge__rosidl_typesupport_cExport-relwithdebinfo.cmake
[5.322s] -- Up-to-date: /home/eierobot/ROS/teleop_ws/src/teleop_robot_bridge/install/teleop_robot_bridge/share/teleop_robot_bridge/cmake/export_teleop_robot_bridge__rosidl_generator_cppExport.cmake
[5.323s] -- Up-to-date: /home/eierobot/ROS/teleop_ws/src/teleop_robot_bridge/install/teleop_robot_bridge/share/teleop_robot_bridge/cmake/export_teleop_robot_bridge__rosidl_typesupport_fastrtps_cppExport.cmake
[5.323s] -- Up-to-date: /home/eierobot/ROS/teleop_ws/src/teleop_robot_bridge/install/teleop_robot_bridge/share/teleop_robot_bridge/cmake/export_teleop_robot_bridge__rosidl_typesupport_fastrtps_cppExport-relwithdebinfo.cmake
[5.323s] -- Up-to-date: /home/eierobot/ROS/teleop_ws/src/teleop_robot_bridge/install/teleop_robot_bridge/share/teleop_robot_bridge/cmake/teleop_robot_bridge__rosidl_typesupport_introspection_cppExport.cmake
[5.324s] -- Up-to-date: /home/eierobot/ROS/teleop_ws/src/teleop_robot_bridge/install/teleop_robot_bridge/share/teleop_robot_bridge/cmake/teleop_robot_bridge__rosidl_typesupport_introspection_cppExport-relwithdebinfo.cmake
[5.324s] -- Up-to-date: /home/eierobot/ROS/teleop_ws/src/teleop_robot_bridge/install/teleop_robot_bridge/share/teleop_robot_bridge/cmake/teleop_robot_bridge__rosidl_typesupport_cppExport.cmake
[5.324s] -- Up-to-date: /home/eierobot/ROS/teleop_ws/src/teleop_robot_bridge/install/teleop_robot_bridge/share/teleop_robot_bridge/cmake/teleop_robot_bridge__rosidl_typesupport_cppExport-relwithdebinfo.cmake
[5.324s] -- Up-to-date: /home/eierobot/ROS/teleop_ws/src/teleop_robot_bridge/install/teleop_robot_bridge/share/teleop_robot_bridge/cmake/export_teleop_robot_bridge__rosidl_generator_pyExport.cmake
[5.325s] -- Up-to-date: /home/eierobot/ROS/teleop_ws/src/teleop_robot_bridge/install/teleop_robot_bridge/share/teleop_robot_bridge/cmake/export_teleop_robot_bridge__rosidl_generator_pyExport-relwithdebinfo.cmake
[5.325s] -- Up-to-date: /home/eierobot/ROS/teleop_ws/src/teleop_robot_bridge/install/teleop_robot_bridge/share/teleop_robot_bridge/cmake/rosidl_cmake-extras.cmake
[5.326s] -- Up-to-date: /home/eierobot/ROS/teleop_ws/src/teleop_robot_bridge/install/teleop_robot_bridge/share/teleop_robot_bridge/cmake/ament_cmake_export_dependencies-extras.cmake
[5.326s] -- Up-to-date: /home/eierobot/ROS/teleop_ws/src/teleop_robot_bridge/install/teleop_robot_bridge/share/teleop_robot_bridge/cmake/ament_cmake_export_include_directories-extras.cmake
[5.327s] -- Up-to-date: /home/eierobot/ROS/teleop_ws/src/teleop_robot_bridge/install/teleop_robot_bridge/share/teleop_robot_bridge/cmake/ament_cmake_export_libraries-extras.cmake
[5.327s] -- Up-to-date: /home/eierobot/ROS/teleop_ws/src/teleop_robot_bridge/install/teleop_robot_bridge/share/teleop_robot_bridge/cmake/ament_cmake_export_targets-extras.cmake
[5.327s] -- Up-to-date: /home/eierobot/ROS/teleop_ws/src/teleop_robot_bridge/install/teleop_robot_bridge/share/teleop_robot_bridge/cmake/rosidl_cmake_export_typesupport_targets-extras.cmake
[5.328s] -- Up-to-date: /home/eierobot/ROS/teleop_ws/src/teleop_robot_bridge/install/teleop_robot_bridge/share/teleop_robot_bridge/cmake/rosidl_cmake_export_typesupport_libraries-extras.cmake
[5.328s] -- Up-to-date: /home/eierobot/ROS/teleop_ws/src/teleop_robot_bridge/install/teleop_robot_bridge/share/teleop_robot_bridge/cmake/teleop_robot_bridgeConfig.cmake
[5.328s] -- Up-to-date: /home/eierobot/ROS/teleop_ws/src/teleop_robot_bridge/install/teleop_robot_bridge/share/teleop_robot_bridge/cmake/teleop_robot_bridgeConfig-version.cmake
[5.329s] -- Up-to-date: /home/eierobot/ROS/teleop_ws/src/teleop_robot_bridge/install/teleop_robot_bridge/share/teleop_robot_bridge/package.xml
[5.329s] Invoked command in '/home/eierobot/ROS/teleop_ws/src/teleop_robot_bridge/build/teleop_robot_bridge' returned '0': CMAKE_PREFIX_PATH=${CMAKE_PREFIX_PATH}:/opt/ros/jazzy DEBUGINFOD_URLS=https://debuginfod.ubuntu.com /usr/bin/cmake --install /home/eierobot/ROS/teleop_ws/src/teleop_robot_bridge/build/teleop_robot_bridge
